wall,sim,lingueta_mm,lamina_deg,estado,fase,armvel_nz,armvel_n
1788465664.66,0.00,0.00,28.74,,,0,0
1788465665.10,4844.71,0.01,28.74,,,0,0
1788465665.10,4844.71,0.00,28.74,,,0,0
1788465665.20,4844.81,0.00,28.74,,,0,0
1788465665.30,4844.91,-0.00,28.74,,,0,0
1788465665.40,4845.01,-0.00,28.74,,,0,0
1788465665.50,4845.11,-0.00,28.74,,,0,0
1788465665.60,4845.21,0.01,28.74,,,0,0
1788465665.70,4845.31,-0.00,28.74,,,0,0
1788465665.80,4845.41,-0.00,28.74,,,0,0
1788465665.91,4845.51,-0.00,28.74,,,0,0
1788465666.01,4845.61,-0.00,0.00,,,0,0
1788465666.11,4845.71,0.01,0.00,,,0,0
1788465666.21,4845.81,-0.00,0.00,,,0,0
1788465666.31,4845.91,-0.00,0.00,,,0,0
1788465666.41,4846.01,0.01,0.00,,,0,0
1788465666.51,4846.11,0.01,0.00,,,0,0
1788465666.61,4846.21,0.00,0.00,,,0,0
1788465666.71,4846.31,-0.00,0.00,,,0,0
1788465666.81,4846.41,0.00,0.00,,,0,0
1788465666.91,4846.51,-0.00,0.00,,,0,0
1788465667.01,4846.61,0.01,0.00,,,0,0
1788465667.12,4846.71,-0.00,0.00,,,0,0
1788465667.22,4846.81,0.01,0.00,,,0,0
1788465667.32,4846.91,0.01,0.00,,,0,0
1788465667.42,4847.01,0.00,0.00,,,0,0
1788465667.52,4847.11,0.01,0.00,,,0,0
1788465667.62,4847.21,0.00,0.00,,,0,0
1788465667.72,4847.31,-0.00,0.00,,,0,0
1788465667.82,4847.41,0.01,0.00,,,0,0
1788465667.92,4847.51,0.00,0.00,,,0,0
1788465668.02,4847.61,0.00,0.00,,,0,0
1788465668.12,4847.71,-0.00,0.00,,,0,0
1788465668.22,4847.81,0.00,0.00,,,0,0
1788465668.33,4847.91,-0.00,0.00,,,0,0
1788465668.43,4848.01,0.00,0.00,,,0,0
1788465668.53,4848.11,0.01,0.00,,,0,0
1788465668.63,4848.21,0.01,0.00,,,0,0
1788465668.73,4848.31,0.01,0.00,,,0,0
1788465668.83,4848.41,0.00,0.00,,,0,0
1788465668.93,4848.51,0.00,0.00,,,0,0
1788465669.03,4848.61,-0.00,0.00,,,0,0
1788465669.13,4848.71,0.00,0.00,,,0,0
1788465669.23,4848.81,0.00,0.00,,,0,0
1788465669.33,4848.91,0.00,0.00,,,0,0
1788465669.43,4849.01,0.00,0.00,,,0,0
1788465669.53,4849.11,0.00,0.00,,,0,0
1788465669.63,4849.21,0.00,0.00,,,0,0
1788465669.73,4849.31,0.01,0.00,,,0,0
1788465669.84,4849.41,-0.00,0.00,,,0,0
1788465669.94,4849.51,-0.00,0.00,,,0,0
1788465670.04,4849.61,0.01,0.00,,,0,0
1788465670.14,4849.71,-0.00,0.00,,,0,0
1788465670.24,4849.81,0.00,0.00,,,0,0
1788465670.34,4849.91,-0.00,0.00,,,0,0
1788465670.44,4850.01,-0.00,0.00,,,0,0
1788465670.54,4850.11,0.00,0.00,,,0,0
1788465670.64,4850.21,0.00,0.00,,,0,0
1788465670.74,4850.31,-0.00,0.00,,,0,0
1788465670.85,4850.41,-0.00,0.00,,,0,0
1788465670.95,4850.51,0.01,0.00,,,0,0
1788465671.05,4850.61,-0.00,0.00,,,0,0
1788465671.15,4850.71,-0.00,0.00,,,0,0
1788465671.25,4850.81,0.00,0.00,,,0,0
1788465671.35,4850.91,0.01,0.00,,,0,0
1788465671.45,4851.01,0.00,0.00,,,0,0
1788465671.55,4851.11,0.00,0.00,,,0,0
1788465671.65,4851.21,-0.00,0.00,,,0,0
1788465671.75,4851.31,-0.00,0.00,,,0,0
1788465671.86,4851.41,-0.00,0.00,,,0,0
1788465671.95,4851.51,0.01,0.00,,,0,0
1788465672.05,4851.61,0.01,0.00,,,0,0
1788465672.16,4851.71,0.01,0.00,,,0,0
1788465672.26,4851.81,-0.00,0.00,,,0,0
1788465672.36,4851.91,-0.01,0.00,,,0,0
1788465672.46,4852.01,0.01,0.00,,,0,0
1788465672.56,4852.11,-0.00,0.00,,,0,0
1788465672.66,4852.21,-0.00,0.00,,,0,0
1788465672.76,4852.31,-0.00,0.00,,,0,0
1788465672.86,4852.41,0.01,0.00,,,0,0
1788465672.96,4852.51,-0.00,0.00,,,0,0
1788465673.07,4852.61,0.00,0.00,,,0,0
1788465673.17,4852.71,0.00,0.00,,,0,0
1788465673.27,4852.81,0.01,0.00,,,0,0
1788465673.37,4852.91,0.00,0.00,,,0,0
1788465673.47,4853.01,0.01,0.00,,,0,0
1788465673.57,4853.11,0.00,0.00,,,0,0
1788465673.67,4853.21,0.01,0.00,,,0,0
1788465673.77,4853.31,-0.00,0.00,,,0,0
1788465673.88,4853.41,0.00,0.00,,,0,0
1788465673.97,4853.51,-0.00,0.00,,,0,0
1788465674.07,4853.61,0.01,0.00,,,0,0
1788465674.17,4853.71,0.01,0.00,,,0,0
1788465674.30,4853.81,0.00,0.00,,,0,0
1788465674.39,4853.91,0.00,0.00,,,0,0
1788465674.49,4854.01,-0.00,0.00,,,0,0
1788465674.59,4854.11,-0.00,0.00,,,0,0
1788465674.69,4854.21,0.01,0.00,,,0,0
1788465674.79,4854.31,-0.00,0.00,STOW_INIT,,0,0
1788465674.89,4854.41,-0.00,0.00,STOW_INIT,,0,1
1788465674.99,4854.51,0.01,0.00,STOW_INIT,,0,0
1788465675.09,4854.61,0.00,0.00,STOW_INIT,,0,0
1788465675.19,4854.71,-0.00,0.00,SEARCH,,0,0
1788465675.29,4854.81,-0.00,0.00,SEARCH,,0,0
1788465675.39,4854.91,0.01,0.00,SEARCH,,0,0
1788465675.49,4855.01,-0.00,0.00,SEARCH,,0,0
1788465675.59,4855.11,-0.00,0.00,SEARCH,,0,0
1788465675.69,4855.21,0.01,0.00,SEARCH,,0,0
1788465675.79,4855.31,-0.00,0.00,SEARCH,,0,0
1788465675.89,4855.41,0.01,0.00,SEARCH,,0,0
1788465676.00,4855.51,0.00,0.00,SEARCH,,0,0
1788465676.10,4855.61,0.00,0.00,SEARCH,,0,0
1788465676.20,4855.71,-0.00,0.00,SEARCH,,0,0
1788465676.30,4855.81,0.00,0.00,SEARCH,,0,0
1788465676.40,4855.91,-0.00,0.00,SEARCH,,0,0
1788465676.50,4856.01,-0.00,0.00,SEARCH,,0,0
1788465676.60,4856.11,0.00,0.00,SEARCH,,0,0
1788465676.70,4856.21,0.01,0.00,SEARCH,,0,0
1788465676.80,4856.31,-0.01,0.00,SEARCH,,0,0
1788465676.91,4856.41,0.01,0.00,SEARCH,,0,0
1788465677.01,4856.51,0.01,0.00,SEARCH,,0,0
1788465677.11,4856.61,-0.00,0.00,SEARCH,,0,0
1788465677.21,4856.71,-0.00,0.00,SEARCH,,0,0
1788465677.31,4856.81,0.01,0.00,SEARCH,,0,0
1788465677.41,4856.91,-0.00,0.00,SEARCH,,0,0
1788465677.51,4857.01,0.00,0.00,SEARCH,,0,0
1788465677.61,4857.11,-0.00,0.00,SEARCH,,0,0
1788465677.71,4857.21,0.00,0.00,SEARCH,,0,0
1788465677.81,4857.31,0.00,0.00,SEARCH,,0,0
1788465677.91,4857.41,-0.00,0.00,SEARCH,,0,0
1788465678.01,4857.51,-0.00,0.00,SEARCH,,0,0
1788465678.12,4857.61,0.01,0.00,SEARCH,,0,0
1788465678.22,4857.71,0.01,0.00,SEARCH,,0,0
1788465678.32,4857.81,-0.00,0.00,SEARCH,,0,0
1788465678.42,4857.91,-0.00,0.00,SEARCH,,0,0
1788465678.52,4858.01,0.01,0.00,SEARCH,,0,0
1788465678.62,4858.11,-0.00,0.00,SEARCH,,0,0
1788465678.72,4858.21,-0.00,0.00,SEARCH,,0,0
1788465678.82,4858.31,0.01,0.00,SEARCH,,0,0
1788465678.92,4858.41,-0.00,0.00,SEARCH,,0,0
1788465679.02,4858.51,0.00,0.00,SEARCH,,0,0
1788465679.13,4858.61,0.01,0.00,SEARCH,,0,0
1788465679.23,4858.71,0.01,0.00,SEARCH,,0,0
1788465679.33,4858.81,0.00,0.00,SEARCH,,0,0
1788465679.43,4858.91,0.00,0.00,SEARCH,,0,0
1788465679.53,4859.01,0.00,0.00,SEARCH,,0,0
1788465679.63,4859.11,0.00,0.00,SEARCH,,0,0
1788465679.73,4859.21,0.00,0.00,SEARCH,,0,0
1788465679.83,4859.31,0.00,0.00,SEARCH,,0,0
1788465679.93,4859.41,0.00,0.00,SEARCH,,0,0
1788465680.04,4859.51,-0.00,0.00,SEARCH,,0,0
1788465680.13,4859.61,0.00,0.00,SEARCH,,0,0
1788465680.23,4859.71,0.01,0.00,SEARCH,,0,0
1788465680.33,4859.81,0.00,0.00,SEARCH,,0,0
1788465680.44,4859.91,-0.00,0.00,SEARCH,,0,0
1788465680.54,4860.01,0.00,0.00,SEARCH,,0,0
1788465680.64,4860.11,0.01,0.00,SEARCH,,0,0
1788465680.74,4860.21,0.00,0.00,SEARCH,,0,0
1788465680.84,4860.31,-0.00,0.00,SEARCH,,0,0
1788465680.94,4860.41,-0.01,0.00,SEARCH,,0,0
1788465681.04,4860.51,0.00,0.00,SEARCH,,0,0
1788465681.15,4860.61,-0.00,0.00,SEARCH,,0,0
1788465681.24,4860.71,0.00,0.00,SEARCH,,0,0
1788465681.35,4860.81,0.00,0.00,SEARCH,,0,0
1788465681.45,4860.91,0.00,0.00,SEARCH,,0,0
1788465681.55,4861.01,0.01,0.00,SEARCH,,0,0
1788465681.65,4861.11,-0.00,0.00,SEARCH,,0,0
1788465681.75,4861.21,-0.00,0.00,SEARCH,,0,0
1788465681.85,4861.31,-0.00,0.00,SEARCH,,0,0
1788465681.95,4861.41,0.00,0.00,SEARCH,,0,0
1788465682.05,4861.51,0.00,0.00,SEARCH,,0,0
1788465682.15,4861.61,-0.00,0.00,SEARCH,,0,0
1788465682.25,4861.71,0.01,0.00,SEARCH,,0,0
1788465682.35,4861.81,0.01,0.00,SEARCH,,0,0
1788465682.45,4861.91,0.01,0.00,SEARCH,,0,0
1788465682.56,4862.01,0.01,0.00,SEARCH,,0,0
1788465682.66,4862.11,0.01,0.00,SEARCH,,0,0
1788465682.76,4862.21,0.00,0.00,SEARCH,,0,0
1788465682.86,4862.31,-0.00,0.00,SEARCH,,0,0
1788465682.96,4862.41,0.00,0.00,SEARCH,,0,0
1788465683.06,4862.51,-0.00,0.00,SEARCH,,0,0
1788465683.17,4862.61,0.01,0.00,SEARCH,,0,0
1788465683.27,4862.71,-0.00,0.00,SEARCH,,0,0
1788465683.37,4862.81,-0.00,0.00,SEARCH,,0,0
1788465683.47,4862.91,0.01,0.00,SEARCH,,0,0
1788465683.57,4863.01,-0.00,0.00,SEARCH,,0,0
1788465683.67,4863.11,0.01,0.00,SEARCH,,0,0
1788465683.77,4863.21,0.01,0.00,SEARCH,,0,0
1788465683.88,4863.31,0.01,0.00,SEARCH,,0,0
1788465683.98,4863.41,0.01,0.00,SEARCH,,0,0
1788465684.08,4863.51,-0.00,0.00,SEARCH,,0,0
1788465684.18,4863.61,0.00,0.00,SEARCH,,0,0
1788465684.28,4863.71,0.00,0.00,SEARCH,,0,0
1788465684.38,4863.81,0.00,0.00,SEARCH,,0,0
1788465684.49,4863.91,0.00,0.00,SEARCH,,0,0
1788465684.59,4864.01,0.00,0.00,SEARCH,,0,0
1788465684.69,4864.11,0.01,0.00,SEARCH,,0,0
1788465684.79,4864.21,0.00,0.00,SEARCH,,0,0
1788465684.89,4864.31,0.00,0.00,SEARCH,,0,0
1788465684.99,4864.41,0.00,0.00,SEARCH,,0,0
1788465685.09,4864.51,0.01,0.00,SEARCH,,0,0
1788465685.19,4864.61,0.00,0.00,SEARCH,,0,0
1788465685.29,4864.71,0.01,0.00,SEARCH,,0,0
1788465685.39,4864.81,0.00,0.00,SEARCH,,0,0
1788465685.49,4864.91,0.01,0.00,SEARCH,,0,0
1788465685.59,4865.01,-0.00,0.00,SEARCH,,0,0
1788465685.69,4865.11,-0.00,0.00,SEARCH,,0,0
1788465685.80,4865.21,0.01,0.00,SEARCH,,0,0
1788465685.90,4865.31,0.01,0.00,SEARCH,,0,0
1788465686.00,4865.41,-0.00,0.00,SEARCH,,0,0
1788465686.10,4865.51,-0.00,0.00,SEARCH,,0,0
1788465686.20,4865.61,0.01,0.00,SEARCH,,0,0
1788465686.30,4865.71,-0.00,0.00,SEARCH,,0,0
1788465686.40,4865.81,0.01,0.00,SEARCH,,0,0
1788465686.50,4865.91,-0.00,0.00,SEARCH,,0,0
1788465686.61,4866.01,0.00,0.00,SEARCH,,0,0
1788465686.71,4866.11,0.00,0.00,SEARCH,,0,0
1788465686.81,4866.21,0.00,0.00,SEARCH,,0,0
1788465686.91,4866.31,0.00,0.00,SEARCH,,0,0
1788465687.01,4866.41,0.00,0.00,SEARCH,,0,0
1788465687.11,4866.51,0.01,0.00,SEARCH,,0,0
1788465687.21,4866.61,0.01,0.00,SEARCH,,0,0
1788465687.31,4866.71,-0.00,0.00,SEARCH,,0,0
1788465687.42,4866.81,0.01,0.00,SEARCH,,0,0
1788465687.52,4866.91,0.00,0.00,SEARCH,,0,0
1788465687.62,4867.01,-0.00,0.00,SEARCH,,0,0
1788465687.72,4867.11,0.00,0.00,SEARCH,,0,0
1788465687.82,4867.21,-0.00,0.00,SEARCH,,0,0
1788465687.92,4867.31,0.00,0.00,SEARCH,,0,0
1788465688.02,4867.41,-0.00,0.00,SEARCH,,0,0
1788465688.12,4867.51,0.01,0.00,SEARCH,,0,0
1788465688.22,4867.61,0.01,0.00,SEARCH,,0,0
1788465688.33,4867.71,-0.01,0.00,SEARCH,,0,0
1788465688.43,4867.81,0.00,0.00,SEARCH,,0,0
1788465688.53,4867.91,-0.00,0.00,SEARCH,,0,0
1788465688.63,4868.01,0.01,0.00,SEARCH,,0,0
1788465688.73,4868.11,0.01,0.00,SEARCH,,0,0
1788465688.83,4868.21,0.00,0.00,SEARCH,,0,0
1788465688.93,4868.31,0.00,0.00,SEARCH,,0,0
1788465689.03,4868.41,0.00,0.00,SEARCH,,0,0
1788465689.14,4868.51,-0.00,0.00,SEARCH,,0,0
1788465689.24,4868.61,0.00,0.00,SEARCH,,0,0
1788465689.34,4868.71,0.01,0.00,SEARCH,,0,0
1788465689.44,4868.81,0.01,0.00,SEARCH,,0,0
1788465689.54,4868.91,0.00,0.00,SEARCH,,0,0
1788465689.64,4869.01,0.00,0.00,SEARCH,,0,0
1788465689.74,4869.11,0.00,0.00,SEARCH,,0,0
1788465689.84,4869.21,0.01,0.00,SEARCH,,0,0
1788465689.94,4869.31,0.00,0.00,SEARCH,,0,0
1788465690.04,4869.41,0.00,0.00,SEARCH,,0,0
1788465690.15,4869.51,0.00,0.00,SEARCH,,0,0
1788465690.25,4869.61,0.01,0.00,SEARCH,,0,0
1788465690.35,4869.71,0.00,0.00,SEARCH,,0,0
1788465690.45,4869.81,0.00,0.00,SEARCH,,0,0
1788465690.55,4869.91,-0.00,0.00,SEARCH,,0,0
1788465690.65,4870.01,-0.00,0.00,SEARCH,,0,0
1788465690.75,4870.11,-0.00,0.00,SEARCH,,0,0
1788465690.86,4870.21,0.00,0.00,SEARCH,,0,0
1788465690.96,4870.31,-0.00,0.00,SEARCH,,0,0
1788465691.06,4870.41,0.01,0.00,SEARCH,,0,0
1788465691.16,4870.51,0.01,0.00,SEARCH,,0,0
1788465691.26,4870.61,-0.00,0.00,SEARCH,,0,0
1788465691.36,4870.71,-0.00,0.00,SEARCH,,0,0
1788465691.46,4870.81,0.01,0.00,SEARCH,,0,0
1788465691.56,4870.91,0.01,0.00,SEARCH,,0,0
1788465691.66,4871.01,-0.00,0.00,SEARCH,,0,0
1788465691.76,4871.11,0.00,0.00,SEARCH,,0,0
1788465691.86,4871.21,0.00,0.00,SEARCH,,0,0
1788465691.96,4871.31,-0.00,0.00,SEARCH,,0,0
1788465692.07,4871.41,0.01,0.00,SEARCH,,0,0
1788465692.17,4871.51,0.01,0.00,SEARCH,,0,0
1788465692.27,4871.61,0.00,0.00,SEARCH,,0,0
1788465692.37,4871.71,0.00,0.00,SEARCH,,0,0
1788465692.47,4871.81,0.00,0.00,SEARCH,,0,0
1788465692.57,4871.91,0.01,0.00,SEARCH,,0,0
1788465692.67,4872.01,-0.00,0.00,SEARCH,,0,0
1788465692.77,4872.11,0.00,0.00,SEARCH,,0,0
1788465692.88,4872.21,-0.00,0.00,SEARCH,,0,0
1788465692.98,4872.31,0.00,0.00,SEARCH,,0,0
1788465693.08,4872.41,0.00,0.00,SEARCH,,0,0
1788465693.18,4872.51,0.00,0.00,SEARCH,,0,0
1788465693.28,4872.61,-0.00,0.00,SEARCH,,0,0
1788465693.38,4872.71,0.01,0.00,SEARCH,,0,0
1788465693.48,4872.81,-0.00,0.00,SEARCH,,0,0
1788465693.58,4872.91,-0.00,0.00,SEARCH,,0,0
1788465693.68,4873.01,-0.00,0.00,SEARCH,,0,0
1788465693.78,4873.11,0.01,0.00,SEARCH,,0,0
1788465693.88,4873.21,0.00,0.00,SEARCH,,0,0
1788465693.98,4873.31,-0.00,0.00,SEARCH,,0,0
1788465694.08,4873.41,-0.00,0.00,SEARCH,,0,0
1788465694.18,4873.51,0.01,0.00,SEARCH,,0,0
1788465694.28,4873.61,0.00,0.00,SEARCH,,0,0
1788465694.38,4873.71,0.00,0.00,SEARCH,,0,0
1788465694.48,4873.81,0.00,0.00,SEARCH,,0,0
1788465694.58,4873.91,-0.00,0.00,SEARCH,,0,0
1788465694.68,4874.01,-0.00,0.00,SEARCH,,0,0
1788465694.79,4874.11,-0.00,0.00,SEARCH,,0,0
1788465694.89,4874.21,0.00,0.00,SEARCH,,0,0
1788465694.99,4874.31,0.00,0.00,SEARCH,,0,0
1788465695.10,4874.41,0.01,0.00,SEARCH,,0,0
1788465695.19,4874.51,0.00,0.00,SEARCH,,0,0
1788465695.30,4874.61,0.01,0.00,SEARCH,,0,0
1788465695.40,4874.71,0.01,0.00,SEARCH,,0,0
1788465695.49,4874.81,0.00,0.00,SEARCH,,0,0
1788465695.60,4874.91,0.01,0.00,SEARCH,,0,0
1788465695.70,4875.01,0.00,0.00,SEARCH,,0,0
1788465695.80,4875.11,0.01,0.00,SEARCH,,0,0
1788465695.90,4875.21,0.00,0.00,SEARCH,,0,0
1788465696.00,4875.31,0.00,0.00,SEARCH,,0,0
1788465696.11,4875.41,0.01,0.00,SEARCH,,0,0
1788465696.20,4875.51,-0.00,0.00,SEARCH,,0,0
1788465696.31,4875.61,-0.00,0.00,SEARCH,,0,0
1788465696.41,4875.71,-0.00,0.00,SEARCH,,0,0
1788465696.51,4875.81,-0.00,0.00,SEARCH,,0,0
1788465696.61,4875.91,-0.00,0.00,SEARCH,,0,0
1788465696.71,4876.01,0.01,0.00,APPROACH,,0,0
1788465696.81,4876.11,-0.00,0.00,APPROACH,,0,0
1788465696.91,4876.21,0.00,0.00,APPROACH,,0,0
1788465697.01,4876.31,0.00,0.00,APPROACH,,0,0
1788465697.11,4876.41,0.01,0.00,APPROACH,,0,0
1788465697.22,4876.51,0.01,0.00,APPROACH,,0,0
1788465697.32,4876.61,0.01,0.00,APPROACH,,0,0
1788465697.42,4876.71,-0.00,0.00,APPROACH,,0,0
1788465697.52,4876.81,-0.00,0.00,APPROACH,,0,0
1788465697.62,4876.91,-0.00,0.00,APPROACH,,0,0
1788465697.72,4877.02,0.01,0.00,APPROACH,,0,0
1788465697.82,4877.11,0.01,0.00,APPROACH,,0,0
1788465697.92,4877.21,-0.00,0.00,APPROACH,,0,0
1788465698.02,4877.31,-0.00,0.00,APPROACH,,0,0
1788465698.12,4877.41,-0.00,0.00,APPROACH,,0,0
1788465698.22,4877.51,0.01,0.00,APPROACH,,0,0
1788465698.32,4877.61,-0.00,0.00,APPROACH,,0,0
1788465698.42,4877.71,0.01,0.00,APPROACH,,0,0
1788465698.53,4877.81,-0.00,0.00,APPROACH,,0,0
1788465698.63,4877.91,0.01,0.00,APPROACH,,0,0
1788465698.73,4878.01,0.01,0.00,APPROACH,,0,0
1788465698.83,4878.11,0.00,0.00,APPROACH,,0,0
1788465698.93,4878.21,0.01,0.00,APPROACH,,0,0
1788465699.04,4878.31,0.00,0.00,APPROACH,,0,0
1788465699.14,4878.41,-0.00,0.00,APPROACH,,0,0
1788465699.24,4878.51,0.00,0.00,APPROACH,,0,0
1788465699.34,4878.61,0.00,0.00,APPROACH,,0,0
1788465699.44,4878.71,0.00,0.00,APPROACH,,0,0
1788465699.54,4878.81,0.00,0.00,APPROACH,,0,0
1788465699.64,4878.91,0.00,0.00,APPROACH,,0,0
1788465699.74,4879.01,-0.00,0.00,APPROACH,,0,0
1788465699.84,4879.11,0.00,0.00,APPROACH,,0,0
1788465699.94,4879.21,0.00,0.00,APPROACH,,0,0
1788465700.05,4879.31,0.00,0.00,APPROACH,,0,0
1788465700.15,4879.41,0.01,0.00,APPROACH,,0,0
1788465700.25,4879.51,0.00,0.00,APPROACH,,0,0
1788465700.35,4879.61,-0.00,0.00,APPROACH,,0,0
1788465700.45,4879.71,0.01,0.00,APPROACH,,0,0
1788465700.55,4879.81,-0.00,0.00,APPROACH,,0,0
1788465700.65,4879.91,-0.00,0.00,APPROACH,,0,0
1788465700.75,4880.01,0.00,0.00,APPROACH,,0,0
1788465700.85,4880.11,0.00,0.00,APPROACH,,0,0
1788465700.96,4880.21,-0.00,0.00,APPROACH,,0,0
1788465701.06,4880.31,0.01,0.00,APPROACH,,0,0
1788465701.16,4880.41,0.01,0.00,APPROACH,,0,0
1788465701.26,4880.51,-0.00,0.00,APPROACH,,0,0
1788465701.36,4880.61,0.00,0.00,APPROACH,,0,0
1788465701.46,4880.71,0.01,0.00,APPROACH,,0,0
1788465701.56,4880.81,0.01,0.00,APPROACH,,0,0
1788465701.66,4880.91,0.01,0.00,APPROACH,,0,0
1788465701.76,4881.01,0.00,0.00,APPROACH,,0,0
1788465701.87,4881.11,-0.00,0.00,APPROACH,,0,0
1788465701.97,4881.21,0.00,0.00,APPROACH,,0,0
1788465702.07,4881.31,0.01,0.00,APPROACH,,0,0
1788465702.17,4881.41,-0.01,0.00,APPROACH,,0,0
1788465702.27,4881.51,-0.00,0.00,APPROACH,,0,0
1788465702.37,4881.61,0.01,0.00,APPROACH,,0,0
1788465702.48,4881.71,0.01,0.00,APPROACH,,0,0
1788465702.58,4881.81,-0.00,0.00,APPROACH,,0,0
1788465702.68,4881.91,0.00,0.00,APPROACH,,0,0
1788465702.78,4882.01,0.01,0.00,APPROACH,,0,0
1788465702.88,4882.11,0.00,0.00,APPROACH,,0,0
1788465702.98,4882.21,0.01,0.00,APPROACH,,0,0
1788465703.08,4882.31,0.01,0.00,APPROACH,,0,0
1788465703.19,4882.41,-0.00,0.00,APPROACH,,0,0
1788465703.29,4882.51,0.00,0.00,APPROACH,,0,0
1788465703.39,4882.61,0.01,0.00,APPROACH,,0,0
1788465703.49,4882.71,0.01,0.00,APPROACH,,0,0
1788465703.59,4882.81,0.01,0.00,APPROACH,,0,0
1788465703.69,4882.91,-0.00,0.00,APPROACH,,0,0
1788465703.79,4883.01,-0.01,0.00,APPROACH,,0,0
1788465703.90,4883.11,0.00,0.00,APPROACH,,0,0
1788465704.00,4883.21,-0.00,0.00,APPROACH,,0,0
1788465704.10,4883.31,-0.00,0.00,APPROACH,,0,0
1788465704.20,4883.41,-0.00,0.00,APPROACH,,0,0
1788465704.30,4883.51,0.01,0.00,APPROACH,,0,0
1788465704.41,4883.61,-0.00,0.00,APPROACH,,0,0
1788465704.51,4883.71,0.00,0.00,APPROACH,,0,0
1788465704.61,4883.81,0.00,0.00,APPROACH,,0,0
1788465704.71,4883.91,0.01,0.00,APPROACH,,0,0
1788465704.81,4884.01,0.00,0.00,APPROACH,,0,0
1788465704.92,4884.11,0.01,0.00,APPROACH,,0,0
1788465705.02,4884.21,0.00,0.00,APPROACH,,0,0
1788465705.12,4884.31,0.01,0.00,APPROACH,,0,0
1788465705.22,4884.41,0.01,0.00,APPROACH,,0,0
1788465705.32,4884.51,0.00,0.00,APPROACH,,0,0
1788465705.42,4884.61,-0.00,0.00,APPROACH,,0,0
1788465705.52,4884.71,0.01,0.00,APPROACH,,0,0
1788465705.62,4884.81,0.01,0.00,APPROACH,,0,0
1788465705.72,4884.91,0.00,0.00,APPROACH,,0,0
1788465705.83,4885.01,0.01,0.00,APPROACH,,0,0
1788465705.93,4885.11,0.00,0.00,APPROACH,,0,0
1788465706.03,4885.21,0.01,0.00,APPROACH,,0,0
1788465706.13,4885.31,0.01,0.00,APPROACH,,0,0
1788465706.23,4885.41,-0.00,0.00,APPROACH,,0,0
1788465706.33,4885.51,0.00,0.00,APPROACH,,0,0
1788465706.44,4885.61,0.01,0.00,APPROACH,,0,0
1788465706.54,4885.71,-0.00,0.00,APPROACH,,0,0
1788465706.64,4885.81,0.00,0.00,APPROACH,,0,0
1788465706.74,4885.91,-0.00,0.00,APPROACH,,0,0
1788465706.84,4886.01,0.00,0.00,APPROACH,,0,0
1788465706.94,4886.11,-0.00,0.00,APPROACH,,0,0
1788465707.04,4886.21,0.00,0.00,APPROACH,,0,0
1788465707.15,4886.31,0.00,0.00,APPROACH,,0,0
1788465707.25,4886.41,0.00,0.00,APPROACH,,0,0
1788465707.35,4886.51,0.01,0.00,APPROACH,,0,0
1788465707.45,4886.61,0.00,0.00,APPROACH,,0,0
1788465707.55,4886.71,0.00,0.00,APPROACH,,0,0
1788465707.65,4886.81,-0.00,0.00,APPROACH,,0,0
1788465707.75,4886.91,0.00,0.00,APPROACH,,0,0
1788465707.85,4887.01,0.00,0.00,APPROACH,,0,0
1788465707.95,4887.11,-0.00,0.00,APPROACH,,0,0
1788465708.05,4887.21,0.00,0.00,APPROACH,,0,0
1788465708.15,4887.31,0.01,0.00,APPROACH,,0,0
1788465708.26,4887.41,-0.00,0.00,APPROACH,,0,0
1788465708.36,4887.51,0.01,0.00,APPROACH,,0,0
1788465708.46,4887.61,0.01,0.00,APPROACH,,0,0
1788465708.56,4887.71,-0.00,0.00,APPROACH,,0,0
1788465708.66,4887.81,0.01,0.00,APPROACH,,0,0
1788465708.76,4887.91,0.00,0.00,APPROACH,,0,0
1788465708.86,4888.01,-0.00,0.00,APPROACH,,0,0
1788465708.96,4888.11,0.00,0.00,APPROACH,,0,0
1788465709.06,4888.21,-0.00,0.00,APPROACH,,0,0
1788465709.16,4888.31,0.00,0.00,APPROACH,,0,0
1788465709.26,4888.41,0.00,0.00,APPROACH,,0,0
1788465709.36,4888.51,-0.00,0.00,APPROACH,,0,0
1788465709.46,4888.61,-0.00,0.00,APPROACH,,0,0
1788465709.56,4888.71,0.01,0.00,APPROACH,,0,0
1788465709.66,4888.81,0.01,0.00,APPROACH,,0,0
1788465709.76,4888.91,-0.00,0.00,APPROACH,,0,0
1788465709.86,4889.01,-0.00,0.00,APPROACH,,0,0
1788465709.96,4889.11,0.01,0.00,APPROACH,,0,0
1788465710.06,4889.21,-0.00,0.00,APPROACH,,0,0
1788465710.16,4889.31,0.00,0.00,APPROACH,,0,0
1788465710.27,4889.41,0.01,0.00,APPROACH,,0,0
1788465710.36,4889.51,0.00,0.00,APPROACH,,0,0
1788465710.47,4889.61,0.00,0.00,APPROACH,,0,0
1788465710.57,4889.71,0.01,0.00,APPROACH,,0,0
1788465710.67,4889.81,0.01,0.00,APPROACH,,0,0
1788465710.77,4889.91,0.00,0.00,APPROACH,,0,0
1788465710.87,4890.01,0.01,0.00,APPROACH,,0,0
1788465710.97,4890.11,0.00,0.00,APPROACH,,0,0
1788465711.08,4890.21,0.01,0.00,APPROACH,,0,0
1788465711.18,4890.31,-0.00,0.00,APPROACH,,0,0
1788465711.28,4890.41,0.01,0.00,APPROACH,,0,0
1788465711.38,4890.51,-0.00,0.00,APPROACH,,0,0
1788465711.48,4890.61,-0.00,0.00,APPROACH,,0,0
1788465711.58,4890.71,0.00,0.00,APPROACH,,0,0
1788465711.68,4890.81,0.01,0.00,APPROACH,,0,0
1788465711.78,4890.91,0.00,0.00,APPROACH,,0,0
1788465711.88,4891.01,0.00,0.00,APPROACH,,0,0
1788465711.99,4891.11,0.01,0.00,APPROACH,,0,0
1788465712.09,4891.21,0.01,0.00,APPROACH,,0,0
1788465712.19,4891.31,0.00,0.00,APPROACH,,0,0
1788465712.29,4891.41,-0.00,0.00,APPROACH,,0,0
1788465712.39,4891.51,-0.01,0.00,APPROACH,,0,0
1788465712.49,4891.61,-0.00,0.00,APPROACH,,0,0
1788465712.59,4891.71,-0.00,0.00,APPROACH,,0,0
1788465712.69,4891.81,0.00,0.00,APPROACH,,0,0
1788465712.79,4891.91,0.00,0.00,APPROACH,,0,0
1788465712.90,4892.01,0.00,0.00,APPROACH,,0,0
1788465713.00,4892.11,0.01,0.00,APPROACH,,0,0
1788465713.10,4892.21,-0.00,0.00,APPROACH,,0,0
1788465713.21,4892.31,0.00,0.00,APPROACH,,0,0
1788465713.31,4892.41,-0.00,0.00,APPROACH,,0,0
1788465713.41,4892.51,0.01,0.00,APPROACH,,0,0
1788465713.51,4892.61,0.00,0.00,APPROACH,,0,0
1788465713.61,4892.71,-0.00,0.00,APPROACH,,0,0
1788465713.71,4892.81,0.01,0.00,APPROACH,,0,0
1788465713.81,4892.91,0.00,0.00,APPROACH,,0,0
1788465713.91,4893.01,0.01,0.00,APPROACH,,0,0
1788465714.01,4893.11,0.01,0.00,APPROACH,,0,0
1788465714.11,4893.21,0.01,0.00,APPROACH,,0,0
1788465714.21,4893.31,0.00,0.00,APPROACH,,0,0
1788465714.31,4893.41,-0.00,0.00,APPROACH,,0,0
1788465714.41,4893.51,0.00,0.00,APPROACH,,0,0
1788465714.52,4893.61,-0.00,0.00,APPROACH,,0,0
1788465714.61,4893.71,-0.00,0.00,APPROACH,,0,0
1788465714.72,4893.81,-0.01,0.00,APPROACH,,0,0
1788465714.82,4893.91,0.00,0.00,APPROACH,,0,0
1788465714.92,4894.01,0.01,0.00,APPROACH,,0,0
1788465715.02,4894.11,0.00,0.00,APPROACH,,0,0
1788465715.12,4894.21,0.01,0.00,APPROACH,,0,0
1788465715.22,4894.31,0.00,0.00,APPROACH,,0,0
1788465715.32,4894.41,0.01,0.00,APPROACH,,0,0
1788465715.42,4894.51,0.01,0.00,APPROACH,,0,0
1788465715.53,4894.61,0.00,0.00,APPROACH,,0,0
1788465715.62,4894.71,0.00,0.00,APPROACH,,0,0
1788465715.73,4894.81,-0.00,0.00,APPROACH,,0,0
1788465715.82,4894.91,0.00,0.00,APPROACH,,0,0
1788465715.93,4895.01,-0.00,0.00,APPROACH,,0,0
1788465716.03,4895.11,0.00,0.00,APPROACH,,0,0
1788465716.13,4895.21,0.01,0.00,APPROACH,,0,0
1788465716.23,4895.31,0.01,0.00,APPROACH,,0,0
1788465716.33,4895.41,0.00,0.00,APPROACH,,0,0
1788465716.43,4895.51,0.00,0.00,APPROACH,,0,0
1788465716.54,4895.61,0.00,0.00,APPROACH,,0,0
1788465716.63,4895.71,0.01,0.00,APPROACH,,0,0
1788465716.74,4895.81,0.01,0.00,APPROACH,,0,0
1788465716.84,4895.91,0.00,0.00,APPROACH,,0,0
1788465716.94,4896.01,0.01,0.00,APPROACH,,0,0
1788465717.04,4896.11,-0.00,0.00,APPROACH,,0,0
1788465717.14,4896.21,-0.00,0.00,APPROACH,,0,0
1788465717.24,4896.31,0.00,0.00,APPROACH,,0,0
1788465717.34,4896.41,0.01,0.00,APPROACH,,0,0
1788465717.44,4896.51,-0.00,0.00,APPROACH,,0,0
1788465717.54,4896.61,0.00,0.00,APPROACH,,0,0
1788465717.65,4896.71,0.01,0.00,APPROACH,,0,0
1788465717.75,4896.81,0.01,0.00,APPROACH,,0,0
1788465717.85,4896.91,0.00,0.00,APPROACH,,0,0
1788465717.95,4897.01,-0.01,0.00,APPROACH,,0,0
1788465718.05,4897.11,-0.00,0.00,APPROACH,,0,0
1788465718.15,4897.21,-0.00,0.00,APPROACH,,0,0
1788465718.25,4897.31,0.01,0.00,APPROACH,,0,0
1788465718.35,4897.41,-0.00,0.00,APPROACH,,0,0
1788465718.46,4897.51,0.00,0.00,APPROACH,,0,0
1788465718.55,4897.61,0.01,0.00,APPROACH,,0,0
1788465718.66,4897.71,0.01,0.00,APPROACH,,0,0
1788465718.76,4897.81,-0.00,0.00,APPROACH,,0,0
1788465718.86,4897.91,0.01,0.00,APPROACH,,0,0
1788465718.96,4898.01,0.00,0.00,APPROACH,,0,0
1788465719.06,4898.11,-0.00,0.00,APPROACH,,0,0
1788465719.16,4898.21,0.00,0.00,APPROACH,,0,0
1788465719.26,4898.31,0.00,0.00,APPROACH,,0,0
1788465719.37,4898.41,-0.00,0.00,APPROACH,,0,0
1788465719.47,4898.51,-0.00,0.00,APPROACH,,0,0
1788465719.57,4898.61,0.01,0.00,APPROACH,,0,0
1788465719.67,4898.71,0.01,0.00,APPROACH,,0,0
1788465719.77,4898.81,-0.00,0.00,APPROACH,,0,0
1788465719.87,4898.91,0.00,0.00,APPROACH,,0,0
1788465719.97,4899.01,0.00,0.00,APPROACH,,0,0
1788465720.08,4899.11,0.01,0.00,APPROACH,,0,0
1788465720.18,4899.21,-0.00,0.00,APPROACH,,0,0
1788465720.28,4899.31,0.00,0.00,APPROACH,,0,0
1788465720.38,4899.41,-0.00,0.00,APPROACH,,0,0
1788465720.48,4899.51,0.00,0.00,APPROACH,,0,0
1788465720.59,4899.61,-0.00,0.00,APPROACH,,0,0
1788465720.69,4899.71,0.00,0.00,APPROACH,,0,0
1788465720.78,4899.81,0.00,0.00,APPROACH,,0,0
1788465720.89,4899.91,0.01,0.00,APPROACH,,0,0
1788465720.99,4900.01,0.00,0.00,APPROACH,,0,0
1788465721.09,4900.11,0.00,0.00,APPROACH,,0,0
1788465721.19,4900.21,0.01,0.00,APPROACH,,0,0
1788465721.29,4900.31,0.01,0.00,APPROACH,,0,0
1788465721.39,4900.41,0.01,0.00,APPROACH,,0,0
1788465721.49,4900.51,0.00,0.00,APPROACH,,0,0
1788465721.59,4900.61,0.00,0.00,APPROACH,,0,0
1788465721.69,4900.71,0.01,0.00,APPROACH,,0,0
1788465721.79,4900.81,0.00,0.00,APPROACH,,0,0
1788465721.90,4900.91,0.00,0.00,APPROACH,,0,0
1788465722.00,4901.01,0.00,0.00,APPROACH,,0,0
1788465722.10,4901.11,0.01,0.00,APPROACH,,0,0
1788465722.20,4901.21,-0.00,0.00,APPROACH,,0,0
1788465722.30,4901.31,0.00,0.00,APPROACH,,0,0
1788465722.40,4901.41,-0.00,0.00,APPROACH,,0,0
1788465722.50,4901.51,0.01,0.00,APPROACH,,0,0
1788465722.60,4901.61,0.01,0.00,APPROACH,,0,0
1788465722.71,4901.71,-0.00,0.00,APPROACH,,0,0
1788465722.81,4901.81,-0.00,0.00,APPROACH,,0,0
1788465722.91,4901.91,0.01,0.00,APPROACH,,0,0
1788465723.01,4902.01,0.00,0.00,APPROACH,,0,0
1788465723.11,4902.11,-0.00,0.00,APPROACH,,0,0
1788465723.21,4902.21,0.00,0.00,APPROACH,,0,0
1788465723.32,4902.31,0.00,0.00,APPROACH,,0,0
1788465723.41,4902.41,-0.01,0.00,APPROACH,,0,0
1788465723.51,4902.51,0.01,0.00,APPROACH,,0,0
1788465723.62,4902.61,-0.00,0.00,APPROACH,,0,0
1788465723.72,4902.71,0.00,0.00,APPROACH,,0,0
1788465723.82,4902.81,0.00,0.00,APPROACH,,0,0
1788465723.92,4902.91,0.00,0.00,APPROACH,,0,0
1788465724.02,4903.01,-0.00,0.00,APPROACH,,0,0
1788465724.12,4903.11,-0.00,0.00,APPROACH,,0,0
1788465724.22,4903.21,0.00,0.00,APPROACH,,0,0
1788465724.33,4903.31,-0.00,0.00,APPROACH,,0,0
1788465724.43,4903.41,0.01,0.00,APPROACH,,0,0
1788465724.53,4903.51,0.00,0.00,APPROACH,,0,0
1788465724.63,4903.61,0.00,0.00,APPROACH,,0,0
1788465724.73,4903.71,-0.00,0.00,APPROACH,,0,0
1788465724.83,4903.81,0.01,0.00,APPROACH,,0,0
1788465724.93,4903.91,0.00,0.00,APPROACH,,0,0
1788465725.03,4904.01,0.00,0.00,APPROACH,,0,0
1788465725.13,4904.11,0.00,0.00,APPROACH,,0,0
1788465725.24,4904.21,0.01,0.00,APPROACH,,0,0
1788465725.33,4904.31,-0.00,0.00,APPROACH,,0,0
1788465725.44,4904.41,-0.00,0.00,APPROACH,,0,0
1788465725.54,4904.51,0.00,0.00,APPROACH,,0,0
1788465725.64,4904.61,0.01,0.00,APPROACH,,0,0
1788465725.74,4904.71,0.00,0.00,REFINE,,0,0
1788465725.85,4904.81,0.00,0.00,REFINE,,0,0
1788465725.95,4904.91,0.00,0.00,REFINE,,0,0
1788465726.05,4905.01,0.00,0.00,REFINE,,0,0
1788465726.15,4905.11,-0.00,0.00,REFINE,,0,0
1788465726.25,4905.21,0.00,0.00,REFINE,,0,0
1788465726.35,4905.31,-0.00,0.00,REFINE,,0,0
1788465726.46,4905.41,-0.00,0.00,REFINE,,0,0
1788465726.56,4905.51,0.00,0.00,REFINE,,0,0
1788465726.66,4905.61,0.00,0.00,REFINE,,0,0
1788465726.76,4905.71,0.01,0.00,REFINE,,0,0
1788465726.86,4905.81,0.01,0.00,REFINE,,0,0
1788465726.96,4905.91,0.00,0.00,DEPLOY,,0,0
1788465727.06,4906.01,0.00,0.00,DEPLOY,,0,0
1788465727.16,4906.11,-0.00,0.00,DEPLOY,,0,0
1788465727.26,4906.21,0.00,0.00,DEPLOY,,0,0
1788465727.36,4906.31,0.01,0.00,DEPLOY,,0,0
1788465727.46,4906.41,0.00,0.00,DEPLOY,,0,0
1788465727.56,4906.51,0.01,0.00,DEPLOY,,0,0
1788465727.66,4906.61,-0.00,0.00,DEPLOY,,0,0
1788465727.76,4906.71,-0.00,0.00,DEPLOY,,0,0
1788465727.86,4906.81,-0.01,0.00,DEPLOY,,0,0
1788465727.96,4906.91,0.00,0.00,DEPLOY,,0,0
1788465728.06,4907.01,-0.00,0.00,DEPLOY,,0,0
1788465728.16,4907.11,0.01,0.00,DEPLOY,,0,0
1788465728.26,4907.21,0.01,0.00,DEPLOY,,0,0
1788465728.36,4907.31,0.00,0.00,DEPLOY,,0,0
1788465728.46,4907.41,0.00,0.00,DEPLOY,,0,0
1788465728.56,4907.51,0.01,0.00,DEPLOY,,0,0
1788465728.66,4907.61,0.00,0.00,DEPLOY,,0,0
1788465728.76,4907.71,-0.00,0.00,DEPLOY,,0,0
1788465728.86,4907.81,0.00,0.00,DEPLOY,,0,0
1788465728.96,4907.91,0.00,0.00,DEPLOY,,0,0
1788465729.06,4908.01,-0.00,0.00,DEPLOY,,0,0
1788465729.16,4908.11,-0.00,0.00,DEPLOY,,0,0
1788465729.26,4908.21,0.01,0.00,DEPLOY,,0,0
1788465729.36,4908.31,-0.00,0.00,DEPLOY,,0,0
1788465729.46,4908.41,-0.00,0.00,DEPLOY,,0,0
1788465729.56,4908.51,0.00,0.00,DEPLOY,,0,0
1788465729.66,4908.61,0.01,0.00,DEPLOY,,0,0
1788465729.76,4908.71,-0.00,0.00,DEPLOY,,0,0
1788465729.86,4908.81,0.01,0.00,DEPLOY,,0,0
1788465729.96,4908.91,-0.00,0.00,DEPLOY,,0,0
1788465730.06,4909.01,0.01,0.00,DEPLOY,,0,0
1788465730.16,4909.11,0.00,0.00,DEPLOY,,0,0
1788465730.26,4909.21,-0.00,0.00,DEPLOY,,0,0
1788465730.36,4909.31,-0.00,0.00,DEPLOY,,0,0
1788465730.46,4909.41,0.01,0.00,DEPLOY,,0,0
1788465730.56,4909.51,-0.00,0.00,DEPLOY,,0,0
1788465730.66,4909.61,0.00,0.00,DEPLOY,,0,0
1788465730.76,4909.71,0.00,0.00,DEPLOY,,0,0
1788465730.86,4909.81,0.00,0.00,DEPLOY,,0,0
1788465730.96,4909.91,-0.00,0.00,DEPLOY,,0,0
1788465731.06,4910.01,-0.00,0.00,DEPLOY,,0,0
1788465731.16,4910.11,0.00,0.00,DEPLOY,,0,0
1788465731.26,4910.21,0.01,0.00,DEPLOY,,0,0
1788465731.36,4910.31,0.00,0.00,DEPLOY,,0,0
1788465731.46,4910.41,0.01,0.00,DEPLOY,,0,0
1788465731.56,4910.51,0.01,0.00,DEPLOY,,0,0
1788465731.66,4910.61,-0.00,0.00,DEPLOY,,0,0
1788465731.77,4910.71,0.00,0.00,DEPLOY,,0,0
1788465731.87,4910.81,0.01,0.00,DEPLOY,,0,0
1788465731.97,4910.91,0.00,0.00,DEPLOY,,0,0
1788465732.07,4911.01,-0.00,0.00,DEPLOY,,0,0
1788465732.17,4911.11,0.00,0.00,DEPLOY,,0,0
1788465732.27,4911.21,-0.00,0.00,DEPLOY,,0,0
1788465732.37,4911.31,0.00,0.00,DEPLOY,,0,0
1788465732.47,4911.41,0.01,0.00,DEPLOY,,0,0
1788465732.58,4911.51,0.01,0.00,DEPLOY,,0,0
1788465732.68,4911.61,-0.00,0.00,DEPLOY,,0,0
1788465732.78,4911.71,-0.00,0.00,DEPLOY,,0,0
1788465732.88,4911.81,0.01,0.00,DEPLOY,,0,0
1788465732.98,4911.91,0.01,0.00,DEPLOY,,0,0
1788465733.08,4912.01,0.00,0.00,DEPLOY,,0,0
1788465733.18,4912.11,-0.00,0.00,DEPLOY,,0,0
1788465733.28,4912.21,-0.00,0.00,DEPLOY,,0,0
1788465733.39,4912.31,0.00,0.00,DEPLOY,,0,0
1788465733.49,4912.41,0.01,0.00,DEPLOY,,0,0
1788465733.59,4912.51,-0.00,0.00,DEPLOY,,0,0
1788465733.69,4912.61,0.01,0.00,DEPLOY,,0,0
1788465733.79,4912.71,0.01,0.00,DEPLOY,,0,0
1788465733.89,4912.81,-0.00,0.00,DEPLOY,,0,0
1788465734.00,4912.91,-0.01,0.00,DEPLOY,,0,0
1788465734.10,4913.01,0.00,0.00,DEPLOY,,0,0
1788465734.21,4913.11,0.01,0.00,DEPLOY,,0,0
1788465734.31,4913.21,0.00,0.00,DEPLOY,,0,0
1788465734.41,4913.31,0.01,0.00,DEPLOY,,0,0
1788465734.51,4913.41,-0.00,0.00,DEPLOY,,0,0
1788465734.61,4913.51,0.00,0.00,DEPLOY,,0,0
1788465734.72,4913.61,-0.00,0.00,DEPLOY,,0,0
1788465734.82,4913.71,0.01,0.00,DEPLOY,,0,0
1788465734.92,4913.81,0.00,0.00,DEPLOY,,0,0
1788465735.02,4913.91,0.00,0.00,DEPLOY,,0,0
1788465735.12,4914.01,-0.00,0.00,DEPLOY,,0,0
1788465735.22,4914.11,-0.01,0.00,DEPLOY,,0,0
1788465735.32,4914.21,0.00,0.00,DEPLOY,,0,0
1788465735.42,4914.31,-0.00,0.00,DEPLOY,,0,0
1788465735.52,4914.41,0.00,0.00,DEPLOY,,0,0
1788465735.63,4914.51,-0.00,0.00,DEPLOY,,0,0
1788465735.73,4914.61,0.00,0.00,DEPLOY,,0,0
1788465735.83,4914.71,-0.00,0.00,DEPLOY,,0,0
1788465735.93,4914.81,-0.00,0.00,DEPLOY,,0,0
1788465736.03,4914.91,0.00,0.00,DEPLOY,,0,0
1788465736.13,4915.01,0.01,0.00,DEPLOY,,0,0
1788465736.23,4915.11,0.00,0.00,DEPLOY,,0,0
1788465736.34,4915.21,0.01,0.00,DEPLOY,,0,0
1788465736.44,4915.31,0.00,0.00,DEPLOY,,0,0
1788465736.54,4915.41,0.01,0.00,DEPLOY,,0,0
1788465736.64,4915.51,0.01,0.00,DEPLOY,,0,0
1788465736.74,4915.61,-0.00,0.00,DEPLOY,,0,0
1788465736.85,4915.71,0.00,0.00,DEPLOY,,0,0
1788465736.94,4915.81,0.01,0.00,DEPLOY,,0,0
1788465737.05,4915.91,0.00,0.00,DEPLOY,,0,0
1788465737.15,4916.01,0.00,0.00,DEPLOY,,0,0
1788465737.25,4916.11,0.01,0.00,DEPLOY,,0,0
1788465737.35,4916.21,0.00,0.00,DEPLOY,,0,0
1788465737.45,4916.31,0.01,0.00,DEPLOY,,0,0
1788465737.55,4916.41,0.00,0.00,DEPLOY,,0,0
1788465737.65,4916.51,-0.00,0.00,DEPLOY,,0,0
1788465737.75,4916.61,-0.00,0.00,DEPLOY,,0,0
1788465737.85,4916.71,0.01,0.00,DEPLOY,,0,0
1788465737.95,4916.81,0.00,0.00,DEPLOY,,0,0
1788465738.05,4916.91,0.00,0.00,DEPLOY,,0,0
1788465738.16,4917.01,-0.00,0.00,DEPLOY,,0,0
1788465738.26,4917.11,0.00,0.00,DEPLOY,,0,0
1788465738.36,4917.21,-0.01,0.00,DEPLOY,,0,0
1788465738.46,4917.31,0.00,0.00,DEPLOY,,0,0
1788465738.56,4917.41,0.01,0.00,DEPLOY,,0,0
1788465738.66,4917.51,0.00,0.00,DEPLOY,,0,0
1788465738.76,4917.61,0.01,0.00,DEPLOY,,0,1
1788465738.86,4917.71,0.00,0.00,DEPLOY,,0,0
1788465738.96,4917.81,0.00,0.00,DEPLOY,,0,0
1788465739.06,4917.91,-0.00,0.00,DEPLOY,,0,0
1788465739.16,4918.01,0.00,0.00,DEPLOY,,0,0
1788465739.27,4918.11,-0.00,0.00,DEPLOY,,0,0
1788465739.37,4918.21,-0.01,0.00,DEPLOY,,0,0
1788465739.47,4918.31,0.00,0.00,DEPLOY,,0,0
1788465739.57,4918.41,0.01,0.00,DEPLOY,,0,0
1788465739.67,4918.51,-0.00,0.00,DEPLOY,,0,0
1788465739.77,4918.61,0.01,0.00,DEPLOY,,0,0
1788465739.87,4918.71,0.01,0.00,DEPLOY,,0,0
1788465739.97,4918.81,0.00,0.00,DEPLOY,,0,0
1788465740.08,4918.91,0.01,0.00,DEPLOY,,0,0
1788465740.18,4919.01,0.01,0.00,DEPLOY,,0,0
1788465740.28,4919.11,-0.00,0.00,DEPLOY,,0,0
1788465740.38,4919.21,-0.00,0.00,DEPLOY,,0,0
1788465740.48,4919.31,0.01,0.00,DEPLOY,,0,0
1788465740.58,4919.41,0.00,0.00,DEPLOY,,0,0
1788465740.68,4919.51,0.00,0.00,DEPLOY,,0,0
1788465740.78,4919.61,-0.00,0.00,DEPLOY,,0,0
1788465740.88,4919.71,0.00,0.00,DEPLOY,,0,0
1788465740.99,4919.81,0.00,0.00,DEPLOY,,0,0
1788465741.09,4919.91,0.01,0.00,DEPLOY,,0,0
1788465741.19,4920.01,0.01,0.00,DEPLOY,,0,0
1788465741.30,4920.11,0.00,0.00,DEPLOY,,0,0
1788465741.39,4920.21,0.00,0.00,DEPLOY,,0,0
1788465741.50,4920.31,-0.00,0.00,DEPLOY,,0,0
1788465741.60,4920.41,-0.00,0.00,DEPLOY,,0,0
1788465741.70,4920.51,0.01,0.00,DEPLOY,,0,0
1788465741.80,4920.61,-0.00,0.00,DEPLOY,,0,0
1788465741.90,4920.71,0.00,0.00,DEPLOY,,0,0
1788465742.00,4920.81,0.01,0.00,DEPLOY,,0,0
1788465742.10,4920.91,0.01,0.00,DEPLOY,,0,0
1788465742.20,4921.01,0.00,0.00,DEPLOY,,0,0
1788465742.30,4921.11,0.00,0.00,DEPLOY,,0,0
1788465742.41,4921.21,0.00,0.00,DEPLOY,,0,0
1788465742.51,4921.31,0.01,0.00,DEPLOY,,0,0
1788465742.61,4921.41,0.00,0.00,DEPLOY,,0,0
1788465742.71,4921.51,0.00,0.00,DEPLOY,,0,0
1788465742.81,4921.61,0.01,0.00,DEPLOY,,0,0
1788465742.92,4921.71,-0.00,0.00,DEPLOY,,0,0
1788465743.01,4921.81,-0.00,0.00,DEPLOY,,0,0
1788465743.12,4921.91,0.01,0.00,DEPLOY,,0,0
1788465743.22,4922.01,-0.00,0.00,DEPLOY,,0,0
1788465743.32,4922.11,0.00,0.00,DEPLOY,,0,0
1788465743.42,4922.21,0.01,0.00,DEPLOY,,0,0
1788465743.52,4922.31,0.01,0.00,DEPLOY,,0,0
1788465743.62,4922.41,-0.00,0.00,DEPLOY,,0,0
1788465743.73,4922.51,-0.00,0.00,DEPLOY,,0,0
1788465743.83,4922.61,-0.00,0.00,DEPLOY,,0,0
1788465743.93,4922.71,0.00,0.00,DEPLOY,,0,0
1788465744.04,4922.81,0.01,0.00,DEPLOY,,0,0
1788465744.14,4922.91,0.00,0.00,DEPLOY,,0,0
1788465744.24,4923.01,-0.00,0.00,DEPLOY,,0,0
1788465744.34,4923.11,0.00,0.00,DEPLOY,,0,0
1788465744.44,4923.21,0.01,0.00,DEPLOY,,0,0
1788465744.54,4923.31,-0.00,0.00,DEPLOY,,0,0
1788465744.65,4923.41,0.00,0.00,DEPLOY,,0,0
1788465744.75,4923.51,-0.00,0.00,DEPLOY,,0,0
1788465744.85,4923.61,-0.00,0.00,DEPLOY,,0,0
1788465744.95,4923.71,0.00,0.00,DEPLOY,,0,0
1788465745.05,4923.81,-0.00,0.00,DEPLOY,,0,0
1788465745.16,4923.91,-0.00,0.00,DEPLOY,,0,0
1788465745.26,4924.01,0.00,0.00,DEPLOY,,0,0
1788465745.36,4924.11,0.01,0.00,DEPLOY,,0,0
1788465745.46,4924.21,0.01,0.00,DEPLOY,,0,0
1788465745.56,4924.31,0.01,0.00,DEPLOY,,0,0
1788465745.66,4924.41,0.00,0.00,DEPLOY,,0,0
1788465745.76,4924.51,-0.00,0.00,DEPLOY,,0,0
1788465745.86,4924.61,0.00,0.00,DEPLOY,,0,0
1788465745.97,4924.71,-0.00,0.00,DEPLOY,,0,0
1788465746.07,4924.81,0.01,0.00,DEPLOY,,0,0
1788465746.17,4924.91,-0.01,0.00,DEPLOY,,0,0
1788465746.27,4925.01,-0.00,0.00,DEPLOY,,0,0
1788465746.37,4925.11,-0.00,0.00,DEPLOY,,0,0
1788465746.47,4925.21,0.00,0.00,DEPLOY,,0,0
1788465746.57,4925.31,0.01,0.00,DEPLOY,,0,0
1788465746.68,4925.41,0.01,0.00,DEPLOY,,0,0
1788465746.78,4925.51,0.01,0.00,DEPLOY,,0,0
1788465746.88,4925.61,0.01,0.00,DEPLOY,,0,0
1788465746.98,4925.71,0.00,0.00,DEPLOY,,0,0
1788465747.08,4925.81,0.00,0.00,DEPLOY,,0,0
1788465747.18,4925.91,-0.00,0.00,DEPLOY,,0,0
1788465747.28,4926.01,0.00,0.00,DEPLOY,,0,0
1788465747.38,4926.11,0.00,0.00,DEPLOY,,0,0
1788465747.48,4926.21,0.00,0.00,DEPLOY,,0,0
1788465747.59,4926.31,0.01,0.00,DEPLOY,,0,0
1788465747.68,4926.41,0.01,0.00,DEPLOY,,0,0
1788465747.79,4926.51,0.00,0.00,DEPLOY,,0,0
1788465747.89,4926.61,0.00,0.00,DEPLOY,,0,0
1788465747.99,4926.71,0.00,0.00,DEPLOY,,0,0
1788465748.09,4926.81,0.01,0.00,DEPLOY,,0,0
1788465748.19,4926.91,0.01,0.00,DEPLOY,,0,0
1788465748.29,4927.01,0.00,0.00,DEPLOY,,0,0
1788465748.40,4927.11,0.01,0.00,DEPLOY,,0,0
1788465748.50,4927.21,-0.00,0.00,DEPLOY,,0,0
1788465748.60,4927.31,-0.00,0.00,DEPLOY,,0,0
1788465748.70,4927.41,0.00,0.00,DEPLOY,,0,0
1788465748.81,4927.52,0.01,0.00,DEPLOY,,0,0
1788465748.91,4927.61,-0.00,0.00,DEPLOY,,0,0
1788465749.01,4927.71,-0.00,0.00,DEPLOY,,0,0
1788465749.11,4927.81,0.01,0.00,DEPLOY,,0,0
1788465749.21,4927.91,-0.00,0.00,DEPLOY,,0,0
1788465749.31,4928.01,0.01,0.00,DEPLOY,,0,0
1788465749.41,4928.11,-0.00,0.00,DEPLOY,,0,0
1788465749.52,4928.21,-0.00,0.00,DEPLOY,,0,0
1788465749.62,4928.31,0.00,0.00,DEPLOY,,0,0
1788465749.72,4928.41,0.01,0.00,DEPLOY,,0,0
1788465749.82,4928.51,0.00,0.00,DEPLOY,,0,0
1788465749.92,4928.61,0.00,0.00,DEPLOY,,0,0
1788465750.02,4928.71,0.01,0.00,DEPLOY,,0,0
1788465750.12,4928.81,0.01,0.00,DEPLOY,,0,0
1788465750.22,4928.91,-0.00,0.00,DEPLOY,,0,0
1788465750.33,4929.01,0.01,0.00,DEPLOY,,0,0
1788465750.43,4929.11,0.00,0.00,DEPLOY,,0,0
1788465750.52,4929.21,-0.00,0.00,DEPLOY,,0,0
1788465750.63,4929.31,0.00,0.00,DEPLOY,,0,0
1788465750.73,4929.41,0.00,0.00,DEPLOY,,0,0
1788465750.83,4929.51,-0.00,0.00,DEPLOY,,0,0
1788465750.93,4929.61,-0.00,0.00,DEPLOY,,0,0
1788465751.03,4929.71,0.01,0.00,DEPLOY,,0,0
1788465751.13,4929.81,0.01,0.00,DEPLOY,,0,0
1788465751.23,4929.91,-0.00,0.00,DEPLOY,,0,0
1788465751.33,4930.01,0.00,0.00,DEPLOY,,0,0
1788465751.44,4930.11,0.00,0.00,DEPLOY,,0,0
1788465751.53,4930.21,0.00,0.00,MANIPULATE,,0,0
1788465751.64,4930.31,0.01,0.00,MANIPULATE,,0,0
1788465751.74,4930.41,0.01,0.00,MANIPULATE,,0,0
1788465751.84,4930.51,-0.00,0.00,MANIPULATE,,0,0
1788465751.94,4930.61,0.00,0.00,MANIPULATE,,0,0
1788465752.04,4930.71,0.00,0.00,MANIPULATE,,0,0
1788465752.14,4930.81,0.00,0.00,MANIPULATE,,0,0
1788465752.24,4930.91,0.01,0.00,MANIPULATE,,0,0
1788465752.35,4931.01,0.01,0.00,MANIPULATE,,0,0
1788465752.45,4931.11,0.00,0.00,MANIPULATE,,0,0
1788465752.55,4931.21,0.00,0.00,MANIPULATE,,0,0
1788465752.65,4931.31,0.01,0.00,MANIPULATE,,0,0
1788465752.75,4931.41,0.01,0.00,MANIPULATE,,0,0
1788465752.85,4931.51,0.01,0.00,MANIPULATE,,0,0
1788465752.95,4931.61,-0.00,0.00,MANIPULATE,,0,0
1788465753.06,4931.71,0.00,0.00,MANIPULATE,,0,0
1788465753.16,4931.81,0.01,0.00,MANIPULATE,,0,0
1788465753.26,4931.91,0.00,0.00,MANIPULATE,,0,0
1788465753.36,4932.01,0.00,0.00,MANIPULATE,,0,0
1788465753.46,4932.11,0.00,0.00,MANIPULATE,,0,0
1788465753.56,4932.21,0.01,0.00,MANIPULATE,,0,0
1788465753.66,4932.31,-0.00,0.00,MANIPULATE,,0,0
1788465753.77,4932.41,0.00,0.00,MANIPULATE,,0,0
1788465753.87,4932.51,-0.00,0.00,MANIPULATE,,0,0
1788465753.97,4932.61,0.01,0.00,MANIPULATE,,0,0
1788465754.08,4932.72,-0.00,0.00,MANIPULATE,,0,0
1788465754.17,4932.81,0.00,0.00,MANIPULATE,,0,0
1788465754.28,4932.91,0.00,0.00,MANIPULATE,,0,0
1788465754.38,4933.01,0.01,0.00,MANIPULATE,,0,0
1788465754.48,4933.11,0.01,0.00,MANIPULATE,,0,0
1788465754.58,4933.21,-0.00,0.00,MANIPULATE,orienta,0,0
1788465754.68,4933.31,0.00,0.00,MANIPULATE,orienta,0,0
1788465754.78,4933.41,0.00,0.00,MANIPULATE,orienta,0,0
1788465754.88,4933.52,-0.00,0.00,MANIPULATE,orienta,0,0
1788465754.98,4933.61,0.01,0.00,MANIPULATE,orienta,0,0
1788465755.08,4933.71,-0.00,0.00,MANIPULATE,orienta,0,0
1788465755.18,4933.81,0.00,0.00,MANIPULATE,orienta,0,0
1788465755.29,4933.91,0.00,0.00,MANIPULATE,orienta,0,0
1788465755.39,4934.01,0.00,0.00,MANIPULATE,orienta,0,0
1788465755.49,4934.11,0.01,0.00,MANIPULATE,orienta,0,0
1788465755.59,4934.21,-0.00,0.00,MANIPULATE,orienta,0,0
1788465755.69,4934.31,0.01,0.00,MANIPULATE,orienta,0,0
1788465755.79,4934.41,0.01,0.00,MANIPULATE,orienta,0,0
1788465755.89,4934.51,0.00,0.00,MANIPULATE,orienta,0,0
1788465756.00,4934.61,0.00,0.00,MANIPULATE,orienta,0,0
1788465756.10,4934.72,0.00,0.00,MANIPULATE,orienta,0,0
1788465756.20,4934.81,-0.00,0.00,MANIPULATE,orienta,0,0
1788465756.30,4934.91,0.01,0.00,MANIPULATE,orienta,0,0
1788465756.40,4935.01,-0.00,0.00,MANIPULATE,orienta,0,0
1788465756.50,4935.11,-0.00,0.00,MANIPULATE,orienta,0,0
1788465756.60,4935.21,-0.00,0.00,MANIPULATE,orienta,0,0
1788465756.71,4935.31,0.00,0.00,MANIPULATE,orienta,0,0
1788465756.81,4935.41,0.00,0.00,MANIPULATE,orienta,0,0
1788465756.91,4935.51,-0.00,0.00,MANIPULATE,orienta,0,0
1788465757.01,4935.61,0.00,0.00,MANIPULATE,orienta,0,0
1788465757.11,4935.71,0.01,0.00,MANIPULATE,orienta,0,0
1788465757.21,4935.81,0.00,0.00,MANIPULATE,orienta,0,0
1788465757.31,4935.91,0.00,0.00,MANIPULATE,orienta,0,0
1788465757.42,4936.01,0.00,0.00,MANIPULATE,orienta,0,0
1788465757.52,4936.11,0.00,0.00,MANIPULATE,orienta,0,0
1788465757.62,4936.21,-0.00,0.00,MANIPULATE,orienta,0,0
1788465757.72,4936.31,0.00,0.00,MANIPULATE,orienta,0,0
1788465757.82,4936.41,0.00,0.00,MANIPULATE,orienta,0,0
1788465757.92,4936.51,-0.00,0.00,MANIPULATE,orienta,0,0
1788465758.03,4936.61,0.00,0.00,MANIPULATE,orienta,0,0
1788465758.13,4936.71,0.01,0.00,MANIPULATE,orienta,0,0
1788465758.23,4936.81,0.00,0.00,MANIPULATE,orienta,0,0
1788465758.33,4936.91,0.01,0.00,MANIPULATE,aproxima_lateral,0,0
1788465758.43,4937.01,0.00,0.00,MANIPULATE,aproxima_lateral,0,0
1788465758.54,4937.11,0.00,0.00,MANIPULATE,aproxima_lateral,0,0
1788465758.64,4937.21,-0.00,0.00,MANIPULATE,aproxima_lateral,0,0
1788465758.74,4937.31,0.01,0.00,MANIPULATE,aproxima_lateral,0,0
1788465758.84,4937.41,0.00,0.00,MANIPULATE,aproxima_lateral,0,0
1788465758.94,4937.51,0.00,0.00,MANIPULATE,aproxima_lateral,0,0
1788465759.04,4937.61,0.01,0.00,MANIPULATE,aproxima_lateral,0,0
1788465759.14,4937.71,-0.00,0.00,MANIPULATE,aproxima_lateral,0,0
1788465759.24,4937.81,-0.00,0.00,MANIPULATE,aproxima_lateral,0,0
1788465759.34,4937.91,-0.00,0.00,MANIPULATE,aproxima_lateral,0,0
1788465759.45,4938.01,-0.00,0.00,MANIPULATE,aproxima_lateral,0,0
1788465759.55,4938.11,0.01,0.00,MANIPULATE,aproxima_lateral,0,0
1788465759.65,4938.21,0.01,0.00,MANIPULATE,aproxima_lateral,0,0
1788465759.75,4938.31,0.01,0.00,MANIPULATE,aproxima_lateral,0,0
1788465759.85,4938.41,0.00,0.00,MANIPULATE,aproxima_lateral,0,0
1788465759.96,4938.51,0.00,0.00,MANIPULATE,aproxima_lateral,0,0
1788465760.06,4938.61,0.01,0.00,MANIPULATE,aproxima_lateral,0,0
1788465760.16,4938.71,0.01,0.00,MANIPULATE,aproxima_lateral,0,0
1788465760.26,4938.81,0.01,0.00,MANIPULATE,aproxima_lateral,0,0
1788465760.36,4938.91,0.00,0.00,MANIPULATE,aproxima_lateral,0,0
1788465760.46,4939.01,0.00,0.00,MANIPULATE,aproxima_lateral,0,0
1788465760.56,4939.11,-0.00,0.00,MANIPULATE,aproxima_lateral,0,0
1788465760.66,4939.21,-0.00,0.00,MANIPULATE,aproxima_lateral,0,0
1788465760.77,4939.31,0.00,0.00,MANIPULATE,aproxima_lateral,0,0
1788465760.87,4939.41,0.00,0.00,MANIPULATE,aproxima_lateral,0,0
1788465760.97,4939.51,0.00,0.00,MANIPULATE,aproxima_lateral,0,0
1788465761.07,4939.61,-0.00,0.00,MANIPULATE,aproxima_lateral,0,0
1788465761.18,4939.71,0.00,0.01,MANIPULATE,aproxima_lateral,0,0
1788465761.28,4939.81,0.00,0.01,MANIPULATE,aproxima_lateral,0,0
1788465761.38,4939.91,-0.01,0.02,MANIPULATE,aproxima_lateral,0,0
1788465761.48,4940.01,-0.00,0.03,MANIPULATE,aproxima_lateral,0,0
1788465761.58,4940.11,-0.01,0.03,MANIPULATE,aproxima_lateral,0,0
1788465761.68,4940.21,0.01,0.04,MANIPULATE,aproxima_lateral,0,0
1788465761.78,4940.31,0.00,0.05,MANIPULATE,aproxima_lateral,0,0
1788465761.88,4940.41,-0.00,0.05,MANIPULATE,aproxima_lateral,0,0
1788465761.99,4940.51,0.01,0.05,MANIPULATE,aproxima_lateral,0,0
1788465762.09,4940.61,0.01,0.05,MANIPULATE,aproxima_lateral,0,0
1788465762.19,4940.71,-0.00,0.06,MANIPULATE,atravessa,0,0
1788465762.29,4940.81,-0.01,0.00,MANIPULATE,atravessa,0,0
1788465762.39,4940.91,-0.00,0.00,MANIPULATE,atravessa,0,0
1788465762.49,4941.01,0.00,-0.00,MANIPULATE,atravessa,0,0
1788465762.59,4941.11,-0.00,0.00,MANIPULATE,atravessa,0,0
1788465762.69,4941.21,-0.01,-0.00,MANIPULATE,atravessa,0,0
1788465762.79,4941.31,-0.00,0.00,MANIPULATE,atravessa,0,0
1788465762.90,4941.41,-0.00,-0.00,MANIPULATE,atravessa,0,0
1788465762.99,4941.51,-0.00,0.00,MANIPULATE,atravessa,0,0
1788465763.10,4941.61,-0.00,0.00,MANIPULATE,atravessa,0,0
1788465763.20,4941.71,-0.00,0.00,MANIPULATE,atravessa,0,0
1788465763.30,4941.81,-0.00,0.01,MANIPULATE,atravessa,0,0
1788465763.40,4941.91,-0.00,0.01,MANIPULATE,atravessa,0,0
1788465763.50,4942.01,-0.00,0.02,MANIPULATE,atravessa,0,0
1788465763.61,4942.11,-0.00,0.03,MANIPULATE,atravessa,0,0
1788465763.71,4942.21,-0.00,0.01,MANIPULATE,atravessa,0,0
1788465763.81,4942.31,-0.00,0.01,MANIPULATE,atravessa,0,0
1788465763.91,4942.41,0.01,-0.00,MANIPULATE,atravessa,0,0
1788465764.01,4942.51,-0.00,-0.00,MANIPULATE,atravessa,0,0
1788465764.11,4942.61,-0.00,-0.00,MANIPULATE,atravessa,0,0
1788465764.21,4942.71,0.00,0.00,MANIPULATE,atravessa,0,0
1788465764.31,4942.81,1.31,0.01,MANIPULATE,atravessa,0,0
1788465764.42,4942.91,-0.00,0.00,MANIPULATE,atravessa,0,0
1788465764.52,4943.01,0.01,0.00,MANIPULATE,atravessa,0,0
1788465764.62,4943.11,-0.00,0.01,MANIPULATE,atravessa,0,0
1788465764.72,4943.21,0.00,0.01,MANIPULATE,atravessa,0,0
1788465764.82,4943.31,-0.00,0.01,MANIPULATE,atravessa,0,0
1788465764.92,4943.41,0.00,0.01,MANIPULATE,atravessa,0,0
1788465765.02,4943.51,0.01,0.01,MANIPULATE,atravessa,0,0
1788465765.12,4943.61,0.01,-0.00,MANIPULATE,atravessa,0,0
1788465765.22,4943.71,0.01,0.00,MANIPULATE,atravessa,0,0
1788465765.32,4943.81,0.00,0.00,MANIPULATE,atravessa,0,0
1788465765.43,4943.91,-0.00,-0.00,MANIPULATE,atravessa,0,0
1788465765.53,4944.01,-0.00,-0.00,MANIPULATE,atravessa,0,0
1788465765.63,4944.11,0.00,-0.00,MANIPULATE,captura,0,0
1788465765.73,4944.21,-0.00,-0.00,MANIPULATE,captura,0,0
1788465765.83,4944.31,0.00,-0.00,MANIPULATE,captura,0,0
1788465765.93,4944.41,0.01,-0.00,MANIPULATE,captura,0,0
1788465766.03,4944.51,-0.00,-0.00,MANIPULATE,captura,0,0
1788465766.13,4944.61,0.01,-0.00,MANIPULATE,destrava,0,0
1788465766.23,4944.71,0.01,-0.00,MANIPULATE,destrava,0,0
1788465766.33,4944.81,0.01,-0.00,MANIPULATE,destrava,0,0
1788465766.43,4944.91,0.37,0.01,MANIPULATE,destrava,2,2
1788465766.53,4945.01,0.93,0.00,MANIPULATE,destrava,2,2
1788465766.63,4945.11,1.37,-0.00,MANIPULATE,destrava,2,2
1788465766.73,4945.21,1.85,0.00,MANIPULATE,destrava,2,2
1788465766.83,4945.31,2.38,0.00,MANIPULATE,destrava,2,2
1788465766.94,4945.41,2.90,-0.00,MANIPULATE,destrava,2,2
1788465767.04,4945.51,3.37,0.00,MANIPULATE,destrava,2,2
1788465767.14,4945.61,3.92,0.00,MANIPULATE,destrava,2,2
1788465767.24,4945.72,4.39,0.00,MANIPULATE,destrava,2,2
1788465767.34,4945.81,4.63,-0.00,MANIPULATE,destrava,2,2
1788465767.44,4945.91,4.61,0.00,MANIPULATE,destrava,2,2
1788465767.54,4946.01,4.60,0.00,MANIPULATE,destrava,2,2
1788465767.64,4946.11,5.04,0.00,MANIPULATE,destrava,2,2
1788465767.74,4946.21,5.81,0.00,MANIPULATE,destrava,2,2
1788465767.84,4946.31,6.51,0.01,MANIPULATE,destrava,2,2
1788465767.94,4946.41,6.05,0.00,MANIPULATE,destrava,2,2
1788465768.04,4946.51,5.18,0.00,MANIPULATE,destrava,2,2
1788465768.14,4946.61,4.70,0.00,MANIPULATE,destrava,2,2
1788465768.24,4946.71,5.64,-0.00,MANIPULATE,destrava,2,2
1788465768.34,4946.81,6.87,0.00,MANIPULATE,destrava,2,2
1788465768.44,4946.91,6.11,0.00,MANIPULATE,destrava,2,2
1788465768.54,4947.01,5.35,0.00,MANIPULATE,destrava,2,2
1788465768.65,4947.11,4.92,0.01,MANIPULATE,destrava,2,2
1788465768.75,4947.21,4.74,0.00,MANIPULATE,destrava,2,2
1788465768.85,4947.31,6.08,0.00,MANIPULATE,destrava,2,2
1788465768.95,4947.41,6.58,0.01,MANIPULATE,destrava,2,2
1788465769.05,4947.51,5.92,-0.00,MANIPULATE,destrava,2,2
1788465769.15,4947.61,6.10,0.00,MANIPULATE,destrava,2,2
1788465769.25,4947.71,7.44,0.01,MANIPULATE,destrava,2,2
1788465769.35,4947.81,7.85,0.00,MANIPULATE,destrava,2,2
1788465769.45,4947.91,7.22,-0.00,MANIPULATE,destrava,2,2
1788465769.56,4948.01,6.86,0.00,MANIPULATE,destrava,2,2
1788465769.66,4948.11,7.33,0.00,MANIPULATE,destrava,2,2
1788465769.75,4948.21,7.11,0.00,MANIPULATE,destrava,2,2
1788465769.85,4948.31,7.30,0.00,MANIPULATE,destrava,2,2
1788465769.96,4948.41,7.43,-0.00,MANIPULATE,destrava,2,2
1788465770.06,4948.51,7.33,-0.00,MANIPULATE,destrava,2,2
1788465770.16,4948.61,7.31,-0.00,MANIPULATE,destrava,2,2
1788465770.26,4948.71,7.57,-0.00,MANIPULATE,destrava,2,2
1788465770.36,4948.81,7.45,-0.01,MANIPULATE,destrava,2,2
1788465770.46,4948.91,7.28,0.00,MANIPULATE,destrava,2,2
1788465770.56,4949.01,7.60,-0.00,MANIPULATE,destrava,2,2
1788465770.66,4949.11,7.47,-0.01,MANIPULATE,destrava,2,2
1788465770.76,4949.21,7.21,-0.01,MANIPULATE,destrava,2,2
1788465770.86,4949.31,7.45,-0.00,MANIPULATE,destrava,2,2
1788465770.97,4949.41,7.75,-0.00,MANIPULATE,destrava,2,2
1788465771.07,4949.51,7.53,-0.01,MANIPULATE,destrava,2,2
1788465771.17,4949.61,7.25,-0.01,MANIPULATE,destrava,2,2
1788465771.27,4949.71,6.94,-0.01,MANIPULATE,destrava,2,2
1788465771.37,4949.81,7.08,0.02,MANIPULATE,destrava,2,2
1788465771.47,4949.91,7.20,-0.00,MANIPULATE,destrava,2,2
1788465771.57,4950.01,6.94,-0.00,MANIPULATE,destrava,2,2
1788465771.67,4950.11,7.06,0.01,MANIPULATE,destrava,2,2
1788465771.77,4950.21,7.29,0.01,MANIPULATE,destrava,2,2
1788465771.87,4950.31,7.15,-0.01,MANIPULATE,destrava,2,2
1788465771.98,4950.41,7.08,-0.00,MANIPULATE,destrava,2,2
1788465772.08,4950.51,7.34,-0.00,MANIPULATE,destrava,2,2
1788465772.18,4950.61,7.64,0.00,MANIPULATE,destrava,2,2
1788465772.28,4950.71,7.55,-0.01,MANIPULATE,destrava,2,2
1788465772.38,4950.81,7.31,-0.00,MANIPULATE,destrava,2,2
1788465772.48,4950.91,7.05,-0.01,MANIPULATE,destrava,2,2
1788465772.58,4951.01,6.75,-0.01,MANIPULATE,destrava,2,2
1788465772.69,4951.11,6.93,0.05,MANIPULATE,destrava,2,2
1788465772.79,4951.21,7.08,0.07,MANIPULATE,destrava,2,2
1788465772.89,4951.31,7.01,-0.00,MANIPULATE,destrava,2,2
1788465772.99,4951.41,6.82,-0.00,MANIPULATE,destrava,2,2
1788465773.09,4951.51,7.02,0.04,MANIPULATE,destrava,2,2
1788465773.19,4951.61,6.99,-0.01,MANIPULATE,destrava,2,2
1788465773.29,4951.71,6.72,-0.01,MANIPULATE,destrava,2,2
1788465773.39,4951.81,6.89,0.04,MANIPULATE,destrava,2,2
1788465773.49,4951.91,7.01,0.06,MANIPULATE,destrava,2,2
1788465773.59,4952.01,6.87,-0.01,MANIPULATE,destrava,2,2
1788465773.69,4952.11,6.78,-0.00,MANIPULATE,destrava,2,2
1788465773.80,4952.21,7.00,0.04,MANIPULATE,destrava,2,2
1788465773.90,4952.31,6.95,-0.01,MANIPULATE,destrava,2,2
1788465774.00,4952.41,6.73,-0.00,MANIPULATE,destrava,2,2
1788465774.10,4952.51,6.93,0.05,MANIPULATE,destrava,2,2
1788465774.20,4952.61,6.87,-0.01,MANIPULATE,destrava,2,2
1788465774.30,4952.71,6.66,-0.00,MANIPULATE,destrava,2,2
1788465774.40,4952.81,6.89,0.04,MANIPULATE,destrava,2,2
1788465774.50,4952.91,6.93,0.02,MANIPULATE,destrava,2,2
1788465774.60,4953.01,6.91,-0.00,MANIPULATE,destrava,2,2
1788465774.70,4953.11,6.81,-0.01,MANIPULATE,destrava,2,2
1788465774.80,4953.21,6.56,-0.01,MANIPULATE,destrava,2,2
1788465774.90,4953.31,6.57,0.03,MANIPULATE,destrava,2,2
1788465775.00,4953.41,6.64,0.04,MANIPULATE,destrava,2,2
1788465775.10,4953.51,6.56,-0.00,MANIPULATE,destrava,2,2
1788465775.21,4953.61,6.70,0.06,MANIPULATE,destrava,2,2
1788465775.30,4953.71,6.71,-0.01,MANIPULATE,destrava,2,2
1788465775.41,4953.81,6.70,-0.00,MANIPULATE,destrava,2,2
1788465775.51,4953.91,6.54,-0.02,MANIPULATE,destrava,2,2
1788465775.61,4954.01,6.21,-0.01,MANIPULATE,destrava,2,2
1788465775.71,4954.11,6.15,0.00,MANIPULATE,destrava,2,2
1788465775.81,4954.21,6.21,-0.01,MANIPULATE,destrava,2,2
1788465775.91,4954.31,6.32,0.01,MANIPULATE,destrava,2,2
1788465776.01,4954.41,6.44,0.05,MANIPULATE,destrava,2,2
1788465776.12,4954.51,6.43,-0.00,MANIPULATE,destrava,2,2
1788465776.22,4954.61,6.55,0.02,MANIPULATE,destrava,2,2
1788465776.31,4954.71,6.65,-0.01,MANIPULATE,destrava,2,2
1788465776.42,4954.81,6.64,-0.00,MANIPULATE,destrava,2,2
1788465776.52,4954.91,6.65,-0.00,MANIPULATE,destrava,2,2
1788465776.62,4955.01,6.60,-0.01,MANIPULATE,destrava,2,2
1788465776.72,4955.11,6.24,-0.02,MANIPULATE,destrava,2,2
1788465776.82,4955.21,5.85,-0.02,MANIPULATE,destrava,2,2
1788465776.92,4955.31,5.70,-0.00,MANIPULATE,destrava,2,2
1788465777.02,4955.41,5.91,0.01,MANIPULATE,destrava,2,2
1788465777.12,4955.51,6.06,-0.00,MANIPULATE,destrava,2,2
1788465777.22,4955.61,6.04,-0.02,MANIPULATE,destrava,2,2
1788465777.32,4955.71,6.07,-0.00,MANIPULATE,destrava,2,2
1788465777.43,4955.81,6.23,-0.00,MANIPULATE,destrava,2,2
1788465777.52,4955.91,6.21,-0.00,MANIPULATE,destrava,2,2
1788465777.63,4956.01,6.21,-0.00,MANIPULATE,destrava,2,2
1788465777.73,4956.11,5.99,-0.02,MANIPULATE,destrava,2,2
1788465777.83,4956.21,5.68,-0.01,MANIPULATE,destrava,2,2
1788465777.93,4956.31,5.76,0.00,MANIPULATE,destrava,2,2
1788465778.03,4956.41,5.80,-0.00,MANIPULATE,destrava,2,2
1788465778.13,4956.51,5.57,-0.02,MANIPULATE,destrava,2,2
1788465778.23,4956.61,5.31,-0.00,MANIPULATE,destrava,2,2
1788465778.33,4956.71,5.52,-0.00,MANIPULATE,destrava,2,2
1788465778.44,4956.81,5.57,-0.01,MANIPULATE,destrava,2,2
1788465778.53,4956.91,5.66,-0.00,MANIPULATE,destrava,2,2
1788465778.64,4957.01,5.74,-0.02,MANIPULATE,destrava,2,2
1788465778.74,4957.11,5.51,-0.02,MANIPULATE,destrava,2,2
1788465778.84,4957.21,5.47,0.00,MANIPULATE,destrava,2,2
1788465778.94,4957.31,5.65,-0.00,MANIPULATE,destrava,2,2
1788465779.04,4957.41,5.67,-0.01,MANIPULATE,destrava,2,2
1788465779.14,4957.51,5.75,-0.01,MANIPULATE,destrava,2,2
1788465779.24,4957.61,5.82,-0.00,MANIPULATE,destrava,2,2
1788465779.34,4957.71,5.58,-0.02,MANIPULATE,destrava,2,2
1788465779.44,4957.81,5.16,-0.02,MANIPULATE,destrava,2,2
1788465779.54,4957.91,4.83,-0.01,MANIPULATE,destrava,2,2
1788465779.64,4958.01,4.78,-0.00,MANIPULATE,destrava,2,2
1788465779.74,4958.11,4.87,-0.01,MANIPULATE,destrava,2,2
1788465779.85,4958.21,4.98,-0.00,MANIPULATE,destrava,2,2
1788465779.95,4958.31,5.01,-0.00,MANIPULATE,destrava,2,2
1788465780.05,4958.41,4.82,-0.02,MANIPULATE,destrava,2,2
1788465780.15,4958.51,4.64,-0.01,MANIPULATE,destrava,2,2
1788465780.26,4958.61,4.81,-0.01,MANIPULATE,destrava,2,2
1788465780.36,4958.71,4.93,-0.01,MANIPULATE,destrava,2,2
1788465780.46,4958.81,5.03,-0.01,MANIPULATE,destrava,2,2
1788465780.56,4958.91,5.18,-0.00,MANIPULATE,destrava,2,2
1788465780.66,4959.01,4.90,-0.01,MANIPULATE,destrava,2,2
1788465780.76,4959.11,4.61,-0.03,MANIPULATE,destrava,2,2
1788465780.86,4959.21,4.26,-0.04,MANIPULATE,destrava,2,2
1788465780.96,4959.31,4.31,-0.00,MANIPULATE,destrava,2,2
1788465781.07,4959.41,4.43,-0.00,MANIPULATE,destrava,2,2
1788465781.17,4959.51,4.46,-0.02,MANIPULATE,destrava,2,2
1788465781.27,4959.61,4.40,-0.01,MANIPULATE,destrava,2,2
1788465781.37,4959.71,4.47,-0.01,MANIPULATE,destrava,2,2
1788465781.47,4959.81,4.57,-0.02,MANIPULATE,destrava,2,2
1788465781.57,4959.91,4.44,-0.02,MANIPULATE,destrava,2,2
1788465781.67,4960.01,4.13,-0.02,MANIPULATE,destrava,2,2
1788465781.77,4960.11,3.95,-0.03,MANIPULATE,destrava,2,2
1788465781.88,4960.21,3.99,-0.00,MANIPULATE,destrava,2,2
1788465781.98,4960.31,4.14,-0.01,MANIPULATE,destrava,2,2
1788465782.08,4960.41,4.28,-0.01,MANIPULATE,destrava,2,2
1788465782.18,4960.51,4.28,-0.00,MANIPULATE,destrava,2,2
1788465782.28,4960.61,4.39,-0.02,MANIPULATE,destrava,2,2
1788465782.38,4960.71,4.29,-0.01,MANIPULATE,destrava,2,2
1788465782.48,4960.81,4.30,-0.02,MANIPULATE,destrava,2,2
1788465782.58,4960.91,4.03,-0.02,MANIPULATE,destrava,2,2
1788465782.68,4961.01,3.90,-0.01,MANIPULATE,destrava,2,2
1788465782.78,4961.11,3.73,-0.01,MANIPULATE,destrava,2,2
1788465782.89,4961.21,3.52,-0.02,MANIPULATE,destrava,2,2
1788465782.99,4961.31,3.36,-0.01,MANIPULATE,destrava,2,2
1788465783.09,4961.41,3.32,-0.02,MANIPULATE,destrava,2,2
1788465783.19,4961.51,3.34,-0.01,MANIPULATE,destrava,2,2
1788465783.29,4961.61,3.27,-0.02,MANIPULATE,destrava,2,2
1788465783.39,4961.71,3.26,-0.02,MANIPULATE,destrava,2,2
1788465783.49,4961.81,3.20,-0.01,MANIPULATE,destrava,2,2
1788465783.59,4961.91,3.06,-0.02,MANIPULATE,destrava,2,2
1788465783.69,4962.01,3.05,-0.01,MANIPULATE,destrava,2,2
1788465783.80,4962.11,3.22,-0.01,MANIPULATE,destrava,2,2
1788465783.90,4962.21,3.14,-0.03,MANIPULATE,destrava,2,2
1788465784.00,4962.31,3.15,-0.00,MANIPULATE,destrava,2,2
1788465784.10,4962.41,3.45,-0.01,MANIPULATE,destrava,2,2
1788465784.20,4962.51,3.31,-0.01,MANIPULATE,destrava,2,2
1788465784.30,4962.61,3.37,-0.00,MANIPULATE,destrava,2,2
1788465784.40,4962.71,3.56,-0.01,MANIPULATE,destrava,2,2
1788465784.51,4962.81,3.75,-0.02,MANIPULATE,destrava,2,2
1788465784.61,4962.91,3.87,-0.01,MANIPULATE,destrava,2,2
1788465784.71,4963.01,3.82,-0.01,MANIPULATE,destrava,2,2
1788465784.81,4963.11,3.83,-0.01,MANIPULATE,destrava,2,2
1788465784.91,4963.21,3.81,-0.01,MANIPULATE,destrava,2,2
1788465785.01,4963.31,3.78,-0.02,MANIPULATE,destrava,2,2
1788465785.11,4963.41,3.72,-0.01,MANIPULATE,destrava,2,2
1788465785.21,4963.51,3.73,-0.01,MANIPULATE,destrava,2,2
1788465785.31,4963.61,3.72,-0.01,MANIPULATE,destrava,2,2
1788465785.41,4963.71,3.87,-0.00,MANIPULATE,destrava,2,2
1788465785.51,4963.81,3.81,-0.00,MANIPULATE,destrava,2,2
1788465785.61,4963.91,3.86,-0.01,MANIPULATE,destrava,2,2
1788465785.71,4964.01,3.91,-0.02,MANIPULATE,destrava,2,2
1788465785.81,4964.11,3.98,-0.03,MANIPULATE,destrava,2,2
1788465785.91,4964.21,3.72,-0.03,MANIPULATE,destrava,2,2
1788465786.02,4964.31,3.45,-0.04,MANIPULATE,destrava,2,2
1788465786.11,4964.41,3.23,-0.03,MANIPULATE,destrava,2,2
1788465786.21,4964.51,3.03,-0.03,MANIPULATE,destrava,2,2
1788465786.32,4964.61,2.86,-0.03,MANIPULATE,destrava,2,2
1788465786.41,4964.71,2.77,-0.04,MANIPULATE,destrava,2,2
1788465786.52,4964.81,2.64,-0.03,MANIPULATE,destrava,2,2
1788465786.62,4964.91,2.56,-0.04,MANIPULATE,destrava,2,2
1788465786.72,4965.01,2.51,-0.03,MANIPULATE,destrava,2,2
1788465786.82,4965.11,2.51,-0.03,MANIPULATE,destrava,2,2
1788465786.92,4965.21,2.53,-0.03,MANIPULATE,destrava,2,2
1788465787.02,4965.31,2.60,-0.03,MANIPULATE,destrava,2,2
1788465787.12,4965.41,2.86,-0.02,MANIPULATE,destrava,2,2
1788465787.23,4965.51,3.28,-0.01,MANIPULATE,destrava,2,2
1788465787.32,4965.61,3.67,-0.01,MANIPULATE,destrava,2,2
1788465787.42,4965.71,4.11,-0.02,MANIPULATE,destrava,2,2
1788465787.53,4965.81,4.45,-0.02,MANIPULATE,destrava,2,2
1788465787.63,4965.91,4.95,-0.00,MANIPULATE,destrava,2,2
1788465787.73,4966.01,5.38,-0.01,MANIPULATE,destrava,2,2
1788465787.83,4966.11,5.77,-0.02,MANIPULATE,destrava,2,2
1788465787.93,4966.21,6.10,-0.03,MANIPULATE,destrava,2,2
1788465788.03,4966.31,6.43,-0.02,MANIPULATE,destrava,2,2
1788465788.13,4966.41,6.82,-0.02,MANIPULATE,destrava,2,2
1788465788.23,4966.51,7.13,-0.03,MANIPULATE,destrava,2,2
1788465788.33,4966.61,7.58,-0.02,MANIPULATE,destrava,2,2
1788465788.43,4966.71,7.97,-0.03,MANIPULATE,destrava,2,2
1788465788.53,4966.81,8.42,-0.02,MANIPULATE,destrava,2,2
1788465788.63,4966.91,8.83,-0.02,MANIPULATE,destrava,2,2
1788465788.73,4967.01,9.58,-0.03,MANIPULATE,destrava,2,2
1788465788.83,4967.11,10.20,-0.03,MANIPULATE,destrava,2,2
1788465788.94,4967.21,10.71,-0.05,MANIPULATE,destrava,2,2
1788465789.04,4967.31,11.33,-0.03,MANIPULATE,destrava,2,2
1788465789.14,4967.41,11.86,-0.03,MANIPULATE,destrava,2,2
1788465789.23,4967.51,12.46,-0.03,MANIPULATE,destrava,2,2
1788465789.34,4967.61,12.96,-0.05,MANIPULATE,destrava,2,2
1788465789.44,4967.71,13.67,-0.04,MANIPULATE,destrava,2,2
1788465789.54,4967.81,14.26,-0.03,MANIPULATE,destrava,2,2
1788465789.64,4967.91,14.92,-0.02,MANIPULATE,destrava,2,2
1788465789.74,4968.01,15.62,-0.05,MANIPULATE,destrava,2,2
1788465789.84,4968.11,16.27,-0.02,MANIPULATE,destrava,2,2
1788465789.94,4968.21,16.81,-0.03,MANIPULATE,destrava,2,2
1788465790.04,4968.31,17.59,-0.02,MANIPULATE,destrava,2,2
1788465790.14,4968.41,18.30,-0.02,MANIPULATE,destrava,2,2
1788465790.24,4968.51,18.93,-0.03,MANIPULATE,destrava,2,2
1788465790.34,4968.61,19.68,-0.03,MANIPULATE,destrava,2,2
1788465790.45,4968.71,20.01,-0.03,MANIPULATE,destrava,2,2
1788465790.55,4968.81,20.01,-0.03,MANIPULATE,destrava,2,2
1788465790.65,4968.91,20.01,-0.04,MANIPULATE,destrava,2,2
1788465790.75,4969.01,20.02,-0.04,MANIPULATE,destrava,2,2
1788465790.85,4969.11,20.01,-0.04,MANIPULATE,destrava,2,2
1788465790.95,4969.21,20.01,-0.04,MANIPULATE,destrava,2,2
1788465791.05,4969.31,20.01,-0.04,MANIPULATE,destrava,2,2
1788465791.15,4969.41,20.02,-0.05,MANIPULATE,destrava,2,2
1788465791.25,4969.51,20.02,-0.05,MANIPULATE,destrava,2,2
1788465791.35,4969.61,20.01,-0.04,MANIPULATE,destrava,2,2
1788465791.45,4969.71,20.02,-0.06,MANIPULATE,destrava,2,2
1788465791.55,4969.81,20.02,-0.06,MANIPULATE,destrava,2,2
1788465791.65,4969.91,20.00,-0.05,MANIPULATE,destrava,2,2
1788465791.75,4970.01,20.01,-0.04,MANIPULATE,destrava,2,2
1788465791.85,4970.11,20.01,-0.06,MANIPULATE,destrava,2,2
1788465791.95,4970.21,20.01,-0.03,MANIPULATE,destrava,2,2
1788465792.05,4970.31,20.02,-0.03,MANIPULATE,destrava,2,2
1788465792.15,4970.41,20.02,-0.05,MANIPULATE,destrava,2,2
1788465792.25,4970.51,20.01,-0.07,MANIPULATE,destrava,2,2
1788465792.35,4970.61,20.02,-0.03,MANIPULATE,destrava,2,2
1788465792.45,4970.71,20.01,-0.07,MANIPULATE,destrava,2,2
1788465792.56,4970.81,20.02,-0.05,MANIPULATE,destrava,2,2
1788465792.66,4970.91,20.02,-0.06,MANIPULATE,destrava,2,2
1788465792.76,4971.01,20.05,-0.01,MANIPULATE,destrava,2,2
1788465792.86,4971.11,20.02,-0.05,MANIPULATE,destrava,2,2
1788465792.96,4971.21,20.04,-0.04,MANIPULATE,destrava,2,2
1788465793.06,4971.31,20.01,0.01,MANIPULATE,destrava,2,2
1788465793.16,4971.41,20.06,-0.05,MANIPULATE,destrava,2,2
1788465793.26,4971.51,20.04,-0.01,MANIPULATE,destrava,2,2
1788465793.36,4971.61,20.02,-0.01,MANIPULATE,destrava,2,2
1788465793.46,4971.71,20.03,-0.05,MANIPULATE,destrava,2,2
1788465793.56,4971.81,20.03,-0.05,MANIPULATE,destrava,2,2
1788465793.66,4971.91,20.02,-0.04,MANIPULATE,destrava,2,2
1788465793.76,4972.01,20.03,-0.01,MANIPULATE,destrava,2,2
1788465793.86,4972.11,20.01,-0.01,MANIPULATE,destrava,2,2
1788465793.96,4972.21,20.01,-0.04,MANIPULATE,destrava,2,2
1788465794.07,4972.31,20.01,-0.03,MANIPULATE,destrava,2,2
1788465794.17,4972.41,20.01,-0.01,MANIPULATE,destrava,2,2
1788465794.27,4972.51,20.07,-0.01,MANIPULATE,destrava,2,2
1788465794.37,4972.61,20.04,-0.03,MANIPULATE,destrava,2,2
1788465794.47,4972.71,20.04,-0.02,MANIPULATE,destrava,2,2
1788465794.56,4972.81,20.04,-0.04,MANIPULATE,destrava,2,2
1788465794.67,4972.91,20.01,-0.06,MANIPULATE,destrava,2,2
1788465794.77,4973.01,20.02,-0.06,MANIPULATE,destrava,2,2
1788465794.87,4973.11,20.01,-0.03,MANIPULATE,destrava,2,2
1788465794.97,4973.21,20.02,-0.05,MANIPULATE,destrava,2,2
1788465795.07,4973.31,20.09,-0.04,MANIPULATE,destrava,2,2
1788465795.17,4973.41,20.01,-0.04,MANIPULATE,destrava,2,2
1788465795.27,4973.51,20.03,-0.02,MANIPULATE,destrava,2,2
1788465795.37,4973.61,20.08,-0.06,MANIPULATE,destrava,2,2
1788465795.47,4973.71,20.04,-0.02,MANIPULATE,destrava,2,2
1788465795.57,4973.81,20.07,-0.03,MANIPULATE,destrava,2,2
1788465795.67,4973.91,20.02,-0.01,MANIPULATE,destrava,2,2
1788465795.77,4974.01,20.02,-0.02,MANIPULATE,destrava,2,2
1788465795.87,4974.11,20.10,-0.01,MANIPULATE,destrava,2,2
1788465795.98,4974.21,20.04,-0.02,MANIPULATE,destrava,2,2
1788465796.08,4974.31,20.03,-0.08,MANIPULATE,destrava,2,2
1788465796.18,4974.41,20.02,-0.06,MANIPULATE,destrava,2,2
1788465796.28,4974.51,20.10,0.03,MANIPULATE,destrava,2,2
1788465796.38,4974.61,20.01,0.04,MANIPULATE,destrava,2,2
1788465796.48,4974.71,20.19,-0.03,MANIPULATE,destrava,2,2
1788465796.58,4974.81,20.00,-0.05,MANIPULATE,destrava,2,2
1788465796.68,4974.91,20.04,-0.08,MANIPULATE,destrava,2,2
1788465796.78,4975.01,20.01,-0.05,MANIPULATE,destrava,2,2
1788465796.88,4975.11,20.02,-0.06,MANIPULATE,destrava,2,2
1788465796.98,4975.21,20.10,-0.06,MANIPULATE,destrava,2,2
1788465797.08,4975.31,20.01,-0.01,MANIPULATE,destrava,2,2
1788465797.19,4975.41,20.10,-0.03,MANIPULATE,destrava,2,2
1788465797.29,4975.51,20.03,-0.03,MANIPULATE,destrava,2,2
1788465797.39,4975.61,20.04,-0.06,MANIPULATE,destrava,2,2
1788465797.49,4975.71,20.16,-0.06,MANIPULATE,destrava,2,2
1788465797.59,4975.81,20.06,-0.01,MANIPULATE,destrava,2,2
1788465797.69,4975.91,20.03,-0.05,MANIPULATE,destrava,2,2
1788465797.79,4976.01,20.07,-0.09,MANIPULATE,destrava,2,2
1788465797.88,4976.11,19.96,-0.06,MANIPULATE,destrava,2,2
1788465797.99,4976.21,20.01,-0.06,MANIPULATE,destrava,2,2
1788465798.09,4976.31,20.00,-0.10,MANIPULATE,destrava,2,2
1788465798.19,4976.41,20.01,-0.09,MANIPULATE,destrava,2,2
1788465798.29,4976.51,19.93,-0.09,MANIPULATE,destrava,2,2
1788465798.39,4976.61,19.93,-0.09,MANIPULATE,destrava,2,2
1788465798.49,4976.71,19.81,-0.12,MANIPULATE,destrava,2,2
1788465798.59,4976.81,19.59,-0.12,MANIPULATE,destrava,2,2
1788465798.69,4976.91,19.45,-0.10,MANIPULATE,destrava,2,2
1788465798.79,4977.01,19.20,-0.08,MANIPULATE,destrava,2,2
1788465798.89,4977.11,19.10,-0.11,MANIPULATE,destrava,2,2
1788465798.99,4977.21,18.85,-0.10,MANIPULATE,destrava,2,2
1788465799.09,4977.31,18.68,-0.07,MANIPULATE,destrava,2,2
1788465799.19,4977.41,18.36,-0.13,MANIPULATE,destrava,2,2
1788465799.29,4977.51,17.98,-0.13,MANIPULATE,destrava,2,2
1788465799.39,4977.61,17.76,-0.10,MANIPULATE,destrava,2,2
1788465799.49,4977.71,17.42,-0.07,MANIPULATE,destrava,2,2
1788465799.60,4977.81,17.15,-0.13,MANIPULATE,destrava,2,2
1788465799.69,4977.91,16.87,-0.09,MANIPULATE,destrava,2,2
1788465799.80,4978.01,16.66,-0.06,MANIPULATE,destrava,2,2
1788465799.90,4978.11,16.33,-0.10,MANIPULATE,destrava,2,2
1788465800.00,4978.21,16.15,-0.10,MANIPULATE,destrava,2,2
1788465800.10,4978.31,15.89,-0.09,MANIPULATE,destrava,2,2
1788465800.20,4978.41,15.64,-0.13,MANIPULATE,destrava,2,2
1788465800.30,4978.51,15.37,-0.10,MANIPULATE,destrava,2,2
1788465800.40,4978.61,15.21,-0.13,MANIPULATE,destrava,2,2
1788465800.50,4978.71,15.07,-0.11,MANIPULATE,destrava,2,2
1788465800.60,4978.81,14.80,-0.13,MANIPULATE,destrava,2,2
1788465800.70,4978.91,14.65,-0.10,MANIPULATE,destrava,2,2
1788465800.80,4979.01,14.45,-0.13,MANIPULATE,destrava,2,2
1788465800.90,4979.11,14.29,-0.06,MANIPULATE,destrava,2,2
1788465801.00,4979.21,14.12,-0.10,MANIPULATE,destrava,2,2
1788465801.10,4979.31,13.96,-0.09,MANIPULATE,destrava,2,2
1788465801.20,4979.41,13.79,-0.10,MANIPULATE,destrava,2,2
1788465801.30,4979.51,13.61,-0.12,MANIPULATE,destrava,2,2
1788465801.40,4979.61,13.46,-0.06,MANIPULATE,destrava,2,2
1788465801.50,4979.71,13.39,-0.08,MANIPULATE,destrava,2,2
1788465801.60,4979.81,13.25,-0.06,MANIPULATE,destrava,2,2
1788465801.70,4979.91,13.08,-0.09,MANIPULATE,destrava,2,2
1788465801.80,4980.01,13.00,-0.08,MANIPULATE,destrava,2,2
1788465801.91,4980.11,12.91,-0.10,MANIPULATE,destrava,2,2
1788465802.01,4980.21,12.86,-0.13,MANIPULATE,destrava,2,2
1788465802.11,4980.31,12.96,-0.08,MANIPULATE,destrava,2,2
1788465802.21,4980.41,12.88,-0.08,MANIPULATE,destrava,2,2
1788465802.31,4980.51,12.85,-0.06,MANIPULATE,destrava,2,2
1788465802.41,4980.61,12.74,-0.13,MANIPULATE,destrava,2,2
1788465802.51,4980.71,12.68,-0.05,MANIPULATE,destrava,2,2
1788465802.61,4980.81,12.70,0.01,MANIPULATE,destrava,2,2
1788465802.71,4980.91,12.34,-0.04,MANIPULATE,destrava,2,2
1788465802.82,4981.01,12.00,-0.05,MANIPULATE,destrava,2,2
1788465802.91,4981.11,12.05,-0.09,MANIPULATE,destrava,2,2
1788465803.01,4981.21,11.69,-0.12,MANIPULATE,destrava,2,2
1788465803.11,4981.31,11.65,-0.07,MANIPULATE,destrava,2,2
1788465803.22,4981.41,11.19,-0.16,MANIPULATE,destrava,2,2
1788465803.31,4981.51,11.47,-0.09,MANIPULATE,destrava,2,2
1788465803.42,4981.61,11.06,-0.04,MANIPULATE,destrava,2,2
1788465803.52,4981.71,11.03,-0.03,MANIPULATE,destrava,2,2
1788465803.62,4981.81,11.20,-0.05,MANIPULATE,destrava,2,2
1788465803.72,4981.91,11.27,-0.08,MANIPULATE,destrava,2,2
1788465803.82,4982.01,11.08,-0.02,MANIPULATE,destrava,2,2
1788465803.92,4982.11,11.16,-0.08,MANIPULATE,destrava,2,2
1788465804.02,4982.21,10.90,-0.13,MANIPULATE,destrava,2,2
1788465804.12,4982.31,11.09,-0.07,MANIPULATE,destrava,2,2
1788465804.22,4982.41,10.94,-0.09,MANIPULATE,destrava,2,2
1788465804.32,4982.51,11.22,-0.08,MANIPULATE,destrava,2,2
1788465804.43,4982.61,11.38,-0.14,MANIPULATE,destrava,2,2
1788465804.53,4982.71,11.17,0.01,MANIPULATE,destrava,2,2
1788465804.63,4982.81,11.14,0.02,MANIPULATE,destrava,2,2
1788465804.73,4982.91,11.63,-0.08,MANIPULATE,destrava,2,2
1788465804.83,4983.01,11.24,0.08,MANIPULATE,destrava,2,2
1788465804.93,4983.11,11.25,-0.04,MANIPULATE,destrava,2,2
1788465805.03,4983.21,11.33,0.05,MANIPULATE,destrava,2,2
1788465805.14,4983.31,11.22,-0.16,MANIPULATE,destrava,2,2
1788465805.23,4983.41,11.29,-0.09,MANIPULATE,destrava,2,2
1788465805.33,4983.51,11.24,-0.04,MANIPULATE,destrava,2,2
1788465805.44,4983.61,11.50,0.09,MANIPULATE,destrava,2,2
1788465805.53,4983.71,11.51,-0.11,MANIPULATE,destrava,2,2
1788465805.64,4983.81,11.54,-0.10,MANIPULATE,destrava,2,2
1788465805.74,4983.91,11.31,0.02,MANIPULATE,destrava,2,2
1788465805.84,4984.01,11.43,0.05,MANIPULATE,destrava,2,2
1788465805.94,4984.11,11.68,-0.13,MANIPULATE,destrava,2,2
1788465806.05,4984.21,11.76,-0.09,MANIPULATE,destrava,2,2
1788465806.15,4984.31,11.71,-0.03,MANIPULATE,destrava,2,2
1788465806.24,4984.41,11.59,0.09,MANIPULATE,destrava,2,2
1788465806.35,4984.51,11.83,-0.09,MANIPULATE,destrava,2,2
1788465806.45,4984.61,11.81,-0.12,MANIPULATE,destrava,2,2
1788465806.55,4984.71,11.64,-0.10,MANIPULATE,destrava,2,2
1788465806.65,4984.81,11.73,0.02,MANIPULATE,destrava,2,2
1788465806.75,4984.91,11.71,0.06,MANIPULATE,destrava,2,2
1788465806.85,4985.01,11.68,-0.12,MANIPULATE,destrava,2,2
1788465806.96,4985.11,11.71,0.02,MANIPULATE,destrava,2,2
1788465807.05,4985.21,11.81,0.02,MANIPULATE,destrava,2,3
1788465807.16,4985.31,12.07,-0.03,MANIPULATE,destrava,0,0
1788465807.26,4985.41,12.23,-0.02,ABORT_SAFE,destrava,0,1
1788465807.37,4985.51,12.27,0.07,ABORT_SAFE,destrava,0,0
1788465807.47,4985.61,12.71,-0.03,ABORT_SAFE,destrava,0,0
1788465807.58,4985.71,12.76,-0.15,ABORT_SAFE,destrava,0,0
1788465807.67,4985.81,13.05,0.02,ABORT,destrava,0,0
1788465807.77,4985.91,13.24,0.07,ABORT,destrava,0,0
1788465807.88,4986.01,8.92,0.03,ABORT,destrava,0,0
1788465807.98,4986.11,10.84,-0.04,ABORT,destrava,0,0
1788465808.08,4986.21,11.18,-0.06,ABORT,destrava,0,0
1788465808.19,4986.31,8.82,-0.04,ABORT,destrava,0,0
1788465808.29,4986.41,16.36,0.00,ABORT,destrava,0,0
1788465808.39,4986.51,9.68,0.00,ABORT,destrava,0,0
1788465808.49,4986.61,10.30,0.01,ABORT,destrava,0,0
1788465808.60,4986.71,15.31,-0.02,ABORT,destrava,0,0
1788465808.70,4986.81,12.87,-0.00,ABORT,destrava,0,0
1788465808.80,4986.91,-0.00,0.00,ABORT,destrava,0,0
1788465808.91,4987.02,-0.00,0.00,ABORT,destrava,0,0
1788465809.01,4987.11,0.01,0.00,ABORT,destrava,0,0
1788465809.11,4987.21,-0.00,0.00,ABORT,destrava,0,0
1788465809.21,4987.31,0.01,0.00,ABORT,destrava,0,0
1788465809.31,4987.41,-0.00,0.00,ABORT,destrava,0,0
1788465809.41,4987.51,-0.00,0.00,ABORT,destrava,0,0
1788465809.51,4987.61,0.01,0.00,ABORT,destrava,0,0
1788465809.61,4987.71,-0.00,0.00,ABORT,destrava,0,0
1788465809.71,4987.81,-0.00,0.00,ABORT,destrava,0,0
1788465809.81,4987.91,-0.00,0.00,ABORT,destrava,0,0
1788465809.91,4988.01,-0.01,0.00,ABORT,destrava,0,0
1788465810.01,4988.11,0.00,0.00,ABORT,destrava,0,0
1788465810.11,4988.21,0.01,0.00,ABORT,destrava,0,0
1788465810.21,4988.31,0.00,0.00,ABORT,destrava,0,0
1788465810.31,4988.41,0.01,0.00,ABORT,destrava,0,0
1788465810.42,4988.51,0.00,0.00,ABORT,destrava,0,0
1788465810.52,4988.61,0.00,0.00,ABORT,destrava,0,0
1788465810.62,4988.71,0.00,0.00,ABORT,destrava,0,0
1788465810.72,4988.81,0.00,0.00,ABORT,destrava,0,0
1788465810.83,4988.91,0.01,0.00,ABORT,destrava,0,0
1788465810.92,4989.01,0.00,0.00,ABORT,destrava,0,0
1788465811.03,4989.11,0.00,0.00,ABORT,destrava,0,0
1788465811.13,4989.21,0.00,0.00,ABORT,destrava,0,0
1788465811.24,4989.31,-0.00,0.00,ABORT,saida_eixo,0,0
1788465811.33,4989.41,-0.00,0.00,ABORT,saida_eixo,0,0
1788465811.43,4989.51,0.01,0.00,ABORT,saida_eixo,0,0
1788465811.53,4989.61,0.00,0.00,ABORT,saida_eixo,0,0
1788465811.63,4989.71,0.00,0.00,ABORT,saida_eixo,0,0
1788465811.73,4989.81,0.01,0.00,ABORT,saida_eixo,0,0
1788465811.83,4989.91,0.01,0.00,ABORT,saida_eixo,0,0
1788465811.93,4990.01,0.01,0.00,ABORT,saida_eixo,0,0
1788465812.03,4990.11,0.01,0.00,ABORT,saida_eixo,0,0
1788465812.13,4990.21,0.00,0.00,ABORT,saida_eixo,0,0
1788465812.23,4990.31,0.00,0.00,ABORT,saida_eixo,0,0
1788465812.33,4990.41,0.01,0.00,ABORT,saida_eixo,0,0
1788465812.43,4990.51,0.01,0.00,ABORT,saida_eixo,0,0
1788465812.53,4990.61,-0.00,0.00,ABORT,saida_eixo,0,0
1788465812.64,4990.71,-0.00,0.00,ABORT,saida_eixo,0,0
1788465812.74,4990.81,0.00,0.00,ABORT,saida_eixo,0,0
1788465812.84,4990.91,-0.00,0.00,ABORT,saida_eixo,0,0
1788465812.94,4991.01,-0.00,0.00,ABORT,saida_eixo,0,0
1788465813.04,4991.11,0.01,0.00,ABORT,saida_eixo,0,0
1788465813.14,4991.21,-0.00,0.00,ABORT,saida_eixo,0,0
1788465813.24,4991.31,0.00,0.00,ABORT,saida_eixo,0,0
1788465813.34,4991.41,0.00,0.00,ABORT,saida_eixo,0,0
1788465813.45,4991.51,0.00,0.00,ABORT,saida_eixo,0,0
1788465813.55,4991.61,0.01,0.00,ABORT,saida_eixo,0,0
1788465813.65,4991.71,0.01,0.00,ABORT,saida_eixo,0,0
1788465813.75,4991.81,0.00,0.00,ABORT,saida_eixo,0,0
1788465813.85,4991.91,0.00,0.00,ABORT,saida_eixo,0,0
1788465813.96,4992.01,0.01,0.00,ABORT,saida_eixo,0,0
1788465814.06,4992.11,0.01,0.00,ABORT,saida_eixo,0,0
1788465814.16,4992.21,0.00,0.00,ABORT,saida_eixo,0,0
1788465814.26,4992.31,0.00,0.00,ABORT,saida_eixo,0,0
1788465814.36,4992.41,0.00,0.00,ABORT,saida_eixo,0,0
1788465814.46,4992.51,-0.00,0.00,ABORT,saida_eixo,0,0
1788465814.56,4992.61,0.01,0.00,ABORT,saida_eixo,0,0
1788465814.66,4992.71,0.00,0.00,ABORT,saida_eixo,0,0
1788465814.76,4992.81,0.01,0.00,ABORT,saida_eixo,0,0
1788465814.86,4992.91,0.01,0.00,ABORT,saida_eixo,0,0
1788465814.96,4993.01,-0.00,0.00,ABORT,saida_eixo,0,0
1788465815.07,4993.11,-0.00,0.00,ABORT,saida_eixo,0,0
1788465815.17,4993.21,-0.00,0.00,ABORT,saida_eixo,0,0
1788465815.28,4993.31,0.01,0.00,ABORT,saida_eixo,0,0
1788465815.38,4993.41,0.01,0.00,ABORT,saida_eixo,0,0
1788465815.48,4993.51,0.00,0.00,ABORT,saida_eixo,0,0
1788465815.58,4993.61,-0.00,0.00,ABORT,saida_eixo,0,0
1788465815.69,4993.71,0.00,0.00,ABORT,saida_eixo,0,0
1788465815.79,4993.81,0.01,0.00,ABORT,saida_eixo,0,0
1788465815.89,4993.91,-0.00,0.00,ABORT,saida_eixo,0,0
1788465815.99,4994.01,-0.00,0.00,ABORT,saida_eixo,0,0
1788465816.09,4994.11,0.01,0.00,ABORT,saida_eixo,0,0
1788465816.19,4994.21,-0.00,0.00,ABORT,saida_eixo,0,0
1788465816.29,4994.31,0.01,0.00,ABORT,saida_eixo,0,0
1788465816.39,4994.41,-0.00,0.00,ABORT,saida_eixo,0,0
1788465816.49,4994.51,0.00,0.00,ABORT,saida_eixo,0,0
1788465816.59,4994.61,0.00,0.00,ABORT,saida_eixo,0,0
1788465816.70,4994.71,0.00,0.00,ABORT,saida_eixo,0,0
1788465816.79,4994.81,-0.00,0.00,ABORT,saida_eixo,0,0
1788465816.90,4994.91,0.00,0.00,ABORT,saida_eixo,0,0
1788465817.00,4995.01,0.01,0.00,ABORT,saida_eixo,0,0
1788465817.10,4995.11,0.01,0.00,ABORT,saida_eixo,0,0
1788465817.20,4995.21,0.00,0.00,ABORT,saida_eixo,0,0
1788465817.30,4995.31,0.01,0.00,ABORT,saida_eixo,0,0
1788465817.40,4995.41,-0.00,0.00,ABORT,saida_eixo,0,0
1788465817.50,4995.51,-0.00,0.00,ABORT,saida_eixo,0,0
1788465817.60,4995.61,0.00,0.00,ABORT,saida_eixo,0,0
1788465817.70,4995.71,0.00,0.00,ABORT,saida_eixo,0,0
1788465817.80,4995.81,0.00,0.00,ABORT,saida_eixo,0,0
1788465817.90,4995.91,0.00,0.00,ABORT,saida_eixo,0,0
1788465818.00,4996.01,0.00,0.00,ABORT,saida_eixo,0,0
1788465818.11,4996.11,0.00,0.00,ABORT,saida_eixo,0,0
1788465818.21,4996.21,-0.01,0.00,ABORT,saida_eixo,0,0
1788465818.31,4996.31,-0.00,0.00,ABORT,saida_eixo,0,0
1788465818.41,4996.41,-0.00,0.00,ABORT,saida_eixo,0,0
1788465818.51,4996.51,0.00,0.00,ABORT,saida_eixo,0,0
1788465818.62,4996.61,0.00,0.00,ABORT,saida_eixo,0,0
1788465818.72,4996.71,-0.00,0.00,ABORT,saida_eixo,0,0
1788465818.82,4996.81,0.01,0.00,ABORT,saida_eixo,0,0
1788465818.93,4996.91,-0.00,0.00,ABORT,saida_eixo,0,0
1788465819.03,4997.01,-0.00,0.00,ABORT,saida_eixo,0,0
1788465819.13,4997.11,0.01,0.00,ABORT,saida_eixo,0,0
1788465819.23,4997.21,0.01,0.00,ABORT,saida_eixo,0,0
1788465819.33,4997.31,0.01,0.00,ABORT,saida_eixo,0,0
1788465819.43,4997.41,0.01,0.00,ABORT,saida_eixo,0,0
1788465819.53,4997.51,0.00,0.00,ABORT,saida_eixo,0,0
1788465819.63,4997.61,0.00,0.00,ABORT,saida_eixo,0,0
1788465819.73,4997.71,0.00,0.00,ABORT,saida_eixo,0,0
1788465819.83,4997.81,0.01,0.00,ABORT,saida_eixo,0,0
1788465819.94,4997.91,0.00,0.00,ABORT,saida_eixo,0,0
1788465820.04,4998.01,0.01,0.00,ABORT,saida_eixo,0,0
1788465820.14,4998.11,0.01,0.00,ABORT,saida_eixo,0,0
1788465820.24,4998.21,-0.00,0.00,ABORT,saida_eixo,0,2
1788465820.34,4998.31,0.00,0.00,ABORT,saida_eixo,0,2
1788465820.44,4998.41,0.00,0.00,ABORT,saida_eixo,0,2
1788465820.55,4998.51,0.00,0.00,ABORT,saida_eixo,0,2
1788465820.64,4998.61,-0.00,0.00,ABORT,saida_eixo,0,2
1788465820.74,4998.71,-0.00,0.00,ABORT,saida_eixo,0,2
1788465820.85,4998.81,-0.00,0.00,ABORT,saida_eixo,0,2
1788465820.95,4998.91,0.01,0.00,ABORT,saida_eixo,0,2
1788465821.05,4999.01,0.00,0.00,ABORT,saida_eixo,0,2
1788465821.15,4999.11,0.01,0.00,ABORT,saida_eixo,0,2
1788465821.25,4999.21,0.01,0.00,ABORT,saida_eixo,0,2
1788465821.35,4999.31,-0.00,0.00,ABORT,saida_eixo,0,2
1788465821.45,4999.41,-0.00,0.00,ABORT,saida_eixo,0,2
1788465821.55,4999.51,-0.00,0.00,ABORT,saida_eixo,0,2
1788465821.65,4999.61,-0.00,0.00,ABORT,saida_eixo,0,2
1788465821.75,4999.71,0.00,0.00,ABORT,saida_eixo,0,2
1788465821.85,4999.81,0.01,0.00,ABORT,saida_eixo,0,2
1788465821.95,4999.91,0.01,0.00,ABORT,saida_eixo,0,2
1788465822.05,5000.01,0.00,0.00,ABORT,saida_eixo,0,2
1788465822.15,5000.11,0.00,0.00,ABORT,saida_eixo,0,2
1788465822.25,5000.21,0.00,0.00,ABORT,saida_eixo,0,2
1788465822.35,5000.31,-0.00,0.00,ABORT,saida_eixo,0,2
1788465822.46,5000.41,-0.00,0.00,ABORT,saida_eixo,0,2
1788465822.56,5000.51,0.01,0.00,ABORT,saida_eixo,0,2
1788465822.66,5000.61,0.01,0.00,ABORT,saida_eixo,0,2
1788465822.76,5000.71,0.01,0.00,ABORT,saida_eixo,0,2
1788465822.86,5000.81,-0.00,0.00,ABORT,saida_eixo,0,2
1788465822.96,5000.91,-0.00,0.00,ABORT,saida_eixo,0,2
1788465823.07,5001.01,0.00,0.00,ABORT,saida_eixo,0,2
1788465823.17,5001.11,0.00,0.00,ABORT,saida_eixo,0,2
1788465823.27,5001.21,-0.00,0.00,ABORT,saida_eixo,0,2
1788465823.37,5001.31,0.01,0.00,ABORT,saida_eixo,0,2
1788465823.47,5001.41,0.01,0.00,ABORT,saida_eixo,0,2
1788465823.58,5001.51,0.01,0.00,ABORT,saida_eixo,0,2
1788465823.68,5001.61,-0.01,0.00,ABORT,saida_eixo,0,2
1788465823.78,5001.71,0.00,0.00,ABORT,saida_eixo,0,2
1788465823.89,5001.81,0.01,0.00,ABORT,saida_eixo,0,2
1788465823.99,5001.91,-0.00,0.00,ABORT,saida_eixo,0,2
1788465824.09,5002.01,0.00,0.00,ABORT,saida_eixo,0,2
1788465824.19,5002.11,0.01,0.00,ABORT,saida_eixo,0,2
1788465824.30,5002.21,0.00,0.00,ABORT,saida_eixo,0,1
1788465824.40,5002.31,-0.00,0.00,ABORT,saida_eixo,0,0
1788465824.50,5002.41,0.01,0.00,ABORT,saida_eixo,0,0
1788465824.60,5002.51,0.00,0.00,ABORT,saida_eixo,0,0
1788465824.70,5002.61,0.00,0.00,ABORT,saida_eixo,0,0
1788465824.80,5002.71,0.00,0.00,ABORT,saida_eixo,0,0
1788465824.91,5002.81,-0.01,0.00,ABORT,saida_eixo,0,0
1788465825.01,5002.91,0.00,0.00,ABORT,saida_eixo,0,0
1788465825.11,5003.01,0.01,0.00,ABORT,saida_eixo,0,0
1788465825.22,5003.11,-0.00,0.00,ABORT,saida_eixo,0,0
1788465825.32,5003.21,-0.00,0.00,ABORT,saida_eixo,0,0
1788465825.42,5003.31,0.01,0.00,ABORT,saida_eixo,0,0
1788465825.52,5003.41,-0.00,0.00,ABORT,saida_eixo,0,0
1788465825.62,5003.51,0.00,0.00,ABORT,saida_eixo,0,0
1788465825.72,5003.61,0.00,0.00,ABORT,saida_eixo,0,0
1788465825.82,5003.71,0.01,0.00,ABORT,saida_eixo,0,0
1788465825.93,5003.81,0.00,0.00,ABORT,saida_eixo,0,0
1788465826.02,5003.91,0.01,0.00,ABORT,saida_eixo,0,0
1788465826.12,5004.01,0.00,0.00,ABORT,saida_eixo,0,0
1788465826.22,5004.11,0.00,0.00,ABORT,saida_eixo,0,0
1788465826.33,5004.21,0.01,0.00,ABORT,saida_eixo,0,0
1788465826.43,5004.31,-0.00,0.00,ABORT,saida_eixo,0,0
1788465826.53,5004.41,-0.00,0.00,ABORT,saida_eixo,0,0
1788465826.63,5004.51,0.01,0.00,ABORT,saida_eixo,0,0
1788465826.73,5004.61,0.01,0.00,ABORT,saida_eixo,0,0
1788465826.83,5004.71,0.00,0.00,ABORT,saida_eixo,0,0
1788465826.94,5004.81,0.01,0.00,ABORT,saida_eixo,0,0
1788465827.03,5004.91,-0.00,0.00,ABORT,saida_eixo,0,0
1788465827.14,5005.01,0.01,0.00,ABORT,saida_eixo,0,0
1788465827.24,5005.11,0.00,0.00,ABORT,saida_eixo,0,0
1788465827.34,5005.21,0.00,0.00,ABORT,saida_eixo,0,0
1788465827.44,5005.31,0.01,0.00,ABORT,saida_eixo,0,0
1788465827.54,5005.41,0.01,0.00,ABORT,saida_eixo,0,0
1788465827.64,5005.51,-0.00,0.00,ABORT,saida_eixo,0,0
1788465827.74,5005.61,0.00,0.00,ABORT,saida_eixo,0,0
1788465827.85,5005.71,-0.00,0.00,ABORT,saida_eixo,0,0
1788465827.95,5005.81,0.00,0.00,ABORT,saida_eixo,0,0
1788465828.05,5005.91,-0.01,0.00,ABORT,saida_eixo,0,0
1788465828.16,5006.01,-0.00,0.00,ABORT,saida_eixo,0,0
1788465828.26,5006.11,0.01,0.00,ABORT,saida_eixo,0,0
1788465828.36,5006.21,-0.00,0.00,ABORT,saida_eixo,0,0
1788465828.46,5006.31,0.00,0.00,ABORT,saida_eixo,0,0
1788465828.56,5006.41,-0.00,0.00,ABORT,saida_eixo,0,0
1788465828.66,5006.51,0.00,0.00,ABORT,saida_eixo,0,0
1788465828.76,5006.61,-0.00,0.00,ABORT,saida_eixo,0,0
1788465828.87,5006.71,0.00,0.00,ABORT,saida_eixo,0,0
1788465828.97,5006.81,0.00,0.00,ABORT,saida_eixo,0,0
1788465829.07,5006.91,-0.00,0.00,ABORT,saida_eixo,0,0
1788465829.17,5007.01,0.00,0.00,ABORT,saida_eixo,0,0
1788465829.27,5007.11,0.01,0.00,ABORT,saida_eixo,0,0
1788465829.37,5007.21,-0.00,0.00,ABORT,saida_eixo,0,0
1788465829.48,5007.31,0.01,0.00,ABORT,saida_eixo,0,0
1788465829.58,5007.41,0.01,0.00,ABORT,saida_eixo,0,0
1788465829.68,5007.51,0.00,0.00,ABORT,saida_eixo,0,0
1788465829.78,5007.61,0.01,0.00,ABORT,saida_eixo,0,0
1788465829.88,5007.71,0.00,0.00,ABORT,saida_eixo,0,0
1788465829.98,5007.81,-0.00,0.00,ABORT,saida_eixo,0,0
1788465830.09,5007.91,-0.00,0.00,ABORT,saida_eixo,0,0
1788465830.19,5008.01,-0.00,0.00,ABORT,saida_eixo,0,0
1788465830.29,5008.11,0.00,0.00,ABORT,saida_eixo,0,0
1788465830.39,5008.21,0.01,0.00,ABORT,saida_eixo,0,0
1788465830.49,5008.31,0.00,0.00,ABORT,saida_eixo,0,0
1788465830.60,5008.41,0.00,0.00,ABORT,saida_eixo,0,0
1788465830.69,5008.51,0.01,0.00,ABORT,saida_eixo,0,0
1788465830.80,5008.61,0.00,0.00,ABORT,saida_eixo,0,0
1788465830.90,5008.71,0.00,0.00,ABORT,saida_eixo,0,0
1788465831.00,5008.81,0.00,0.00,ABORT,saida_eixo,0,0
1788465831.10,5008.91,0.00,0.00,ABORT,saida_eixo,0,0
1788465831.20,5009.01,-0.00,0.00,ABORT,saida_eixo,0,0
1788465831.31,5009.11,-0.00,0.00,ABORT,saida_eixo,0,0
1788465831.41,5009.21,0.01,0.00,ABORT,saida_eixo,0,0
1788465831.51,5009.31,-0.00,0.00,ABORT,saida_eixo,0,0
1788465831.61,5009.41,0.00,0.00,ABORT,saida_eixo,0,0
1788465831.72,5009.51,0.01,0.00,ABORT,saida_eixo,0,0
1788465831.82,5009.61,0.01,0.00,ABORT,saida_eixo,0,0
1788465831.92,5009.71,0.00,0.00,ABORT,saida_eixo,0,0
1788465832.02,5009.81,0.00,0.00,ABORT,saida_eixo,0,0
1788465832.13,5009.91,0.01,0.00,ABORT,saida_eixo,0,0
1788465832.23,5010.01,0.00,0.00,ABORT,saida_eixo,0,0
1788465832.33,5010.11,0.00,0.00,ABORT,saida_eixo,0,0
1788465832.43,5010.21,0.00,0.00,ABORT,saida_eixo,0,0
1788465832.53,5010.31,0.00,0.00,ABORT,saida_eixo,0,0
1788465832.64,5010.41,-0.00,0.00,ABORT,saida_eixo,0,0
1788465832.74,5010.51,-0.00,0.00,ABORT,saida_eixo,0,0
1788465832.84,5010.61,0.01,0.00,ABORT,saida_eixo,0,0
1788465832.94,5010.71,0.00,0.00,ABORT,saida_eixo,0,0
1788465833.05,5010.81,0.00,0.00,ABORT,saida_eixo,0,0
1788465833.15,5010.91,0.01,0.00,ABORT,saida_eixo,0,0
1788465833.25,5011.01,0.01,0.00,ABORT,saida_eixo,0,0
1788465833.36,5011.11,0.00,0.00,ABORT,saida_eixo,0,0
1788465833.46,5011.21,-0.00,0.00,ABORT,saida_eixo,0,0
1788465833.56,5011.31,-0.01,0.00,ABORT,saida_eixo,0,0
1788465833.66,5011.41,0.00,0.00,ABORT,saida_eixo,0,0
1788465833.76,5011.51,0.00,0.00,ABORT,saida_eixo,0,0
1788465833.87,5011.61,-0.00,0.00,ABORT,saida_eixo,0,0
1788465833.97,5011.71,0.00,0.00,ABORT,saida_eixo,0,0
1788465834.07,5011.81,0.00,0.00,ABORT,saida_eixo,0,0
1788465834.18,5011.91,0.01,0.00,ABORT,saida_eixo,0,0
1788465834.28,5012.01,-0.00,0.00,ABORT,saida_eixo,0,0
1788465834.38,5012.11,0.00,0.00,ABORT,saida_eixo,0,0
1788465834.48,5012.21,-0.00,0.00,ABORT,saida_eixo,0,0
1788465834.58,5012.31,0.01,0.00,ABORT,saida_eixo,0,0
1788465834.68,5012.41,0.00,0.00,ABORT,saida_eixo,0,0
1788465834.78,5012.51,-0.01,0.00,ABORT,saida_eixo,0,0
1788465834.89,5012.61,0.01,0.00,ABORT,saida_eixo,0,0
1788465834.99,5012.71,0.00,0.00,ABORT,saida_eixo,0,0
1788465835.09,5012.81,0.01,0.00,ABORT,saida_eixo,0,0
1788465835.20,5012.91,0.01,0.00,ABORT,saida_eixo,0,0
1788465835.30,5013.01,0.01,0.00,ABORT,saida_eixo,0,0
1788465835.40,5013.11,-0.00,0.00,ABORT,saida_eixo,0,0
1788465835.50,5013.21,-0.00,0.00,ABORT,saida_eixo,0,0
1788465835.60,5013.31,0.00,0.00,ABORT,saida_eixo,0,0
1788465835.71,5013.41,-0.00,0.00,ABORT,saida_eixo,0,0
1788465835.81,5013.51,0.01,0.00,ABORT,saida_eixo,0,0
1788465835.91,5013.61,-0.00,0.00,ABORT,saida_eixo,0,0
1788465836.01,5013.71,-0.00,0.00,ABORT,saida_eixo,0,0
1788465836.12,5013.81,0.01,0.00,ABORT,saida_eixo,0,0
1788465836.22,5013.91,-0.00,0.00,ABORT,saida_eixo,0,0
1788465836.32,5014.01,0.01,0.00,ABORT,saida_eixo,0,0
1788465836.42,5014.11,0.01,0.00,ABORT,saida_eixo,0,0
1788465836.53,5014.21,0.01,0.00,ABORT,saida_eixo,0,0
1788465836.63,5014.31,0.01,0.00,ABORT,saida_eixo,0,0
1788465836.73,5014.41,-0.00,0.00,ABORT,saida_eixo,0,0
1788465836.83,5014.51,0.00,0.00,ABORT,saida_eixo,0,0
1788465836.94,5014.61,-0.00,0.00,ABORT,saida_eixo,0,0
1788465837.04,5014.71,0.00,0.00,ABORT,saida_eixo,0,0
1788465837.14,5014.81,-0.00,0.00,ABORT,saida_eixo,0,0
1788465837.24,5014.91,-0.00,0.00,ABORT,saida_eixo,0,0
1788465837.35,5015.01,0.01,0.00,ABORT,saida_eixo,0,0
1788465837.45,5015.11,0.00,0.00,ABORT,saida_eixo,0,0
1788465837.55,5015.21,0.00,0.00,ABORT,saida_eixo,0,0
1788465837.65,5015.31,0.00,0.00,ABORT,saida_eixo,0,0
1788465837.76,5015.41,0.00,0.00,ABORT,saida_eixo,0,0
1788465837.86,5015.51,0.01,0.00,ABORT,saida_eixo,0,0
1788465837.96,5015.61,0.01,0.00,ABORT,saida_eixo,0,0
1788465838.06,5015.71,-0.00,0.00,ABORT,saida_eixo,0,0
1788465838.16,5015.81,0.01,0.00,ABORT,saida_eixo,0,0
1788465838.26,5015.91,0.00,0.00,ABORT,saida_eixo,0,0
1788465838.37,5016.01,-0.00,0.00,ABORT,saida_eixo,0,0
1788465838.47,5016.11,0.00,0.00,ABORT,saida_eixo,0,0
1788465838.57,5016.21,0.01,0.00,ABORT,saida_eixo,0,0
1788465838.68,5016.31,-0.00,0.00,ABORT,saida_eixo,0,0
1788465838.78,5016.41,0.00,0.00,ABORT,saida_eixo,0,0
1788465838.88,5016.51,0.01,0.00,ABORT,saida_eixo,0,0
1788465838.99,5016.61,-0.00,0.00,ABORT,saida_eixo,0,0
1788465839.09,5016.71,0.01,0.00,ABORT,saida_eixo,0,0
1788465839.19,5016.81,-0.01,0.00,ABORT,saida_eixo,0,0
1788465839.29,5016.91,-0.00,0.00,ABORT,saida_eixo,0,0
1788465839.40,5017.01,0.00,0.00,ABORT,saida_eixo,0,0
1788465839.50,5017.11,0.00,0.00,ABORT,saida_eixo,0,0
1788465839.61,5017.21,-0.00,0.00,ABORT,saida_eixo,0,0
1788465839.71,5017.31,-0.00,0.00,ABORT,saida_eixo,0,0
1788465839.81,5017.41,0.01,0.00,ABORT,saida_eixo,0,0
1788465839.91,5017.51,0.01,0.00,ABORT,saida_eixo,0,0
1788465840.01,5017.61,-0.00,0.00,ABORT,saida_eixo,0,0
1788465840.11,5017.71,0.00,0.00,ABORT,saida_eixo,0,0
1788465840.21,5017.81,0.00,0.00,ABORT,saida_eixo,0,0
1788465840.32,5017.91,-0.00,0.00,ABORT,saida_eixo,0,0
1788465840.42,5018.01,0.00,0.00,ABORT,saida_eixo,0,0
1788465840.52,5018.11,0.00,0.00,ABORT,saida_eixo,0,0
1788465840.62,5018.21,-0.00,0.00,ABORT,saida_eixo,0,0
1788465840.73,5018.31,-0.00,0.00,ABORT,saida_eixo,0,0
1788465840.83,5018.41,0.01,0.00,ABORT,saida_eixo,0,0
1788465840.94,5018.51,-0.00,0.00,ABORT,saida_eixo,0,0
1788465841.04,5018.61,-0.00,0.00,ABORT,saida_eixo,0,0
1788465841.14,5018.71,0.00,0.00,ABORT,saida_eixo,0,0
1788465841.25,5018.81,-0.00,0.00,ABORT,saida_eixo,0,0
1788465841.35,5018.91,0.01,0.00,ABORT,saida_eixo,0,0
1788465841.46,5019.01,0.01,0.00,ABORT,saida_eixo,0,0
1788465841.56,5019.11,0.00,0.00,ABORT,saida_eixo,0,0
1788465841.67,5019.21,0.00,0.00,ABORT,saida_eixo,0,0
1788465841.77,5019.31,0.00,0.00,ABORT,saida_eixo,0,0
1788465841.87,5019.41,-0.00,0.00,ABORT,saida_eixo,0,0
1788465841.98,5019.51,0.00,0.00,ABORT,saida_eixo,0,0
1788465842.08,5019.61,0.00,0.00,ABORT,saida_eixo,0,0
1788465842.18,5019.71,0.01,0.00,ABORT,saida_eixo,0,0
1788465842.28,5019.81,0.00,0.00,ABORT,saida_eixo,0,0
1788465842.38,5019.91,0.00,0.00,ABORT,saida_eixo,0,0
1788465842.49,5020.01,0.00,0.00,ABORT,saida_eixo,0,0
1788465842.59,5020.11,0.01,0.00,ABORT,saida_eixo,0,0
1788465842.70,5020.21,0.01,0.00,ABORT,saida_eixo,0,0
1788465842.80,5020.31,-0.00,0.00,ABORT,saida_eixo,0,0
1788465842.90,5020.41,0.00,0.00,ABORT,saida_eixo,0,0
1788465843.01,5020.51,0.01,0.00,ABORT,saida_eixo,0,0
1788465843.11,5020.61,0.00,0.00,ABORT,saida_eixo,0,0
1788465843.21,5020.71,0.00,0.00,ABORT,saida_eixo,0,0
1788465843.32,5020.81,0.00,0.00,ABORT,saida_eixo,0,0
1788465843.41,5020.91,0.01,0.00,ABORT,saida_eixo,0,0
1788465843.52,5021.01,-0.00,0.00,ABORT,saida_eixo,0,0
1788465843.62,5021.11,0.01,0.00,ABORT,saida_eixo,0,0
1788465843.73,5021.21,-0.00,0.00,ABORT,saida_eixo,0,0
1788465843.83,5021.31,0.01,0.00,ABORT,saida_eixo,0,0
1788465843.94,5021.41,0.01,0.00,ABORT,saida_eixo,0,0
1788465844.04,5021.51,-0.00,0.00,ABORT,saida_eixo,0,0
1788465844.14,5021.61,-0.00,0.00,ABORT,saida_eixo,0,0
1788465844.25,5021.71,0.00,0.00,ABORT,saida_eixo,0,0
1788465844.35,5021.81,0.01,0.00,ABORT,saida_eixo,0,0
1788465844.46,5021.91,-0.00,0.00,ABORT,saida_eixo,0,0
1788465844.56,5022.01,0.00,0.00,ABORT,saida_eixo,0,0
1788465844.66,5022.11,0.00,0.00,ABORT,saida_eixo,0,0
1788465844.77,5022.21,-0.01,0.00,ABORT,saida_eixo,0,0
1788465844.87,5022.31,-0.00,0.00,ABORT,saida_eixo,0,0
1788465844.98,5022.41,-0.00,0.00,ABORT,saida_eixo,0,0
1788465845.08,5022.51,0.00,0.00,ABORT,saida_eixo,0,0
1788465845.18,5022.61,0.00,0.00,ABORT,saida_eixo,0,0
1788465845.29,5022.71,0.00,0.00,ABORT,saida_eixo,0,0
1788465845.39,5022.81,0.01,0.00,ABORT,saida_eixo,0,0
1788465845.49,5022.91,-0.00,0.00,ABORT,saida_eixo,0,0
1788465845.59,5023.01,0.00,0.00,ABORT,saida_eixo,0,0
1788465845.69,5023.11,0.01,0.00,ABORT,saida_eixo,0,0
1788465845.80,5023.21,0.01,0.00,ABORT,saida_eixo,0,0
1788465845.90,5023.31,0.01,0.00,ABORT,saida_eixo,0,0
1788465846.00,5023.41,0.00,0.00,ABORT,saida_eixo,0,0
1788465846.11,5023.51,-0.00,0.00,ABORT,saida_eixo,0,0
1788465846.21,5023.61,0.01,0.00,ABORT,saida_eixo,0,0
1788465846.31,5023.71,-0.00,0.00,ABORT,saida_eixo,0,0
1788465846.42,5023.81,-0.00,0.00,ABORT,saida_eixo,0,0
1788465846.52,5023.91,0.00,0.00,ABORT,saida_eixo,0,0
1788465846.62,5024.01,0.01,0.00,ABORT,saida_eixo,0,0
1788465846.73,5024.11,-0.00,0.00,ABORT,saida_eixo,0,0
1788465846.83,5024.21,-0.00,0.00,ABORT,saida_eixo,0,0
1788465846.93,5024.31,0.00,0.00,ABORT,saida_eixo,0,0
1788465847.03,5024.41,0.01,0.00,ABORT,saida_eixo,0,0
1788465847.14,5024.51,0.01,0.00,ABORT,saida_eixo,0,0
1788465847.24,5024.61,0.01,0.00,ABORT,saida_eixo,0,0
1788465847.35,5024.71,0.00,0.00,ABORT,saida_eixo,0,0
1788465847.45,5024.81,0.00,0.00,ABORT,saida_eixo,0,0
1788465847.56,5024.91,-0.00,0.00,ABORT,saida_eixo,0,0
1788465847.66,5025.01,0.00,0.00,ABORT,saida_eixo,0,0
1788465847.76,5025.11,0.00,0.00,ABORT,saida_eixo,0,0
1788465847.86,5025.21,-0.00,0.00,ABORT,saida_eixo,0,0
1788465847.97,5025.31,0.01,0.00,ABORT,saida_eixo,0,0
1788465848.07,5025.41,0.00,0.00,ABORT,saida_eixo,0,0
1788465848.18,5025.51,0.00,0.00,ABORT,saida_eixo,0,0
1788465848.28,5025.61,0.01,0.00,ABORT,saida_eixo,0,0
1788465848.38,5025.71,0.00,0.00,ABORT,saida_eixo,0,0
1788465848.49,5025.81,0.00,0.00,ABORT,saida_eixo,0,0
1788465848.59,5025.91,0.00,0.00,ABORT,saida_eixo,0,0
1788465848.69,5026.01,0.01,0.00,ABORT,saida_eixo,0,0
1788465848.79,5026.11,0.00,0.00,ABORT,saida_eixo,0,0
1788465848.89,5026.21,0.00,0.00,ABORT,saida_eixo,0,0
1788465849.00,5026.31,0.01,0.00,ABORT,saida_eixo,0,0
1788465849.10,5026.41,-0.00,0.00,ABORT,saida_eixo,0,0
1788465849.20,5026.51,-0.00,0.00,ABORT,saida_eixo,0,0
1788465849.31,5026.61,-0.00,0.00,ABORT,saida_eixo,0,0
1788465849.41,5026.71,-0.00,0.00,ABORT,saida_eixo,0,0
1788465849.51,5026.81,-0.00,0.00,ABORT,saida_eixo,0,0
1788465849.61,5026.91,0.01,0.00,ABORT,saida_eixo,0,0
1788465849.72,5027.01,0.01,0.00,ABORT,saida_eixo,0,0
1788465849.82,5027.11,0.00,0.00,ABORT,saida_eixo,0,0
1788465849.92,5027.21,0.00,0.00,ABORT,saida_eixo,0,0
1788465850.03,5027.31,0.01,0.00,ABORT,saida_eixo,0,0
1788465850.13,5027.41,0.01,0.00,ABORT,saida_eixo,0,0
1788465850.24,5027.51,0.01,0.00,ABORT,saida_eixo,0,0
1788465850.34,5027.61,0.00,0.00,ABORT,saida_eixo,0,0
1788465850.44,5027.71,-0.00,0.00,ABORT,saida_eixo,0,0
1788465850.54,5027.81,-0.01,0.00,ABORT,saida_eixo,0,0
1788465850.64,5027.91,-0.00,0.00,ABORT,saida_eixo,0,0
1788465850.74,5028.01,0.01,0.00,ABORT,saida_eixo,0,0
1788465850.84,5028.11,0.00,0.00,ABORT,saida_eixo,0,0
1788465850.95,5028.21,-0.00,0.00,ABORT,saida_eixo,0,0
1788465851.05,5028.31,-0.00,0.00,ABORT,saida_eixo,0,0
1788465851.15,5028.41,0.00,0.00,ABORT,saida_eixo,0,0
1788465851.25,5028.51,-0.00,0.00,ABORT,saida_eixo,0,0
1788465851.35,5028.61,0.01,0.00,ABORT,saida_eixo,0,0
1788465851.45,5028.71,0.01,0.00,ABORT,saida_eixo,0,0
1788465851.55,5028.81,0.00,0.00,ABORT,saida_eixo,0,0
1788465851.66,5028.91,0.00,0.00,ABORT,saida_eixo,0,0
1788465851.76,5029.01,0.00,0.00,ABORT,saida_eixo,0,0
1788465851.86,5029.11,-0.00,0.00,ABORT,saida_eixo,0,0
1788465851.97,5029.21,0.00,0.00,ABORT,saida_eixo,0,0
1788465852.07,5029.31,-0.00,0.00,ABORT,saida_eixo,0,0
1788465852.17,5029.41,0.00,0.00,ABORT,saida_eixo,0,0
1788465852.28,5029.51,0.00,0.00,ABORT,saida_eixo,0,0
1788465852.38,5029.61,0.00,0.00,ABORT,saida_eixo,0,0
1788465852.49,5029.71,0.01,0.00,ABORT,saida_eixo,0,0
1788465852.59,5029.81,0.00,0.00,ABORT,saida_eixo,0,0
1788465852.69,5029.91,0.00,0.00,ABORT,saida_eixo,0,0
1788465852.80,5030.01,0.01,0.00,ABORT,saida_eixo,0,1
1788465852.90,5030.11,0.00,0.00,ABORT,saida_eixo,0,2
1788465853.01,5030.21,0.00,0.00,ABORT,saida_eixo,0,2
1788465853.11,5030.31,0.01,0.00,ABORT,saida_eixo,0,2
1788465853.21,5030.41,0.00,0.00,ABORT,saida_eixo,0,2
1788465853.31,5030.51,0.00,0.00,ABORT,saida_eixo,0,2
1788465853.41,5030.61,0.01,0.00,ABORT,saida_eixo,0,2
1788465853.51,5030.71,0.00,0.00,ABORT,saida_eixo,0,2
1788465853.61,5030.81,0.01,0.00,ABORT,saida_eixo,0,2
1788465853.71,5030.91,0.00,0.00,ABORT,saida_eixo,0,2
1788465853.82,5031.01,0.00,0.00,ABORT,saida_eixo,0,2
1788465853.92,5031.11,-0.00,0.00,ABORT,saida_eixo,0,2
1788465854.02,5031.21,0.00,0.00,ABORT,saida_eixo,0,2
1788465854.12,5031.31,0.00,0.00,ABORT,saida_eixo,0,2
1788465854.23,5031.41,0.01,0.00,ABORT,saida_eixo,0,2
1788465854.33,5031.51,0.00,0.00,ABORT,saida_eixo,0,2
1788465854.44,5031.61,0.00,0.00,ABORT,saida_eixo,0,2
1788465854.54,5031.71,0.00,0.00,ABORT,saida_eixo,0,2
1788465854.64,5031.81,0.00,0.00,ABORT,saida_eixo,0,2
1788465854.74,5031.91,0.01,0.00,ABORT,saida_eixo,0,2
1788465854.85,5032.01,0.01,0.00,ABORT,saida_eixo,0,2
1788465854.95,5032.11,0.01,0.00,ABORT,saida_eixo,0,2
1788465855.06,5032.21,-0.00,0.00,ABORT,saida_eixo,0,2
1788465855.16,5032.31,-0.01,0.00,ABORT,saida_eixo,0,2
1788465855.26,5032.41,-0.00,0.00,ABORT,saida_eixo,0,2
1788465855.37,5032.51,-0.00,0.00,ABORT,saida_eixo,0,2
1788465855.47,5032.61,-0.00,0.00,ABORT,saida_eixo,0,2
1788465855.58,5032.71,0.01,0.00,ABORT,saida_eixo,0,2
1788465855.68,5032.81,0.01,0.00,ABORT,saida_eixo,0,2
1788465855.79,5032.91,-0.00,0.00,ABORT,saida_eixo,0,2
1788465855.89,5033.01,-0.00,0.00,ABORT,saida_eixo,0,2
1788465855.99,5033.11,0.00,0.00,ABORT,saida_eixo,0,2
1788465856.09,5033.21,0.00,0.00,ABORT,saida_eixo,0,2
1788465856.20,5033.31,0.01,0.00,ABORT,saida_eixo,0,2
1788465856.30,5033.41,0.01,0.00,ABORT,saida_eixo,0,2
1788465856.41,5033.51,0.00,0.00,ABORT,saida_eixo,0,2
1788465856.51,5033.61,0.00,0.00,ABORT,saida_eixo,0,2
1788465856.62,5033.71,0.00,0.00,ABORT,saida_eixo,0,2
1788465856.72,5033.81,0.01,0.00,ABORT,saida_eixo,0,2
1788465856.82,5033.91,0.00,0.00,ABORT,saida_eixo,0,2
1788465856.93,5034.01,0.00,0.00,ABORT,saida_eixo,0,2
1788465857.03,5034.11,0.00,0.00,ABORT,saida_eixo,0,2
1788465857.13,5034.21,-0.00,0.00,ABORT,saida_eixo,0,2
1788465857.23,5034.31,0.00,0.00,ABORT,saida_eixo,0,2
1788465857.33,5034.41,-0.00,0.00,ABORT,saida_eixo,0,2
1788465857.43,5034.51,0.01,0.00,ABORT,saida_eixo,0,2
1788465857.53,5034.61,-0.01,0.00,ABORT,saida_eixo,0,2
1788465857.64,5034.71,0.01,0.00,ABORT,saida_eixo,0,2
1788465857.74,5034.81,0.01,0.00,ABORT,saida_eixo,0,2
1788465857.84,5034.91,0.00,0.00,ABORT,saida_eixo,0,2
1788465857.95,5035.01,0.01,0.00,ABORT,saida_eixo,0,2
1788465858.05,5035.11,0.01,0.00,ABORT,saida_eixo,0,2
1788465858.16,5035.21,0.00,0.00,ABORT,saida_eixo,0,2
1788465858.26,5035.31,0.01,0.00,ABORT,saida_eixo,0,2
1788465858.36,5035.41,0.00,0.00,ABORT,saida_eixo,0,2
1788465858.47,5035.51,0.00,0.00,ABORT,saida_eixo,0,2
1788465858.57,5035.61,-0.00,0.00,ABORT,saida_eixo,0,2
1788465858.67,5035.71,0.00,0.00,ABORT,saida_eixo,0,2
1788465858.78,5035.81,-0.00,0.00,ABORT,saida_eixo,0,2
1788465858.88,5035.91,0.01,0.00,ABORT,saida_eixo,0,2
1788465858.98,5036.01,0.01,0.00,ABORT,saida_eixo,0,2
1788465859.09,5036.11,0.00,0.00,ABORT,saida_eixo,0,2
1788465859.19,5036.21,0.00,0.00,ABORT,saida_eixo,0,2
1788465859.29,5036.31,-0.00,0.00,ABORT,saida_eixo,0,2
1788465859.40,5036.41,-0.00,0.00,ABORT,saida_eixo,0,2
1788465859.50,5036.51,0.01,0.00,ABORT,saida_eixo,0,2
1788465859.60,5036.61,0.00,0.00,ABORT,saida_eixo,0,2
1788465859.71,5036.71,0.00,0.00,ABORT,saida_eixo,0,2
1788465859.81,5036.81,0.01,0.00,ABORT,saida_eixo,0,2
1788465859.91,5036.91,0.00,0.00,ABORT,saida_eixo,0,2
1788465860.01,5037.01,-0.00,0.00,ABORT,saida_eixo,0,2
1788465860.11,5037.11,0.01,0.00,ABORT,saida_eixo,0,2
1788465860.22,5037.21,0.01,0.00,ABORT,saida_eixo,0,2
1788465860.32,5037.31,-0.00,0.00,ABORT,saida_eixo,0,2
1788465860.43,5037.41,0.00,0.00,ABORT,saida_eixo,0,2
1788465860.53,5037.51,0.01,0.00,ABORT,saida_eixo,0,2
1788465860.63,5037.61,-0.00,0.00,ABORT,saida_eixo,0,2
1788465860.74,5037.71,0.00,0.00,ABORT,saida_eixo,0,2
1788465860.85,5037.81,-0.00,0.00,ABORT,saida_eixo,0,2
1788465860.95,5037.91,-0.00,0.00,ABORT,saida_eixo,0,2
1788465861.06,5038.01,0.00,0.00,ABORT,saida_eixo,0,2
1788465861.16,5038.11,0.01,0.00,ABORT,saida_eixo,0,2
1788465861.27,5038.21,-0.00,0.00,ABORT,saida_eixo,0,2
1788465861.37,5038.31,-0.00,0.00,ABORT,saida_eixo,0,2
1788465861.47,5038.41,0.00,0.00,ABORT,saida_eixo,0,2
1788465861.58,5038.51,0.01,0.00,ABORT,saida_eixo,0,2
1788465861.68,5038.61,-0.01,0.00,ABORT,saida_eixo,0,2
1788465861.78,5038.71,0.00,0.00,ABORT,saida_eixo,0,2
1788465861.88,5038.81,0.01,0.00,ABORT,saida_eixo,0,2
1788465861.99,5038.91,0.00,0.00,ABORT,saida_eixo,0,2
1788465862.09,5039.01,0.01,0.00,ABORT,saida_eixo,0,2
1788465862.20,5039.11,0.01,0.00,ABORT,saida_eixo,0,2
1788465862.30,5039.21,-0.00,0.00,ABORT,saida_eixo,0,2
1788465862.40,5039.31,0.00,0.00,ABORT,saida_eixo,0,2
1788465862.51,5039.41,0.01,0.00,ABORT,saida_eixo,0,2
1788465862.61,5039.51,0.00,0.00,ABORT,saida_eixo,0,2
1788465862.72,5039.61,0.00,0.00,ABORT,saida_eixo,0,2
1788465862.82,5039.71,0.00,0.00,ABORT,saida_eixo,0,2
1788465862.92,5039.81,-0.00,0.00,ABORT,saida_eixo,0,2
1788465863.02,5039.91,0.01,0.00,ABORT,saida_eixo,0,2
1788465863.13,5040.01,0.01,0.00,ABORT,saida_eixo,0,2
1788465863.23,5040.11,-0.00,0.00,ABORT,saida_eixo,0,2
1788465863.33,5040.21,0.00,0.00,ABORT,saida_eixo,0,2
1788465863.44,5040.31,0.01,0.00,ABORT,saida_eixo,0,2
1788465863.54,5040.41,-0.00,0.00,ABORT,saida_eixo,0,2
1788465863.65,5040.51,0.00,0.00,ABORT,saida_eixo,0,2
1788465863.75,5040.61,0.01,0.00,ABORT,saida_eixo,0,2
1788465863.85,5040.71,0.00,0.00,ABORT,saida_eixo,0,2
1788465863.96,5040.81,0.00,0.00,ABORT,saida_eixo,0,2
1788465864.06,5040.91,0.01,0.00,ABORT,saida_eixo,0,2
1788465864.16,5041.01,0.00,0.00,ABORT,saida_eixo,0,2
1788465864.26,5041.11,0.01,0.00,ABORT,saida_eixo,0,2
1788465864.36,5041.21,0.01,0.00,ABORT,saida_eixo,0,2
1788465864.46,5041.31,-0.00,0.00,ABORT,saida_eixo,0,2
1788465864.56,5041.41,-0.00,0.00,ABORT,saida_eixo,0,2
1788465864.66,5041.51,0.01,0.00,ABORT,saida_eixo,0,2
1788465864.76,5041.61,0.01,0.00,ABORT,saida_eixo,0,2
1788465864.86,5041.71,0.00,0.00,ABORT,saida_eixo,0,2
1788465864.96,5041.81,0.01,0.00,ABORT,saida_eixo,0,2
1788465865.06,5041.91,0.00,0.00,ABORT,saida_eixo,0,2
1788465865.16,5042.01,0.01,0.00,ABORT,saida_eixo,0,2
1788465865.26,5042.11,0.00,0.00,ABORT,saida_eixo,0,2
1788465865.36,5042.21,-0.00,0.00,ABORT,saida_eixo,0,2
1788465865.46,5042.31,-0.00,0.00,ABORT,saida_eixo,0,2
1788465865.56,5042.41,0.01,0.00,ABORT,saida_eixo,0,2
1788465865.66,5042.51,0.00,0.00,ABORT,saida_eixo,0,2
1788465865.76,5042.61,0.00,0.00,ABORT,saida_eixo,0,2
1788465865.86,5042.71,-0.00,0.00,ABORT,saida_eixo,0,2
1788465865.96,5042.81,0.00,0.00,ABORT,saida_eixo,0,2
1788465866.06,5042.91,-0.01,0.00,ABORT,saida_eixo,0,2
1788465866.16,5043.01,-0.00,0.00,ABORT,saida_eixo,0,2
1788465866.26,5043.11,0.01,0.00,ABORT,saida_eixo,0,2
1788465866.36,5043.21,0.00,0.00,ABORT,saida_eixo,0,2
1788465866.46,5043.31,0.01,0.00,ABORT,saida_eixo,0,2
1788465866.56,5043.41,0.00,0.00,ABORT,saida_eixo,0,2
1788465866.66,5043.51,0.00,0.00,ABORT,saida_eixo,0,2
1788465866.76,5043.61,-0.00,0.00,ABORT,saida_eixo,0,2
1788465866.86,5043.71,0.00,0.00,ABORT,saida_eixo,0,2
1788465866.96,5043.81,-0.00,0.00,ABORT,saida_eixo,0,2
1788465867.06,5043.91,-0.00,0.00,ABORT,saida_eixo,0,2
1788465867.16,5044.01,0.00,0.00,ABORT,saida_eixo,0,2
1788465867.26,5044.11,0.01,0.00,ABORT,saida_eixo,0,2
1788465867.36,5044.21,-0.00,0.00,ABORT,saida_eixo,0,2
1788465867.46,5044.31,0.01,0.00,ABORT,saida_eixo,0,2
1788465867.56,5044.41,0.01,0.00,ABORT,saida_eixo,0,2
1788465867.66,5044.51,-0.00,0.00,ABORT,saida_eixo,0,2
1788465867.76,5044.61,0.01,0.00,ABORT,saida_eixo,0,2
1788465867.86,5044.71,0.01,0.00,ABORT,saida_eixo,0,2
1788465867.96,5044.81,-0.00,0.00,ABORT,saida_eixo,0,2
1788465868.06,5044.91,0.00,0.00,ABORT,saida_eixo,0,2
1788465868.16,5045.01,-0.00,0.00,ABORT,saida_eixo,0,2
1788465868.26,5045.11,0.00,0.00,ABORT,saida_eixo,0,2
1788465868.36,5045.21,0.00,0.00,ABORT,saida_eixo,0,2
1788465868.46,5045.31,-0.00,0.00,ABORT,saida_eixo,0,2
1788465868.56,5045.41,-0.00,0.00,ABORT,saida_eixo,0,2
1788465868.66,5045.51,0.01,0.00,ABORT,saida_eixo,0,2
1788465868.76,5045.61,0.01,0.00,ABORT,saida_eixo,0,2
1788465868.86,5045.71,0.00,0.00,ABORT,saida_eixo,0,2
1788465868.96,5045.81,0.00,0.00,ABORT,saida_eixo,0,2
1788465869.06,5045.91,0.00,0.00,ABORT,saida_eixo,0,2
1788465869.16,5046.01,-0.00,0.00,ABORT,saida_eixo,0,2
1788465869.26,5046.11,-0.00,0.00,ABORT,saida_eixo,0,2
1788465869.36,5046.21,0.01,0.00,ABORT,saida_eixo,0,2
1788465869.46,5046.31,0.00,0.00,ABORT,saida_eixo,0,2
1788465869.56,5046.41,0.00,0.00,ABORT,saida_eixo,0,2
1788465869.66,5046.51,0.01,0.00,ABORT,saida_eixo,0,2
1788465869.76,5046.61,0.01,0.00,ABORT,saida_eixo,0,2
1788465869.86,5046.71,0.00,0.00,ABORT,saida_eixo,0,2
1788465869.97,5046.81,0.00,0.00,ABORT,saida_eixo,0,2
1788465870.07,5046.91,0.00,0.00,ABORT,saida_eixo,0,2
1788465870.17,5047.01,0.00,0.00,ABORT,saida_eixo,0,2
1788465870.27,5047.11,0.00,0.00,ABORT,saida_eixo,0,2
1788465870.37,5047.21,0.01,0.00,ABORT,saida_eixo,0,2
1788465870.47,5047.31,0.01,0.00,ABORT,saida_eixo,0,2
1788465870.57,5047.41,-0.00,0.00,ABORT,saida_eixo,0,2
1788465870.67,5047.51,-0.00,0.00,ABORT,saida_eixo,0,2
1788465870.77,5047.61,0.01,0.00,ABORT,saida_eixo,0,2
1788465870.87,5047.71,0.00,0.00,ABORT,saida_eixo,0,2
1788465870.97,5047.81,0.00,0.00,ABORT,saida_eixo,0,2
1788465871.07,5047.91,0.01,0.00,ABORT,saida_eixo,0,2
1788465871.17,5048.01,0.01,0.00,ABORT,saida_eixo,0,2
1788465871.27,5048.11,0.00,0.00,ABORT,saida_eixo,0,2
1788465871.37,5048.21,-0.00,0.00,ABORT,saida_eixo,0,2
1788465871.47,5048.31,-0.01,0.00,ABORT,saida_eixo,0,2
1788465871.57,5048.41,-0.00,0.00,ABORT,saida_eixo,0,2
1788465871.67,5048.51,-0.00,0.00,ABORT,saida_eixo,0,2
1788465871.77,5048.61,0.00,0.00,ABORT,saida_eixo,0,2
1788465871.87,5048.71,0.00,0.00,ABORT,saida_eixo,0,2
1788465871.97,5048.81,0.00,0.00,ABORT,saida_eixo,0,2
1788465872.07,5048.91,0.01,0.00,ABORT,saida_eixo,0,2
1788465872.17,5049.01,-0.00,0.00,ABORT,saida_eixo,0,2
1788465872.27,5049.11,-0.00,0.00,ABORT,saida_eixo,0,2
1788465872.37,5049.21,-0.00,0.00,ABORT,saida_eixo,0,2
1788465872.47,5049.31,0.00,0.00,ABORT,saida_eixo,0,2
1788465872.57,5049.41,0.00,0.00,ABORT,saida_eixo,0,2
1788465872.67,5049.51,-0.00,0.00,ABORT,saida_eixo,0,2
1788465872.77,5049.61,0.01,0.00,ABORT,saida_eixo,0,2
1788465872.87,5049.71,0.00,0.00,ABORT,saida_eixo,0,2
1788465872.97,5049.81,0.01,0.00,ABORT,saida_eixo,0,2
1788465873.07,5049.91,0.01,0.00,ABORT,saida_eixo,0,2
1788465873.17,5050.01,0.01,0.00,ABORT,saida_eixo,0,2
1788465873.27,5050.11,0.00,0.00,ABORT,saida_eixo,0,2
1788465873.37,5050.21,-0.00,0.00,ABORT,saida_eixo,0,2
1788465873.47,5050.31,0.00,0.00,ABORT,saida_eixo,0,2
1788465873.57,5050.41,-0.00,0.00,ABORT,saida_eixo,0,2
1788465873.67,5050.51,0.01,0.00,ABORT,saida_eixo,0,2
1788465873.77,5050.61,-0.01,0.00,ABORT,saida_eixo,0,2
1788465873.87,5050.71,-0.00,0.00,ABORT,saida_eixo,0,2
1788465873.97,5050.81,0.01,0.00,ABORT,saida_eixo,0,2
1788465874.07,5050.91,0.00,0.00,ABORT,saida_eixo,0,2
1788465874.17,5051.01,0.01,0.00,ABORT,saida_eixo,0,2
1788465874.27,5051.11,0.01,0.00,ABORT,saida_eixo,0,2
1788465874.37,5051.21,0.01,0.00,ABORT,saida_eixo,0,2
1788465874.47,5051.31,0.01,0.00,ABORT,saida_eixo,0,2
1788465874.57,5051.41,-0.00,0.00,ABORT,saida_eixo,0,2
1788465874.67,5051.51,0.00,0.00,ABORT,saida_eixo,0,2
1788465874.77,5051.61,-0.00,0.00,ABORT,saida_eixo,0,2
1788465874.87,5051.71,0.00,0.00,ABORT,saida_eixo,0,2
1788465874.97,5051.81,0.00,0.00,ABORT,saida_eixo,0,2
1788465875.07,5051.91,0.00,0.00,ABORT,saida_eixo,0,2
1788465875.17,5052.01,0.01,0.00,ABORT,saida_eixo,0,2
1788465875.27,5052.11,0.00,0.00,ABORT,saida_eixo,0,2
1788465875.37,5052.21,0.00,0.00,ABORT,saida_eixo,0,2
1788465875.47,5052.31,0.00,0.00,ABORT,saida_eixo,0,2
1788465875.57,5052.41,0.00,0.00,ABORT,saida_eixo,0,2
1788465875.67,5052.51,0.01,0.00,ABORT,saida_eixo,0,2
1788465875.77,5052.61,0.01,0.00,ABORT,saida_eixo,0,2
1788465875.87,5052.71,0.00,0.00,ABORT,saida_eixo,0,2
1788465875.97,5052.81,0.01,0.00,ABORT,saida_eixo,0,2
1788465876.07,5052.91,-0.00,0.00,ABORT,saida_eixo,0,2
1788465876.17,5053.01,-0.00,0.00,ABORT,saida_eixo,0,2
1788465876.27,5053.11,0.00,0.00,ABORT,saida_eixo,0,2
1788465876.37,5053.21,0.01,0.00,ABORT,saida_eixo,0,2
1788465876.47,5053.31,-0.00,0.00,ABORT,saida_eixo,0,2
1788465876.57,5053.41,0.00,0.00,ABORT,saida_eixo,0,2
1788465876.67,5053.51,0.01,0.00,ABORT,saida_eixo,0,2
1788465876.77,5053.61,-0.00,0.00,ABORT,saida_eixo,0,2
1788465876.87,5053.71,0.01,0.00,ABORT,saida_eixo,0,2
1788465876.97,5053.81,-0.01,0.00,ABORT,saida_eixo,0,2
1788465877.07,5053.91,-0.00,0.00,ABORT,saida_eixo,0,2
1788465877.17,5054.01,0.00,0.00,ABORT,saida_eixo,0,2
1788465877.27,5054.11,0.01,0.00,ABORT,saida_eixo,0,2
1788465877.37,5054.21,0.00,0.00,ABORT,saida_eixo,0,2
1788465877.47,5054.31,0.00,0.00,ABORT,saida_eixo,0,2
1788465877.57,5054.41,0.01,0.00,ABORT,saida_eixo,0,2
1788465877.67,5054.51,0.01,0.00,ABORT,saida_eixo,0,2
1788465877.77,5054.61,-0.00,0.00,ABORT,saida_eixo,0,2
1788465877.87,5054.71,0.00,0.00,ABORT,saida_eixo,0,2
1788465877.97,5054.81,0.00,0.00,ABORT,saida_eixo,0,2
1788465878.07,5054.91,-0.00,0.00,ABORT,saida_eixo,0,2
1788465878.17,5055.01,0.00,0.00,ABORT,saida_eixo,0,2
1788465878.27,5055.11,0.00,0.00,ABORT,saida_eixo,0,2
1788465878.37,5055.21,-0.00,0.00,ABORT,saida_eixo,0,2
1788465878.47,5055.31,-0.00,0.00,ABORT,saida_eixo,0,2
1788465878.57,5055.41,0.01,0.00,ABORT,saida_eixo,0,2
1788465878.68,5055.51,0.01,0.00,ABORT,saida_eixo,0,2
1788465878.77,5055.61,-0.00,0.00,ABORT,saida_eixo,0,2
1788465878.87,5055.71,0.00,0.00,ABORT,saida_eixo,0,2
1788465878.97,5055.81,0.00,0.00,ABORT,saida_eixo,0,2
1788465879.07,5055.91,0.01,0.00,ABORT,saida_eixo,0,2
1788465879.17,5056.01,0.01,0.00,ABORT,saida_eixo,0,2
1788465879.27,5056.11,0.00,0.00,ABORT,saida_eixo,0,2
1788465879.38,5056.21,-0.00,0.00,ABORT,saida_eixo,0,2
1788465879.48,5056.31,0.00,0.00,ABORT,saida_eixo,0,2
1788465879.58,5056.41,0.00,0.00,ABORT,saida_eixo,0,2
1788465879.68,5056.51,0.00,0.00,ABORT,saida_eixo,0,2
1788465879.78,5056.61,0.01,0.00,ABORT,saida_eixo,0,2
1788465879.88,5056.71,0.01,0.00,ABORT,saida_eixo,0,2
1788465879.98,5056.81,0.00,0.00,ABORT,saida_eixo,0,2
1788465880.08,5056.91,0.00,0.00,ABORT,saida_eixo,0,2
1788465880.18,5057.01,0.00,0.00,ABORT,saida_eixo,0,2
1788465880.28,5057.11,0.01,0.00,ABORT,saida_eixo,0,2
1788465880.38,5057.21,0.01,0.00,ABORT,saida_eixo,0,2
1788465880.48,5057.31,0.00,0.00,ABORT,saida_eixo,0,2
1788465880.58,5057.41,0.00,0.00,ABORT,saida_eixo,0,2
1788465880.68,5057.51,0.01,0.00,ABORT,saida_eixo,0,2
1788465880.78,5057.61,0.00,0.00,ABORT,saida_eixo,0,2
1788465880.88,5057.71,0.00,0.00,ABORT,saida_eixo,0,2
1788465880.98,5057.81,0.00,0.00,ABORT,saida_eixo,0,2
1788465881.08,5057.91,0.01,0.00,ABORT,saida_eixo,0,2
1788465881.18,5058.01,-0.00,0.00,ABORT,saida_eixo,0,2
1788465881.28,5058.11,0.01,0.00,ABORT,saida_eixo,0,2
1788465881.38,5058.21,-0.00,0.00,ABORT,saida_eixo,0,2
1788465881.48,5058.31,0.01,0.00,ABORT,saida_eixo,0,2
1788465881.58,5058.41,0.01,0.00,ABORT,saida_eixo,0,2
1788465881.68,5058.51,-0.00,0.00,ABORT,saida_eixo,0,2
1788465881.78,5058.61,-0.00,0.00,ABORT,saida_eixo,0,2
1788465881.88,5058.71,0.01,0.00,ABORT,saida_eixo,0,2
1788465881.98,5058.81,0.01,0.00,ABORT,saida_eixo,0,2
1788465882.08,5058.91,-0.00,0.00,ABORT,saida_eixo,0,2
1788465882.18,5059.01,0.00,0.00,ABORT,saida_eixo,0,2
1788465882.28,5059.11,0.00,0.00,ABORT,saida_eixo,0,2
1788465882.38,5059.21,-0.01,0.00,ABORT,saida_eixo,0,2
1788465882.48,5059.31,0.01,0.00,ABORT,saida_eixo,0,2
1788465882.58,5059.41,-0.00,0.00,ABORT,saida_eixo,0,2
1788465882.68,5059.51,0.00,0.00,ABORT,saida_eixo,0,2
1788465882.78,5059.61,0.00,0.00,ABORT,saida_eixo,0,2
1788465882.88,5059.71,0.00,0.00,ABORT,saida_eixo,0,2
1788465882.98,5059.81,0.01,0.00,ABORT,saida_eixo,0,2
1788465883.08,5059.91,-0.00,0.00,ABORT,saida_eixo,0,2
1788465883.18,5060.01,0.00,0.00,ABORT,saida_eixo,0,2
1788465883.28,5060.11,0.01,0.00,ABORT,saida_eixo,0,2
1788465883.38,5060.21,0.00,0.00,ABORT,saida_eixo,0,2
1788465883.48,5060.31,0.01,0.00,ABORT,saida_eixo,0,2
1788465883.58,5060.41,0.00,0.00,ABORT,saida_eixo,0,2
1788465883.68,5060.51,-0.00,0.00,ABORT,saida_eixo,0,2
1788465883.78,5060.61,0.01,0.00,ABORT,saida_eixo,0,2
1788465883.88,5060.71,-0.00,0.00,ABORT,saida_eixo,0,2
1788465883.98,5060.81,-0.00,0.00,ABORT,saida_eixo,0,2
1788465884.08,5060.91,-0.00,0.00,ABORT,saida_eixo,0,2
1788465884.18,5061.01,0.01,0.00,ABORT,saida_eixo,0,2
1788465884.28,5061.11,0.00,0.00,ABORT,saida_eixo,0,2
1788465884.38,5061.21,-0.00,0.00,ABORT,saida_eixo,0,2
1788465884.48,5061.31,0.00,0.00,ABORT,saida_eixo,0,2
1788465884.58,5061.41,0.01,0.00,ABORT,saida_eixo,0,2
1788465884.68,5061.51,0.00,0.00,ABORT,saida_eixo,0,2
1788465884.78,5061.61,0.00,0.00,ABORT,saida_eixo,0,2
1788465884.88,5061.71,0.00,0.00,ABORT,saida_eixo,0,2
1788465884.98,5061.81,0.00,0.00,ABORT,saida_eixo,0,2
1788465885.08,5061.91,-0.00,0.00,ABORT,saida_eixo,0,2
1788465885.18,5062.01,0.00,0.00,ABORT,saida_eixo,0,2
1788465885.28,5062.11,0.00,0.00,ABORT,saida_eixo,0,2
1788465885.38,5062.21,-0.00,0.00,ABORT,saida_eixo,0,2
1788465885.48,5062.31,0.00,0.00,ABORT,saida_eixo,0,2
1788465885.58,5062.41,0.00,0.00,ABORT,saida_eixo,0,2
1788465885.68,5062.51,0.01,0.00,ABORT,saida_eixo,0,2
1788465885.78,5062.61,0.01,0.00,ABORT,saida_eixo,0,2
1788465885.88,5062.71,0.00,0.00,ABORT,saida_eixo,0,2
1788465885.98,5062.81,0.01,0.00,ABORT,saida_eixo,0,2
1788465886.08,5062.91,0.00,0.00,ABORT,saida_eixo,0,2
1788465886.18,5063.01,0.01,0.00,ABORT,saida_eixo,0,2
1788465886.28,5063.11,0.00,0.00,ABORT,saida_eixo,0,2
1788465886.38,5063.21,0.00,0.00,ABORT,saida_eixo,0,2
1788465886.48,5063.31,0.01,0.00,ABORT,saida_eixo,0,2
1788465886.58,5063.41,-0.00,0.00,ABORT,saida_eixo,0,2
1788465886.68,5063.51,0.00,0.00,ABORT,saida_eixo,0,2
1788465886.78,5063.61,-0.00,0.00,ABORT,saida_eixo,0,2
1788465886.88,5063.71,-0.00,0.00,ABORT,saida_eixo,0,2
1788465886.98,5063.81,0.01,0.00,ABORT,saida_eixo,0,2
1788465887.08,5063.91,0.01,0.00,ABORT,saida_eixo,0,2
1788465887.18,5064.01,0.01,0.00,ABORT,saida_eixo,0,2
1788465887.28,5064.11,0.00,0.00,ABORT,saida_eixo,0,2
1788465887.38,5064.21,0.00,0.00,ABORT,saida_eixo,0,2
1788465887.48,5064.31,0.01,0.00,ABORT,saida_eixo,0,2
1788465887.58,5064.41,0.01,0.00,ABORT,saida_eixo,0,2
1788465887.68,5064.51,0.01,0.00,ABORT,saida_eixo,0,2
1788465887.78,5064.61,-0.00,0.00,ABORT,saida_eixo,0,2
1788465887.88,5064.71,-0.00,0.00,ABORT,saida_eixo,0,2
1788465887.98,5064.81,-0.00,0.00,ABORT,saida_eixo,0,2
1788465888.08,5064.91,-0.00,0.00,ABORT,saida_eixo,0,2
1788465888.18,5065.01,0.01,0.00,ABORT,saida_eixo,0,2
1788465888.28,5065.11,0.00,0.00,ABORT,saida_eixo,0,2
1788465888.39,5065.21,0.00,0.00,ABORT,saida_eixo,0,2
1788465888.48,5065.31,-0.00,0.00,ABORT,saida_eixo,0,2
1788465888.58,5065.41,0.00,0.00,ABORT,saida_eixo,0,2
1788465888.68,5065.51,-0.00,0.00,ABORT,saida_eixo,0,2
1788465888.79,5065.61,0.01,0.00,ABORT,saida_eixo,0,2
1788465888.89,5065.71,-0.00,0.00,ABORT,saida_eixo,0,2
1788465888.99,5065.81,0.01,0.00,ABORT,saida_eixo,0,2
1788465889.09,5065.91,0.01,0.00,ABORT,saida_eixo,0,2
1788465889.19,5066.01,0.00,0.00,ABORT,saida_eixo,0,2
1788465889.29,5066.11,0.01,0.00,ABORT,saida_eixo,0,2
1788465889.39,5066.21,0.00,0.00,ABORT,saida_eixo,0,2
1788465889.49,5066.31,-0.00,0.00,ABORT,saida_eixo,0,2
1788465889.59,5066.41,0.00,0.00,ABORT,saida_eixo,0,2
1788465889.69,5066.51,0.00,0.00,ABORT,saida_eixo,0,2
1788465889.79,5066.61,0.01,0.00,ABORT,saida_eixo,0,2
1788465889.89,5066.71,0.00,0.00,ABORT,saida_eixo,0,2
1788465889.99,5066.81,0.00,0.00,ABORT,saida_eixo,0,2
1788465890.09,5066.91,-0.00,0.00,ABORT,saida_eixo,0,2
1788465890.19,5067.01,0.00,0.00,ABORT,saida_eixo,0,2
1788465890.29,5067.11,0.00,0.00,ABORT,saida_eixo,0,2
1788465890.39,5067.21,0.01,0.00,ABORT,saida_eixo,0,2
1788465890.49,5067.31,0.01,0.00,ABORT,saida_eixo,0,2
1788465890.59,5067.41,0.00,0.00,ABORT,saida_eixo,0,2
1788465890.69,5067.51,0.00,0.00,ABORT,saida_eixo,0,2
1788465890.79,5067.61,0.01,0.00,ABORT,saida_eixo,0,2
1788465890.89,5067.71,-0.00,0.00,ABORT,saida_eixo,0,2
1788465890.99,5067.81,-0.00,0.00,ABORT,saida_eixo,0,2
1788465891.09,5067.91,0.00,0.00,ABORT,saida_eixo,0,2
1788465891.19,5068.01,0.00,0.00,ABORT,saida_eixo,0,2
1788465891.29,5068.11,0.00,0.00,ABORT,saida_eixo,0,2
1788465891.39,5068.21,0.01,0.00,ABORT,saida_eixo,0,2
1788465891.49,5068.31,0.01,0.00,ABORT,saida_eixo,0,2
1788465891.59,5068.41,-0.00,0.00,ABORT,saida_eixo,0,2
1788465891.69,5068.51,-0.00,0.00,ABORT,saida_eixo,0,2
1788465891.79,5068.61,0.01,0.00,ABORT,saida_eixo,0,2
1788465891.89,5068.71,0.01,0.00,ABORT,saida_eixo,0,2
1788465891.99,5068.81,0.01,0.00,ABORT,saida_eixo,0,2
1788465892.09,5068.91,0.00,0.00,ABORT,saida_eixo,0,2
1788465892.19,5069.01,-0.00,0.00,ABORT,saida_eixo,0,2
1788465892.29,5069.11,0.00,0.00,ABORT,saida_eixo,0,2
1788465892.39,5069.21,0.00,0.00,ABORT,saida_eixo,0,2
1788465892.49,5069.31,-0.01,0.00,ABORT,saida_eixo,0,2
1788465892.59,5069.41,0.01,0.00,ABORT,saida_eixo,0,2
1788465892.69,5069.51,0.01,0.00,ABORT,saida_eixo,0,2
1788465892.79,5069.61,-0.00,0.00,ABORT,saida_eixo,0,2
1788465892.89,5069.71,-0.00,0.00,ABORT,saida_eixo,0,2
1788465892.99,5069.81,0.00,0.00,ABORT,saida_eixo,0,2
1788465893.09,5069.91,0.01,0.00,ABORT,saida_eixo,0,2
1788465893.19,5070.01,0.00,0.00,ABORT,saida_eixo,0,2
1788465893.29,5070.11,0.00,0.00,ABORT,saida_eixo,0,2
1788465893.39,5070.21,-0.00,0.00,ABORT,saida_eixo,0,2
1788465893.49,5070.31,0.00,0.00,ABORT,saida_eixo,0,2
1788465893.59,5070.41,0.00,0.00,ABORT,saida_eixo,0,2
1788465893.69,5070.51,0.01,0.00,ABORT,saida_eixo,0,2
1788465893.79,5070.61,0.01,0.00,ABORT,saida_eixo,0,2
1788465893.89,5070.71,0.01,0.00,ABORT,saida_eixo,0,2
1788465893.99,5070.81,-0.00,0.00,ABORT,saida_eixo,0,2
1788465894.09,5070.91,-0.01,0.00,ABORT,saida_eixo,0,2
1788465894.19,5071.01,0.00,0.00,ABORT,saida_eixo,0,2
1788465894.29,5071.11,-0.00,0.00,ABORT,saida_eixo,0,2
1788465894.39,5071.21,0.00,0.00,ABORT,saida_eixo,0,2
1788465894.49,5071.31,-0.00,0.00,ABORT,saida_eixo,0,2
1788465894.59,5071.41,0.01,0.00,ABORT,saida_eixo,0,2
1788465894.69,5071.51,-0.00,0.00,ABORT,saida_eixo,0,2
1788465894.79,5071.61,-0.00,0.00,ABORT,saida_eixo,0,2
1788465894.89,5071.71,0.00,0.00,ABORT,saida_eixo,0,2
1788465894.99,5071.81,0.01,0.00,ABORT,saida_eixo,0,2
1788465895.09,5071.91,0.00,0.00,ABORT,saida_eixo,0,2
1788465895.19,5072.01,0.01,0.00,ABORT,saida_eixo,0,2
1788465895.29,5072.11,0.00,0.00,ABORT,saida_eixo,0,2
1788465895.39,5072.21,0.01,0.00,ABORT,saida_eixo,0,2
1788465895.49,5072.31,0.01,0.00,ABORT,saida_eixo,0,2
1788465895.59,5072.41,-0.00,0.00,ABORT,saida_eixo,0,2
1788465895.69,5072.51,-0.00,0.00,ABORT,saida_eixo,0,2
1788465895.79,5072.61,0.01,0.00,ABORT,saida_eixo,0,2
1788465895.89,5072.71,0.01,0.00,ABORT,saida_eixo,0,2
1788465895.99,5072.81,0.00,0.00,ABORT,saida_eixo,0,2
1788465896.09,5072.91,0.01,0.00,ABORT,saida_eixo,0,2
1788465896.19,5073.01,0.00,0.00,ABORT,saida_eixo,0,2
1788465896.29,5073.11,0.01,0.00,ABORT,saida_eixo,0,2
1788465896.39,5073.21,0.00,0.00,ABORT,saida_eixo,0,2
1788465896.49,5073.31,-0.00,0.00,ABORT,saida_eixo,0,2
1788465896.59,5073.41,-0.00,0.00,ABORT,saida_eixo,0,2
1788465896.69,5073.51,0.01,0.00,ABORT,saida_eixo,0,2
1788465896.79,5073.61,0.00,0.00,ABORT,saida_eixo,0,2
1788465896.89,5073.71,0.00,0.00,ABORT,saida_eixo,0,2
1788465896.99,5073.81,-0.00,0.00,ABORT,saida_eixo,0,2
1788465897.09,5073.91,0.00,0.00,ABORT,saida_eixo,0,2
1788465897.19,5074.01,-0.01,0.00,ABORT,saida_eixo,0,2
1788465897.29,5074.11,-0.00,0.00,ABORT,saida_eixo,0,2
1788465897.39,5074.21,0.01,0.00,ABORT,saida_eixo,0,2
1788465897.49,5074.31,0.00,0.00,ABORT,saida_eixo,0,2
1788465897.59,5074.41,0.01,0.00,ABORT,saida_eixo,0,2
1788465897.69,5074.51,0.00,0.00,ABORT,saida_eixo,0,2
1788465897.79,5074.61,0.00,0.00,ABORT,saida_eixo,0,2
1788465897.89,5074.71,-0.00,0.00,ABORT,saida_eixo,0,2
1788465898.00,5074.81,0.00,0.00,ABORT,saida_eixo,0,2
1788465898.10,5074.91,-0.00,0.00,ABORT,saida_eixo,0,2
1788465898.20,5075.01,-0.00,0.00,ABORT,saida_eixo,0,2
1788465898.30,5075.11,0.00,0.00,ABORT,saida_eixo,0,2
1788465898.40,5075.21,0.01,0.00,ABORT,saida_eixo,0,2
1788465898.50,5075.31,-0.00,0.00,ABORT,saida_eixo,0,2
1788465898.60,5075.41,0.01,0.00,ABORT,saida_eixo,0,2
1788465898.70,5075.51,0.01,0.00,ABORT,saida_eixo,0,2
1788465898.80,5075.61,-0.00,0.00,ABORT,saida_eixo,0,2
1788465898.90,5075.71,0.01,0.00,ABORT,saida_eixo,0,2
1788465899.00,5075.81,0.01,0.00,ABORT,saida_eixo,0,2
1788465899.10,5075.91,-0.00,0.00,ABORT,saida_eixo,0,2
1788465899.20,5076.01,0.00,0.00,ABORT,saida_eixo,0,2
1788465899.30,5076.11,-0.00,0.00,ABORT,saida_eixo,0,2
1788465899.40,5076.21,0.00,0.00,ABORT,saida_eixo,0,2
1788465899.50,5076.31,0.00,0.00,ABORT,saida_eixo,0,2
1788465899.60,5076.41,-0.00,0.00,ABORT,saida_eixo,0,2
1788465899.70,5076.51,-0.00,0.00,ABORT,saida_eixo,0,2
1788465899.80,5076.61,0.01,0.00,ABORT,saida_eixo,0,2
1788465899.90,5076.71,0.01,0.00,ABORT,saida_eixo,0,2
1788465900.00,5076.81,0.00,0.00,ABORT,saida_eixo,0,2
1788465900.10,5076.91,0.00,0.00,ABORT,saida_eixo,0,2
1788465900.20,5077.01,0.00,0.00,ABORT,saida_eixo,0,2
1788465900.30,5077.11,-0.00,0.00,ABORT,saida_eixo,0,2
1788465900.40,5077.21,-0.00,0.00,ABORT,saida_eixo,0,2
1788465900.50,5077.31,0.01,0.00,ABORT,saida_eixo,0,2
1788465900.60,5077.41,0.00,0.00,ABORT,saida_eixo,0,2
1788465900.70,5077.51,0.00,0.00,ABORT,saida_eixo,0,2
1788465900.80,5077.61,0.01,0.00,ABORT,saida_eixo,0,2
1788465900.90,5077.71,0.01,0.00,ABORT,saida_eixo,0,2
1788465901.00,5077.81,0.00,0.00,ABORT,saida_eixo,0,2
1788465901.10,5077.91,0.00,0.00,ABORT,saida_eixo,0,2
1788465901.20,5078.01,0.00,0.00,ABORT,saida_eixo,0,2
1788465901.30,5078.11,0.00,0.00,ABORT,saida_eixo,0,2
1788465901.40,5078.21,0.00,0.00,ABORT,saida_eixo,0,2
1788465901.50,5078.31,0.01,0.00,ABORT,saida_eixo,0,2
1788465901.60,5078.41,0.01,0.00,ABORT,saida_eixo,0,2
1788465901.70,5078.51,-0.00,0.00,ABORT,saida_eixo,0,2
1788465901.80,5078.61,-0.00,0.00,ABORT,saida_eixo,0,2
1788465901.90,5078.71,0.01,0.00,ABORT,saida_eixo,0,2
1788465902.00,5078.81,0.00,0.00,ABORT,saida_eixo,0,2
1788465902.11,5078.91,0.00,0.00,ABORT,saida_eixo,0,2
1788465902.20,5079.01,0.01,0.00,ABORT,saida_eixo,0,2
1788465902.30,5079.11,0.01,0.00,ABORT,saida_eixo,0,2
1788465902.40,5079.21,0.00,0.00,ABORT,saida_eixo,0,2
1788465902.50,5079.31,-0.00,0.00,ABORT,saida_eixo,0,2
1788465902.60,5079.41,-0.01,0.00,ABORT,saida_eixo,0,2
1788465902.70,5079.51,-0.00,0.00,ABORT,saida_eixo,0,2
1788465902.80,5079.61,-0.00,0.00,ABORT,saida_eixo,0,2
1788465902.90,5079.71,0.00,0.00,ABORT,saida_eixo,0,2
1788465903.00,5079.81,0.00,0.00,ABORT,saida_eixo,0,2
1788465903.10,5079.91,0.00,0.00,ABORT,saida_eixo,0,2
1788465903.20,5080.01,0.01,0.00,ABORT,saida_eixo,0,2
1788465903.30,5080.11,-0.00,0.00,ABORT,saida_eixo,0,2
1788465903.41,5080.21,-0.00,0.00,ABORT,saida_eixo,0,2
1788465903.50,5080.31,-0.00,0.00,ABORT,saida_eixo,0,2
1788465903.60,5080.41,0.00,0.00,ABORT,saida_eixo,0,2
1788465903.70,5080.51,0.00,0.00,ABORT,saida_eixo,0,2
1788465903.81,5080.61,-0.00,0.00,ABORT,saida_eixo,0,2
1788465903.91,5080.71,0.01,0.00,ABORT,saida_eixo,0,2
1788465904.01,5080.81,0.00,0.00,ABORT,saida_eixo,0,2
1788465904.11,5080.91,0.01,0.00,ABORT,saida_eixo,0,2
1788465904.21,5081.01,0.01,0.00,ABORT,saida_eixo,0,2
1788465904.31,5081.11,0.01,0.00,ABORT,saida_eixo,0,2
1788465904.41,5081.21,0.00,0.00,ABORT,saida_eixo,0,2
1788465904.51,5081.31,-0.00,0.00,ABORT,saida_eixo,0,2
1788465904.61,5081.41,0.00,0.00,ABORT,saida_eixo,0,2
1788465904.71,5081.51,-0.00,0.00,ABORT,saida_eixo,0,2
1788465904.81,5081.61,0.01,0.00,ABORT,saida_eixo,0,2
1788465904.91,5081.71,-0.01,0.00,ABORT,saida_eixo,0,2
1788465905.01,5081.81,-0.00,0.00,ABORT,saida_eixo,0,2
1788465905.11,5081.91,0.01,0.00,ABORT,saida_eixo,0,2
1788465905.21,5082.01,0.00,0.00,ABORT,saida_eixo,0,2
1788465905.31,5082.11,0.01,0.00,ABORT,saida_eixo,0,2
1788465905.41,5082.21,0.01,0.00,ABORT,saida_eixo,0,2
1788465905.51,5082.31,0.01,0.00,ABORT,saida_eixo,0,2
1788465905.61,5082.41,0.01,0.00,ABORT,saida_eixo,0,2
1788465905.71,5082.51,-0.00,0.00,ABORT,saida_eixo,0,2
1788465905.81,5082.61,0.00,0.00,ABORT,saida_eixo,0,2
1788465905.91,5082.71,-0.00,0.00,ABORT,saida_eixo,0,2
1788465906.01,5082.81,0.00,0.00,ABORT,saida_eixo,0,2
1788465906.11,5082.91,0.00,0.00,ABORT,saida_eixo,0,2
1788465906.21,5083.01,0.00,0.00,ABORT,saida_eixo,0,2
1788465906.31,5083.11,0.01,0.00,ABORT,saida_eixo,0,2
1788465906.41,5083.21,0.00,0.00,ABORT,saida_eixo,0,2
1788465906.51,5083.31,0.00,0.00,ABORT,saida_eixo,0,2
1788465906.61,5083.41,0.00,0.00,ABORT,saida_eixo,0,2
1788465906.71,5083.51,0.00,0.00,ABORT,saida_eixo,0,2
1788465906.81,5083.61,0.01,0.00,ABORT,saida_eixo,0,2
1788465906.91,5083.71,0.01,0.00,ABORT,saida_eixo,0,2
1788465907.01,5083.81,0.00,0.00,ABORT,saida_eixo,0,2
1788465907.11,5083.91,0.01,0.00,ABORT,saida_eixo,0,2
1788465907.21,5084.01,-0.00,0.00,ABORT,saida_eixo,0,2
1788465907.31,5084.11,-0.00,0.00,ABORT,saida_eixo,0,2
1788465907.41,5084.21,0.00,0.00,ABORT,saida_eixo,0,2
1788465907.51,5084.31,0.01,0.00,ABORT,saida_eixo,0,2
1788465907.61,5084.41,-0.00,0.00,ABORT,saida_eixo,0,2
1788465907.71,5084.51,0.00,0.00,ABORT,saida_eixo,0,2
1788465907.81,5084.61,0.01,0.00,ABORT,saida_eixo,0,2
1788465907.91,5084.71,-0.00,0.00,ABORT,saida_eixo,0,2
1788465908.01,5084.81,0.01,0.00,ABORT,saida_eixo,0,2
1788465908.11,5084.91,-0.01,0.00,ABORT,saida_eixo,0,2
1788465908.21,5085.01,-0.00,0.00,ABORT,saida_eixo,0,2
1788465908.31,5085.11,0.00,0.00,ABORT,saida_eixo,0,2
1788465908.41,5085.21,0.01,0.00,ABORT,saida_eixo,0,2
1788465908.51,5085.31,0.00,0.00,ABORT,saida_eixo,0,2
1788465908.61,5085.41,0.00,0.00,ABORT,saida_eixo,0,2
1788465908.71,5085.51,0.01,0.00,ABORT,saida_eixo,0,2
1788465908.81,5085.61,0.01,0.00,ABORT,saida_eixo,0,2
1788465908.91,5085.71,-0.00,0.00,ABORT,saida_eixo,0,2
1788465909.01,5085.81,0.00,0.00,ABORT,saida_eixo,0,2
1788465909.11,5085.91,0.00,0.00,ABORT,saida_eixo,0,2
1788465909.21,5086.01,-0.00,0.00,ABORT,saida_eixo,0,2
1788465909.31,5086.11,0.00,0.00,ABORT,saida_eixo,0,2
1788465909.41,5086.21,0.00,0.00,ABORT,saida_eixo,0,2
1788465909.51,5086.31,-0.00,0.00,ABORT,saida_eixo,0,2
1788465909.61,5086.41,-0.00,0.00,ABORT,saida_eixo,0,2
1788465909.71,5086.51,0.01,0.00,ABORT,saida_eixo,0,2
1788465909.81,5086.61,0.01,0.00,ABORT,saida_eixo,0,2
1788465909.91,5086.71,-0.00,0.00,ABORT,saida_eixo,0,2
1788465910.01,5086.81,0.00,0.00,ABORT,saida_eixo,0,2
1788465910.11,5086.91,0.00,0.00,ABORT,saida_eixo,0,2
1788465910.21,5087.01,0.01,0.00,ABORT,saida_eixo,0,2
1788465910.31,5087.11,0.01,0.00,ABORT,saida_eixo,0,2
1788465910.41,5087.21,0.00,0.00,ABORT,saida_eixo,0,2
1788465910.51,5087.31,-0.00,0.00,ABORT,saida_eixo,0,2
1788465910.61,5087.41,0.00,0.00,ABORT,saida_eixo,0,2
1788465910.71,5087.51,0.00,0.00,ABORT,saida_eixo,0,2
1788465910.81,5087.61,0.00,0.00,ABORT,saida_eixo,0,2
1788465910.91,5087.71,0.01,0.00,ABORT,saida_eixo,0,2
1788465911.01,5087.81,0.01,0.00,ABORT,saida_eixo,0,2
1788465911.11,5087.91,0.00,0.00,ABORT,saida_eixo,0,2
1788465911.21,5088.01,0.00,0.00,ABORT,saida_eixo,0,2
1788465911.31,5088.11,0.00,0.00,ABORT,saida_eixo,0,2
1788465911.41,5088.21,0.01,0.00,ABORT,saida_eixo,0,2
1788465911.51,5088.31,0.01,0.00,ABORT,saida_eixo,0,2
1788465911.61,5088.41,0.00,0.00,ABORT,saida_eixo,0,2
1788465911.71,5088.51,0.00,0.00,ABORT,saida_eixo,0,2
1788465911.81,5088.61,0.01,0.00,ABORT,saida_eixo,0,2
1788465911.91,5088.71,0.00,0.00,ABORT,saida_eixo,0,2
1788465912.01,5088.81,0.00,0.00,ABORT,saida_eixo,0,2
1788465912.11,5088.91,0.00,0.00,ABORT,saida_eixo,0,2
1788465912.21,5089.01,0.01,0.00,ABORT,saida_eixo,0,2
1788465912.31,5089.11,-0.00,0.00,ABORT,saida_eixo,0,2
1788465912.41,5089.21,0.01,0.00,ABORT,saida_eixo,0,2
1788465912.51,5089.31,-0.00,0.00,ABORT,saida_eixo,0,2
1788465912.61,5089.41,0.01,0.00,ABORT,saida_eixo,0,2
1788465912.71,5089.51,0.01,0.00,ABORT,saida_eixo,0,2
1788465912.81,5089.61,-0.00,0.00,ABORT,saida_eixo,0,2
1788465912.91,5089.71,-0.00,0.00,ABORT,saida_eixo,0,2
1788465913.01,5089.81,0.01,0.00,ABORT,saida_eixo,0,2
1788465913.11,5089.91,0.01,0.00,ABORT,saida_eixo,0,2
1788465913.21,5090.01,-0.00,0.00,ABORT,saida_eixo,0,2
1788465913.31,5090.11,0.00,0.00,ABORT,saida_eixo,0,2
1788465913.41,5090.21,0.00,0.00,ABORT,saida_eixo,0,2
1788465913.51,5090.31,-0.01,0.00,ABORT,saida_eixo,0,2
1788465913.61,5090.41,0.01,0.00,ABORT,saida_eixo,0,2
1788465913.71,5090.51,-0.00,0.00,ABORT,saida_eixo,0,2
1788465913.81,5090.61,0.00,0.00,ABORT,saida_eixo,0,2
1788465913.92,5090.71,0.00,0.00,ABORT,saida_eixo,0,2
1788465914.02,5090.81,0.00,0.00,ABORT,saida_eixo,0,2
1788465914.12,5090.91,0.01,0.00,ABORT,saida_eixo,0,2
1788465914.22,5091.01,-0.00,0.00,ABORT,saida_eixo,0,2
1788465914.32,5091.11,0.00,0.00,ABORT,saida_eixo,0,2
1788465914.42,5091.21,0.01,0.00,ABORT,saida_eixo,0,2
1788465914.52,5091.31,0.00,0.00,ABORT,saida_eixo,0,2
1788465914.62,5091.41,0.01,0.00,ABORT,saida_eixo,0,2
1788465914.72,5091.51,0.00,0.00,ABORT,saida_eixo,0,2
1788465914.82,5091.61,-0.00,0.00,ABORT,saida_eixo,0,2
1788465914.92,5091.71,0.01,0.00,ABORT,saida_eixo,0,2
1788465915.02,5091.81,-0.00,0.00,ABORT,saida_eixo,0,2
1788465915.12,5091.91,-0.00,0.00,ABORT,saida_eixo,0,2
1788465915.22,5092.01,-0.00,0.00,ABORT,saida_eixo,0,2
1788465915.32,5092.11,0.01,0.00,ABORT,saida_eixo,0,2
1788465915.42,5092.21,0.00,0.00,ABORT,saida_eixo,0,2
1788465915.52,5092.31,-0.00,0.00,ABORT,saida_eixo,0,2
1788465915.62,5092.41,0.00,0.00,ABORT,saida_eixo,0,2
1788465915.72,5092.51,0.01,0.00,ABORT,saida_eixo,0,2
1788465915.82,5092.61,0.00,0.00,ABORT,saida_eixo,0,2
1788465915.92,5092.71,0.00,0.00,ABORT,saida_eixo,0,2
1788465916.02,5092.81,0.00,0.00,ABORT,saida_eixo,0,2
1788465916.12,5092.91,0.00,0.00,ABORT,saida_eixo,0,2
1788465916.22,5093.01,-0.00,0.00,ABORT,saida_eixo,0,2
1788465916.32,5093.11,0.00,0.00,ABORT,saida_eixo,0,2
1788465916.42,5093.21,0.00,0.00,ABORT,saida_eixo,0,2
1788465916.52,5093.31,-0.00,0.00,ABORT,saida_eixo,0,2
1788465916.62,5093.41,0.00,0.00,ABORT,saida_eixo,0,2
1788465916.72,5093.51,0.00,0.00,ABORT,saida_eixo,0,2
1788465916.82,5093.61,0.01,0.00,ABORT,saida_eixo,0,2
1788465916.92,5093.71,0.01,0.00,ABORT,saida_eixo,0,2
1788465917.02,5093.81,0.00,0.00,ABORT,saida_eixo,0,2
1788465917.12,5093.91,0.01,0.00,ABORT,saida_eixo,0,2
1788465917.22,5094.01,0.00,0.00,ABORT,saida_eixo,0,2
1788465917.32,5094.11,0.01,0.00,ABORT,saida_eixo,0,2
1788465917.42,5094.21,0.00,0.00,ABORT,saida_eixo,0,2
1788465917.52,5094.31,0.00,0.00,ABORT,saida_eixo,0,2
1788465917.62,5094.41,0.01,0.00,ABORT,saida_eixo,0,2
1788465917.72,5094.51,-0.00,0.00,ABORT,saida_eixo,0,2
1788465917.82,5094.61,0.00,0.00,ABORT,saida_eixo,0,2
1788465917.92,5094.71,-0.00,0.00,ABORT,saida_eixo,0,2
1788465918.02,5094.81,-0.00,0.00,ABORT,saida_eixo,0,2
1788465918.12,5094.91,0.01,0.00,ABORT,saida_eixo,0,2
1788465918.22,5095.01,0.01,0.00,ABORT,saida_eixo,0,2
1788465918.32,5095.11,0.01,0.00,ABORT,saida_eixo,0,2
1788465918.42,5095.21,0.00,0.00,ABORT,saida_eixo,0,2
1788465918.52,5095.31,0.00,0.00,ABORT,saida_eixo,0,2
1788465918.62,5095.41,0.01,0.00,ABORT,saida_eixo,0,2
1788465918.72,5095.51,0.01,0.00,ABORT,saida_eixo,0,2
1788465918.82,5095.61,0.01,0.00,ABORT,saida_eixo,0,2
1788465918.92,5095.71,-0.00,0.00,ABORT,saida_eixo,0,2
1788465919.02,5095.81,-0.00,0.00,ABORT,saida_eixo,0,2
1788465919.12,5095.91,-0.00,0.00,ABORT,saida_eixo,0,2
1788465919.22,5096.01,-0.00,0.00,ABORT,saida_eixo,0,2
1788465919.32,5096.11,0.01,0.00,ABORT,saida_eixo,0,2
1788465919.42,5096.21,0.00,0.00,ABORT,saida_eixo,0,2
1788465919.52,5096.31,0.00,0.00,ABORT,saida_eixo,0,2
1788465919.62,5096.41,-0.00,0.00,ABORT,saida_eixo,0,2
1788465919.72,5096.51,0.00,0.00,ABORT,saida_eixo,0,2
1788465919.82,5096.61,-0.00,0.00,ABORT,saida_eixo,0,2
1788465919.92,5096.71,0.01,0.00,ABORT,saida_eixo,0,2
1788465920.02,5096.81,-0.00,0.00,ABORT,saida_eixo,0,2
1788465920.12,5096.91,0.01,0.00,ABORT,saida_eixo,0,2
1788465920.22,5097.01,0.01,0.00,ABORT,saida_eixo,0,2
1788465920.32,5097.11,0.00,0.00,ABORT,saida_eixo,0,2
1788465920.42,5097.21,0.01,0.00,ABORT,saida_eixo,0,2
1788465920.52,5097.31,0.00,0.00,ABORT,saida_eixo,0,2
1788465920.62,5097.41,-0.00,0.00,ABORT,saida_eixo,0,2
1788465920.72,5097.51,0.00,0.00,ABORT,saida_eixo,0,2
1788465920.82,5097.61,0.00,0.00,ABORT,saida_eixo,0,2
1788465920.92,5097.71,0.01,0.00,ABORT,saida_eixo,0,2
1788465921.02,5097.81,0.00,0.00,ABORT,saida_eixo,0,2
1788465921.12,5097.91,0.00,0.00,ABORT,saida_eixo,0,2
1788465921.22,5098.01,-0.00,0.00,ABORT,saida_eixo,0,2
1788465921.32,5098.11,0.00,0.00,ABORT,saida_eixo,0,2
1788465921.42,5098.21,0.00,0.00,ABORT,saida_eixo,0,2
1788465921.52,5098.31,0.01,0.00,ABORT,saida_eixo,0,2
1788465921.63,5098.41,0.01,0.00,ABORT,saida_eixo,0,2
1788465921.72,5098.51,0.00,0.00,ABORT,saida_eixo,0,2
1788465921.82,5098.61,0.00,0.00,ABORT,saida_eixo,0,2
1788465921.92,5098.71,0.01,0.00,ABORT,saida_eixo,0,2
1788465922.03,5098.81,-0.00,0.00,ABORT,saida_eixo,0,2
1788465922.13,5098.91,-0.00,0.00,ABORT,saida_eixo,0,2
1788465922.23,5099.01,0.00,0.00,ABORT,saida_eixo,0,2
1788465922.33,5099.11,0.00,0.00,ABORT,saida_eixo,0,2
1788465922.43,5099.21,0.00,0.00,ABORT,saida_eixo,0,2
1788465922.53,5099.31,0.01,0.00,ABORT,saida_eixo,0,2
1788465922.63,5099.41,0.01,0.00,ABORT,saida_eixo,0,2
1788465922.73,5099.51,-0.00,0.00,ABORT,saida_eixo,0,2
1788465922.83,5099.61,-0.00,0.00,ABORT,saida_eixo,0,2
1788465922.93,5099.71,0.01,0.00,ABORT,saida_eixo,0,2
1788465923.03,5099.81,0.01,0.00,ABORT,saida_eixo,0,2
1788465923.13,5099.91,0.01,0.00,ABORT,saida_eixo,0,2
1788465923.23,5100.01,0.00,0.00,ABORT,saida_eixo,0,2
1788465923.33,5100.11,-0.00,0.00,ABORT,saida_eixo,0,2
1788465923.43,5100.21,0.00,0.00,ABORT,saida_eixo,0,2
1788465923.53,5100.31,0.00,0.00,ABORT,saida_eixo,0,2
1788465923.63,5100.41,-0.01,0.00,ABORT,saida_eixo,0,2
1788465923.73,5100.51,0.01,0.00,ABORT,saida_eixo,0,2
1788465923.83,5100.61,0.01,0.00,ABORT,saida_eixo,0,2
1788465923.93,5100.71,-0.00,0.00,ABORT,saida_eixo,0,2
1788465924.03,5100.81,-0.00,0.00,ABORT,saida_eixo,0,2
1788465924.13,5100.91,0.00,0.00,ABORT,saida_eixo,0,2
1788465924.23,5101.01,0.01,0.00,ABORT,saida_eixo,0,2
1788465924.33,5101.11,0.00,0.00,ABORT,saida_eixo,0,2
1788465924.43,5101.21,0.00,0.00,ABORT,saida_eixo,0,2
1788465924.53,5101.31,-0.00,0.00,ABORT,saida_eixo,0,2
1788465924.63,5101.41,0.00,0.00,ABORT,saida_eixo,0,2
1788465924.73,5101.51,0.00,0.00,ABORT,saida_eixo,0,2
1788465924.83,5101.61,0.01,0.00,ABORT,saida_eixo,0,2
1788465924.93,5101.71,0.01,0.00,ABORT,saida_eixo,0,2
1788465925.03,5101.81,0.01,0.00,ABORT,saida_eixo,0,2
1788465925.13,5101.91,-0.00,0.00,ABORT,saida_eixo,0,2
1788465925.23,5102.01,-0.01,0.00,ABORT,saida_eixo,0,2
1788465925.33,5102.11,0.00,0.00,ABORT,saida_eixo,0,2
1788465925.43,5102.21,-0.00,0.00,ABORT,saida_eixo,0,2
1788465925.53,5102.31,0.00,0.00,ABORT,saida_eixo,0,2
1788465925.63,5102.41,-0.00,0.00,ABORT,saida_eixo,0,2
1788465925.73,5102.51,0.01,0.00,ABORT,saida_eixo,0,2
1788465925.83,5102.61,-0.00,0.00,ABORT,saida_eixo,0,2
1788465925.93,5102.71,-0.00,0.00,ABORT,saida_eixo,0,2
1788465926.03,5102.81,0.00,0.00,ABORT,saida_eixo,0,2
1788465926.13,5102.91,0.01,0.00,ABORT,saida_eixo,0,2
1788465926.23,5103.01,0.00,0.00,ABORT,saida_eixo,0,2
1788465926.33,5103.11,0.01,0.00,ABORT,saida_eixo,0,2
1788465926.43,5103.21,0.00,0.00,ABORT,saida_eixo,0,2
1788465926.53,5103.31,0.01,0.00,ABORT,saida_eixo,0,2
1788465926.63,5103.41,0.01,0.00,ABORT,saida_eixo,0,2
1788465926.73,5103.51,-0.00,0.00,ABORT,saida_eixo,0,2
1788465926.83,5103.61,-0.00,0.00,ABORT,saida_eixo,0,2
1788465926.93,5103.71,0.01,0.00,ABORT,saida_eixo,0,2
1788465927.03,5103.81,0.01,0.00,ABORT,saida_eixo,0,2
1788465927.13,5103.91,0.00,0.00,ABORT,saida_eixo,0,2
1788465927.23,5104.01,0.01,0.00,ABORT,saida_eixo,0,2
1788465927.33,5104.11,0.00,0.00,ABORT,saida_eixo,0,2
1788465927.43,5104.21,0.01,0.00,ABORT,saida_eixo,0,2
1788465927.53,5104.31,0.00,0.00,ABORT,saida_eixo,0,2
1788465927.63,5104.41,-0.00,0.00,ABORT,saida_eixo,0,2
1788465927.73,5104.51,-0.00,0.00,ABORT,saida_eixo,0,2
1788465927.83,5104.61,0.01,0.00,ABORT,saida_eixo,0,2
1788465927.93,5104.71,0.00,0.00,ABORT,saida_eixo,0,2
1788465928.03,5104.81,0.00,0.00,ABORT,saida_eixo,0,2
1788465928.13,5104.91,-0.00,0.00,ABORT,saida_eixo,0,2
1788465928.23,5105.01,0.00,0.00,ABORT,saida_eixo,0,2
1788465928.33,5105.11,-0.01,0.00,ABORT,saida_eixo,0,2
1788465928.43,5105.21,-0.00,0.00,ABORT,saida_eixo,0,2
1788465928.53,5105.31,0.01,0.00,ABORT,saida_eixo,0,2
1788465928.63,5105.41,0.00,0.00,ABORT,saida_eixo,0,2
1788465928.73,5105.51,0.01,0.00,ABORT,saida_eixo,0,2
1788465928.83,5105.61,0.00,0.00,ABORT,saida_eixo,0,2
1788465928.93,5105.71,0.00,0.00,ABORT,saida_eixo,0,2
1788465929.03,5105.81,-0.00,0.00,ABORT,saida_eixo,0,2
1788465929.13,5105.91,0.00,0.00,ABORT,saida_eixo,0,2
1788465929.23,5106.01,-0.00,0.00,ABORT,saida_eixo,0,2
1788465929.33,5106.11,-0.00,0.00,ABORT,saida_eixo,0,2
1788465929.43,5106.21,0.00,0.00,ABORT,saida_eixo,0,2
1788465929.53,5106.31,0.01,0.00,ABORT,saida_eixo,0,2
1788465929.63,5106.41,-0.00,0.00,ABORT,saida_eixo,0,2
1788465929.74,5106.51,0.01,0.00,ABORT,saida_eixo,0,2
1788465929.84,5106.61,0.01,0.00,ABORT,saida_eixo,0,2
1788465929.94,5106.71,-0.00,0.00,ABORT,saida_eixo,0,2
1788465930.04,5106.81,0.01,0.00,ABORT,saida_eixo,0,2
1788465930.14,5106.91,0.01,0.00,ABORT,saida_eixo,0,2
1788465930.24,5107.01,-0.00,0.00,ABORT,saida_eixo,0,2
1788465930.34,5107.11,0.00,0.00,ABORT,saida_eixo,0,2
1788465930.44,5107.21,-0.00,0.00,ABORT,saida_eixo,0,2
1788465930.54,5107.31,0.00,0.00,ABORT,saida_eixo,0,2
1788465930.64,5107.41,0.00,0.00,ABORT,saida_eixo,0,2
1788465930.74,5107.51,-0.00,0.00,ABORT,saida_eixo,0,2
1788465930.84,5107.61,-0.00,0.00,ABORT,saida_eixo,0,2
1788465930.94,5107.71,0.01,0.00,ABORT,saida_eixo,0,2
1788465931.04,5107.81,0.01,0.00,ABORT,saida_eixo,0,2
1788465931.14,5107.91,0.00,0.00,ABORT,saida_eixo,0,2
1788465931.24,5108.01,0.00,0.00,ABORT,saida_eixo,0,2
1788465931.34,5108.11,0.00,0.00,ABORT,saida_eixo,0,2
1788465931.44,5108.21,-0.00,0.00,ABORT,saida_eixo,0,2
1788465931.54,5108.31,-0.00,0.00,ABORT,saida_eixo,0,2
1788465931.64,5108.41,0.01,0.00,ABORT,saida_eixo,0,2
1788465931.74,5108.51,0.00,0.00,ABORT,saida_eixo,0,2
1788465931.84,5108.61,0.00,0.00,ABORT,saida_eixo,0,2
1788465931.94,5108.71,0.01,0.00,ABORT,saida_eixo,0,2
1788465932.04,5108.81,0.01,0.00,ABORT,saida_eixo,0,2
1788465932.14,5108.91,0.00,0.00,ABORT,saida_eixo,0,2
1788465932.24,5109.01,0.00,0.00,ABORT,saida_eixo,0,2
1788465932.34,5109.11,0.00,0.00,ABORT,saida_eixo,0,2
1788465932.44,5109.21,0.00,0.00,ABORT,saida_eixo,0,2
1788465932.54,5109.31,0.00,0.00,ABORT,saida_eixo,0,2
1788465932.64,5109.41,0.01,0.00,ABORT,saida_eixo,0,2
1788465932.74,5109.51,0.01,0.00,ABORT,saida_eixo,0,2
1788465932.84,5109.61,-0.00,0.00,ABORT,saida_eixo,0,2
1788465932.94,5109.71,-0.00,0.00,ABORT,saida_eixo,0,2
1788465933.04,5109.81,0.01,0.00,ABORT,saida_eixo,0,2
1788465933.14,5109.91,0.00,0.00,ABORT,saida_eixo,0,2
1788465933.24,5110.01,0.00,0.00,ABORT,saida_eixo,0,2
1788465933.34,5110.11,0.01,0.00,ABORT,saida_eixo,0,2
1788465933.44,5110.21,0.01,0.00,ABORT,saida_eixo,0,2
1788465933.54,5110.31,0.00,0.00,ABORT,saida_eixo,0,2
1788465933.64,5110.41,-0.00,0.00,ABORT,saida_eixo,0,2
1788465933.74,5110.51,-0.01,0.00,ABORT,saida_eixo,0,2
1788465933.84,5110.61,-0.00,0.00,ABORT,saida_eixo,0,2
1788465933.94,5110.71,-0.00,0.00,ABORT,saida_eixo,0,2
1788465934.04,5110.81,0.00,0.00,ABORT,saida_eixo,0,2
1788465934.14,5110.91,0.00,0.00,ABORT,saida_eixo,0,2
1788465934.24,5111.01,0.00,0.00,ABORT,saida_eixo,0,2
1788465934.34,5111.11,0.01,0.00,ABORT,saida_eixo,0,2
1788465934.44,5111.21,-0.00,0.00,ABORT,saida_eixo,0,2
1788465934.54,5111.31,-0.00,0.00,ABORT,saida_eixo,0,2
1788465934.64,5111.41,-0.00,0.00,ABORT,saida_eixo,0,2
1788465934.74,5111.51,0.00,0.00,ABORT,saida_eixo,0,2
1788465934.84,5111.61,0.00,0.00,ABORT,saida_eixo,0,2
1788465934.94,5111.71,-0.00,0.00,ABORT,saida_eixo,0,2
1788465935.04,5111.81,0.01,0.00,ABORT,saida_eixo,0,2
1788465935.14,5111.91,0.00,0.00,ABORT,saida_eixo,0,2
1788465935.24,5112.01,0.01,0.00,ABORT,saida_eixo,0,2
1788465935.34,5112.11,0.01,0.00,ABORT,saida_eixo,0,2
1788465935.44,5112.21,0.01,0.00,ABORT,saida_eixo,0,2
1788465935.54,5112.31,0.00,0.00,ABORT,saida_eixo,0,2
1788465935.64,5112.41,-0.00,0.00,ABORT,saida_eixo,0,2
1788465935.74,5112.51,0.00,0.00,ABORT,saida_eixo,0,2
1788465935.84,5112.61,-0.00,0.00,ABORT,saida_eixo,0,2
1788465935.94,5112.71,0.01,0.00,ABORT,saida_eixo,0,2
1788465936.04,5112.81,-0.01,0.00,ABORT,saida_eixo,0,2
1788465936.14,5112.91,-0.00,0.00,ABORT,saida_eixo,0,2
1788465936.24,5113.01,0.01,0.00,ABORT,saida_eixo,0,2
1788465936.34,5113.11,0.00,0.00,ABORT,saida_eixo,0,2
1788465936.44,5113.21,0.01,0.00,ABORT,saida_eixo,0,2
1788465936.55,5113.31,0.01,0.00,ABORT,saida_eixo,0,2
1788465936.64,5113.41,0.01,0.00,ABORT,saida_eixo,0,2
1788465936.74,5113.51,0.01,0.00,ABORT,saida_eixo,0,2
1788465936.84,5113.61,-0.00,0.00,ABORT,saida_eixo,0,2
1788465936.95,5113.71,0.00,0.00,ABORT,saida_eixo,0,2
1788465937.04,5113.81,-0.00,0.00,ABORT,saida_eixo,0,2
1788465937.14,5113.91,0.00,0.00,ABORT,saida_eixo,0,2
1788465937.25,5114.01,0.00,0.00,ABORT,saida_eixo,0,2
1788465937.35,5114.11,0.00,0.00,ABORT,saida_eixo,0,2
1788465937.45,5114.21,0.01,0.00,ABORT,saida_eixo,0,2
1788465937.55,5114.31,0.00,0.00,ABORT,saida_eixo,0,2
1788465937.65,5114.41,0.00,0.00,ABORT,saida_eixo,0,2
1788465937.75,5114.51,0.00,0.00,ABORT,saida_eixo,0,2
1788465937.85,5114.61,0.00,0.00,ABORT,saida_eixo,0,2
1788465937.95,5114.71,0.01,0.00,ABORT,saida_eixo,0,2
1788465938.05,5114.81,0.01,0.00,ABORT,saida_eixo,0,2
1788465938.15,5114.91,0.00,0.00,ABORT,saida_eixo,0,2
1788465938.25,5115.01,0.01,0.00,ABORT,saida_eixo,0,2
1788465938.35,5115.11,-0.00,0.00,ABORT,saida_eixo,0,2
1788465938.45,5115.21,-0.00,0.00,ABORT,saida_eixo,0,2
1788465938.55,5115.31,0.00,0.00,ABORT,saida_eixo,0,2
1788465938.65,5115.41,0.01,0.00,ABORT,saida_eixo,0,2
1788465938.75,5115.51,-0.00,0.00,ABORT,saida_eixo,0,2
1788465938.85,5115.61,0.00,0.00,ABORT,saida_eixo,0,2
1788465938.95,5115.71,0.01,0.00,ABORT,saida_eixo,0,2
1788465939.05,5115.81,-0.00,0.00,ABORT,saida_eixo,0,2
1788465939.15,5115.91,0.01,0.00,ABORT,saida_eixo,0,2
1788465939.25,5116.01,-0.01,0.00,ABORT,saida_eixo,0,2
1788465939.35,5116.11,-0.00,0.00,ABORT,saida_eixo,0,2
1788465939.45,5116.21,0.00,0.00,ABORT,saida_eixo,0,2
1788465939.55,5116.31,0.01,0.00,ABORT,saida_eixo,0,2
1788465939.65,5116.41,0.00,0.00,ABORT,saida_eixo,0,2
1788465939.75,5116.51,0.00,0.00,ABORT,saida_eixo,0,2
1788465939.85,5116.61,0.01,0.00,ABORT,saida_eixo,0,2
1788465939.95,5116.71,0.01,0.00,ABORT,saida_eixo,0,2
1788465940.05,5116.81,-0.00,0.00,ABORT,saida_eixo,0,2
1788465940.15,5116.91,0.00,0.00,ABORT,saida_eixo,0,2
1788465940.25,5117.01,0.00,0.00,ABORT,saida_eixo,0,2
1788465940.35,5117.11,-0.00,0.00,ABORT,saida_eixo,0,2
1788465940.45,5117.21,0.00,0.00,ABORT,saida_eixo,0,2
1788465940.55,5117.31,0.00,0.00,ABORT,saida_eixo,0,2
1788465940.65,5117.41,-0.00,0.00,ABORT,saida_eixo,0,2
1788465940.75,5117.51,-0.00,0.00,ABORT,saida_eixo,0,2
1788465940.85,5117.61,0.01,0.00,ABORT,saida_eixo,0,2
1788465940.95,5117.71,0.01,0.00,ABORT,saida_eixo,0,2
1788465941.05,5117.81,-0.00,0.00,ABORT,saida_eixo,0,2
1788465941.15,5117.91,0.00,0.00,ABORT,saida_eixo,0,2
1788465941.25,5118.01,0.00,0.00,ABORT,saida_eixo,0,2
1788465941.35,5118.11,0.01,0.00,ABORT,saida_eixo,0,2
1788465941.45,5118.21,0.01,0.00,ABORT,saida_eixo,0,2
1788465941.55,5118.31,0.00,0.00,ABORT,saida_eixo,0,2
1788465941.65,5118.41,-0.00,0.00,ABORT,saida_eixo,0,2
1788465941.75,5118.51,0.00,0.00,ABORT,saida_eixo,0,2
1788465941.85,5118.61,0.00,0.00,ABORT,saida_eixo,0,2
1788465941.95,5118.71,0.00,0.00,ABORT,saida_eixo,0,2
1788465942.05,5118.81,0.01,0.00,ABORT,saida_eixo,0,2
1788465942.15,5118.91,0.01,0.00,ABORT,saida_eixo,0,2
1788465942.25,5119.01,0.00,0.00,ABORT,saida_eixo,0,2
1788465942.35,5119.11,0.00,0.00,ABORT,saida_eixo,0,2
1788465942.45,5119.21,0.00,0.00,ABORT,saida_eixo,0,2
1788465942.55,5119.31,0.01,0.00,ABORT,saida_eixo,0,2
1788465942.65,5119.41,0.01,0.00,ABORT,saida_eixo,0,2
1788465942.75,5119.51,0.00,0.00,ABORT,saida_eixo,0,2
1788465942.85,5119.61,0.00,0.00,ABORT,saida_eixo,0,2
1788465942.95,5119.71,0.01,0.00,ABORT,saida_eixo,0,2
1788465943.05,5119.81,0.00,0.00,ABORT,saida_eixo,0,2
1788465943.15,5119.91,0.00,0.00,ABORT,saida_eixo,0,2
1788465943.25,5120.01,0.00,0.00,ABORT,saida_eixo,0,2
1788465943.35,5120.11,0.01,0.00,ABORT,saida_eixo,0,2
1788465943.45,5120.21,-0.00,0.00,ABORT,saida_eixo,0,2
1788465943.55,5120.31,0.01,0.00,ABORT,saida_eixo,0,2
1788465943.65,5120.41,-0.00,0.00,ABORT,saida_eixo,0,2
1788465943.75,5120.51,0.01,0.00,ABORT,saida_eixo,0,2
1788465943.85,5120.61,0.01,0.00,ABORT,saida_eixo,0,2
1788465943.95,5120.71,-0.00,0.00,ABORT,saida_eixo,0,2
1788465944.05,5120.81,-0.00,0.00,ABORT,saida_eixo,0,2
1788465944.15,5120.91,0.01,0.00,ABORT,saida_eixo,0,2
1788465944.25,5121.01,0.01,0.00,ABORT,saida_eixo,0,2
1788465944.35,5121.11,-0.00,0.00,ABORT,saida_eixo,0,2
1788465944.45,5121.21,0.00,0.00,ABORT,saida_eixo,0,2
1788465944.55,5121.31,0.00,0.00,ABORT,saida_eixo,0,2
1788465944.65,5121.41,-0.01,0.00,ABORT,saida_eixo,0,2
1788465944.75,5121.51,0.01,0.00,ABORT,saida_eixo,0,2
1788465944.85,5121.61,-0.00,0.00,ABORT,saida_eixo,0,2
1788465944.95,5121.71,0.00,0.00,ABORT,saida_eixo,0,2
1788465945.05,5121.81,0.00,0.00,ABORT,saida_eixo,0,2
1788465945.15,5121.91,0.00,0.00,ABORT,saida_eixo,0,2
1788465945.25,5122.01,0.01,0.00,ABORT,saida_eixo,0,2
1788465945.35,5122.11,-0.00,0.00,ABORT,saida_eixo,0,2
1788465945.45,5122.21,0.00,0.00,ABORT,saida_eixo,0,2
1788465945.55,5122.31,0.01,0.00,ABORT,saida_eixo,0,2
1788465945.65,5122.41,0.00,0.00,ABORT,saida_eixo,0,2
1788465945.75,5122.51,0.01,0.00,ABORT,saida_eixo,0,2
1788465945.85,5122.61,0.00,0.00,ABORT,saida_eixo,0,2
1788465945.95,5122.71,-0.00,0.00,ABORT,saida_eixo,0,2
1788465946.05,5122.81,0.01,0.00,ABORT,saida_eixo,0,2
1788465946.15,5122.91,-0.00,0.00,ABORT,saida_eixo,0,2
1788465946.25,5123.01,-0.00,0.00,ABORT,saida_eixo,0,2
1788465946.36,5123.11,-0.00,0.00,ABORT,saida_eixo,0,2
1788465946.46,5123.21,0.01,0.00,ABORT,saida_eixo,0,2
1788465946.56,5123.31,0.00,0.00,ABORT,saida_eixo,0,2
1788465946.66,5123.41,-0.00,0.00,ABORT,saida_eixo,0,2
1788465946.76,5123.51,0.00,0.00,ABORT,saida_eixo,0,2
1788465946.86,5123.61,0.01,0.00,ABORT,saida_eixo,0,2
1788465946.96,5123.71,0.00,0.00,ABORT,saida_eixo,0,2
1788465947.06,5123.81,0.00,0.00,ABORT,saida_eixo,0,2
1788465947.16,5123.91,0.00,0.00,ABORT,saida_eixo,0,2
1788465947.26,5124.01,0.00,0.00,ABORT,saida_eixo,0,2
1788465947.36,5124.11,-0.00,0.00,ABORT,saida_eixo,0,2
1788465947.46,5124.21,0.00,0.00,ABORT,saida_eixo,0,2
1788465947.56,5124.31,0.00,0.00,ABORT,saida_eixo,0,2
1788465947.66,5124.41,-0.00,0.00,ABORT,saida_eixo,0,2
1788465947.76,5124.51,0.00,0.00,ABORT,saida_eixo,0,2
1788465947.86,5124.61,0.00,0.00,ABORT,saida_eixo,0,2
1788465947.96,5124.71,0.01,0.00,ABORT,saida_eixo,0,2
1788465948.06,5124.81,0.01,0.00,ABORT,saida_eixo,0,2
1788465948.16,5124.91,0.00,0.00,ABORT,saida_eixo,0,2
1788465948.26,5125.01,0.01,0.00,ABORT,saida_eixo,0,2
1788465948.36,5125.11,0.00,0.00,ABORT,saida_eixo,0,2
1788465948.46,5125.21,0.01,0.00,ABORT,saida_eixo,0,2
1788465948.56,5125.31,0.00,0.00,ABORT,saida_eixo,0,2
1788465948.66,5125.41,0.00,0.00,ABORT,saida_eixo,0,2
1788465948.76,5125.51,0.01,0.00,ABORT,saida_eixo,0,2
1788465948.86,5125.61,-0.00,0.00,ABORT,saida_eixo,0,2
1788465948.96,5125.71,0.00,0.00,ABORT,saida_eixo,0,2
1788465949.06,5125.81,-0.00,0.00,ABORT,saida_eixo,0,2
1788465949.16,5125.91,-0.00,0.00,ABORT,saida_eixo,0,2
1788465949.26,5126.01,0.01,0.00,ABORT,saida_eixo,0,2
1788465949.36,5126.11,0.01,0.00,ABORT,saida_eixo,0,2
1788465949.46,5126.21,0.01,0.00,ABORT,saida_eixo,0,2
1788465949.56,5126.31,0.00,0.00,ABORT,saida_eixo,0,2
1788465949.66,5126.41,0.00,0.00,ABORT,saida_eixo,0,2
1788465949.76,5126.51,0.01,0.00,ABORT,saida_eixo,0,2
1788465949.86,5126.61,0.01,0.00,ABORT,saida_eixo,0,2
1788465949.96,5126.71,0.01,0.00,ABORT,saida_eixo,0,2
1788465950.06,5126.81,-0.00,0.00,ABORT,saida_eixo,0,2
1788465950.16,5126.91,-0.00,0.00,ABORT,saida_eixo,0,2
1788465950.26,5127.01,-0.00,0.00,ABORT,saida_eixo,0,2
1788465950.36,5127.11,-0.00,0.00,ABORT,saida_eixo,0,2
1788465950.46,5127.21,0.01,0.00,ABORT,saida_eixo,0,2
1788465950.56,5127.31,0.00,0.00,ABORT,saida_eixo,0,2
1788465950.66,5127.41,0.00,0.00,ABORT,saida_eixo,0,2
1788465950.76,5127.51,-0.00,0.00,ABORT,saida_eixo,0,2
1788465950.86,5127.61,0.00,0.00,ABORT,saida_eixo,0,2
1788465950.96,5127.71,-0.00,0.00,ABORT,saida_eixo,0,2
1788465951.06,5127.81,0.01,0.00,ABORT,saida_eixo,0,2
1788465951.16,5127.91,-0.00,0.00,ABORT,saida_eixo,0,2
1788465951.26,5128.01,0.01,0.00,ABORT,saida_eixo,0,2
1788465951.36,5128.11,0.01,0.00,ABORT,saida_eixo,0,2
1788465951.46,5128.21,0.00,0.00,ABORT,saida_eixo,0,2
1788465951.56,5128.31,0.01,0.00,ABORT,saida_eixo,0,2
1788465951.66,5128.41,0.00,0.00,ABORT,saida_eixo,0,2
1788465951.76,5128.51,0.00,0.00,ABORT,saida_eixo,0,2
1788465951.86,5128.61,0.00,0.00,ABORT,saida_eixo,0,2
1788465951.96,5128.71,0.00,0.00,ABORT,saida_eixo,0,2
1788465952.06,5128.81,0.01,0.00,ABORT,saida_eixo,0,2
1788465952.16,5128.91,0.00,0.00,ABORT,saida_eixo,0,2
1788465952.26,5129.01,0.00,0.00,ABORT,saida_eixo,0,2
1788465952.36,5129.11,-0.00,0.00,ABORT,saida_eixo,0,2
1788465952.46,5129.21,0.01,0.00,ABORT,saida_eixo,0,2
1788465952.56,5129.31,0.00,0.00,ABORT,saida_eixo,0,2
1788465952.66,5129.41,0.01,0.00,ABORT,saida_eixo,0,2
1788465952.76,5129.51,0.01,0.00,ABORT,saida_eixo,0,2
1788465952.86,5129.61,0.00,0.00,ABORT,saida_eixo,0,2
1788465952.96,5129.71,0.00,0.00,ABORT,saida_eixo,0,2
1788465953.06,5129.81,0.01,0.00,ABORT,saida_eixo,0,2
1788465953.16,5129.91,-0.00,0.00,ABORT,saida_eixo,0,2
1788465953.26,5130.01,-0.00,0.00,ABORT,saida_eixo,0,2
1788465953.36,5130.11,0.00,0.00,ABORT,saida_eixo,0,2
1788465953.46,5130.21,0.00,0.00,ABORT,saida_eixo,0,2
1788465953.56,5130.31,0.00,0.00,ABORT,saida_eixo,0,2
1788465953.66,5130.41,0.01,0.00,ABORT,saida_eixo,0,2
1788465953.76,5130.51,0.01,0.00,ABORT,saida_eixo,0,2
1788465953.86,5130.61,-0.00,0.00,ABORT,saida_eixo,0,2
1788465953.96,5130.71,-0.00,0.00,ABORT,saida_eixo,0,2
1788465954.07,5130.81,0.01,0.00,ABORT,saida_eixo,0,2
1788465954.17,5130.91,0.01,0.00,ABORT,saida_eixo,0,2
1788465954.27,5131.01,0.01,0.00,ABORT,saida_eixo,0,2
1788465954.37,5131.11,0.00,0.00,ABORT,saida_eixo,0,2
1788465954.46,5131.21,-0.00,0.00,ABORT,saida_eixo,0,2
1788465954.57,5131.31,0.00,0.00,ABORT,saida_eixo,0,2
1788465954.67,5131.41,0.00,0.00,ABORT,saida_eixo,0,2
1788465954.77,5131.51,-0.01,0.00,ABORT,saida_eixo,0,2
1788465954.87,5131.61,-0.00,0.00,ABORT,saida_eixo,0,2
1788465954.97,5131.71,0.01,0.00,ABORT,saida_eixo,0,2
1788465955.07,5131.81,-0.00,0.00,ABORT,saida_eixo,0,2
1788465955.17,5131.91,-0.00,0.00,ABORT,saida_eixo,0,2
1788465955.27,5132.01,0.00,0.00,ABORT,saida_eixo,0,2
1788465955.37,5132.11,0.01,0.00,ABORT,saida_eixo,0,2
1788465955.47,5132.21,0.00,0.00,ABORT,saida_eixo,0,2
1788465955.57,5132.31,0.00,0.00,ABORT,saida_eixo,0,2
1788465955.67,5132.41,-0.00,0.00,ABORT,saida_eixo,0,2
1788465955.77,5132.51,0.00,0.00,ABORT,saida_eixo,0,2
1788465955.87,5132.61,0.00,0.00,ABORT,saida_eixo,0,2
1788465955.97,5132.71,0.01,0.00,ABORT,saida_eixo,0,2
1788465956.07,5132.81,0.01,0.00,ABORT,saida_eixo,0,2
1788465956.17,5132.91,0.01,0.00,ABORT,saida_eixo,0,2
1788465956.27,5133.01,-0.00,0.00,ABORT,saida_eixo,0,2
1788465956.37,5133.11,-0.01,0.00,ABORT,saida_eixo,0,2
1788465956.47,5133.21,0.00,0.00,ABORT,saida_eixo,0,2
1788465956.57,5133.31,-0.00,0.00,ABORT,saida_eixo,0,2
1788465956.67,5133.41,0.00,0.00,ABORT,saida_eixo,0,2
1788465956.77,5133.51,-0.00,0.00,ABORT,saida_eixo,0,2
1788465956.87,5133.61,0.01,0.00,ABORT,saida_eixo,0,2
1788465956.97,5133.71,-0.00,0.00,ABORT,saida_eixo,0,2
1788465957.07,5133.81,-0.00,0.00,ABORT,saida_eixo,0,2
1788465957.17,5133.91,0.00,0.00,ABORT,saida_eixo,0,2
1788465957.27,5134.01,0.01,0.00,ABORT,saida_eixo,0,2
1788465957.37,5134.11,0.00,0.00,ABORT,saida_eixo,0,2
1788465957.47,5134.21,0.01,0.00,ABORT,saida_eixo,0,2
1788465957.57,5134.31,0.00,0.00,ABORT,saida_eixo,0,2
1788465957.67,5134.41,0.01,0.00,ABORT,saida_eixo,0,2
1788465957.77,5134.51,0.01,0.00,ABORT,saida_eixo,0,2
1788465957.87,5134.61,-0.00,0.00,ABORT,saida_eixo,0,2
1788465957.97,5134.71,-0.00,0.00,ABORT,saida_eixo,0,2
1788465958.07,5134.81,0.01,0.00,ABORT,saida_eixo,0,2
1788465958.17,5134.91,0.01,0.00,ABORT,saida_eixo,0,2
1788465958.27,5135.01,0.00,0.00,ABORT,saida_eixo,0,2
1788465958.37,5135.11,0.01,0.00,ABORT,saida_eixo,0,2
1788465958.47,5135.21,0.00,0.00,ABORT,saida_eixo,0,2
1788465958.57,5135.31,0.01,0.00,ABORT,saida_eixo,0,2
1788465958.67,5135.41,0.00,0.00,ABORT,saida_eixo,0,2
1788465958.77,5135.51,-0.00,0.00,ABORT,saida_eixo,0,2
1788465958.87,5135.61,-0.00,0.00,ABORT,saida_eixo,0,2
1788465958.97,5135.71,0.01,0.00,ABORT,saida_eixo,0,2
1788465959.07,5135.81,0.00,0.00,ABORT,saida_eixo,0,2
1788465959.17,5135.91,0.00,0.00,ABORT,saida_eixo,0,2
1788465959.27,5136.01,-0.00,0.00,ABORT,saida_eixo,0,2
1788465959.37,5136.11,0.00,0.00,ABORT,saida_eixo,0,2
1788465959.47,5136.21,-0.01,0.00,ABORT,saida_eixo,0,2
1788465959.57,5136.31,-0.00,0.00,ABORT,saida_eixo,0,2
1788465959.67,5136.41,0.01,0.00,ABORT,saida_eixo,0,2
1788465959.77,5136.51,0.00,0.00,ABORT,saida_eixo,0,2
1788465959.87,5136.61,0.01,0.00,ABORT,saida_eixo,0,2
1788465959.97,5136.71,0.00,0.00,ABORT,saida_eixo,0,2
1788465960.07,5136.81,0.00,0.00,ABORT,saida_eixo,0,2
1788465960.17,5136.91,-0.00,0.00,ABORT,saida_eixo,0,2
1788465960.27,5137.01,0.00,0.00,ABORT,saida_eixo,0,2
1788465960.37,5137.11,-0.00,0.00,ABORT,saida_eixo,0,2
1788465960.47,5137.21,-0.00,0.00,ABORT,saida_eixo,0,2
1788465960.57,5137.31,0.00,0.00,ABORT,saida_eixo,0,2
1788465960.67,5137.41,0.01,0.00,ABORT,saida_eixo,0,2
1788465960.77,5137.51,-0.00,0.00,ABORT,saida_eixo,0,2
1788465960.87,5137.61,0.01,0.00,ABORT,saida_eixo,0,2
1788465960.97,5137.71,0.01,0.00,ABORT,saida_eixo,0,2
1788465961.07,5137.81,-0.00,0.00,ABORT,saida_eixo,0,2
1788465961.17,5137.91,0.01,0.00,ABORT,saida_eixo,0,2
1788465961.27,5138.01,0.01,0.00,ABORT,saida_eixo,0,2
1788465961.37,5138.11,-0.00,0.00,ABORT,saida_eixo,0,2
1788465961.47,5138.21,0.00,0.00,ABORT,saida_eixo,0,2
1788465961.57,5138.31,-0.00,0.00,ABORT,saida_eixo,0,2
1788465961.67,5138.41,0.00,0.00,ABORT,saida_eixo,0,2
1788465961.77,5138.51,0.00,0.00,ABORT,saida_eixo,0,2
1788465961.87,5138.61,-0.00,0.00,ABORT,saida_eixo,0,2
1788465961.97,5138.71,-0.00,0.00,ABORT,saida_eixo,0,2
1788465962.07,5138.81,0.01,0.00,ABORT,saida_eixo,0,2
1788465962.17,5138.91,0.01,0.00,ABORT,saida_eixo,0,2
1788465962.27,5139.01,0.00,0.00,ABORT,saida_eixo,0,2
1788465962.37,5139.11,0.00,0.00,ABORT,saida_eixo,0,2
1788465962.47,5139.21,0.00,0.00,ABORT,saida_eixo,0,2
1788465962.57,5139.31,-0.00,0.00,ABORT,saida_eixo,0,2
1788465962.67,5139.41,-0.00,0.00,ABORT,saida_eixo,0,2
1788465962.77,5139.51,0.01,0.00,ABORT,saida_eixo,0,2
1788465962.87,5139.61,0.00,0.00,ABORT,saida_eixo,0,2
1788465962.97,5139.71,0.00,0.00,ABORT,saida_eixo,0,2
1788465963.08,5139.81,0.01,0.00,ABORT,saida_eixo,0,2
1788465963.18,5139.91,0.01,0.00,ABORT,saida_eixo,0,2
1788465963.28,5140.01,0.00,0.00,ABORT,saida_eixo,0,2
1788465963.38,5140.11,0.00,0.00,ABORT,saida_eixo,0,2
1788465963.48,5140.21,0.00,0.00,ABORT,saida_eixo,0,2
1788465963.58,5140.31,0.00,0.00,ABORT,saida_eixo,0,2
1788465963.68,5140.41,0.00,0.00,ABORT,saida_eixo,0,2
1788465963.78,5140.51,0.01,0.00,ABORT,saida_eixo,0,2
1788465963.88,5140.61,0.01,0.00,ABORT,saida_eixo,0,2
1788465963.98,5140.71,-0.00,0.00,ABORT,saida_eixo,0,2
1788465964.08,5140.81,-0.00,0.00,ABORT,saida_eixo,0,2
1788465964.18,5140.91,0.01,0.00,ABORT,saida_eixo,0,2
1788465964.28,5141.01,0.00,0.00,ABORT,saida_eixo,0,2
1788465964.38,5141.11,0.00,0.00,ABORT,saida_eixo,0,2
1788465964.48,5141.21,0.01,0.00,ABORT,saida_eixo,0,2
1788465964.58,5141.31,0.01,0.00,ABORT,saida_eixo,0,2
1788465964.68,5141.41,0.00,0.00,ABORT,saida_eixo,0,2
1788465964.78,5141.51,-0.00,0.00,ABORT,saida_eixo,0,2
1788465964.88,5141.61,-0.01,0.00,ABORT,saida_eixo,0,2
1788465964.98,5141.71,-0.00,0.00,ABORT,saida_eixo,0,2
1788465965.08,5141.81,-0.00,0.00,ABORT,saida_eixo,0,2
1788465965.18,5141.91,0.00,0.00,ABORT,saida_eixo,0,2
1788465965.28,5142.01,0.00,0.00,ABORT,saida_eixo,0,2
1788465965.38,5142.11,0.00,0.00,ABORT,saida_eixo,0,2
1788465965.48,5142.21,0.01,0.00,ABORT,saida_eixo,0,2
1788465965.58,5142.31,-0.00,0.00,ABORT,saida_eixo,0,2
1788465965.68,5142.41,-0.00,0.00,ABORT,saida_eixo,0,2
1788465965.78,5142.51,-0.00,0.00,ABORT,saida_eixo,0,2
1788465965.88,5142.61,0.00,0.00,ABORT,saida_eixo,0,2
1788465965.98,5142.71,0.00,0.00,ABORT,saida_eixo,0,2
1788465966.08,5142.81,-0.00,0.00,ABORT,saida_eixo,0,2
1788465966.18,5142.91,0.01,0.00,ABORT,saida_eixo,0,2
1788465966.28,5143.01,0.00,0.00,ABORT,saida_eixo,0,2
1788465966.38,5143.11,0.01,0.00,ABORT,saida_eixo,0,2
1788465966.48,5143.21,0.01,0.00,ABORT,saida_eixo,0,2
1788465966.58,5143.31,0.01,0.00,ABORT,saida_eixo,0,2
1788465966.68,5143.41,0.00,0.00,ABORT,saida_eixo,0,2
1788465966.78,5143.51,-0.00,0.00,ABORT,saida_eixo,0,2
1788465966.88,5143.61,0.00,0.00,ABORT,saida_eixo,0,2
1788465966.98,5143.71,-0.00,0.00,ABORT,saida_eixo,0,2
1788465967.08,5143.81,0.01,0.00,ABORT,saida_eixo,0,2
1788465967.18,5143.91,-0.01,0.00,ABORT,saida_eixo,0,2
1788465967.28,5144.01,-0.00,0.00,ABORT,saida_eixo,0,2
1788465967.38,5144.11,0.01,0.00,ABORT,saida_eixo,0,2
1788465967.48,5144.21,0.00,0.00,ABORT,saida_eixo,0,2
1788465967.58,5144.31,0.01,0.00,ABORT,saida_eixo,0,2
1788465967.68,5144.41,0.01,0.00,ABORT,saida_eixo,0,2
1788465967.78,5144.51,0.01,0.00,ABORT,saida_eixo,0,2
1788465967.88,5144.61,0.01,0.00,ABORT,saida_eixo,0,2
1788465967.98,5144.71,-0.00,0.00,ABORT,saida_eixo,0,2
1788465968.08,5144.81,0.00,0.00,ABORT,saida_eixo,0,2
1788465968.18,5144.91,-0.00,0.00,ABORT,saida_eixo,0,2
1788465968.28,5145.01,0.00,0.00,ABORT,saida_eixo,0,2
1788465968.38,5145.11,0.00,0.00,ABORT,saida_eixo,0,2
1788465968.48,5145.21,0.00,0.00,ABORT,saida_eixo,0,2
1788465968.58,5145.31,0.01,0.00,ABORT,saida_eixo,0,2
1788465968.68,5145.41,0.00,0.00,ABORT,saida_eixo,0,2
1788465968.78,5145.51,0.00,0.00,ABORT,saida_eixo,0,2
1788465968.88,5145.61,0.00,0.00,ABORT,saida_eixo,0,2
1788465968.98,5145.71,0.00,0.00,ABORT,saida_eixo,0,2
1788465969.08,5145.81,0.01,0.00,ABORT,saida_eixo,0,2
1788465969.18,5145.91,0.01,0.00,ABORT,saida_eixo,0,2
1788465969.28,5146.01,0.00,0.00,ABORT,saida_eixo,0,2
1788465969.38,5146.11,0.01,0.00,ABORT,saida_eixo,0,2
1788465969.48,5146.21,-0.00,0.00,ABORT,saida_eixo,0,2
1788465969.58,5146.31,-0.00,0.00,ABORT,saida_eixo,0,2
1788465969.68,5146.41,0.00,0.00,ABORT,saida_eixo,0,2
1788465969.78,5146.51,0.01,0.00,ABORT,saida_eixo,0,2
1788465969.88,5146.61,-0.00,0.00,ABORT,saida_eixo,0,2
1788465969.98,5146.71,0.00,0.00,ABORT,saida_eixo,0,2
1788465970.08,5146.81,0.01,0.00,ABORT,saida_eixo,0,2
1788465970.18,5146.91,-0.00,0.00,ABORT,saida_eixo,0,2
1788465970.28,5147.01,0.01,0.00,ABORT,saida_eixo,0,2
1788465970.38,5147.11,-0.01,0.00,ABORT,saida_eixo,0,2
1788465970.48,5147.21,-0.00,0.00,ABORT,saida_eixo,0,2
1788465970.58,5147.31,0.00,0.00,ABORT,saida_eixo,0,2
1788465970.68,5147.41,0.01,0.00,ABORT,saida_eixo,0,2
1788465970.78,5147.51,0.00,0.00,ABORT,saida_eixo,0,2
1788465970.88,5147.61,0.00,0.00,ABORT,saida_eixo,0,2
1788465970.98,5147.71,0.01,0.00,ABORT,saida_eixo,0,2
1788465971.08,5147.81,0.01,0.00,ABORT,saida_eixo,0,2
1788465971.18,5147.91,-0.00,0.00,ABORT,saida_eixo,0,2
1788465971.28,5148.01,0.00,0.00,ABORT,saida_eixo,0,2
1788465971.38,5148.11,0.00,0.00,ABORT,saida_eixo,0,2
1788465971.48,5148.21,-0.00,0.00,ABORT,saida_eixo,0,2
1788465971.58,5148.31,0.00,0.00,ABORT,saida_eixo,0,2
1788465971.68,5148.41,0.00,0.00,ABORT,saida_eixo,0,2
1788465971.78,5148.51,-0.00,0.00,ABORT,saida_eixo,0,2
1788465971.88,5148.61,-0.00,0.00,ABORT,saida_eixo,0,2
1788465971.98,5148.71,0.01,0.00,ABORT,saida_eixo,0,2
1788465972.08,5148.81,0.01,0.00,ABORT,saida_eixo,0,2
1788465972.18,5148.91,-0.00,0.00,ABORT,saida_eixo,0,2
1788465972.28,5149.01,0.00,0.00,ABORT,saida_eixo,0,2
1788465972.39,5149.11,0.00,0.00,ABORT,saida_eixo,0,2
1788465972.49,5149.21,0.01,0.00,ABORT,saida_eixo,0,2
1788465972.58,5149.31,0.01,0.00,ABORT,saida_eixo,0,2
1788465972.69,5149.41,0.00,0.00,ABORT,saida_eixo,0,2
1788465972.79,5149.51,-0.00,0.00,ABORT,saida_eixo,0,2
1788465972.89,5149.61,0.00,0.00,ABORT,saida_eixo,0,2
1788465972.99,5149.71,0.00,0.00,ABORT,saida_eixo,0,2
1788465973.09,5149.81,0.00,0.00,ABORT,saida_eixo,0,2
1788465973.19,5149.91,0.01,0.00,ABORT,saida_eixo,0,2
1788465973.29,5150.01,0.01,0.00,ABORT,saida_eixo,0,2
1788465973.39,5150.11,0.00,0.00,ABORT,saida_eixo,0,2
1788465973.49,5150.21,0.00,0.00,ABORT,saida_eixo,0,2
1788465973.59,5150.31,0.00,0.00,ABORT,saida_eixo,0,2
1788465973.69,5150.41,0.01,0.00,ABORT,saida_eixo,0,2
1788465973.79,5150.51,0.01,0.00,ABORT,saida_eixo,0,2
1788465973.89,5150.61,0.00,0.00,ABORT,saida_eixo,0,2
1788465973.99,5150.71,0.00,0.00,ABORT,saida_eixo,0,2
1788465974.09,5150.81,0.01,0.00,ABORT,saida_eixo,0,2
1788465974.19,5150.91,0.00,0.00,ABORT,saida_eixo,0,2
1788465974.29,5151.01,0.00,0.00,ABORT,saida_eixo,0,2
1788465974.39,5151.11,-0.00,0.00,ABORT,saida_eixo,0,2
1788465974.49,5151.21,0.01,0.00,ABORT,saida_eixo,0,2
1788465974.59,5151.31,-0.00,0.00,ABORT,saida_eixo,0,2
1788465974.69,5151.41,0.01,0.00,ABORT,saida_eixo,0,2
1788465974.79,5151.51,-0.00,0.00,ABORT,saida_eixo,0,2
1788465974.89,5151.61,0.01,0.00,ABORT,saida_eixo,0,2
1788465974.99,5151.71,0.01,0.00,ABORT,saida_eixo,0,2
1788465975.09,5151.81,-0.00,0.00,ABORT,saida_eixo,0,2
1788465975.19,5151.91,-0.00,0.00,ABORT,saida_eixo,0,2
1788465975.29,5152.01,0.01,0.00,ABORT,saida_eixo,0,2
1788465975.39,5152.11,0.01,0.00,ABORT,saida_eixo,0,2
1788465975.49,5152.21,-0.00,0.00,ABORT,saida_eixo,0,2
1788465975.59,5152.31,0.00,0.00,ABORT,saida_eixo,0,2
1788465975.69,5152.41,0.00,0.00,ABORT,saida_eixo,0,2
1788465975.79,5152.51,-0.01,0.00,ABORT,saida_eixo,0,2
1788465975.89,5152.61,0.01,0.00,ABORT,saida_eixo,0,2
1788465975.99,5152.71,-0.00,0.00,ABORT,saida_eixo,0,2
1788465976.09,5152.81,0.00,0.00,ABORT,saida_eixo,0,2
1788465976.19,5152.91,0.00,0.00,ABORT,saida_eixo,0,2
1788465976.29,5153.01,0.00,0.00,ABORT,saida_eixo,0,2
1788465976.39,5153.11,0.01,0.00,ABORT,saida_eixo,0,2
1788465976.49,5153.21,-0.00,0.00,ABORT,saida_eixo,0,2
1788465976.59,5153.31,0.00,0.00,ABORT,saida_eixo,0,2
1788465976.69,5153.41,0.01,0.00,ABORT,saida_eixo,0,2
1788465976.79,5153.51,0.00,0.00,ABORT,saida_eixo,0,2
1788465976.89,5153.61,0.01,0.00,ABORT,saida_eixo,0,2
1788465976.99,5153.71,0.00,0.00,ABORT,saida_eixo,0,2
