wall,sim,lingueta_mm,lamina_deg,estado,fase,armvel_nz,armvel_n
1788470590.59,0.00,0.01,0.00,,,0,0
1788470590.90,68.32,0.00,0.00,,,0,0
1788470590.91,68.32,0.00,0.00,,,0,0
1788470591.01,68.42,0.01,0.00,,,0,0
1788470591.11,68.52,0.00,0.00,,,0,0
1788470591.21,68.62,0.01,0.00,,,0,0
1788470591.31,68.72,-0.00,0.00,,,0,0
1788470591.42,68.82,-0.00,0.00,,,0,0
1788470591.51,68.92,0.00,0.00,,,0,0
1788470591.61,69.02,0.00,0.00,,,0,0
1788470591.71,69.12,-0.00,0.00,,,0,0
1788470591.82,69.22,-0.00,0.00,,,0,0
1788470591.92,69.32,-0.00,0.00,,,0,0
1788470592.02,69.42,0.00,0.00,,,0,0
1788470592.12,69.52,0.00,0.00,,,0,0
1788470592.22,69.62,0.01,0.00,,,0,0
1788470592.32,69.72,0.01,0.00,,,0,0
1788470592.42,69.82,0.00,0.00,,,0,0
1788470592.52,69.92,0.01,0.00,,,0,0
1788470592.62,70.02,0.00,0.00,,,0,0
1788470592.73,70.12,0.00,0.00,,,0,0
1788470592.83,70.22,0.01,0.00,,,0,0
1788470592.93,70.32,0.00,0.00,,,0,0
1788470593.03,70.42,0.01,0.00,,,0,0
1788470593.13,70.52,0.01,0.00,,,0,0
1788470593.23,70.62,0.01,0.00,,,0,0
1788470593.33,70.72,0.00,0.00,,,0,0
1788470593.44,70.82,0.00,0.00,,,0,0
1788470593.54,70.92,0.01,0.00,,,0,0
1788470593.64,71.02,-0.01,0.00,,,0,0
1788470593.74,71.12,0.01,0.00,,,0,0
1788470593.85,71.22,0.01,0.00,,,0,0
1788470593.95,71.32,0.01,0.00,,,0,0
1788470594.05,71.42,0.01,0.00,,,0,0
1788470594.15,71.52,-0.00,0.00,,,0,0
1788470594.25,71.62,0.00,0.00,,,0,0
1788470594.35,71.72,0.00,0.00,,,0,0
1788470594.45,71.82,0.00,0.00,,,0,0
1788470594.55,71.92,-0.00,0.00,,,0,0
1788470594.65,72.02,0.00,0.00,,,0,0
1788470594.76,72.12,0.00,0.00,,,0,0
1788470594.86,72.22,-0.01,0.00,,,0,0
1788470594.96,72.32,0.01,0.00,,,0,0
1788470595.06,72.42,-0.00,0.00,,,0,0
1788470595.16,72.52,0.00,0.00,,,0,0
1788470595.26,72.62,0.00,0.00,,,0,0
1788470595.37,72.72,0.00,0.00,,,0,0
1788470595.47,72.82,0.01,0.00,,,0,0
1788470595.57,72.92,-0.00,0.00,,,0,0
1788470595.67,73.03,0.01,0.00,,,0,0
1788470595.77,73.12,0.01,0.00,,,0,0
1788470595.88,73.22,0.01,0.00,,,0,0
1788470595.97,73.32,0.01,0.00,,,0,0
1788470596.08,73.42,-0.00,0.00,,,0,0
1788470596.18,73.52,-0.00,0.00,,,0,0
1788470596.28,73.62,0.01,0.00,,,0,0
1788470596.38,73.72,-0.00,0.00,,,0,0
1788470596.48,73.82,0.00,0.00,,,0,0
1788470596.58,73.92,-0.00,0.00,,,0,0
1788470596.68,74.02,0.01,0.00,,,0,0
1788470596.78,74.12,0.00,0.00,,,0,0
1788470596.89,74.22,-0.00,0.00,,,0,0
1788470596.99,74.32,0.00,0.00,,,0,0
1788470597.09,74.42,0.01,0.00,,,0,0
1788470597.19,74.52,0.00,0.00,,,0,0
1788470597.29,74.62,0.00,0.00,,,0,0
1788470597.39,74.72,0.00,0.00,,,0,0
1788470597.49,74.82,0.00,0.00,,,0,0
1788470597.59,74.92,-0.00,0.00,,,0,0
1788470597.69,75.02,0.00,0.00,,,0,0
1788470597.79,75.12,0.00,0.00,,,0,0
1788470597.90,75.22,-0.00,0.00,,,0,0
1788470597.99,75.32,0.00,0.00,,,0,0
1788470598.09,75.42,0.00,0.00,,,0,0
1788470598.19,75.52,0.01,0.00,,,0,0
1788470598.30,75.62,0.01,0.00,,,0,0
1788470598.42,75.73,-0.00,0.00,,,0,0
1788470598.51,75.82,0.00,0.00,,,0,0
1788470598.61,75.92,-0.00,0.00,,,0,0
1788470598.71,76.02,0.01,0.00,,,0,0
1788470598.82,76.12,0.00,0.00,,,0,0
1788470598.92,76.22,0.00,0.00,,,0,0
1788470599.02,76.32,0.01,0.00,,,0,0
1788470599.12,76.42,-0.01,0.00,,,0,0
1788470599.22,76.52,0.00,0.00,,,0,0
1788470599.32,76.62,-0.00,0.00,,,0,0
1788470599.42,76.72,-0.00,0.00,,,0,0
1788470599.53,76.82,0.01,0.00,,,0,0
1788470599.62,76.92,0.01,0.00,,,0,0
1788470599.75,77.02,-0.00,0.00,,,0,0
1788470599.84,77.12,0.00,0.00,,,0,0
1788470599.94,77.22,0.00,0.00,,,0,0
1788470600.04,77.32,0.00,0.00,,,0,0
1788470600.15,77.43,0.00,0.00,,,0,0
1788470600.26,77.52,-0.00,0.00,,,0,0
1788470600.36,77.62,0.00,0.00,,,0,0
1788470600.46,77.72,0.00,0.00,,,0,0
1788470600.56,77.82,-0.00,0.00,,,0,0
1788470600.67,77.92,0.01,0.00,,,0,0
1788470600.76,78.02,0.01,0.00,STOW_INIT,,0,1
1788470600.87,78.12,0.00,0.00,STOW_INIT,,0,0
1788470600.97,78.22,0.00,0.00,STOW_INIT,,0,0
1788470601.07,78.32,-0.00,0.00,STOW_INIT,,0,0
1788470601.17,78.42,0.00,0.00,SEARCH,,0,0
1788470601.27,78.52,-0.00,0.00,SEARCH,,0,0
1788470601.38,78.62,0.01,0.00,SEARCH,,0,0
1788470601.48,78.72,-0.00,0.00,SEARCH,,0,0
1788470601.58,78.83,0.01,0.00,SEARCH,,0,0
1788470601.68,78.92,0.01,0.00,SEARCH,,0,0
1788470601.79,79.03,0.00,0.00,SEARCH,,0,0
1788470601.88,79.12,0.01,0.00,SEARCH,,0,0
1788470601.99,79.22,0.01,0.00,SEARCH,,0,0
1788470602.09,79.32,-0.00,0.00,SEARCH,,0,0
1788470602.19,79.42,0.00,0.00,SEARCH,,0,0
1788470602.29,79.52,0.00,0.00,SEARCH,,0,0
1788470602.39,79.62,0.01,0.00,SEARCH,,0,0
1788470602.49,79.72,-0.00,0.00,SEARCH,,0,0
1788470602.60,79.82,0.00,0.00,SEARCH,,0,0
1788470602.70,79.92,-0.00,0.00,SEARCH,,0,0
1788470602.79,80.02,0.01,0.00,SEARCH,,0,0
1788470602.90,80.12,0.00,0.00,SEARCH,,0,0
1788470603.00,80.22,0.00,0.00,SEARCH,,0,0
1788470603.10,80.32,0.01,0.00,SEARCH,,0,0
1788470603.20,80.42,-0.00,0.00,SEARCH,,0,0
1788470603.30,80.52,0.00,0.00,SEARCH,,0,0
1788470603.40,80.62,0.01,0.00,SEARCH,,0,0
1788470603.50,80.72,-0.00,0.00,SEARCH,,0,0
1788470603.61,80.83,0.00,0.00,SEARCH,,0,0
1788470603.71,80.92,0.00,0.00,SEARCH,,0,0
1788470603.81,81.02,0.01,0.00,SEARCH,,0,0
1788470603.91,81.12,0.00,0.00,SEARCH,,0,0
1788470604.01,81.22,0.01,0.00,SEARCH,,0,0
1788470604.11,81.32,0.01,0.00,SEARCH,,0,0
1788470604.21,81.42,-0.00,0.00,SEARCH,,0,0
1788470604.31,81.52,-0.00,0.00,SEARCH,,0,0
1788470604.41,81.62,0.01,0.00,SEARCH,,0,0
1788470604.51,81.72,0.01,0.00,SEARCH,,0,0
1788470604.61,81.82,0.01,0.00,SEARCH,,0,0
1788470604.71,81.92,-0.00,0.00,SEARCH,,0,0
1788470604.82,82.02,-0.00,0.00,SEARCH,,0,0
1788470604.92,82.12,0.00,0.00,SEARCH,,0,0
1788470605.02,82.22,0.01,0.00,SEARCH,,0,0
1788470605.12,82.32,-0.00,0.00,SEARCH,,0,0
1788470605.22,82.42,0.01,0.00,SEARCH,,0,0
1788470605.32,82.52,0.01,0.00,SEARCH,,0,0
1788470605.43,82.62,0.01,0.00,SEARCH,,0,0
1788470605.53,82.72,-0.00,0.00,SEARCH,,0,0
1788470605.63,82.82,0.00,0.00,SEARCH,,0,0
1788470605.73,82.92,0.01,0.00,SEARCH,,0,0
1788470605.83,83.02,0.00,0.00,SEARCH,,0,0
1788470605.93,83.12,0.00,0.00,SEARCH,,0,0
1788470606.03,83.22,0.00,0.00,SEARCH,,0,0
1788470606.14,83.32,0.00,0.00,SEARCH,,0,0
1788470606.23,83.42,0.00,0.00,SEARCH,,0,0
1788470606.34,83.52,0.01,0.00,SEARCH,,0,0
1788470606.44,83.62,0.01,0.00,SEARCH,,0,0
1788470606.54,83.72,0.00,0.00,SEARCH,,0,0
1788470606.64,83.82,-0.00,0.00,SEARCH,,0,0
1788470606.74,83.92,-0.00,0.00,SEARCH,,0,0
1788470606.85,84.02,0.01,0.00,SEARCH,,0,0
1788470606.95,84.12,0.01,0.00,SEARCH,,0,0
1788470607.05,84.22,-0.00,0.00,SEARCH,,0,0
1788470607.15,84.32,-0.01,0.00,SEARCH,,0,0
1788470607.25,84.42,0.01,0.00,SEARCH,,0,0
1788470607.35,84.52,-0.00,0.00,SEARCH,,0,0
1788470607.45,84.62,0.00,0.00,SEARCH,,0,0
1788470607.55,84.72,0.01,0.00,SEARCH,,0,0
1788470607.65,84.82,-0.00,0.00,SEARCH,,0,0
1788470607.75,84.92,0.00,0.00,SEARCH,,0,0
1788470607.86,85.03,0.01,0.00,SEARCH,,0,0
1788470607.96,85.12,0.00,0.00,SEARCH,,0,0
1788470608.06,85.22,0.00,0.00,SEARCH,,0,0
1788470608.16,85.32,0.01,0.00,SEARCH,,0,0
1788470608.26,85.42,0.00,0.00,SEARCH,,0,0
1788470608.36,85.52,-0.00,0.00,SEARCH,,0,0
1788470608.46,85.62,0.01,0.00,SEARCH,,0,0
1788470608.56,85.72,0.01,0.00,SEARCH,,0,0
1788470608.66,85.82,0.00,0.00,SEARCH,,0,0
1788470608.76,85.92,0.01,0.00,SEARCH,,0,0
1788470608.87,86.03,0.00,0.00,SEARCH,,0,0
1788470608.96,86.12,-0.00,0.00,SEARCH,,0,0
1788470609.07,86.22,0.00,0.00,SEARCH,,0,0
1788470609.17,86.32,0.00,0.00,SEARCH,,0,0
1788470609.27,86.42,-0.00,0.00,SEARCH,,0,0
1788470609.37,86.52,0.01,0.00,SEARCH,,0,0
1788470609.47,86.62,-0.00,0.00,SEARCH,,0,0
1788470609.58,86.72,0.00,0.00,SEARCH,,0,0
1788470609.67,86.82,-0.00,0.00,SEARCH,,0,0
1788470609.77,86.92,0.00,0.00,SEARCH,,0,0
1788470609.88,87.02,-0.00,0.00,SEARCH,,0,0
1788470609.98,87.12,-0.00,0.00,SEARCH,,0,0
1788470610.08,87.22,0.01,0.00,SEARCH,,0,0
1788470610.18,87.32,0.00,0.00,SEARCH,,0,0
1788470610.28,87.42,0.01,0.00,SEARCH,,0,0
1788470610.39,87.52,0.00,0.00,SEARCH,,0,0
1788470610.49,87.62,0.00,0.00,SEARCH,,0,0
1788470610.59,87.72,-0.00,0.00,SEARCH,,0,0
1788470610.69,87.82,0.00,0.00,SEARCH,,0,0
1788470610.79,87.92,-0.00,0.00,SEARCH,,0,0
1788470610.89,88.02,-0.00,0.00,SEARCH,,0,0
1788470610.99,88.12,0.00,0.00,SEARCH,,0,0
1788470611.09,88.22,0.01,0.00,SEARCH,,0,0
1788470611.19,88.32,-0.01,0.00,SEARCH,,0,0
1788470611.30,88.42,0.01,0.00,SEARCH,,0,0
1788470611.40,88.52,0.01,0.00,SEARCH,,0,0
1788470611.50,88.62,-0.00,0.00,SEARCH,,0,0
1788470611.60,88.72,0.01,0.00,SEARCH,,0,0
1788470611.70,88.82,0.01,0.00,SEARCH,,0,0
1788470611.81,88.92,-0.00,0.00,SEARCH,,0,0
1788470611.90,89.02,-0.00,0.00,SEARCH,,0,0
1788470612.00,89.12,0.01,0.00,SEARCH,,0,0
1788470612.11,89.22,0.00,0.00,SEARCH,,0,0
1788470612.21,89.32,0.00,0.00,SEARCH,,0,0
1788470612.31,89.42,0.00,0.00,SEARCH,,0,0
1788470612.41,89.53,0.00,0.00,SEARCH,,0,0
1788470612.51,89.62,0.01,0.00,SEARCH,,0,0
1788470612.61,89.72,0.01,0.00,SEARCH,,0,0
1788470612.72,89.82,0.00,0.00,SEARCH,,0,0
1788470612.82,89.92,0.00,0.00,SEARCH,,0,0
1788470612.92,90.03,0.00,0.00,SEARCH,,0,0
1788470613.02,90.12,-0.00,0.00,SEARCH,,0,0
1788470613.12,90.22,-0.00,0.00,SEARCH,,0,0
1788470613.22,90.32,0.01,0.00,SEARCH,,0,0
1788470613.33,90.42,-0.00,0.00,SEARCH,,0,0
1788470613.43,90.52,0.00,0.00,SEARCH,,0,0
1788470613.53,90.62,0.01,0.00,SEARCH,,0,0
1788470613.63,90.72,0.00,0.00,SEARCH,,0,0
1788470613.73,90.82,0.00,0.00,SEARCH,,0,0
1788470613.83,90.92,0.00,0.00,SEARCH,,0,0
1788470613.93,91.02,0.00,0.00,SEARCH,,0,0
1788470614.03,91.12,0.00,0.00,SEARCH,,0,0
1788470614.14,91.22,0.00,0.00,SEARCH,,0,0
1788470614.23,91.32,0.00,0.00,SEARCH,,0,0
1788470614.33,91.42,0.00,0.00,SEARCH,,0,0
1788470614.43,91.52,0.01,0.00,SEARCH,,0,0
1788470614.53,91.62,0.00,0.00,SEARCH,,0,0
1788470614.64,91.72,0.01,0.00,SEARCH,,0,0
1788470614.74,91.82,0.00,0.00,SEARCH,,0,0
1788470614.84,91.92,-0.00,0.00,SEARCH,,0,0
1788470614.94,92.02,0.00,0.00,SEARCH,,0,0
1788470615.04,92.12,0.01,0.00,SEARCH,,0,0
1788470615.14,92.22,0.00,0.00,SEARCH,,0,0
1788470615.24,92.32,-0.00,0.00,SEARCH,,0,0
1788470615.35,92.43,-0.01,0.00,SEARCH,,0,0
1788470615.44,92.52,0.00,0.00,SEARCH,,0,0
1788470615.55,92.62,-0.00,0.00,SEARCH,,0,0
1788470615.65,92.72,0.00,0.00,SEARCH,,0,0
1788470615.75,92.82,0.00,0.00,SEARCH,,0,0
1788470615.85,92.92,-0.00,0.00,SEARCH,,0,0
1788470615.95,93.02,0.01,0.00,SEARCH,,0,0
1788470616.06,93.12,-0.00,0.00,SEARCH,,0,0
1788470616.16,93.22,-0.00,0.00,SEARCH,,0,0
1788470616.26,93.32,0.00,0.00,SEARCH,,0,0
1788470616.36,93.42,0.00,0.00,SEARCH,,0,0
1788470616.46,93.52,0.00,0.00,SEARCH,,0,0
1788470616.56,93.62,-0.00,0.00,SEARCH,,0,0
1788470616.66,93.72,0.00,0.00,SEARCH,,0,0
1788470616.76,93.82,0.00,0.00,SEARCH,,0,0
1788470616.86,93.92,0.01,0.00,SEARCH,,0,0
1788470616.96,94.02,0.01,0.00,SEARCH,,0,0
1788470617.07,94.12,0.01,0.00,SEARCH,,0,0
1788470617.16,94.22,0.00,0.00,SEARCH,,0,0
1788470617.27,94.32,-0.00,0.00,SEARCH,,0,0
1788470617.37,94.42,0.00,0.00,SEARCH,,0,0
1788470617.47,94.52,-0.00,0.00,SEARCH,,0,0
1788470617.57,94.62,0.01,0.00,SEARCH,,0,0
1788470617.67,94.72,-0.01,0.00,SEARCH,,0,0
1788470617.77,94.82,-0.00,0.00,SEARCH,,0,0
1788470617.88,94.92,0.01,0.00,SEARCH,,0,0
1788470617.98,95.02,0.00,0.00,SEARCH,,0,0
1788470618.08,95.12,0.00,0.00,SEARCH,,0,0
1788470618.18,95.22,0.00,0.00,SEARCH,,0,0
1788470618.28,95.32,0.01,0.00,SEARCH,,0,0
1788470618.38,95.42,0.00,0.00,SEARCH,,0,0
1788470618.49,95.52,-0.00,0.00,SEARCH,,0,0
1788470618.59,95.62,0.00,0.00,SEARCH,,0,0
1788470618.69,95.72,-0.00,0.00,SEARCH,,0,0
1788470618.79,95.82,0.00,0.00,SEARCH,,0,0
1788470618.89,95.92,-0.00,0.00,SEARCH,,0,0
1788470618.99,96.02,0.00,0.00,SEARCH,,0,0
1788470619.09,96.12,0.01,0.00,SEARCH,,0,0
1788470619.20,96.23,0.01,0.00,SEARCH,,0,0
1788470619.30,96.32,0.01,0.00,SEARCH,,0,0
1788470619.40,96.42,0.00,0.00,SEARCH,,0,0
1788470619.50,96.52,-0.00,0.00,SEARCH,,0,0
1788470619.60,96.62,0.01,0.00,SEARCH,,0,0
1788470619.70,96.72,0.01,0.00,SEARCH,,0,0
1788470619.81,96.82,0.00,0.00,SEARCH,,0,0
1788470619.91,96.92,0.01,0.00,SEARCH,,0,0
1788470620.01,97.02,0.00,0.00,SEARCH,,0,0
1788470620.11,97.12,-0.00,0.00,SEARCH,,0,0
1788470620.21,97.22,0.00,0.00,SEARCH,,0,0
1788470620.32,97.32,0.00,0.00,SEARCH,,0,0
1788470620.42,97.42,-0.00,0.00,SEARCH,,0,0
1788470620.52,97.52,-0.00,0.00,SEARCH,,0,0
1788470620.62,97.62,0.01,0.00,SEARCH,,0,0
1788470620.72,97.72,-0.00,0.00,SEARCH,,0,0
1788470620.82,97.82,0.01,0.00,SEARCH,,0,0
1788470620.92,97.92,-0.01,0.00,SEARCH,,0,0
1788470621.02,98.02,-0.00,0.00,SEARCH,,0,0
1788470621.13,98.12,0.00,0.00,SEARCH,,0,0
1788470621.22,98.22,0.00,0.00,SEARCH,,0,0
1788470621.33,98.32,-0.00,0.00,SEARCH,,0,0
1788470621.44,98.43,-0.00,0.00,SEARCH,,0,0
1788470621.53,98.52,-0.00,0.00,SEARCH,,0,0
1788470621.63,98.62,0.01,0.00,SEARCH,,0,0
1788470621.73,98.72,-0.00,0.00,SEARCH,,0,0
1788470621.84,98.82,0.00,0.00,SEARCH,,0,0
1788470621.94,98.92,-0.00,0.00,SEARCH,,0,0
1788470622.04,99.02,-0.00,0.00,SEARCH,,0,0
1788470622.14,99.12,0.00,0.00,SEARCH,,0,0
1788470622.25,99.22,-0.00,0.00,SEARCH,,0,0
1788470622.35,99.32,-0.00,0.00,SEARCH,,0,0
1788470622.45,99.42,-0.00,0.00,SEARCH,,0,0
1788470622.55,99.52,0.01,0.00,SEARCH,,0,0
1788470622.65,99.62,-0.00,0.00,SEARCH,,0,0
1788470622.75,99.72,-0.00,0.00,SEARCH,,0,0
1788470622.86,99.82,-0.00,0.00,SEARCH,,0,0
1788470622.96,99.92,0.00,0.00,SEARCH,,0,0
1788470623.06,100.02,0.00,0.00,SEARCH,,0,0
1788470623.16,100.12,-0.00,0.00,SEARCH,,0,0
1788470623.26,100.22,0.00,0.00,SEARCH,,0,0
1788470623.36,100.32,-0.00,0.00,SEARCH,,0,0
1788470623.47,100.42,0.00,0.00,SEARCH,,0,0
1788470623.57,100.52,0.00,0.00,SEARCH,,0,0
1788470623.67,100.62,-0.00,0.00,SEARCH,,0,0
1788470623.77,100.72,0.01,0.00,SEARCH,,0,0
1788470623.87,100.82,0.01,0.00,SEARCH,,0,0
1788470623.97,100.92,0.00,0.00,SEARCH,,0,0
1788470624.08,101.02,0.00,0.00,SEARCH,,0,0
1788470624.17,101.12,0.00,0.00,SEARCH,,0,0
1788470624.28,101.22,0.01,0.00,SEARCH,,0,0
1788470624.38,101.32,0.00,0.00,SEARCH,,0,0
1788470624.48,101.42,0.00,0.00,SEARCH,,0,0
1788470624.58,101.52,-0.00,0.00,SEARCH,,0,0
1788470624.68,101.62,-0.00,0.00,SEARCH,,0,0
1788470624.79,101.72,0.00,0.00,APPROACH,,0,0
1788470624.89,101.82,0.01,0.00,APPROACH,,0,0
1788470624.99,101.92,0.01,0.00,APPROACH,,0,0
1788470625.09,102.02,0.01,0.00,APPROACH,,0,0
1788470625.19,102.12,-0.00,0.00,APPROACH,,0,0
1788470625.29,102.22,0.01,0.00,APPROACH,,0,0
1788470625.39,102.32,-0.00,0.00,APPROACH,,0,0
1788470625.50,102.42,0.01,0.00,APPROACH,,0,0
1788470625.60,102.52,0.01,0.00,APPROACH,,0,0
1788470625.70,102.62,-0.00,0.00,APPROACH,,0,0
1788470625.80,102.72,-0.00,0.00,APPROACH,,0,0
1788470625.90,102.82,0.01,0.00,APPROACH,,0,0
1788470626.00,102.92,0.00,0.00,APPROACH,,0,0
1788470626.11,103.03,0.01,0.00,APPROACH,,0,0
1788470626.21,103.12,0.00,0.00,APPROACH,,0,0
1788470626.31,103.22,0.00,0.00,APPROACH,,0,0
1788470626.41,103.32,-0.01,0.00,APPROACH,,0,0
1788470626.51,103.43,-0.00,0.00,APPROACH,,0,0
1788470626.61,103.52,-0.00,0.00,APPROACH,,0,0
1788470626.71,103.62,-0.00,0.00,APPROACH,,0,0
1788470626.81,103.72,-0.00,0.00,APPROACH,,0,0
1788470626.91,103.82,0.00,0.00,APPROACH,,0,0
1788470627.02,103.92,0.01,0.00,APPROACH,,0,0
1788470627.12,104.02,-0.00,0.00,APPROACH,,0,0
1788470627.22,104.12,0.01,0.00,APPROACH,,0,0
1788470627.32,104.22,0.01,0.00,APPROACH,,0,0
1788470627.42,104.32,0.00,0.00,APPROACH,,0,0
1788470627.53,104.42,0.01,0.00,APPROACH,,0,0
1788470627.63,104.52,0.00,0.00,APPROACH,,0,0
1788470627.73,104.62,-0.00,0.00,APPROACH,,0,0
1788470627.83,104.72,0.01,0.00,APPROACH,,0,0
1788470627.93,104.82,-0.00,0.00,APPROACH,,0,0
1788470628.03,104.92,-0.00,0.00,APPROACH,,0,0
1788470628.13,105.02,0.00,0.00,APPROACH,,0,0
1788470628.24,105.12,0.01,0.00,APPROACH,,0,0
1788470628.34,105.22,0.00,0.00,APPROACH,,0,0
1788470628.44,105.32,-0.00,0.00,APPROACH,,0,0
1788470628.55,105.43,-0.00,0.00,APPROACH,,0,0
1788470628.64,105.52,-0.00,0.00,APPROACH,,0,0
1788470628.74,105.62,0.01,0.00,APPROACH,,0,0
1788470628.85,105.72,0.00,0.00,APPROACH,,0,0
1788470628.95,105.82,0.00,0.00,APPROACH,,0,0
1788470629.05,105.92,-0.00,0.00,APPROACH,,0,0
1788470629.16,106.02,-0.00,0.00,APPROACH,,0,0
1788470629.25,106.12,-0.00,0.00,APPROACH,,0,0
1788470629.36,106.22,0.00,0.00,APPROACH,,0,0
1788470629.46,106.32,-0.00,0.00,APPROACH,,0,0
1788470629.56,106.42,0.01,0.00,APPROACH,,0,0
1788470629.66,106.52,0.00,0.00,APPROACH,,0,0
1788470629.76,106.62,0.01,0.00,APPROACH,,0,0
1788470629.86,106.72,0.01,0.00,APPROACH,,0,0
1788470629.97,106.82,0.00,0.00,APPROACH,,0,0
1788470630.07,106.92,0.00,0.00,APPROACH,,0,0
1788470630.17,107.02,-0.00,0.00,APPROACH,,0,0
1788470630.27,107.12,0.01,0.00,APPROACH,,0,0
1788470630.37,107.22,0.01,0.00,APPROACH,,0,0
1788470630.47,107.32,0.00,0.00,APPROACH,,0,0
1788470630.57,107.42,0.01,0.00,APPROACH,,0,0
1788470630.68,107.52,-0.00,0.00,APPROACH,,0,0
1788470630.78,107.62,0.00,0.00,APPROACH,,0,0
1788470630.88,107.72,-0.00,0.00,APPROACH,,0,0
1788470630.98,107.82,-0.00,0.00,APPROACH,,0,0
1788470631.08,107.92,-0.00,0.00,APPROACH,,0,0
1788470631.18,108.03,0.01,0.00,APPROACH,,0,0
1788470631.28,108.12,0.01,0.00,APPROACH,,0,0
1788470631.38,108.22,-0.00,0.00,APPROACH,,0,0
1788470631.48,108.32,0.00,0.00,APPROACH,,0,0
1788470631.59,108.42,0.00,0.00,APPROACH,,0,0
1788470631.69,108.52,0.01,0.00,APPROACH,,0,0
1788470631.79,108.62,0.01,0.00,APPROACH,,0,0
1788470631.89,108.72,-0.00,0.00,APPROACH,,0,0
1788470631.99,108.82,0.00,0.00,APPROACH,,0,0
1788470632.09,108.92,-0.00,0.00,APPROACH,,0,0
1788470632.20,109.02,-0.00,0.00,APPROACH,,0,0
1788470632.29,109.12,0.01,0.00,APPROACH,,0,0
1788470632.40,109.22,0.01,0.00,APPROACH,,0,0
1788470632.50,109.32,0.00,0.00,APPROACH,,0,0
1788470632.60,109.42,-0.00,0.00,APPROACH,,0,0
1788470632.70,109.52,0.00,0.00,APPROACH,,0,0
1788470632.80,109.62,-0.00,0.00,APPROACH,,0,0
1788470632.90,109.72,0.01,0.00,APPROACH,,0,0
1788470633.01,109.82,-0.01,0.00,APPROACH,,0,0
1788470633.11,109.92,0.01,0.00,APPROACH,,0,0
1788470633.22,110.03,-0.00,0.00,APPROACH,,0,0
1788470633.31,110.12,0.00,0.00,APPROACH,,0,0
1788470633.41,110.22,0.01,0.00,APPROACH,,0,0
1788470633.52,110.33,0.01,0.00,APPROACH,,0,0
1788470633.61,110.42,-0.00,0.00,APPROACH,,0,0
1788470633.71,110.52,0.00,0.00,APPROACH,,0,0
1788470633.82,110.62,0.00,0.00,APPROACH,,0,0
1788470633.92,110.72,0.00,0.00,APPROACH,,0,0
1788470634.02,110.82,0.00,0.00,APPROACH,,0,0
1788470634.12,110.92,0.00,0.00,APPROACH,,0,0
1788470634.22,111.02,-0.00,0.00,APPROACH,,0,0
1788470634.33,111.12,0.01,0.00,APPROACH,,0,0
1788470634.43,111.22,0.01,0.00,APPROACH,,0,0
1788470634.52,111.32,0.01,0.00,APPROACH,,0,0
1788470634.63,111.42,0.01,0.00,APPROACH,,0,0
1788470634.73,111.52,0.00,0.00,APPROACH,,0,0
1788470634.83,111.62,-0.00,0.00,APPROACH,,0,0
1788470634.93,111.72,0.01,0.00,APPROACH,,0,0
1788470635.04,111.82,0.00,0.00,APPROACH,,0,0
1788470635.13,111.92,-0.00,0.00,APPROACH,,0,0
1788470635.24,112.02,0.00,0.00,APPROACH,,0,0
1788470635.34,112.12,-0.00,0.00,APPROACH,,0,0
1788470635.44,112.22,0.00,0.00,APPROACH,,0,0
1788470635.54,112.32,0.01,0.00,APPROACH,,0,0
1788470635.64,112.42,0.01,0.00,APPROACH,,0,0
1788470635.75,112.52,-0.00,0.00,APPROACH,,0,0
1788470635.85,112.62,0.00,0.00,APPROACH,,0,0
1788470635.95,112.72,0.01,0.00,APPROACH,,0,0
1788470636.05,112.82,0.01,0.00,APPROACH,,0,0
1788470636.15,112.92,0.01,0.00,APPROACH,,0,0
1788470636.25,113.02,-0.00,0.00,APPROACH,,0,0
1788470636.35,113.12,-0.00,0.00,APPROACH,,0,0
1788470636.45,113.22,0.00,0.00,APPROACH,,0,0
1788470636.56,113.32,0.00,0.00,APPROACH,,0,0
1788470636.66,113.43,0.00,0.00,APPROACH,,0,0
1788470636.76,113.52,0.01,0.00,APPROACH,,0,0
1788470636.86,113.62,0.01,0.00,APPROACH,,0,0
1788470636.96,113.72,-0.00,0.00,APPROACH,,0,0
1788470637.06,113.82,-0.00,0.00,APPROACH,,0,0
1788470637.16,113.92,0.00,0.00,APPROACH,,0,0
1788470637.26,114.02,0.01,0.00,APPROACH,,0,0
1788470637.36,114.12,0.00,0.00,APPROACH,,0,0
1788470637.46,114.22,0.00,0.00,APPROACH,,0,0
1788470637.57,114.32,0.00,0.00,APPROACH,,0,0
1788470637.68,114.43,-0.00,0.00,APPROACH,,0,0
1788470637.77,114.52,-0.00,0.00,APPROACH,,0,0
1788470637.87,114.62,0.01,0.00,APPROACH,,0,0
1788470637.98,114.72,0.01,0.00,APPROACH,,0,0
1788470638.08,114.82,0.01,0.00,APPROACH,,0,0
1788470638.18,114.92,-0.00,0.00,APPROACH,,0,0
1788470638.29,115.02,-0.01,0.00,APPROACH,,0,0
1788470638.38,115.12,0.00,0.00,APPROACH,,0,0
1788470638.49,115.22,0.01,0.00,APPROACH,,0,0
1788470638.59,115.32,0.00,0.00,APPROACH,,0,0
1788470638.70,115.43,-0.00,0.00,APPROACH,,0,0
1788470638.80,115.52,0.01,0.00,APPROACH,,0,0
1788470638.90,115.62,-0.00,0.00,APPROACH,,0,0
1788470639.00,115.72,-0.00,0.00,APPROACH,,0,0
1788470639.10,115.82,0.00,0.00,APPROACH,,0,0
1788470639.20,115.92,0.01,0.00,APPROACH,,0,0
1788470639.31,116.02,-0.00,0.00,APPROACH,,0,0
1788470639.40,116.12,0.01,0.00,APPROACH,,0,0
1788470639.51,116.22,0.00,0.00,APPROACH,,0,0
1788470639.61,116.32,0.01,0.00,APPROACH,,0,0
1788470639.71,116.42,0.01,0.00,APPROACH,,0,0
1788470639.81,116.52,-0.00,0.00,APPROACH,,0,0
1788470639.91,116.62,0.00,0.00,APPROACH,,0,0
1788470640.01,116.72,0.01,0.00,APPROACH,,0,0
1788470640.12,116.82,0.01,0.00,APPROACH,,0,0
1788470640.22,116.92,0.00,0.00,APPROACH,,0,0
1788470640.32,117.02,0.01,0.00,APPROACH,,0,0
1788470640.42,117.12,0.00,0.00,APPROACH,,0,0
1788470640.52,117.22,-0.00,0.00,APPROACH,,0,0
1788470640.62,117.32,0.00,0.00,APPROACH,,0,0
1788470640.72,117.42,-0.00,0.00,APPROACH,,0,0
1788470640.82,117.52,-0.00,0.00,APPROACH,,0,0
1788470640.93,117.62,0.01,0.00,APPROACH,,0,0
1788470641.03,117.72,0.00,0.00,APPROACH,,0,0
1788470641.13,117.82,0.00,0.00,APPROACH,,0,0
1788470641.23,117.92,-0.00,0.00,APPROACH,,0,0
1788470641.33,118.02,0.00,0.00,APPROACH,,0,0
1788470641.43,118.12,-0.01,0.00,APPROACH,,0,0
1788470641.54,118.22,-0.00,0.00,APPROACH,,0,0
1788470641.64,118.32,0.01,0.00,APPROACH,,0,0
1788470641.75,118.42,0.00,0.00,APPROACH,,0,0
1788470641.84,118.52,0.00,0.00,APPROACH,,0,0
1788470641.94,118.62,-0.00,0.00,APPROACH,,0,0
1788470642.04,118.72,-0.00,0.00,APPROACH,,0,0
1788470642.15,118.82,-0.00,0.00,APPROACH,,0,0
1788470642.25,118.92,0.00,0.00,APPROACH,,0,0
1788470642.35,119.02,0.00,0.00,APPROACH,,0,0
1788470642.46,119.12,-0.00,0.00,APPROACH,,0,0
1788470642.56,119.22,0.00,0.00,APPROACH,,0,0
1788470642.66,119.32,0.01,0.00,APPROACH,,0,0
1788470642.77,119.42,-0.00,0.00,APPROACH,,0,0
1788470642.87,119.52,0.01,0.00,APPROACH,,0,0
1788470642.97,119.62,0.01,0.00,APPROACH,,0,0
1788470643.07,119.72,-0.00,0.00,APPROACH,,0,0
1788470643.17,119.82,0.01,0.00,APPROACH,,0,0
1788470643.27,119.92,0.01,0.00,APPROACH,,0,0
1788470643.37,120.02,-0.00,0.00,APPROACH,,0,0
1788470643.47,120.12,0.00,0.00,APPROACH,,0,0
1788470643.57,120.22,0.01,0.00,APPROACH,,0,0
1788470643.68,120.32,0.01,0.00,APPROACH,,0,0
1788470643.78,120.42,0.00,0.00,APPROACH,,0,0
1788470643.88,120.52,-0.00,0.00,APPROACH,,0,0
1788470643.99,120.62,0.00,0.00,APPROACH,,0,0
1788470644.08,120.72,0.01,0.00,APPROACH,,0,0
1788470644.19,120.82,0.01,0.00,APPROACH,,0,0
1788470644.29,120.92,0.00,0.00,APPROACH,,0,0
1788470644.39,121.02,0.00,0.00,APPROACH,,0,0
1788470644.49,121.12,0.00,0.00,APPROACH,,0,0
1788470644.60,121.22,0.01,0.00,APPROACH,,0,0
1788470644.69,121.32,-0.00,0.00,APPROACH,,0,0
1788470644.80,121.42,0.01,0.00,APPROACH,,0,0
1788470644.90,121.52,0.00,0.00,APPROACH,,0,0
1788470645.00,121.62,-0.00,0.00,APPROACH,,0,0
1788470645.11,121.72,0.01,0.00,APPROACH,,0,0
1788470645.21,121.82,0.01,0.00,APPROACH,,0,0
1788470645.31,121.92,0.00,0.00,APPROACH,,0,0
1788470645.41,122.02,0.00,0.00,APPROACH,,0,0
1788470645.51,122.12,0.01,0.00,APPROACH,,0,0
1788470645.61,122.22,0.00,0.00,APPROACH,,0,0
1788470645.71,122.32,0.00,0.00,APPROACH,,0,0
1788470645.82,122.42,0.01,0.00,APPROACH,,0,0
1788470645.92,122.52,0.01,0.00,APPROACH,,0,0
1788470646.02,122.62,-0.00,0.00,APPROACH,,0,0
1788470646.12,122.72,-0.00,0.00,APPROACH,,0,0
1788470646.22,122.82,0.01,0.00,APPROACH,,0,0
1788470646.33,122.92,-0.00,0.00,APPROACH,,0,0
1788470646.42,123.02,0.00,0.00,APPROACH,,0,0
1788470646.52,123.12,0.01,0.00,APPROACH,,0,0
1788470646.62,123.22,0.01,0.00,APPROACH,,0,0
1788470646.73,123.32,0.00,0.00,APPROACH,,0,0
1788470646.83,123.42,-0.00,0.00,APPROACH,,0,0
1788470646.93,123.52,-0.01,0.00,APPROACH,,0,0
1788470647.03,123.62,-0.00,0.00,APPROACH,,0,0
1788470647.13,123.72,-0.00,0.00,APPROACH,,0,0
1788470647.23,123.82,0.00,0.00,APPROACH,,0,0
1788470647.33,123.92,0.00,0.00,APPROACH,,0,0
1788470647.44,124.02,0.01,0.00,APPROACH,,0,0
1788470647.54,124.12,0.01,0.00,APPROACH,,0,0
1788470647.64,124.22,-0.00,0.00,APPROACH,,0,0
1788470647.74,124.32,-0.00,0.00,APPROACH,,0,0
1788470647.85,124.42,0.00,0.00,APPROACH,,0,0
1788470647.94,124.52,0.01,0.00,APPROACH,,0,0
1788470648.05,124.62,0.00,0.00,APPROACH,,0,0
1788470648.15,124.72,-0.00,0.00,APPROACH,,0,0
1788470648.25,124.82,0.01,0.00,APPROACH,,0,0
1788470648.35,124.92,0.00,0.00,APPROACH,,0,0
1788470648.45,125.02,0.01,0.00,APPROACH,,0,0
1788470648.56,125.12,0.01,0.00,APPROACH,,0,0
1788470648.66,125.22,0.01,0.00,APPROACH,,0,0
1788470648.76,125.32,0.00,0.00,APPROACH,,0,0
1788470648.86,125.42,-0.00,0.00,APPROACH,,0,0
1788470648.96,125.52,0.00,0.00,APPROACH,,0,0
1788470649.06,125.62,-0.00,0.00,APPROACH,,0,0
1788470649.16,125.72,0.01,0.00,APPROACH,,0,0
1788470649.26,125.82,-0.01,0.00,APPROACH,,0,0
1788470649.37,125.92,-0.00,0.00,APPROACH,,0,0
1788470649.47,126.02,0.01,0.00,APPROACH,,0,0
1788470649.57,126.12,-0.00,0.00,APPROACH,,0,0
1788470649.67,126.22,0.01,0.00,APPROACH,,0,0
1788470649.77,126.32,0.01,0.00,APPROACH,,0,0
1788470649.87,126.42,0.01,0.00,APPROACH,,0,0
1788470649.98,126.52,0.01,0.00,APPROACH,,0,0
1788470650.08,126.62,-0.00,0.00,APPROACH,,0,0
1788470650.18,126.72,0.00,0.00,APPROACH,,0,0
1788470650.28,126.83,-0.00,0.00,APPROACH,,0,0
1788470650.38,126.92,0.00,0.00,APPROACH,,0,0
1788470650.48,127.02,0.00,0.00,APPROACH,,0,0
1788470650.58,127.12,-0.00,0.00,APPROACH,,0,0
1788470650.68,127.22,0.01,0.00,APPROACH,,0,0
1788470650.78,127.32,0.00,0.00,APPROACH,,0,0
1788470650.88,127.42,0.01,0.00,APPROACH,,0,0
1788470650.98,127.52,0.00,0.00,APPROACH,,0,0
1788470651.09,127.62,0.01,0.00,APPROACH,,0,0
1788470651.19,127.72,0.00,0.00,APPROACH,,0,0
1788470651.29,127.82,0.01,0.00,APPROACH,,0,0
1788470651.39,127.92,0.00,0.00,APPROACH,,0,0
1788470651.49,128.02,0.01,0.00,APPROACH,,0,0
1788470651.59,128.12,-0.00,0.00,APPROACH,,0,0
1788470651.69,128.22,-0.00,0.00,APPROACH,,0,0
1788470651.79,128.32,0.00,0.00,APPROACH,,0,0
1788470651.89,128.42,0.01,0.00,APPROACH,,0,0
1788470652.00,128.52,-0.00,0.00,APPROACH,,0,0
1788470652.10,128.62,0.00,0.00,APPROACH,,0,0
1788470652.20,128.72,0.01,0.00,APPROACH,,0,0
1788470652.30,128.82,-0.01,0.00,APPROACH,,0,0
1788470652.40,128.92,0.01,0.00,APPROACH,,0,0
1788470652.50,129.02,-0.01,0.00,APPROACH,,0,0
1788470652.60,129.12,-0.00,0.00,APPROACH,,0,0
1788470652.71,129.22,0.00,0.00,APPROACH,,0,0
1788470652.81,129.32,0.01,0.00,APPROACH,,0,0
1788470652.91,129.42,0.01,0.00,APPROACH,,0,0
1788470653.01,129.52,0.00,0.00,APPROACH,,0,0
1788470653.11,129.62,0.01,0.00,APPROACH,,0,0
1788470653.22,129.72,0.01,0.00,APPROACH,,0,0
1788470653.32,129.82,-0.00,0.00,APPROACH,,0,0
1788470653.42,129.92,0.00,0.00,APPROACH,,0,0
1788470653.52,130.02,0.00,0.00,APPROACH,,0,0
1788470653.62,130.12,-0.00,0.00,REFINE,,0,0
1788470653.72,130.22,0.00,0.00,REFINE,,0,0
1788470653.82,130.32,0.00,0.00,REFINE,,0,0
1788470653.93,130.42,-0.00,0.00,REFINE,,0,0
1788470654.03,130.52,-0.00,0.00,REFINE,,0,0
1788470654.12,130.62,0.01,0.00,REFINE,,0,0
1788470654.23,130.72,0.01,0.00,REFINE,,0,0
1788470654.33,130.82,-0.00,0.00,REFINE,,0,0
1788470654.43,130.92,0.00,0.00,REFINE,,0,0
1788470654.54,131.02,-0.00,0.00,REFINE,,0,0
1788470654.64,131.12,0.01,0.00,REFINE,,0,0
1788470654.74,131.22,-0.00,0.00,DEPLOY,,0,0
1788470654.84,131.32,0.01,0.00,DEPLOY,,0,0
1788470654.94,131.42,-0.00,0.00,DEPLOY,,0,0
1788470655.04,131.52,0.00,0.00,DEPLOY,,0,0
1788470655.14,131.62,-0.00,0.00,DEPLOY,,0,0
1788470655.24,131.72,-0.00,0.00,DEPLOY,,0,0
1788470655.34,131.82,0.00,0.00,DEPLOY,,0,0
1788470655.44,131.92,0.00,0.00,DEPLOY,,0,0
1788470655.54,132.02,0.01,0.00,DEPLOY,,0,0
1788470655.64,132.12,0.01,0.00,DEPLOY,,0,0
1788470655.74,132.22,0.00,0.00,DEPLOY,,0,0
1788470655.84,132.32,0.01,0.00,DEPLOY,,0,0
1788470655.94,132.42,0.00,0.00,DEPLOY,,0,0
1788470656.04,132.52,-0.00,0.00,DEPLOY,,0,0
1788470656.14,132.62,-0.00,0.00,DEPLOY,,0,0
1788470656.24,132.72,-0.00,0.00,DEPLOY,,0,0
1788470656.34,132.82,0.01,0.00,DEPLOY,,0,0
1788470656.44,132.92,0.01,0.00,DEPLOY,,0,0
1788470656.54,133.02,0.01,0.00,DEPLOY,,0,0
1788470656.64,133.12,0.01,0.00,DEPLOY,,0,0
1788470656.74,133.22,-0.00,0.00,DEPLOY,,0,0
1788470656.84,133.32,0.00,0.00,DEPLOY,,0,0
1788470656.94,133.42,0.01,0.00,DEPLOY,,0,0
1788470657.04,133.52,0.00,0.00,DEPLOY,,0,0
1788470657.14,133.62,0.01,0.00,DEPLOY,,0,0
1788470657.24,133.72,0.00,0.00,DEPLOY,,0,0
1788470657.34,133.82,-0.00,0.00,DEPLOY,,0,0
1788470657.44,133.92,0.01,0.00,DEPLOY,,0,0
1788470657.54,134.02,0.00,0.00,DEPLOY,,0,0
1788470657.64,134.12,-0.00,0.00,DEPLOY,,0,0
1788470657.74,134.22,-0.00,0.00,DEPLOY,,0,0
1788470657.84,134.32,0.01,0.00,DEPLOY,,0,0
1788470657.94,134.42,-0.00,0.00,DEPLOY,,0,0
1788470658.04,134.52,0.01,0.00,DEPLOY,,0,0
1788470658.14,134.62,-0.00,0.00,DEPLOY,,0,0
1788470658.24,134.72,0.00,0.00,DEPLOY,,0,0
1788470658.34,134.82,-0.00,0.00,DEPLOY,,0,0
1788470658.44,134.92,0.00,0.00,DEPLOY,,0,0
1788470658.54,135.02,-0.00,0.00,DEPLOY,,0,0
1788470658.64,135.12,0.00,0.00,DEPLOY,,0,0
1788470658.74,135.22,0.01,0.00,DEPLOY,,0,0
1788470658.84,135.32,0.01,0.00,DEPLOY,,0,0
1788470658.94,135.42,0.00,0.00,DEPLOY,,0,0
1788470659.04,135.52,0.01,0.00,DEPLOY,,0,0
1788470659.14,135.62,-0.00,0.00,DEPLOY,,0,0
1788470659.24,135.72,-0.00,0.00,DEPLOY,,0,0
1788470659.34,135.82,0.00,0.00,DEPLOY,,0,0
1788470659.44,135.92,-0.00,0.00,DEPLOY,,0,0
1788470659.55,136.03,-0.00,0.00,DEPLOY,,0,0
1788470659.64,136.12,-0.00,0.00,DEPLOY,,0,0
1788470659.75,136.22,0.01,0.00,DEPLOY,,0,0
1788470659.85,136.32,0.00,0.00,DEPLOY,,0,0
1788470659.95,136.42,-0.00,0.00,DEPLOY,,0,0
1788470660.05,136.52,-0.00,0.00,DEPLOY,,0,0
1788470660.16,136.62,0.00,0.00,DEPLOY,,0,0
1788470660.26,136.72,0.00,0.00,DEPLOY,,0,0
1788470660.36,136.82,0.01,0.00,DEPLOY,,0,0
1788470660.46,136.92,0.00,0.00,DEPLOY,,0,0
1788470660.56,137.02,0.00,0.00,DEPLOY,,0,0
1788470660.66,137.12,-0.00,0.00,DEPLOY,,0,0
1788470660.76,137.22,0.00,0.00,DEPLOY,,0,0
1788470660.86,137.32,0.00,0.00,DEPLOY,,0,0
1788470660.97,137.42,-0.00,0.00,DEPLOY,,0,0
1788470661.07,137.52,0.00,0.00,DEPLOY,,0,0
1788470661.17,137.62,0.00,0.00,DEPLOY,,0,0
1788470661.27,137.72,0.01,0.00,DEPLOY,,0,0
1788470661.37,137.82,0.01,0.00,DEPLOY,,0,0
1788470661.47,137.92,0.00,0.00,DEPLOY,,0,0
1788470661.57,138.02,0.01,0.00,DEPLOY,,0,0
1788470661.67,138.12,0.00,0.00,DEPLOY,,0,0
1788470661.77,138.22,0.01,0.00,DEPLOY,,0,0
1788470661.87,138.32,0.00,0.00,DEPLOY,,0,0
1788470661.97,138.42,0.00,0.00,DEPLOY,,0,0
1788470662.07,138.52,0.01,0.00,DEPLOY,,0,0
1788470662.18,138.62,-0.00,0.00,DEPLOY,,0,0
1788470662.28,138.72,0.00,0.00,DEPLOY,,0,0
1788470662.38,138.82,-0.00,0.00,DEPLOY,,0,0
1788470662.48,138.92,-0.00,0.00,DEPLOY,,0,0
1788470662.58,139.02,0.01,0.00,DEPLOY,,0,0
1788470662.68,139.12,0.01,0.00,DEPLOY,,0,0
1788470662.78,139.22,0.01,0.00,DEPLOY,,0,0
1788470662.88,139.32,0.00,0.00,DEPLOY,,0,0
1788470662.99,139.42,0.00,0.00,DEPLOY,,0,0
1788470663.09,139.52,0.01,0.00,DEPLOY,,0,0
1788470663.19,139.62,0.01,0.00,DEPLOY,,0,0
1788470663.29,139.72,0.01,0.00,DEPLOY,,0,0
1788470663.39,139.82,0.00,0.00,DEPLOY,,0,0
1788470663.49,139.92,-0.00,0.00,DEPLOY,,0,0
1788470663.59,140.02,-0.00,0.00,DEPLOY,,0,0
1788470663.69,140.12,-0.00,0.00,DEPLOY,,0,0
1788470663.79,140.22,0.01,0.00,DEPLOY,,0,0
1788470663.89,140.32,0.00,0.00,DEPLOY,,0,0
1788470663.99,140.42,0.00,0.00,DEPLOY,,0,0
1788470664.10,140.52,-0.00,0.00,DEPLOY,,0,0
1788470664.20,140.62,0.00,0.00,DEPLOY,,0,0
1788470664.30,140.72,-0.00,0.00,DEPLOY,,0,0
1788470664.40,140.82,0.01,0.00,DEPLOY,,0,0
1788470664.50,140.92,-0.01,0.00,DEPLOY,,0,0
1788470664.61,141.02,0.01,0.00,DEPLOY,,0,0
1788470664.70,141.12,0.01,0.00,DEPLOY,,0,0
1788470664.81,141.22,0.00,0.00,DEPLOY,,0,0
1788470664.91,141.32,0.01,0.00,DEPLOY,,0,0
1788470665.01,141.42,0.00,0.00,DEPLOY,,0,0
1788470665.11,141.52,-0.00,0.00,DEPLOY,,0,0
1788470665.22,141.62,0.01,0.00,DEPLOY,,0,0
1788470665.32,141.72,0.00,0.00,DEPLOY,,0,0
1788470665.42,141.82,0.00,0.00,DEPLOY,,0,0
1788470665.52,141.92,-0.00,0.00,DEPLOY,,0,0
1788470665.63,142.02,0.00,0.00,DEPLOY,,0,0
1788470665.73,142.12,-0.00,0.00,DEPLOY,,0,0
1788470665.82,142.22,0.01,0.00,DEPLOY,,0,0
1788470665.93,142.32,0.00,0.00,DEPLOY,,0,0
1788470666.03,142.42,0.01,0.00,DEPLOY,,0,0
1788470666.13,142.52,0.01,0.00,DEPLOY,,0,0
1788470666.23,142.62,0.00,0.00,DEPLOY,,0,0
1788470666.33,142.72,0.00,0.00,DEPLOY,,0,1
1788470666.43,142.82,0.01,0.00,DEPLOY,,0,0
1788470666.54,142.92,-0.00,0.00,DEPLOY,,0,0
1788470666.64,143.02,-0.00,0.00,DEPLOY,,0,0
1788470666.74,143.12,0.00,0.00,DEPLOY,,0,0
1788470666.84,143.22,0.00,0.00,DEPLOY,,0,0
1788470666.95,143.32,0.00,0.00,DEPLOY,,0,0
1788470667.05,143.42,0.01,0.00,DEPLOY,,0,0
1788470667.15,143.52,0.01,0.00,DEPLOY,,0,0
1788470667.25,143.62,-0.00,0.00,DEPLOY,,0,0
1788470667.35,143.72,-0.00,0.00,DEPLOY,,0,0
1788470667.45,143.82,0.01,0.00,DEPLOY,,0,0
1788470667.56,143.92,0.01,0.00,DEPLOY,,0,0
1788470667.66,144.02,0.01,0.00,DEPLOY,,0,0
1788470667.76,144.12,0.00,0.00,DEPLOY,,0,0
1788470667.86,144.22,-0.00,0.00,DEPLOY,,0,0
1788470667.96,144.32,0.00,0.00,DEPLOY,,0,0
1788470668.06,144.42,0.00,0.00,DEPLOY,,0,0
1788470668.17,144.52,-0.01,0.00,DEPLOY,,0,0
1788470668.27,144.62,0.01,0.00,DEPLOY,,0,0
1788470668.37,144.72,0.01,0.00,DEPLOY,,0,0
1788470668.47,144.82,-0.00,0.00,DEPLOY,,0,0
1788470668.57,144.92,-0.00,0.00,DEPLOY,,0,0
1788470668.67,145.02,0.00,0.00,DEPLOY,,0,0
1788470668.78,145.12,0.01,0.00,DEPLOY,,0,0
1788470668.87,145.22,0.00,0.00,DEPLOY,,0,0
1788470668.98,145.32,0.00,0.00,DEPLOY,,0,0
1788470669.08,145.42,-0.00,0.00,DEPLOY,,0,0
1788470669.18,145.52,0.00,0.00,DEPLOY,,0,0
1788470669.28,145.62,0.00,0.00,DEPLOY,,0,0
1788470669.38,145.72,0.01,0.00,DEPLOY,,0,0
1788470669.48,145.82,0.01,0.00,DEPLOY,,0,0
1788470669.58,145.92,0.01,0.00,DEPLOY,,0,0
1788470669.69,146.02,-0.00,0.00,DEPLOY,,0,0
1788470669.79,146.12,-0.01,0.00,DEPLOY,,0,0
1788470669.89,146.22,0.00,0.00,DEPLOY,,0,0
1788470669.99,146.32,-0.00,0.00,DEPLOY,,0,0
1788470670.09,146.42,0.00,0.00,DEPLOY,,0,0
1788470670.20,146.52,-0.00,0.00,DEPLOY,,0,0
1788470670.30,146.62,0.01,0.00,DEPLOY,,0,0
1788470670.40,146.72,-0.00,0.00,DEPLOY,,0,0
1788470670.50,146.82,-0.00,0.00,DEPLOY,,0,0
1788470670.60,146.92,0.00,0.00,DEPLOY,,0,0
1788470670.70,147.02,0.01,0.00,DEPLOY,,0,0
1788470670.81,147.12,0.00,0.00,DEPLOY,,0,0
1788470670.91,147.22,0.01,0.00,DEPLOY,,0,0
1788470671.01,147.32,0.00,0.00,DEPLOY,,0,0
1788470671.11,147.42,0.01,0.00,DEPLOY,,0,0
1788470671.21,147.52,0.01,0.00,DEPLOY,,0,0
1788470671.31,147.62,0.00,0.00,DEPLOY,,0,0
1788470671.41,147.72,-0.00,0.00,DEPLOY,,0,0
1788470671.51,147.82,0.01,0.00,DEPLOY,,0,0
1788470671.61,147.92,0.01,0.00,DEPLOY,,0,0
1788470671.72,148.02,0.00,0.00,DEPLOY,,0,0
1788470671.81,148.12,0.00,0.00,DEPLOY,,0,0
1788470671.92,148.22,0.00,0.00,DEPLOY,,0,0
1788470672.02,148.32,0.01,0.00,DEPLOY,,0,0
1788470672.12,148.42,0.00,0.00,DEPLOY,,0,0
1788470672.22,148.52,-0.00,0.00,DEPLOY,,0,0
1788470672.32,148.62,0.00,0.00,DEPLOY,,0,0
1788470672.42,148.72,0.01,0.00,DEPLOY,,0,0
1788470672.52,148.82,0.00,0.00,DEPLOY,,0,0
1788470672.63,148.92,0.00,0.00,DEPLOY,,0,0
1788470672.73,149.02,-0.00,0.00,DEPLOY,,0,0
1788470672.83,149.12,0.00,0.00,DEPLOY,,0,0
1788470672.93,149.22,-0.01,0.00,DEPLOY,,0,0
1788470673.03,149.32,-0.00,0.00,DEPLOY,,0,0
1788470673.13,149.42,0.01,0.00,DEPLOY,,0,0
1788470673.23,149.52,0.00,0.00,DEPLOY,,0,0
1788470673.33,149.62,0.01,0.00,DEPLOY,,0,0
1788470673.43,149.72,0.00,0.00,DEPLOY,,0,0
1788470673.53,149.82,0.00,0.00,DEPLOY,,0,0
1788470673.63,149.92,-0.00,0.00,DEPLOY,,0,0
1788470673.74,150.02,0.00,0.00,DEPLOY,,0,0
1788470673.84,150.12,-0.00,0.00,DEPLOY,,0,0
1788470673.94,150.22,-0.00,0.00,DEPLOY,,0,0
1788470674.04,150.32,0.00,0.00,DEPLOY,,0,0
1788470674.15,150.42,0.01,0.00,DEPLOY,,0,0
1788470674.25,150.52,-0.00,0.00,DEPLOY,,0,0
1788470674.35,150.62,0.01,0.00,DEPLOY,,0,0
1788470674.45,150.72,0.01,0.00,DEPLOY,,0,0
1788470674.55,150.82,0.00,0.00,DEPLOY,,0,0
1788470674.65,150.92,0.01,0.00,DEPLOY,,0,0
1788470674.75,151.02,0.01,0.00,DEPLOY,,0,0
1788470674.85,151.12,-0.00,0.00,DEPLOY,,0,0
1788470674.95,151.22,0.00,0.00,DEPLOY,,0,0
1788470675.06,151.32,-0.00,0.00,DEPLOY,,0,0
1788470675.16,151.42,0.00,0.00,DEPLOY,,0,0
1788470675.26,151.52,0.00,0.00,DEPLOY,,0,0
1788470675.36,151.62,-0.00,0.00,DEPLOY,,0,0
1788470675.46,151.72,-0.00,0.00,DEPLOY,,0,0
1788470675.56,151.82,0.01,0.00,DEPLOY,,0,0
1788470675.66,151.92,0.01,0.00,DEPLOY,,0,0
1788470675.77,152.02,0.00,0.00,DEPLOY,,0,0
1788470675.87,152.12,0.00,0.00,DEPLOY,,0,0
1788470675.97,152.22,0.00,0.00,DEPLOY,,0,0
1788470676.07,152.32,-0.00,0.00,DEPLOY,,0,0
1788470676.17,152.42,-0.00,0.00,DEPLOY,,0,0
1788470676.27,152.52,0.01,0.00,DEPLOY,,0,0
1788470676.37,152.62,0.00,0.00,DEPLOY,,0,0
1788470676.48,152.72,0.00,0.00,DEPLOY,,0,0
1788470676.58,152.82,0.01,0.00,DEPLOY,,0,0
1788470676.68,152.92,0.01,0.00,DEPLOY,,0,0
1788470676.78,153.02,0.00,0.00,DEPLOY,,0,0
1788470676.88,153.12,0.00,0.00,DEPLOY,,0,0
1788470676.98,153.22,0.00,0.00,DEPLOY,,0,0
1788470677.08,153.32,0.00,0.00,DEPLOY,,0,0
1788470677.18,153.42,0.00,0.00,DEPLOY,,0,0
1788470677.28,153.52,0.01,0.00,DEPLOY,,0,0
1788470677.39,153.62,0.01,0.00,DEPLOY,,0,0
1788470677.49,153.72,-0.00,0.00,DEPLOY,,0,0
1788470677.59,153.82,-0.00,0.00,DEPLOY,,0,0
1788470677.69,153.92,0.01,0.00,DEPLOY,,0,0
1788470677.79,154.02,0.00,0.00,DEPLOY,,0,0
1788470677.89,154.12,0.00,0.00,DEPLOY,,0,0
1788470678.00,154.22,0.01,0.00,DEPLOY,,0,0
1788470678.09,154.32,0.01,0.00,MANIPULATE,,0,0
1788470678.19,154.42,-0.00,0.00,MANIPULATE,,0,0
1788470678.30,154.52,-0.00,0.00,MANIPULATE,,0,0
1788470678.40,154.62,-0.01,0.00,MANIPULATE,,0,0
1788470678.50,154.72,-0.00,0.00,MANIPULATE,,0,0
1788470678.61,154.82,-0.00,0.00,MANIPULATE,,0,0
1788470678.71,154.92,0.00,0.00,MANIPULATE,,0,0
1788470678.81,155.03,0.00,0.00,MANIPULATE,,0,0
1788470678.91,155.12,0.00,0.00,MANIPULATE,,0,0
1788470679.01,155.22,0.01,0.00,MANIPULATE,,0,0
1788470679.11,155.32,-0.00,0.00,MANIPULATE,,0,0
1788470679.21,155.42,0.00,0.00,MANIPULATE,,0,0
1788470679.31,155.52,-0.00,0.00,MANIPULATE,,0,0
1788470679.41,155.62,0.01,0.00,MANIPULATE,,0,0
1788470679.51,155.72,0.00,0.00,MANIPULATE,,0,0
1788470679.61,155.82,-0.01,0.00,MANIPULATE,,0,0
1788470679.71,155.92,0.00,0.00,MANIPULATE,,0,0
1788470679.82,156.02,0.00,0.00,MANIPULATE,,0,0
1788470679.92,156.12,0.01,0.00,MANIPULATE,,0,0
1788470680.02,156.22,0.01,0.00,MANIPULATE,,0,0
1788470680.12,156.32,0.01,0.00,MANIPULATE,,0,0
1788470680.22,156.42,0.00,0.00,MANIPULATE,,0,0
1788470680.32,156.52,-0.00,0.00,MANIPULATE,,0,0
1788470680.42,156.62,0.00,0.00,MANIPULATE,,0,0
1788470680.53,156.72,-0.00,0.00,MANIPULATE,,0,0
1788470680.63,156.82,0.01,0.00,MANIPULATE,,0,0
1788470680.73,156.92,-0.00,0.00,MANIPULATE,,0,0
1788470680.83,157.02,-0.00,0.00,MANIPULATE,,0,0
1788470680.93,157.12,0.01,0.00,MANIPULATE,,0,0
1788470681.03,157.22,-0.00,0.00,MANIPULATE,,0,0
1788470681.13,157.32,0.01,0.00,MANIPULATE,,0,0
1788470681.23,157.42,0.00,0.00,MANIPULATE,,0,0
1788470681.33,157.52,0.01,0.00,MANIPULATE,,0,0
1788470681.44,157.62,0.01,0.00,MANIPULATE,,0,0
1788470681.54,157.72,-0.00,0.00,MANIPULATE,,0,0
1788470681.64,157.82,0.01,0.00,MANIPULATE,,0,0
1788470681.74,157.92,-0.00,0.00,MANIPULATE,,0,0
1788470681.84,158.02,-0.00,0.00,MANIPULATE,orienta,0,0
1788470681.94,158.12,0.00,0.00,MANIPULATE,orienta,0,0
1788470682.04,158.22,0.00,0.00,MANIPULATE,orienta,0,0
1788470682.14,158.32,0.01,0.00,MANIPULATE,orienta,0,0
1788470682.24,158.42,0.00,0.00,MANIPULATE,orienta,0,0
1788470682.34,158.52,0.01,0.00,MANIPULATE,orienta,0,0
1788470682.44,158.62,0.00,0.00,MANIPULATE,orienta,0,0
1788470682.55,158.72,0.01,0.00,MANIPULATE,orienta,0,0
1788470682.65,158.82,0.01,0.00,MANIPULATE,orienta,0,0
1788470682.75,158.92,0.01,0.00,MANIPULATE,orienta,0,0
1788470682.85,159.02,-0.00,0.00,MANIPULATE,orienta,0,0
1788470682.95,159.12,0.01,0.00,MANIPULATE,orienta,0,0
1788470683.05,159.22,-0.00,0.00,MANIPULATE,orienta,0,0
1788470683.15,159.32,-0.00,0.00,MANIPULATE,orienta,0,0
1788470683.25,159.42,0.00,0.00,MANIPULATE,orienta,0,0
1788470683.35,159.52,0.01,0.00,MANIPULATE,orienta,0,0
1788470683.45,159.62,-0.00,0.00,MANIPULATE,orienta,0,0
1788470683.56,159.72,0.00,0.00,MANIPULATE,orienta,0,0
1788470683.66,159.82,0.01,0.00,MANIPULATE,orienta,0,0
1788470683.76,159.92,-0.00,0.00,MANIPULATE,orienta,0,0
1788470683.86,160.02,0.01,0.00,MANIPULATE,orienta,0,0
1788470683.96,160.12,-0.01,0.00,MANIPULATE,orienta,0,0
1788470684.07,160.22,0.00,0.00,MANIPULATE,orienta,0,0
1788470684.16,160.32,0.00,0.00,MANIPULATE,orienta,0,0
1788470684.26,160.42,0.01,0.00,MANIPULATE,orienta,0,0
1788470684.36,160.52,0.00,0.00,MANIPULATE,orienta,0,0
1788470684.47,160.62,0.00,0.00,MANIPULATE,orienta,0,0
1788470684.57,160.72,0.01,0.00,MANIPULATE,orienta,0,0
1788470684.67,160.82,0.01,0.00,MANIPULATE,orienta,0,0
1788470684.77,160.92,-0.00,0.00,MANIPULATE,orienta,0,0
1788470684.87,161.02,0.00,0.00,MANIPULATE,orienta,0,0
1788470684.97,161.12,0.00,0.00,MANIPULATE,orienta,0,0
1788470685.07,161.22,-0.00,0.00,MANIPULATE,aproxima_lateral,0,0
1788470685.18,161.32,0.00,0.00,MANIPULATE,aproxima_lateral,0,0
1788470685.28,161.42,-0.00,0.00,MANIPULATE,aproxima_lateral,0,0
1788470685.38,161.52,-0.00,0.00,MANIPULATE,aproxima_lateral,0,0
1788470685.48,161.62,-0.00,0.00,MANIPULATE,aproxima_lateral,0,0
1788470685.58,161.72,0.01,0.00,MANIPULATE,aproxima_lateral,0,0
1788470685.68,161.82,0.01,0.00,MANIPULATE,aproxima_lateral,0,0
1788470685.79,161.92,-0.00,0.00,MANIPULATE,aproxima_lateral,0,0
1788470685.89,162.02,0.00,0.00,MANIPULATE,aproxima_lateral,0,0
1788470685.99,162.12,0.00,0.00,MANIPULATE,aproxima_lateral,0,0
1788470686.09,162.22,0.01,0.00,MANIPULATE,aproxima_lateral,0,0
1788470686.19,162.32,-0.00,0.00,MANIPULATE,aproxima_lateral,0,0
1788470686.30,162.42,0.00,0.00,MANIPULATE,aproxima_lateral,0,0
1788470686.40,162.52,-0.00,0.00,MANIPULATE,aproxima_lateral,0,0
1788470686.50,162.62,-0.00,0.00,MANIPULATE,aproxima_lateral,0,0
1788470686.61,162.72,0.00,0.00,MANIPULATE,aproxima_lateral,0,0
1788470686.71,162.82,0.00,0.00,MANIPULATE,aproxima_lateral,0,0
1788470686.81,162.92,0.01,0.00,MANIPULATE,aproxima_lateral,0,0
1788470686.91,163.02,0.01,0.00,MANIPULATE,aproxima_lateral,0,0
1788470687.01,163.12,0.01,0.00,MANIPULATE,aproxima_lateral,0,0
1788470687.11,163.22,0.01,0.00,MANIPULATE,aproxima_lateral,0,0
1788470687.21,163.32,0.00,0.00,MANIPULATE,aproxima_lateral,0,0
1788470687.32,163.43,0.01,0.00,MANIPULATE,aproxima_lateral,0,0
1788470687.42,163.52,0.00,0.00,MANIPULATE,aproxima_lateral,0,0
1788470687.52,163.62,0.00,0.00,MANIPULATE,aproxima_lateral,0,0
1788470687.62,163.72,-0.00,0.00,MANIPULATE,aproxima_lateral,0,0
1788470687.73,163.82,-0.01,0.00,MANIPULATE,aproxima_lateral,0,0
1788470687.82,163.92,-0.01,0.01,MANIPULATE,aproxima_lateral,0,0
1788470687.93,164.02,-0.00,0.01,MANIPULATE,aproxima_lateral,0,0
1788470688.03,164.12,-0.01,0.02,MANIPULATE,aproxima_lateral,0,0
1788470688.14,164.22,0.00,0.00,MANIPULATE,aproxima_lateral,0,0
1788470688.24,164.32,-0.00,0.00,MANIPULATE,aproxima_lateral,0,0
1788470688.34,164.42,0.00,0.00,MANIPULATE,aproxima_lateral,0,0
1788470688.44,164.52,-0.00,0.00,MANIPULATE,aproxima_lateral,0,0
1788470688.54,164.62,-0.01,-0.00,MANIPULATE,aproxima_lateral,0,0
1788470688.64,164.72,-0.00,0.00,MANIPULATE,aproxima_lateral,0,0
1788470688.75,164.82,-0.00,0.00,MANIPULATE,aproxima_lateral,0,0
1788470688.85,164.92,0.01,0.00,MANIPULATE,atravessa,0,0
1788470688.95,165.02,-0.01,-0.00,MANIPULATE,atravessa,0,0
1788470689.05,165.12,0.01,0.00,MANIPULATE,atravessa,0,0
1788470689.16,165.22,-0.00,0.00,MANIPULATE,atravessa,0,0
1788470689.26,165.32,0.00,0.00,MANIPULATE,atravessa,0,0
1788470689.37,165.43,0.00,0.00,MANIPULATE,atravessa,0,0
1788470689.47,165.52,0.00,0.00,MANIPULATE,atravessa,0,0
1788470689.57,165.62,0.00,0.00,MANIPULATE,atravessa,0,0
1788470689.67,165.72,0.00,0.00,MANIPULATE,atravessa,0,0
1788470689.77,165.82,-0.00,0.00,MANIPULATE,atravessa,0,0
1788470689.88,165.92,0.00,0.00,MANIPULATE,atravessa,0,0
1788470689.98,166.02,0.00,0.00,MANIPULATE,atravessa,0,0
1788470690.08,166.12,0.00,0.00,MANIPULATE,atravessa,0,0
1788470690.18,166.22,0.00,0.00,MANIPULATE,atravessa,0,0
1788470690.29,166.32,0.00,0.00,MANIPULATE,atravessa,0,0
1788470690.39,166.42,0.00,0.00,MANIPULATE,atravessa,0,0
1788470690.49,166.52,0.00,0.01,MANIPULATE,atravessa,0,0
1788470690.59,166.62,-0.00,0.01,MANIPULATE,atravessa,0,0
1788470690.69,166.72,-0.00,0.01,MANIPULATE,atravessa,0,0
1788470690.80,166.82,0.00,0.01,MANIPULATE,atravessa,0,0
1788470690.90,166.92,0.00,0.02,MANIPULATE,atravessa,0,0
1788470691.00,167.02,-0.00,0.02,MANIPULATE,atravessa,0,0
1788470691.11,167.12,0.00,0.02,MANIPULATE,atravessa,0,0
1788470691.21,167.22,2.13,0.00,MANIPULATE,atravessa,0,0
1788470691.31,167.32,0.93,0.00,MANIPULATE,atravessa,0,0
1788470691.42,167.42,-0.00,0.00,MANIPULATE,atravessa,0,0
1788470691.53,167.52,0.00,0.00,MANIPULATE,atravessa,0,0
1788470691.63,167.62,-0.00,0.00,MANIPULATE,atravessa,0,0
1788470691.73,167.72,0.00,0.00,MANIPULATE,atravessa,0,0
1788470691.83,167.82,-0.00,0.01,MANIPULATE,atravessa,0,0
1788470691.93,167.92,-0.00,0.01,MANIPULATE,atravessa,0,0
1788470692.03,168.02,0.00,0.01,MANIPULATE,atravessa,0,0
1788470692.13,168.12,0.00,0.01,MANIPULATE,atravessa,0,0
1788470692.24,168.22,0.01,0.01,MANIPULATE,atravessa,0,0
1788470692.34,168.32,0.00,0.02,MANIPULATE,atravessa,0,0
1788470692.44,168.42,0.00,0.02,MANIPULATE,atravessa,0,0
1788470692.55,168.52,0.00,0.02,MANIPULATE,captura,0,0
1788470692.65,168.62,0.00,0.02,MANIPULATE,captura,0,0
1788470692.75,168.72,-0.00,0.03,MANIPULATE,captura,0,0
1788470692.86,168.82,-0.00,0.03,MANIPULATE,captura,0,0
1788470692.96,168.92,-0.00,0.03,MANIPULATE,captura,0,0
1788470693.07,169.02,0.00,0.03,MANIPULATE,destrava,0,0
1788470693.17,169.12,0.00,0.03,MANIPULATE,destrava,0,0
1788470693.27,169.22,-0.00,0.04,MANIPULATE,destrava,0,0
1788470693.37,169.32,1.16,0.04,MANIPULATE,destrava,3,3
1788470693.47,169.42,1.81,0.04,MANIPULATE,destrava,1,1
1788470693.57,169.52,2.44,0.03,MANIPULATE,destrava,3,3
1788470693.67,169.62,3.12,0.03,MANIPULATE,destrava,1,1
1788470693.77,169.72,3.28,0.03,MANIPULATE,destrava,3,3
1788470693.87,169.82,3.36,0.03,MANIPULATE,destrava,2,2
1788470693.97,169.92,3.59,0.02,MANIPULATE,destrava,1,1
1788470694.07,170.02,3.72,0.02,MANIPULATE,destrava,3,3
1788470694.17,170.12,3.71,0.02,MANIPULATE,destrava,1,1
1788470694.28,170.22,4.23,0.02,MANIPULATE,destrava,2,2
1788470694.38,170.32,5.02,0.02,MANIPULATE,destrava,3,3
1788470694.48,170.42,5.62,0.02,MANIPULATE,destrava,1,1
1788470694.58,170.52,6.15,0.02,MANIPULATE,destrava,3,3
1788470694.68,170.62,6.64,0.02,MANIPULATE,destrava,1,1
1788470694.78,170.72,7.01,0.02,MANIPULATE,destrava,3,3
1788470694.88,170.82,6.40,0.01,MANIPULATE,destrava,1,1
1788470694.98,170.92,6.86,0.01,MANIPULATE,destrava,2,2
1788470695.08,171.02,8.15,0.01,MANIPULATE,destrava,2,2
1788470695.18,171.12,7.73,0.01,MANIPULATE,destrava,2,2
1788470695.28,171.22,8.61,0.01,MANIPULATE,destrava,3,3
1788470695.38,171.32,9.01,0.01,MANIPULATE,destrava,1,1
1788470695.48,171.42,9.19,0.01,MANIPULATE,destrava,2,2
1788470695.58,171.52,10.54,0.01,MANIPULATE,destrava,2,2
1788470695.69,171.62,10.40,0.02,MANIPULATE,destrava,3,3
1788470695.79,171.72,11.08,0.01,MANIPULATE,destrava,1,1
1788470695.89,171.82,11.03,-0.00,MANIPULATE,destrava,3,3
1788470695.99,171.92,11.27,0.00,MANIPULATE,destrava,2,2
1788470696.09,172.02,11.20,-0.00,MANIPULATE,destrava,1,1
1788470696.19,172.12,11.26,-0.00,MANIPULATE,destrava,2,2
1788470696.29,172.22,11.16,-0.00,MANIPULATE,destrava,2,2
1788470696.40,172.32,11.08,-0.00,MANIPULATE,destrava,2,2
1788470696.49,172.42,11.04,-0.00,MANIPULATE,destrava,2,2
1788470696.59,172.52,11.11,-0.00,MANIPULATE,destrava,3,3
1788470696.69,172.62,10.96,0.00,MANIPULATE,destrava,2,2
1788470696.79,172.72,11.13,-0.00,MANIPULATE,destrava,1,1
1788470696.89,172.82,11.01,-0.00,MANIPULATE,destrava,2,2
1788470697.00,172.92,11.16,0.00,MANIPULATE,destrava,3,3
1788470697.10,173.02,11.05,-0.00,MANIPULATE,destrava,2,2
1788470697.20,173.12,10.96,0.00,MANIPULATE,destrava,1,1
1788470697.30,173.22,10.95,-0.00,MANIPULATE,destrava,3,3
1788470697.40,173.32,10.83,0.00,MANIPULATE,destrava,1,1
1788470697.50,173.42,10.80,-0.00,MANIPULATE,destrava,3,3
1788470697.60,173.52,10.66,0.01,MANIPULATE,destrava,1,1
1788470697.71,173.62,10.80,0.05,MANIPULATE,destrava,3,3
1788470697.81,173.72,10.67,-0.01,MANIPULATE,destrava,1,1
1788470697.92,173.82,10.73,0.02,MANIPULATE,destrava,2,2
1788470698.02,173.92,10.78,-0.00,MANIPULATE,destrava,2,2
1788470698.12,174.02,10.74,0.00,MANIPULATE,destrava,2,2
1788470698.23,174.12,10.86,0.02,MANIPULATE,destrava,2,2
1788470698.33,174.22,10.82,-0.00,MANIPULATE,destrava,3,3
1788470698.43,174.32,10.82,-0.00,MANIPULATE,destrava,1,1
1788470698.53,174.42,10.78,0.00,MANIPULATE,destrava,2,2
1788470698.63,174.52,10.74,-0.01,MANIPULATE,destrava,2,2
1788470698.73,174.62,10.60,-0.01,MANIPULATE,destrava,2,2
1788470698.83,174.72,10.56,-0.00,MANIPULATE,destrava,3,3
1788470698.93,174.82,10.46,0.01,MANIPULATE,destrava,2,2
1788470699.03,174.92,10.49,-0.00,MANIPULATE,destrava,1,1
1788470699.14,175.02,10.46,0.01,MANIPULATE,destrava,2,2
1788470699.23,175.12,10.48,-0.01,MANIPULATE,destrava,2,2
1788470699.34,175.22,10.42,0.01,MANIPULATE,destrava,3,3
1788470699.44,175.32,10.42,-0.01,MANIPULATE,destrava,1,1
1788470699.54,175.42,10.37,0.01,MANIPULATE,destrava,2,2
1788470699.64,175.52,10.39,-0.01,MANIPULATE,destrava,2,2
1788470699.74,175.62,10.37,0.02,MANIPULATE,destrava,2,2
1788470699.84,175.72,10.43,0.03,MANIPULATE,destrava,2,2
1788470699.95,175.82,10.38,0.01,MANIPULATE,destrava,2,2
1788470700.04,175.92,10.42,-0.01,MANIPULATE,destrava,2,2
1788470700.15,176.02,10.42,0.02,MANIPULATE,destrava,2,2
1788470700.25,176.12,10.48,-0.01,MANIPULATE,destrava,2,2
1788470700.35,176.22,10.44,-0.00,MANIPULATE,destrava,2,2
1788470700.45,176.32,10.44,-0.01,MANIPULATE,destrava,3,3
1788470700.55,176.42,10.38,-0.00,MANIPULATE,destrava,1,1
1788470700.65,176.52,10.32,-0.00,MANIPULATE,destrava,2,2
1788470700.75,176.62,10.16,-0.01,MANIPULATE,destrava,3,3
1788470700.85,176.72,10.08,-0.00,MANIPULATE,destrava,1,1
1788470700.96,176.82,10.18,-0.00,MANIPULATE,destrava,2,2
1788470701.06,176.92,10.13,-0.00,MANIPULATE,destrava,2,2
1788470701.16,177.02,10.15,-0.01,MANIPULATE,destrava,3,3
1788470701.26,177.12,10.07,-0.01,MANIPULATE,destrava,1,1
1788470701.36,177.22,9.87,-0.01,MANIPULATE,destrava,2,2
1788470701.46,177.32,9.89,-0.00,MANIPULATE,destrava,2,2
1788470701.56,177.42,9.77,-0.01,MANIPULATE,destrava,2,2
1788470701.67,177.52,9.81,-0.00,MANIPULATE,destrava,2,2
1788470701.77,177.62,9.71,-0.01,MANIPULATE,destrava,2,2
1788470701.87,177.72,9.79,0.00,MANIPULATE,destrava,2,2
1788470701.97,177.82,9.76,-0.01,MANIPULATE,destrava,3,3
1788470702.07,177.92,9.85,-0.00,MANIPULATE,destrava,1,1
1788470702.17,178.02,9.86,-0.00,MANIPULATE,destrava,2,2
1788470702.27,178.12,9.87,-0.01,MANIPULATE,destrava,3,3
1788470702.38,178.22,9.72,-0.01,MANIPULATE,destrava,2,2
1788470702.48,178.32,9.76,-0.00,MANIPULATE,destrava,1,1
1788470702.58,178.42,9.67,-0.01,MANIPULATE,destrava,2,2
1788470702.68,178.52,9.61,-0.01,MANIPULATE,destrava,3,3
1788470702.78,178.62,9.59,-0.01,MANIPULATE,destrava,1,1
1788470702.88,178.72,9.39,-0.01,MANIPULATE,destrava,3,3
1788470702.98,178.82,9.44,-0.00,MANIPULATE,destrava,1,1
1788470703.08,178.92,9.30,-0.01,MANIPULATE,destrava,2,2
1788470703.18,179.02,9.41,-0.00,MANIPULATE,destrava,2,2
1788470703.28,179.12,9.37,-0.01,MANIPULATE,destrava,3,3
1788470703.39,179.22,9.41,-0.00,MANIPULATE,destrava,1,1
1788470703.49,179.32,9.29,-0.01,MANIPULATE,destrava,2,2
1788470703.59,179.42,9.32,-0.00,MANIPULATE,destrava,2,2
1788470703.70,179.52,9.26,-0.01,MANIPULATE,destrava,2,2
1788470703.80,179.62,9.35,-0.01,MANIPULATE,destrava,2,2
1788470703.90,179.72,9.35,-0.01,MANIPULATE,destrava,2,2
1788470704.00,179.82,9.28,-0.00,MANIPULATE,destrava,2,2
1788470704.10,179.92,9.29,-0.01,MANIPULATE,destrava,2,2
1788470704.21,180.02,9.26,-0.01,MANIPULATE,destrava,2,2
1788470704.31,180.12,9.12,-0.02,MANIPULATE,destrava,3,3
1788470704.41,180.22,8.95,-0.01,MANIPULATE,destrava,2,2
1788470704.51,180.32,8.84,-0.01,MANIPULATE,destrava,1,1
1788470704.61,180.42,8.86,-0.02,MANIPULATE,destrava,2,2
1788470704.71,180.52,8.77,-0.00,MANIPULATE,destrava,2,2
1788470704.81,180.62,8.89,-0.02,MANIPULATE,destrava,3,3
1788470704.91,180.72,8.85,-0.02,MANIPULATE,destrava,2,2
1788470705.02,180.82,8.84,-0.00,MANIPULATE,destrava,2,2
1788470705.11,180.92,8.76,-0.00,MANIPULATE,destrava,2,2
1788470705.22,181.02,9.48,-0.00,MANIPULATE,destrava,1,1
1788470705.32,181.12,8.67,-0.00,MANIPULATE,destrava,2,2
1788470705.42,181.22,8.99,-0.02,MANIPULATE,destrava,3,3
1788470705.52,181.32,8.15,-0.02,MANIPULATE,destrava,1,1
1788470705.63,181.42,8.06,-0.03,MANIPULATE,destrava,2,2
1788470705.72,181.52,7.99,-0.02,MANIPULATE,destrava,3,3
1788470705.82,181.62,7.92,-0.01,MANIPULATE,destrava,1,1
1788470705.92,181.72,7.90,-0.02,MANIPULATE,destrava,2,2
1788470706.02,181.82,8.03,0.00,MANIPULATE,destrava,3,3
1788470706.13,181.92,8.12,-0.01,MANIPULATE,destrava,1,1
1788470706.23,182.02,8.23,-0.00,MANIPULATE,destrava,2,2
1788470706.33,182.12,8.32,-0.02,MANIPULATE,destrava,2,2
1788470706.43,182.22,8.46,-0.00,MANIPULATE,destrava,2,2
1788470706.53,182.32,8.53,-0.01,MANIPULATE,destrava,3,3
1788470706.63,182.42,8.56,-0.01,MANIPULATE,destrava,2,2
1788470706.73,182.52,8.65,-0.00,MANIPULATE,destrava,2,2
1788470706.84,182.62,8.61,-0.02,MANIPULATE,destrava,1,1
1788470706.93,182.72,8.51,-0.01,MANIPULATE,destrava,3,3
1788470707.04,182.82,8.42,-0.01,MANIPULATE,destrava,1,1
1788470707.14,182.92,9.05,-0.00,MANIPULATE,destrava,2,2
1788470707.24,183.02,8.51,-0.01,MANIPULATE,destrava,3,3
1788470707.34,183.12,8.33,-0.01,MANIPULATE,destrava,2,2
1788470707.44,183.22,9.69,-0.00,MANIPULATE,destrava,2,2
1788470707.54,183.32,10.39,-0.02,MANIPULATE,destrava,2,2
1788470707.64,183.42,8.57,-0.01,MANIPULATE,destrava,1,1
1788470707.74,183.52,9.44,-0.02,MANIPULATE,destrava,3,3
1788470707.85,183.62,9.07,-0.01,MANIPULATE,destrava,1,1
1788470707.95,183.72,8.66,-0.01,MANIPULATE,destrava,2,2
1788470708.05,183.82,9.41,-0.02,MANIPULATE,destrava,2,2
1788470708.15,183.92,8.81,-0.02,MANIPULATE,destrava,2,2
1788470708.25,184.02,9.34,-0.01,MANIPULATE,destrava,2,2
1788470708.35,184.12,10.00,-0.03,MANIPULATE,destrava,2,2
1788470708.45,184.22,9.24,-0.01,MANIPULATE,destrava,2,2
1788470708.55,184.32,10.40,-0.01,MANIPULATE,destrava,2,2
1788470708.65,184.42,11.50,-0.01,MANIPULATE,destrava,3,3
1788470708.75,184.52,12.52,-0.00,MANIPULATE,destrava,1,1
1788470708.86,184.62,13.56,-0.01,MANIPULATE,destrava,3,3
1788470708.96,184.72,14.47,-0.01,MANIPULATE,destrava,1,1
1788470709.06,184.82,15.32,-0.01,MANIPULATE,destrava,2,2
1788470709.16,184.92,15.95,-0.01,MANIPULATE,destrava,2,2
1788470709.26,185.02,16.40,-0.01,MANIPULATE,destrava,2,2
1788470709.36,185.12,16.82,-0.01,MANIPULATE,destrava,2,2
1788470709.46,185.22,17.23,-0.01,MANIPULATE,destrava,2,2
1788470709.57,185.32,17.86,-0.00,MANIPULATE,destrava,2,2
1788470709.67,185.42,18.03,-0.00,MANIPULATE,destrava,2,2
1788470709.77,185.52,17.90,-0.00,MANIPULATE,destrava,2,2
1788470709.87,185.62,18.58,-0.00,MANIPULATE,destrava,2,2
1788470709.97,185.72,17.73,-0.00,MANIPULATE,destrava,2,2
1788470710.07,185.82,17.69,-0.01,MANIPULATE,destrava,2,2
1788470710.17,185.92,18.13,-0.01,MANIPULATE,destrava,2,2
1788470710.27,186.02,17.46,-0.01,MANIPULATE,destrava,2,2
1788470710.37,186.12,17.32,-0.01,MANIPULATE,destrava,2,2
1788470710.47,186.22,17.74,-0.00,MANIPULATE,destrava,2,2
1788470710.57,186.32,17.22,-0.06,MANIPULATE,destrava,3,3
1788470710.67,186.42,17.09,-0.03,MANIPULATE,destrava,2,2
1788470710.77,186.52,16.90,-0.03,MANIPULATE,destrava,1,1
1788470710.87,186.62,16.77,-0.04,MANIPULATE,destrava,3,3
1788470710.98,186.72,16.68,-0.04,MANIPULATE,destrava,1,1
1788470711.08,186.82,16.59,-0.05,MANIPULATE,destrava,2,2
1788470711.18,186.92,16.53,-0.04,MANIPULATE,destrava,2,2
1788470711.28,187.02,16.48,-0.06,MANIPULATE,destrava,3,3
1788470711.38,187.12,16.42,-0.04,MANIPULATE,destrava,1,1
1788470711.48,187.22,16.52,-0.06,MANIPULATE,destrava,3,3
1788470711.58,187.32,16.92,-0.04,MANIPULATE,destrava,1,1
1788470711.68,187.42,17.02,-0.03,MANIPULATE,destrava,2,2
1788470711.78,187.52,17.23,-0.04,MANIPULATE,destrava,2,2
1788470711.88,187.62,17.48,-0.02,MANIPULATE,destrava,2,2
1788470711.98,187.72,17.72,-0.01,MANIPULATE,destrava,2,2
1788470712.09,187.82,17.81,-0.04,MANIPULATE,destrava,2,2
1788470712.19,187.92,18.06,-0.04,MANIPULATE,destrava,3,3
1788470712.29,188.02,18.20,-0.05,MANIPULATE,destrava,1,1
1788470712.39,188.12,18.64,-0.03,MANIPULATE,destrava,2,2
1788470712.49,188.22,18.91,-0.04,MANIPULATE,destrava,3,3
1788470712.59,188.32,19.15,-0.05,MANIPULATE,destrava,2,2
1788470712.69,188.42,19.28,-0.04,MANIPULATE,destrava,1,1
1788470712.79,188.52,19.56,-0.05,MANIPULATE,destrava,2,2
1788470712.89,188.62,19.83,-0.04,MANIPULATE,destrava,3,3
1788470712.99,188.72,19.96,-0.03,MANIPULATE,destrava,1,1
1788470713.09,188.82,19.93,-0.02,MANIPULATE,destrava,2,2
1788470713.20,188.92,19.97,-0.04,MANIPULATE,destrava,2,2
1788470713.29,189.02,20.02,-0.03,MANIPULATE,destrava,2,2
1788470713.40,189.12,20.03,-0.03,MANIPULATE,destrava,2,2
1788470713.50,189.22,20.03,-0.03,MANIPULATE,destrava,2,2
1788470713.60,189.32,20.02,-0.03,MANIPULATE,destrava,2,2
1788470713.70,189.42,20.02,-0.03,MANIPULATE,destrava,3,3
1788470713.80,189.52,20.03,-0.04,MANIPULATE,destrava,1,1
1788470713.90,189.62,20.01,-0.03,MANIPULATE,destrava,2,2
1788470714.00,189.72,20.01,-0.03,MANIPULATE,destrava,2,2
1788470714.11,189.82,20.00,-0.03,MANIPULATE,destrava,2,2
1788470714.20,189.92,20.01,-0.03,MANIPULATE,destrava,3,3
1788470714.30,190.02,20.02,-0.04,MANIPULATE,destrava,1,1
1788470714.41,190.12,20.03,-0.04,MANIPULATE,destrava,2,2
1788470714.51,190.22,20.01,-0.03,MANIPULATE,destrava,2,2
1788470714.61,190.32,20.01,-0.05,MANIPULATE,destrava,2,2
1788470714.71,190.42,20.01,-0.03,MANIPULATE,destrava,2,2
1788470714.81,190.52,20.01,-0.03,MANIPULATE,destrava,3,3
1788470714.91,190.62,20.01,-0.03,MANIPULATE,destrava,1,1
1788470715.01,190.72,20.01,-0.03,MANIPULATE,destrava,3,3
1788470715.11,190.82,20.02,-0.06,MANIPULATE,destrava,1,1
1788470715.21,190.92,20.02,-0.06,MANIPULATE,destrava,3,3
1788470715.31,191.02,20.01,-0.05,MANIPULATE,destrava,1,1
1788470715.41,191.12,20.02,-0.04,MANIPULATE,destrava,2,2
1788470715.52,191.22,20.02,-0.02,MANIPULATE,destrava,2,2
1788470715.61,191.32,20.02,-0.06,MANIPULATE,destrava,2,2
1788470715.71,191.42,20.03,-0.06,MANIPULATE,destrava,2,2
1788470715.81,191.52,20.04,-0.04,MANIPULATE,destrava,2,2
1788470715.91,191.62,20.04,-0.03,MANIPULATE,destrava,3,3
1788470716.02,191.72,20.03,-0.04,MANIPULATE,destrava,1,1
1788470716.12,191.82,20.00,-0.04,MANIPULATE,destrava,2,2
1788470716.22,191.92,20.00,-0.05,MANIPULATE,destrava,2,2
1788470716.32,192.02,20.02,-0.04,MANIPULATE,destrava,3,3
1788470716.42,192.12,20.01,-0.02,MANIPULATE,destrava,1,1
1788470716.52,192.22,19.93,-0.03,MANIPULATE,destrava,2,2
1788470716.62,192.32,19.91,-0.01,MANIPULATE,destrava,2,2
1788470716.72,192.42,20.08,-0.04,MANIPULATE,destrava,2,2
1788470716.82,192.52,20.04,-0.03,MANIPULATE,destrava,2,2
1788470716.92,192.62,20.00,-0.07,MANIPULATE,destrava,2,2
1788470717.02,192.72,20.02,-0.08,MANIPULATE,destrava,3,3
1788470717.12,192.82,19.97,-0.09,MANIPULATE,destrava,2,2
1788470717.22,192.92,20.02,-0.02,MANIPULATE,destrava,2,2
1788470717.32,193.02,20.01,-0.02,MANIPULATE,destrava,2,2
1788470717.42,193.12,20.01,-0.04,MANIPULATE,destrava,2,2
1788470717.52,193.22,20.01,-0.02,MANIPULATE,destrava,2,2
1788470717.62,193.32,20.07,0.01,MANIPULATE,destrava,2,2
1788470717.72,193.42,19.97,-0.06,MANIPULATE,destrava,1,1
1788470717.82,193.52,20.01,-0.05,MANIPULATE,destrava,2,2
1788470717.92,193.62,19.98,-0.07,MANIPULATE,destrava,2,2
1788470718.02,193.72,20.01,0.01,MANIPULATE,destrava,2,2
1788470718.12,193.82,20.08,-0.07,MANIPULATE,destrava,3,3
1788470718.22,193.92,16.82,0.01,MANIPULATE,destrava,1,1
1788470718.32,194.02,18.62,0.01,MANIPULATE,destrava,2,2
1788470718.42,194.12,20.03,-0.01,MANIPULATE,destrava,3,3
1788470718.53,194.22,20.06,-0.00,MANIPULATE,destrava,1,1
1788470718.63,194.32,20.05,-0.00,MANIPULATE,destrava,2,2
1788470718.73,194.42,20.05,0.00,MANIPULATE,destrava,2,3
1788470718.83,194.52,20.06,-0.01,MANIPULATE,destrava,0,0
1788470718.93,194.62,20.05,-0.01,MANIPULATE,destrava,0,0
1788470719.03,194.72,20.05,-0.01,MANIPULATE,destrava,0,0
1788470719.13,194.82,20.05,-0.01,MANIPULATE,destrava,0,0
1788470719.24,194.92,20.06,-0.01,MANIPULATE,destrava,0,0
1788470719.34,195.02,20.06,-0.02,MANIPULATE,destrava,0,0
1788470719.44,195.12,20.06,-0.01,MANIPULATE,libera,0,0
1788470719.54,195.22,20.06,0.00,MANIPULATE,libera,0,0
1788470719.64,195.32,20.06,-0.00,MANIPULATE,libera,0,0
1788470719.74,195.42,20.04,-0.00,MANIPULATE,libera,2,2
1788470719.84,195.52,20.03,-0.00,MANIPULATE,libera,2,2
1788470719.94,195.62,20.04,-0.02,MANIPULATE,libera,2,2
1788470720.04,195.72,20.02,-0.01,MANIPULATE,libera,2,2
1788470720.14,195.82,20.03,-0.02,MANIPULATE,libera,2,2
1788470720.24,195.92,20.03,-0.01,MANIPULATE,libera,3,3
1788470720.34,196.02,20.04,-0.02,MANIPULATE,libera,2,2
1788470720.44,196.12,20.03,-0.00,MANIPULATE,libera,2,2
1788470720.54,196.22,20.03,0.00,MANIPULATE,libera,1,1
1788470720.64,196.32,20.03,-0.00,MANIPULATE,libera,3,3
1788470720.74,196.42,20.03,-0.00,MANIPULATE,libera,1,1
1788470720.84,196.52,20.03,-0.00,MANIPULATE,libera,2,2
1788470720.94,196.62,20.03,-0.00,MANIPULATE,libera,2,2
1788470721.04,196.72,20.06,-0.01,MANIPULATE,libera,2,2
1788470721.14,196.82,20.03,-0.01,MANIPULATE,libera,3,3
1788470721.24,196.92,20.03,-0.00,MANIPULATE,libera,1,1
1788470721.34,197.02,20.03,-0.00,MANIPULATE,libera,2,2
1788470721.44,197.12,20.03,-0.00,MANIPULATE,libera,3,3
1788470721.55,197.22,20.02,-0.00,MANIPULATE,libera,1,1
1788470721.65,197.32,20.03,-0.00,MANIPULATE,libera,3,3
1788470721.75,197.42,20.02,-0.01,MANIPULATE,libera,2,2
1788470721.85,197.52,20.02,-0.00,MANIPULATE,libera,2,2
1788470721.95,197.62,20.03,-0.01,MANIPULATE,libera,2,2
1788470722.05,197.72,20.02,-0.00,MANIPULATE,libera,1,1
1788470722.15,197.82,20.02,-0.00,MANIPULATE,libera,2,2
1788470722.25,197.92,20.02,-0.00,MANIPULATE,libera,2,2
1788470722.35,198.02,20.02,-0.01,MANIPULATE,libera,2,2
1788470722.45,198.12,20.02,0.00,MANIPULATE,libera,2,2
1788470722.55,198.22,20.02,-0.00,MANIPULATE,libera,3,3
1788470722.66,198.32,20.02,0.00,MANIPULATE,libera,1,1
1788470722.76,198.42,20.02,-0.00,MANIPULATE,libera,2,2
1788470722.85,198.52,20.02,-0.01,MANIPULATE,libera,2,2
1788470722.96,198.62,20.03,-0.01,MANIPULATE,libera,2,2
1788470723.06,198.72,20.03,-0.01,MANIPULATE,libera,3,3
1788470723.16,198.82,20.04,-0.01,MANIPULATE,libera,1,1
1788470723.26,198.92,20.04,0.00,MANIPULATE,libera,2,2
1788470723.36,199.02,20.05,-0.01,MANIPULATE,libera,1,1
1788470723.46,199.12,20.05,-0.01,MANIPULATE,libera,2,2
1788470723.56,199.22,20.05,-0.00,MANIPULATE,libera,2,2
1788470723.66,199.32,20.06,-0.01,MANIPULATE,libera,3,3
1788470723.76,199.42,20.07,-0.01,MANIPULATE,libera,1,1
1788470723.87,199.52,20.06,-0.01,MANIPULATE,libera,2,2
1788470723.97,199.62,20.07,-0.01,MANIPULATE,libera,2,2
1788470724.07,199.72,20.07,-0.01,MANIPULATE,libera,2,2
1788470724.17,199.82,20.07,0.06,MANIPULATE,libera,2,2
1788470724.27,199.92,20.08,0.11,MANIPULATE,libera,2,2
1788470724.37,200.02,20.08,0.09,MANIPULATE,libera,3,3
1788470724.47,200.12,20.09,0.08,MANIPULATE,libera,1,1
1788470724.57,200.22,20.09,0.15,MANIPULATE,libera,2,2
1788470724.67,200.32,20.10,0.27,MANIPULATE,libera,2,2
1788470724.77,200.42,20.10,0.61,MANIPULATE,libera,2,2
1788470724.87,200.52,20.10,1.09,MANIPULATE,libera,2,2
1788470724.97,200.62,20.10,1.71,MANIPULATE,libera,2,2
1788470725.08,200.72,20.10,2.35,MANIPULATE,libera,2,2
1788470725.18,200.82,20.09,3.01,MANIPULATE,libera,2,2
1788470725.28,200.92,20.09,3.65,MANIPULATE,libera,2,2
1788470725.38,201.02,20.10,4.28,MANIPULATE,libera,2,2
1788470725.48,201.12,20.09,4.89,MANIPULATE,libera,3,3
1788470725.58,201.22,20.09,5.45,MANIPULATE,libera,2,2
1788470725.68,201.32,20.09,6.01,MANIPULATE,libera,1,1
1788470725.78,201.42,20.09,6.53,MANIPULATE,libera,2,2
1788470725.88,201.52,20.09,7.01,MANIPULATE,libera,2,2
1788470725.98,201.62,20.09,7.48,MANIPULATE,libera,3,3
1788470726.09,201.72,20.09,7.93,MANIPULATE,libera,1,1
1788470726.19,201.82,20.08,8.38,MANIPULATE,libera,3,3
1788470726.29,201.92,20.08,8.79,MANIPULATE,libera,2,2
1788470726.39,202.02,20.08,9.22,MANIPULATE,libera,1,1
1788470726.49,202.12,20.07,9.59,MANIPULATE,libera,2,2
1788470726.59,202.22,20.08,9.95,MANIPULATE,libera,2,2
1788470726.69,202.32,20.07,10.26,MANIPULATE,libera,3,3
1788470726.79,202.42,20.06,10.19,MANIPULATE,libera,1,1
1788470726.89,202.52,20.06,10.09,MANIPULATE,libera,2,2
1788470726.99,202.62,20.05,9.99,MANIPULATE,libera,2,2
1788470727.09,202.72,20.05,9.90,MANIPULATE,libera,3,3
1788470727.19,202.82,20.05,9.81,MANIPULATE,libera,2,2
1788470727.29,202.92,20.06,9.75,MANIPULATE,libera,1,1
1788470727.39,203.02,20.06,9.67,MANIPULATE,libera,3,3
1788470727.50,203.12,20.06,9.61,MANIPULATE,libera,1,1
1788470727.60,203.22,20.07,9.61,MANIPULATE,libera,2,2
1788470727.70,203.32,20.06,9.66,MANIPULATE,libera,2,2
1788470727.80,203.42,20.05,9.82,MANIPULATE,libera,2,2
1788470727.90,203.52,20.06,9.94,MANIPULATE,libera,2,2
1788470728.00,203.62,20.05,9.84,MANIPULATE,libera,2,2
1788470728.10,203.72,20.05,9.74,MANIPULATE,libera,2,2
1788470728.20,203.82,20.04,9.66,MANIPULATE,libera,2,2
1788470728.30,203.92,20.04,9.58,MANIPULATE,libera,3,3
1788470728.40,204.02,20.04,9.52,MANIPULATE,libera,1,1
1788470728.50,204.12,20.05,9.46,MANIPULATE,libera,3,3
1788470728.60,204.22,20.05,9.39,MANIPULATE,libera,2,2
1788470728.71,204.32,20.05,9.32,MANIPULATE,libera,1,1
1788470728.81,204.42,20.05,9.28,MANIPULATE,libera,2,2
1788470728.91,204.52,20.05,9.29,MANIPULATE,libera,2,2
1788470729.01,204.62,20.05,9.39,MANIPULATE,libera,2,2
1788470729.11,204.72,20.05,9.52,MANIPULATE,libera,2,2
1788470729.21,204.82,20.04,9.48,MANIPULATE,libera,3,3
1788470729.31,204.92,20.04,9.39,MANIPULATE,libera,2,2
1788470729.41,205.02,20.04,9.31,MANIPULATE,libera,2,2
1788470729.51,205.12,20.03,9.23,MANIPULATE,libera,2,2
1788470729.61,205.22,20.04,9.17,MANIPULATE,libera,1,1
1788470729.71,205.32,20.04,9.12,MANIPULATE,libera,2,2
1788470729.81,205.42,20.04,9.05,MANIPULATE,libera,3,3
1788470729.91,205.52,20.04,8.99,MANIPULATE,libera,1,1
1788470730.01,205.62,20.04,8.97,MANIPULATE,libera,3,3
1788470730.11,205.72,20.05,8.99,MANIPULATE,libera,1,1
1788470730.22,205.82,20.05,9.10,MANIPULATE,libera,2,2
1788470730.32,205.92,20.03,9.22,MANIPULATE,libera,3,3
1788470730.42,206.02,20.04,9.17,MANIPULATE,libera,2,2
1788470730.52,206.12,20.03,9.10,MANIPULATE,libera,1,1
1788470730.62,206.22,20.03,9.03,MANIPULATE,libera,2,2
1788470730.72,206.32,20.02,8.96,MANIPULATE,libera,2,2
1788470730.82,206.42,20.02,8.86,MANIPULATE,libera,2,2
1788470730.92,206.52,20.02,8.70,MANIPULATE,libera,3,3
1788470731.02,206.62,20.03,8.64,MANIPULATE,libera,1,1
1788470731.12,206.72,20.03,8.60,MANIPULATE,libera,2,2
1788470731.22,206.82,20.03,8.56,MANIPULATE,libera,3,3
1788470731.32,206.92,20.03,8.51,MANIPULATE,libera,1,1
1788470731.42,207.02,20.03,8.46,MANIPULATE,libera,2,2
1788470731.52,207.12,20.03,8.41,MANIPULATE,libera,3,3
1788470731.63,207.22,20.03,8.39,MANIPULATE,libera,1,1
1788470731.73,207.32,20.03,8.44,MANIPULATE,libera,2,2
1788470731.83,207.42,20.03,8.53,MANIPULATE,libera,2,2
1788470731.93,207.52,20.02,8.60,MANIPULATE,libera,2,2
1788470732.03,207.62,20.01,8.72,MANIPULATE,libera,2,2
1788470732.13,207.72,20.02,8.68,MANIPULATE,libera,2,2
1788470732.23,207.82,20.02,8.62,MANIPULATE,libera,2,2
1788470732.33,207.92,20.02,8.56,MANIPULATE,libera,2,2
1788470732.43,208.02,20.01,8.47,MANIPULATE,libera,2,2
1788470732.53,208.12,20.03,8.44,MANIPULATE,libera,3,3
1788470732.64,208.22,20.01,8.40,MANIPULATE,libera,2,2
1788470732.74,208.32,20.01,8.38,MANIPULATE,libera,1,1
1788470732.83,208.42,20.02,8.36,MANIPULATE,libera,2,2
1788470732.94,208.52,20.01,8.33,MANIPULATE,libera,2,2
1788470733.04,208.62,20.01,8.31,MANIPULATE,libera,2,2
1788470733.14,208.72,20.01,8.35,MANIPULATE,libera,3,3
1788470733.24,208.82,20.01,8.47,MANIPULATE,libera,1,1
1788470733.34,208.92,20.01,8.67,MANIPULATE,libera,2,2
1788470733.44,209.02,20.01,8.82,MANIPULATE,libera,2,2
1788470733.54,209.12,20.01,8.77,MANIPULATE,libera,3,3
1788470733.64,209.22,20.01,8.71,MANIPULATE,libera,1,1
1788470733.74,209.32,20.01,8.64,MANIPULATE,libera,2,2
1788470733.84,209.42,20.01,8.56,MANIPULATE,libera,3,3
1788470733.94,209.52,20.01,8.50,MANIPULATE,libera,2,2
1788470734.05,209.62,20.01,8.46,MANIPULATE,libera,1,1
1788470734.15,209.72,20.02,8.44,MANIPULATE,libera,2,2
1788470734.25,209.82,20.02,8.41,MANIPULATE,libera,2,2
1788470734.35,209.92,20.01,8.39,MANIPULATE,libera,2,2
1788470734.45,210.02,20.01,8.37,MANIPULATE,libera,2,2
1788470734.55,210.12,20.01,8.35,MANIPULATE,libera,3,3
1788470734.65,210.22,20.01,8.32,MANIPULATE,libera,1,1
1788470734.75,210.32,20.01,8.29,MANIPULATE,libera,3,3
1788470734.85,210.42,20.01,8.33,MANIPULATE,libera,1,1
1788470734.95,210.52,20.01,8.43,MANIPULATE,libera,3,3
1788470735.05,210.62,20.01,8.55,MANIPULATE,libera,2,2
1788470735.15,210.72,20.01,8.69,MANIPULATE,libera,2,2
1788470735.25,210.82,20.01,8.66,MANIPULATE,libera,1,1
1788470735.36,210.92,20.01,8.61,MANIPULATE,libera,3,3
1788470735.46,211.02,20.00,8.55,MANIPULATE,libera,1,1
1788470735.56,211.12,20.01,8.53,MANIPULATE,libera,3,3
1788470735.66,211.22,20.00,8.51,MANIPULATE,libera,2,2
1788470735.76,211.32,20.00,8.50,MANIPULATE,libera,1,1
1788470735.86,211.42,20.01,8.49,MANIPULATE,libera,2,2
1788470735.96,211.52,20.00,8.47,MANIPULATE,libera,2,2
1788470736.06,211.62,20.01,8.45,MANIPULATE,libera,2,2
1788470736.16,211.72,20.00,8.42,MANIPULATE,libera,3,3
1788470736.26,211.82,20.01,8.42,MANIPULATE,libera,2,2
1788470736.36,211.92,20.00,8.41,MANIPULATE,libera,2,2
1788470736.46,212.02,20.00,8.42,MANIPULATE,libera,2,2
1788470736.56,212.12,20.01,8.47,MANIPULATE,libera,1,1
1788470736.66,212.22,20.00,8.57,MANIPULATE,libera,2,2
1788470736.76,212.32,20.00,8.58,MANIPULATE,libera,2,2
1788470736.87,212.42,20.00,8.53,MANIPULATE,libera,2,2
1788470736.97,212.52,20.00,8.47,MANIPULATE,libera,2,2
1788470737.07,212.62,20.00,8.40,MANIPULATE,libera,2,2
1788470737.17,212.72,19.97,8.38,MANIPULATE,libera,2,2
1788470737.27,212.82,20.00,8.39,MANIPULATE,libera,2,2
1788470737.37,212.92,20.00,8.43,MANIPULATE,libera,2,2
1788470737.47,213.02,20.00,8.51,MANIPULATE,libera,2,2
1788470737.57,213.12,19.87,8.48,MANIPULATE,libera,2,2
1788470737.67,213.22,19.56,8.39,MANIPULATE,libera,2,2
1788470737.77,213.32,19.16,8.27,MANIPULATE,libera,2,2
1788470737.87,213.42,18.93,8.20,MANIPULATE,libera,2,2
1788470737.97,213.52,18.75,8.15,MANIPULATE,libera,2,2
1788470738.07,213.62,18.56,8.12,MANIPULATE,libera,2,2
1788470738.17,213.72,18.36,8.11,MANIPULATE,libera,2,2
1788470738.27,213.82,18.10,8.12,MANIPULATE,libera,2,2
1788470738.37,213.92,17.84,8.16,MANIPULATE,libera,2,2
1788470738.47,214.02,17.54,8.20,MANIPULATE,libera,3,3
1788470738.57,214.12,17.23,8.14,MANIPULATE,libera,2,2
1788470738.67,214.22,16.87,8.03,MANIPULATE,libera,1,1
1788470738.77,214.32,16.51,7.94,MANIPULATE,libera,3,3
1788470738.87,214.42,15.18,7.91,MANIPULATE,libera,1,1
1788470738.97,214.52,10.42,7.95,MANIPULATE,libera,2,2
1788470739.07,214.62,7.56,7.97,MANIPULATE,libera,2,2
1788470739.18,214.72,6.93,8.00,MANIPULATE,libera,2,2
1788470739.28,214.82,6.68,8.01,MANIPULATE,libera,2,2
1788470739.37,214.92,5.59,8.02,MANIPULATE,libera,3,3
1788470739.48,215.02,4.60,8.02,MANIPULATE,libera,1,2
1788470739.58,215.12,3.81,8.03,MANIPULATE,libera,0,0
1788470739.68,215.22,3.20,8.04,MANIPULATE,libera,0,0
1788470739.78,215.32,3.17,8.06,MANIPULATE,libera,0,0
1788470739.89,215.42,3.20,8.07,MANIPULATE,libera,0,0
1788470739.99,215.52,3.20,8.08,MANIPULATE,libera,0,0
1788470740.09,215.62,3.16,8.09,MANIPULATE,libera,0,0
1788470740.19,215.72,3.35,8.10,MANIPULATE,libera,0,0
1788470740.29,215.82,5.47,8.31,MANIPULATE,libera,0,0
1788470740.39,215.92,6.80,9.23,MANIPULATE,libera,0,0
1788470740.50,216.02,6.49,11.02,MANIPULATE,libera,0,0
1788470740.59,216.12,5.15,13.06,MANIPULATE,libera,0,0
1788470740.70,216.22,5.23,14.05,MANIPULATE,arco1,0,0
1788470740.80,216.32,4.90,14.72,MANIPULATE,arco1,0,0
1788470740.90,216.42,4.55,15.36,MANIPULATE,arco1,1,1
1788470741.00,216.52,4.70,15.58,MANIPULATE,arco1,2,2
1788470741.10,216.62,4.58,15.66,MANIPULATE,arco1,2,2
1788470741.20,216.72,4.20,15.67,MANIPULATE,arco1,2,2
1788470741.30,216.82,3.66,15.67,MANIPULATE,arco1,2,2
1788470741.40,216.92,3.28,15.67,MANIPULATE,arco1,3,3
1788470741.50,217.02,2.97,15.67,MANIPULATE,arco1,1,1
1788470741.61,217.12,2.53,15.68,MANIPULATE,arco1,1,2
1788470741.71,217.22,2.21,15.63,MANIPULATE,arco1,0,0
1788470741.81,217.32,2.18,15.62,MANIPULATE,arco1,0,0
1788470741.91,217.42,2.37,15.63,MANIPULATE,arco1,0,0
1788470742.01,217.52,2.48,15.64,MANIPULATE,arco1,0,0
1788470742.11,217.62,2.54,15.65,MANIPULATE,arco1,0,0
1788470742.21,217.72,2.58,15.66,MANIPULATE,arco1,0,0
1788470742.31,217.82,3.27,15.80,MANIPULATE,arco1,0,0
1788470742.42,217.92,3.38,17.04,MANIPULATE,arco1,0,0
1788470742.52,218.02,0.67,19.01,MANIPULATE,arco1,0,0
1788470742.62,218.12,-0.03,20.61,MANIPULATE,arco1,0,0
1788470742.73,218.22,-0.02,22.27,MANIPULATE,arco1,0,0
1788470742.83,218.32,-0.04,23.89,MANIPULATE,arco1,0,0
1788470742.93,218.42,-0.04,25.54,MANIPULATE,arco1,0,0
1788470743.03,218.52,-0.05,27.11,MANIPULATE,arco1,0,0
1788470743.13,218.62,-0.03,28.63,MANIPULATE,arco2,0,0
1788470743.23,218.72,-0.04,28.94,MANIPULATE,arco2,0,0
1788470743.34,218.82,-0.04,29.17,MANIPULATE,arco2,0,0
1788470743.44,218.92,-0.05,29.38,MANIPULATE,arco2,1,1
1788470743.54,219.02,-0.05,29.64,MANIPULATE,arco2,2,2
1788470743.64,219.12,-0.05,29.88,MANIPULATE,arco2,3,3
1788470743.74,219.22,-0.05,30.13,MANIPULATE,arco2,1,1
1788470743.84,219.32,-0.05,30.39,MANIPULATE,arco2,3,3
1788470743.94,219.42,-0.06,30.66,MANIPULATE,arco2,1,1
1788470744.04,219.52,-0.06,30.92,MANIPULATE,arco2,2,2
1788470744.14,219.62,-0.05,31.18,MANIPULATE,arco2,1,2
1788470744.24,219.72,-0.05,31.43,MANIPULATE,arco2,0,0
1788470744.34,219.82,-0.04,31.57,MANIPULATE,arco2,0,0
1788470744.44,219.92,-0.01,31.56,MANIPULATE,arco2,0,0
1788470744.55,220.02,-0.01,31.56,MANIPULATE,arco2,0,0
1788470744.65,220.12,-0.02,31.56,MANIPULATE,arco2,0,0
1788470744.75,220.22,-0.02,31.53,MANIPULATE,arco2,0,0
1788470744.85,220.32,-0.01,31.47,MANIPULATE,arco2,0,0
1788470744.95,220.42,1.91,31.43,MANIPULATE,arco2,0,0
1788470745.05,220.52,6.95,31.11,MANIPULATE,arco2,0,0
1788470745.15,220.62,8.68,30.67,MANIPULATE,arco2,0,0
1788470745.26,220.72,12.58,30.09,MANIPULATE,arco2,0,0
1788470745.36,220.82,13.70,29.61,MANIPULATE,arco2,0,0
1788470745.46,220.92,13.25,29.43,MANIPULATE,arco2,0,0
1788470745.56,221.02,12.71,29.40,MANIPULATE,arco2,0,0
1788470745.67,221.12,11.05,29.40,MANIPULATE,arco2,0,0
1788470745.77,221.22,-0.00,29.40,MANIPULATE,arco2,0,0
1788470745.87,221.32,-0.01,29.40,MANIPULATE,arco2,0,0
1788470745.97,221.43,-0.00,29.40,MANIPULATE,arco2,0,0
1788470746.07,221.52,-0.00,29.40,MANIPULATE,arco2,0,0
1788470746.18,221.62,0.00,29.40,MANIPULATE,arco2,0,0
1788470746.27,221.72,0.01,29.40,MANIPULATE,arco2,0,0
1788470746.37,221.82,0.00,29.40,MANIPULATE,arco2,0,0
1788470746.47,221.92,0.00,29.40,MANIPULATE,arco2,0,0
1788470746.58,222.03,-0.00,29.40,MANIPULATE,arco2,0,0
1788470746.68,222.12,-0.00,29.40,MANIPULATE,arco2,0,0
1788470746.78,222.22,0.00,29.40,MANIPULATE,arco2,0,0
1788470746.88,222.32,-0.01,29.40,MANIPULATE,arco2,0,0
1788470746.98,222.42,-0.01,29.40,MANIPULATE,arco2,0,0
1788470747.08,222.52,0.01,29.40,MANIPULATE,arco2,0,0
1788470747.18,222.62,0.00,29.40,MANIPULATE,desengata,0,0
1788470747.29,222.72,-0.00,29.40,MANIPULATE,desengata,0,0
1788470747.39,222.82,-0.00,29.40,MANIPULATE,desengata,0,0
1788470747.49,222.92,-0.00,29.40,MANIPULATE,desengata,0,0
1788470747.59,223.02,-0.01,29.40,MANIPULATE,desengata,0,0
1788470747.69,223.12,-0.00,29.40,RETRACT,desengata,0,1
1788470747.79,223.22,-0.00,29.40,RETRACT,desengata,0,0
1788470747.89,223.32,0.00,29.40,RETRACT,desengata,0,0
1788470747.99,223.42,-0.00,29.40,RETRACT,desengata,0,0
1788470748.09,223.52,-0.00,29.40,RETRACT,desengata,0,0
1788470748.19,223.62,0.00,29.40,RETRACT,desengata,0,0
1788470748.29,223.72,0.00,29.40,RETRACT,desengata,0,0
1788470748.40,223.82,-0.01,29.40,RETRACT,desengata,0,0
1788470748.50,223.92,-0.01,29.40,RETRACT,desengata,0,0
1788470748.60,224.02,0.00,29.40,RETRACT,desengata,0,0
1788470748.70,224.12,0.00,29.40,RETRACT,desengata,0,0
1788470748.81,224.22,0.00,29.40,RETRACT,desengata,0,0
1788470748.91,224.32,-0.01,29.40,RETRACT,desengata,0,0
1788470749.01,224.42,-0.00,29.40,RETRACT,desengata,0,0
1788470749.11,224.52,-0.00,29.40,RETRACT,desengata,0,0
1788470749.21,224.62,0.01,29.40,RETRACT,desengata,0,0
1788470749.32,224.72,0.00,29.40,RETRACT,desengata,0,0
1788470749.41,224.82,-0.01,29.40,RETRACT,desengata,0,0
1788470749.52,224.92,0.00,29.40,RETRACT,desengata,0,0
1788470749.62,225.02,-0.00,29.40,RETRACT,desengata,0,0
1788470749.72,225.12,-0.00,29.40,RETRACT,desengata,0,0
1788470749.82,225.22,0.01,29.40,RETRACT,desengata,0,0
1788470749.92,225.32,0.01,29.40,RETRACT,desengata,0,0
1788470750.02,225.42,0.00,29.40,RETRACT,desengata,0,0
1788470750.12,225.52,-0.00,29.40,RETRACT,saida_eixo,0,0
1788470750.23,225.62,-0.00,29.40,RETRACT,saida_eixo,0,0
1788470750.33,225.72,-0.00,29.40,RETRACT,saida_eixo,0,0
1788470750.43,225.82,0.00,29.40,RETRACT,saida_eixo,0,0
1788470750.53,225.92,-0.00,29.40,RETRACT,saida_eixo,0,0
1788470750.64,226.02,-0.01,29.40,RETRACT,saida_eixo,0,0
1788470750.74,226.12,-0.00,29.40,RETRACT,saida_eixo,0,0
1788470750.84,226.22,-0.00,29.40,RETRACT,saida_eixo,0,0
1788470750.94,226.32,-0.00,29.40,RETRACT,saida_eixo,0,0
1788470751.04,226.42,-0.00,29.40,RETRACT,saida_eixo,0,0
1788470751.14,226.52,0.00,29.40,RETRACT,saida_eixo,0,0
1788470751.24,226.62,-0.00,29.40,RETRACT,saida_eixo,0,0
1788470751.35,226.72,0.01,29.40,RETRACT,saida_eixo,0,0
1788470751.45,226.82,0.00,29.40,RETRACT,saida_eixo,0,0
1788470751.55,226.92,-0.00,29.40,RETRACT,saida_eixo,0,0
1788470751.66,227.03,-0.00,29.40,RETRACT,saida_eixo,0,0
1788470751.76,227.12,0.00,29.40,RETRACT,saida_eixo,0,0
1788470751.87,227.23,-0.00,29.40,RETRACT,saida_eixo,0,0
1788470751.96,227.32,-0.01,29.40,RETRACT,saida_eixo,0,0
1788470752.07,227.42,-0.00,29.40,RETRACT,saida_eixo,0,0
1788470752.16,227.52,0.00,29.40,RETRACT,saida_eixo,0,0
1788470752.27,227.62,0.00,29.40,RETRACT,saida_eixo,0,0
1788470752.37,227.72,-0.01,29.40,RETRACT,saida_eixo,0,0
1788470752.47,227.82,0.00,29.40,RETRACT,saida_eixo,0,0
1788470752.57,227.92,-0.00,29.40,RETRACT,saida_eixo,0,0
1788470752.67,228.02,-0.00,29.40,RETRACT,saida_eixo,0,0
1788470752.78,228.12,0.01,29.40,RETRACT,saida_eixo,0,0
1788470752.88,228.22,0.00,29.40,RETRACT,saida_eixo,0,0
1788470752.98,228.32,-0.00,29.40,RETRACT,saida_eixo,0,0
1788470753.08,228.42,-0.01,29.40,RETRACT,saida_eixo,0,0
1788470753.18,228.52,-0.00,29.40,RETRACT,saida_eixo,0,0
1788470753.28,228.62,-0.00,29.40,RETRACT,saida_eixo,0,0
1788470753.38,228.72,-0.01,29.40,RETRACT,saida_eixo,0,0
1788470753.49,228.82,0.00,29.40,RETRACT,saida_eixo,0,0
1788470753.58,228.92,-0.00,29.40,RETRACT,saida_eixo,0,0
1788470753.69,229.03,0.01,29.40,RETRACT,saida_eixo,0,0
1788470753.79,229.12,0.01,29.40,RETRACT,saida_eixo,0,0
1788470753.89,229.22,-0.00,29.40,RETRACT,saida_eixo,0,0
1788470753.99,229.32,-0.00,29.40,RETRACT,saida_eixo,0,0
1788470754.09,229.42,-0.01,29.40,RETRACT,saida_eixo,0,0
1788470754.19,229.52,0.00,29.40,RETRACT,saida_eixo,0,0
1788470754.29,229.62,-0.00,29.40,RETRACT,saida_eixo,0,0
1788470754.40,229.72,-0.00,29.40,RETRACT,saida_eixo,0,0
1788470754.50,229.83,-0.00,29.40,RETRACT,saida_eixo,0,0
1788470754.60,229.92,0.00,29.40,RETRACT,saida_eixo,0,0
1788470754.70,230.02,0.00,29.40,RETRACT,saida_eixo,0,0
1788470754.81,230.12,0.00,29.40,RETRACT,saida_eixo,0,0
1788470754.91,230.22,-0.00,29.40,RETRACT,saida_eixo,0,0
1788470755.01,230.32,-0.00,29.40,RETRACT,saida_eixo,0,0
1788470755.12,230.42,0.00,29.40,RETRACT,saida_eixo,0,0
1788470755.22,230.52,-0.01,29.40,RETRACT,saida_eixo,0,0
1788470755.32,230.62,-0.01,29.40,RETRACT,saida_eixo,0,0
1788470755.42,230.72,-0.01,29.40,RETRACT,saida_eixo,0,0
1788470755.52,230.82,-0.00,29.40,RETRACT,saida_eixo,0,0
1788470755.62,230.92,-0.00,29.40,RETRACT,saida_eixo,0,0
1788470755.72,231.02,0.00,29.40,RETRACT,saida_eixo,0,0
1788470755.82,231.12,0.00,29.40,RETRACT,saida_eixo,0,0
1788470755.93,231.22,-0.00,29.40,RETRACT,saida_eixo,0,0
1788470756.03,231.32,0.00,29.40,RETRACT,saida_eixo,0,0
1788470756.13,231.42,-0.00,29.40,RETRACT,saida_eixo,0,0
1788470756.23,231.52,-0.00,29.40,RETRACT,saida_eixo,0,0
1788470756.33,231.62,-0.01,29.40,RETRACT,saida_eixo,0,0
1788470756.43,231.72,0.00,29.40,RETRACT,saida_eixo,0,0
1788470756.53,231.82,0.00,29.40,RETRACT,saida_eixo,0,0
1788470756.64,231.92,0.00,29.40,RETRACT,saida_eixo,0,0
1788470756.74,232.02,-0.00,29.40,RETRACT,saida_eixo,0,0
1788470756.84,232.12,0.00,29.40,RETRACT,saida_eixo,0,0
1788470756.94,232.23,-0.01,29.40,RETRACT,saida_eixo,0,0
1788470757.04,232.32,-0.00,29.40,RETRACT,saida_eixo,0,0
1788470757.15,232.43,-0.00,29.40,RETRACT,saida_eixo,0,0
1788470757.25,232.52,0.00,29.40,RETRACT,saida_eixo,0,0
1788470757.35,232.62,0.00,29.40,RETRACT,saida_eixo,0,0
1788470757.45,232.72,-0.00,29.40,RETRACT,saida_eixo,0,0
1788470757.55,232.82,0.01,29.40,RETRACT,saida_eixo,0,0
1788470757.65,232.92,-0.00,29.40,RETRACT,saida_eixo,0,0
1788470757.75,233.02,-0.00,29.40,RETRACT,saida_eixo,0,0
1788470757.85,233.12,0.01,29.40,RETRACT,saida_eixo,0,0
1788470757.95,233.22,0.00,29.40,RETRACT,saida_eixo,0,0
1788470758.05,233.32,0.00,29.40,RETRACT,saida_eixo,0,0
1788470758.16,233.42,-0.00,29.40,RETRACT,saida_eixo,0,0
1788470758.26,233.52,-0.00,29.40,RETRACT,saida_eixo,0,0
1788470758.36,233.62,-0.00,29.40,RETRACT,saida_eixo,0,0
1788470758.46,233.72,0.00,29.40,RETRACT,saida_eixo,0,0
1788470758.56,233.82,0.00,29.40,RETRACT,saida_eixo,0,0
1788470758.66,233.92,-0.01,29.40,RETRACT,saida_eixo,0,0
1788470758.76,234.02,-0.00,29.40,RETRACT,saida_eixo,0,0
1788470758.86,234.12,0.00,29.40,RETRACT,saida_eixo,0,0
1788470758.96,234.22,0.00,29.40,RETRACT,saida_eixo,0,0
1788470759.06,234.32,0.00,29.40,RETRACT,saida_eixo,0,0
1788470759.17,234.42,0.01,29.40,RETRACT,saida_eixo,0,0
1788470759.27,234.52,0.00,29.40,RETRACT,saida_eixo,0,0
1788470759.37,234.62,0.00,29.40,RETRACT,saida_eixo,0,0
1788470759.47,234.72,-0.00,29.40,RETRACT,saida_eixo,0,0
1788470759.57,234.82,-0.01,29.40,RETRACT,saida_eixo,0,0
1788470759.67,234.92,-0.01,29.40,RETRACT,saida_eixo,0,0
1788470759.78,235.02,0.00,29.40,RETRACT,saida_eixo,0,0
1788470759.88,235.12,0.00,29.40,RETRACT,saida_eixo,0,0
1788470759.98,235.22,0.01,29.40,RETRACT,saida_eixo,0,0
1788470760.08,235.32,0.01,29.40,RETRACT,saida_eixo,0,0
1788470760.19,235.42,0.00,29.40,RETRACT,saida_eixo,0,0
1788470760.29,235.52,0.00,29.40,RETRACT,saida_eixo,0,0
1788470760.39,235.62,0.01,29.40,RETRACT,saida_eixo,0,0
1788470760.49,235.72,0.00,29.40,RETRACT,saida_eixo,0,0
1788470760.59,235.82,-0.00,29.40,RETRACT,saida_eixo,0,0
1788470760.69,235.92,-0.01,29.40,RETRACT,saida_eixo,0,0
1788470760.80,236.02,0.00,29.40,RETRACT,saida_eixo,0,0
1788470760.90,236.12,0.00,29.40,RETRACT,saida_eixo,0,0
1788470761.00,236.22,0.00,29.40,RETRACT,saida_eixo,0,0
1788470761.10,236.32,-0.00,29.40,RETRACT,saida_eixo,0,0
1788470761.20,236.42,-0.00,29.40,RETRACT,saida_eixo,0,0
1788470761.30,236.52,-0.00,29.40,RETRACT,saida_eixo,0,0
1788470761.40,236.62,-0.00,29.40,RETRACT,saida_eixo,0,0
1788470761.50,236.72,0.01,29.40,RETRACT,saida_eixo,0,0
1788470761.60,236.82,-0.00,29.40,RETRACT,saida_eixo,0,0
1788470761.71,236.92,0.00,29.40,RETRACT,saida_eixo,0,0
1788470761.81,237.02,-0.00,29.40,RETRACT,saida_eixo,0,0
1788470761.91,237.12,-0.00,29.40,RETRACT,saida_eixo,0,0
1788470762.01,237.22,0.01,29.40,RETRACT,saida_eixo,0,0
1788470762.11,237.32,0.00,29.40,RETRACT,saida_eixo,0,0
1788470762.21,237.42,0.00,29.40,RETRACT,saida_eixo,0,0
1788470762.31,237.52,-0.00,29.40,RETRACT,saida_eixo,0,0
1788470762.41,237.62,0.00,29.40,RETRACT,saida_eixo,0,0
1788470762.52,237.72,-0.00,29.40,RETRACT,saida_eixo,0,0
1788470762.62,237.82,0.00,29.40,RETRACT,saida_eixo,0,0
1788470762.72,237.92,-0.00,29.40,RETRACT,saida_eixo,0,0
1788470762.82,238.02,-0.00,29.40,RETRACT,saida_eixo,0,0
1788470762.92,238.12,0.00,29.40,RETRACT,saida_eixo,0,0
1788470763.02,238.22,0.01,29.40,RETRACT,saida_eixo,0,0
1788470763.12,238.32,-0.00,29.40,RETRACT,saida_eixo,0,0
1788470763.23,238.42,0.00,29.40,RETRACT,saida_eixo,0,0
1788470763.33,238.52,-0.00,29.40,RETRACT,saida_eixo,0,0
1788470763.43,238.62,-0.00,29.40,RETRACT,saida_eixo,0,0
1788470763.53,238.72,0.00,29.40,RETRACT,saida_eixo,0,0
1788470763.63,238.82,-0.00,29.40,RETRACT,saida_eixo,0,0
1788470763.73,238.92,0.00,29.40,RETRACT,saida_eixo,0,0
1788470763.84,239.03,-0.00,29.40,RETRACT,saida_eixo,0,0
1788470763.94,239.12,-0.00,29.40,RETRACT,saida_eixo,0,0
1788470764.04,239.22,-0.00,29.40,RETRACT,saida_eixo,0,0
1788470764.14,239.32,0.00,29.40,RETRACT,saida_eixo,0,0
1788470764.24,239.42,-0.00,29.40,RETRACT,saida_eixo,0,0
1788470764.34,239.52,0.00,29.40,RETRACT,saida_eixo,0,0
1788470764.44,239.62,-0.00,29.40,RETRACT,saida_eixo,0,0
1788470764.54,239.72,0.01,29.40,RETRACT,saida_eixo,0,0
1788470764.64,239.82,0.01,29.40,RETRACT,saida_eixo,0,0
1788470764.75,239.92,0.01,29.40,RETURN,saida_eixo,0,0
1788470764.85,240.02,-0.00,29.40,RETURN,saida_eixo,0,0
1788470764.95,240.12,-0.00,29.40,RETURN,saida_eixo,0,0
1788470765.05,240.22,-0.00,29.40,RETURN,saida_eixo,0,0
1788470765.15,240.32,-0.01,29.40,RETURN,saida_eixo,0,0
1788470765.25,240.42,-0.00,29.40,RETURN,saida_eixo,0,0
1788470765.35,240.52,0.00,29.40,RETURN,saida_eixo,0,0
1788470765.46,240.62,0.00,29.40,RETURN,saida_eixo,0,0
1788470765.56,240.72,-0.00,29.40,RETURN,saida_eixo,0,0
1788470765.66,240.82,0.00,29.40,RETURN,saida_eixo,0,0
1788470765.77,240.92,-0.00,29.40,RETURN,saida_eixo,0,0
1788470765.87,241.02,-0.00,29.40,RETURN,saida_eixo,0,0
1788470765.97,241.12,0.00,29.40,RETURN,saida_eixo,0,0
1788470766.07,241.22,-0.01,29.40,RETURN,saida_eixo,0,0
1788470766.18,241.32,-0.00,29.40,RETURN,saida_eixo,0,0
1788470766.28,241.42,0.00,29.40,RETURN,saida_eixo,0,0
1788470766.38,241.52,0.01,29.40,RETURN,saida_eixo,0,0
1788470766.48,241.62,-0.00,29.40,RETURN,saida_eixo,0,0
1788470766.58,241.72,0.00,29.40,RETURN,saida_eixo,0,0
1788470766.68,241.82,0.01,29.40,RETURN,saida_eixo,0,0
1788470766.79,241.92,0.01,29.40,RETURN,saida_eixo,0,0
1788470766.89,242.02,0.00,29.40,RETURN,saida_eixo,0,0
1788470766.99,242.12,-0.00,29.40,RETURN,saida_eixo,0,0
1788470767.09,242.22,-0.00,29.40,RETURN,saida_eixo,0,0
1788470767.19,242.32,-0.01,29.40,RETURN,saida_eixo,0,0
1788470767.30,242.42,-0.00,29.40,RETURN,saida_eixo,0,0
1788470767.40,242.52,0.00,29.40,RETURN,saida_eixo,0,0
1788470767.50,242.62,0.00,29.40,RETURN,saida_eixo,0,0
1788470767.60,242.72,0.00,29.40,RETURN,saida_eixo,0,0
1788470767.70,242.82,-0.00,29.40,RETURN,saida_eixo,0,0
1788470767.80,242.92,-0.00,29.40,RETURN,saida_eixo,0,0
1788470767.91,243.02,0.01,29.40,RETURN,saida_eixo,0,0
1788470768.01,243.12,-0.00,29.40,RETURN,saida_eixo,0,0
1788470768.11,243.22,0.00,29.40,RETURN,saida_eixo,0,0
1788470768.21,243.32,0.01,29.40,RETURN,saida_eixo,0,0
1788470768.31,243.42,0.00,29.40,RETURN,saida_eixo,0,0
1788470768.41,243.52,-0.00,29.40,RETURN,saida_eixo,0,0
1788470768.51,243.62,0.00,29.40,RETURN,saida_eixo,0,0
1788470768.61,243.72,-0.00,29.40,RETURN,saida_eixo,0,0
1788470768.71,243.82,-0.00,29.40,RETURN,saida_eixo,0,0
1788470768.81,243.92,0.00,29.40,RETURN,saida_eixo,0,0
1788470768.91,244.02,0.01,29.40,RETURN,saida_eixo,0,0
1788470769.02,244.12,0.01,29.40,RETURN,saida_eixo,0,0
1788470769.12,244.22,0.00,29.40,RETURN,saida_eixo,0,0
1788470769.22,244.32,0.01,29.40,RETURN,saida_eixo,0,0
1788470769.32,244.42,-0.01,29.40,RETURN,saida_eixo,0,0
1788470769.42,244.52,-0.00,29.40,RETURN,saida_eixo,0,0
1788470769.53,244.62,-0.01,29.40,RETURN,saida_eixo,0,0
1788470769.63,244.72,-0.00,29.40,RETURN,saida_eixo,0,0
1788470769.73,244.82,-0.00,29.40,RETURN,saida_eixo,0,0
1788470769.83,244.92,0.00,29.40,RETURN,saida_eixo,0,0
1788470769.93,245.02,-0.00,29.40,RETURN,saida_eixo,0,0
1788470770.03,245.12,-0.00,29.40,RETURN,saida_eixo,0,0
1788470770.14,245.22,0.00,29.40,RETURN,saida_eixo,0,0
1788470770.24,245.32,0.00,29.40,RETURN,saida_eixo,0,0
1788470770.34,245.42,-0.00,29.40,RETURN,saida_eixo,0,0
1788470770.44,245.52,-0.00,29.40,RETURN,saida_eixo,0,0
1788470770.54,245.62,0.00,29.40,RETURN,saida_eixo,0,0
1788470770.64,245.72,0.00,29.40,RETURN,saida_eixo,0,0
1788470770.74,245.82,0.01,29.40,RETURN,saida_eixo,0,0
1788470770.84,245.92,0.01,29.40,RETURN,saida_eixo,0,0
1788470770.95,246.02,0.00,29.40,RETURN,saida_eixo,0,0
1788470771.05,246.12,-0.00,29.40,RETURN,saida_eixo,0,0
1788470771.15,246.22,-0.01,29.40,RETURN,saida_eixo,0,0
1788470771.25,246.32,-0.01,29.40,RETURN,saida_eixo,0,0
1788470771.36,246.42,0.00,29.40,RETURN,saida_eixo,0,0
1788470771.45,246.52,-0.00,29.40,RETURN,saida_eixo,0,0
1788470771.56,246.62,-0.00,29.40,RETURN,saida_eixo,0,0
1788470771.66,246.72,-0.00,29.40,RETURN,saida_eixo,0,0
1788470771.76,246.82,0.00,29.40,RETURN,saida_eixo,0,0
1788470771.86,246.92,0.01,29.40,RETURN,saida_eixo,0,0
1788470771.97,247.03,0.00,29.40,RETURN,saida_eixo,0,0
1788470772.06,247.12,0.01,29.40,RETURN,saida_eixo,0,0
1788470772.16,247.22,-0.01,29.40,RETURN,saida_eixo,0,0
1788470772.27,247.32,-0.00,29.40,RETURN,saida_eixo,0,0
1788470772.37,247.43,-0.00,29.40,RETURN,saida_eixo,0,0
1788470772.47,247.52,0.01,29.40,RETURN,saida_eixo,0,0
1788470772.57,247.62,0.01,29.40,RETURN,saida_eixo,0,0
1788470772.68,247.72,-0.00,29.40,RETURN,saida_eixo,0,0
1788470772.78,247.82,-0.00,29.40,RETURN,saida_eixo,0,0
1788470772.88,247.92,-0.00,29.40,RETURN,saida_eixo,0,0
1788470772.98,248.02,-0.01,29.40,RETURN,saida_eixo,0,0
1788470773.08,248.12,0.00,29.40,RETURN,saida_eixo,0,0
1788470773.18,248.22,-0.00,29.40,RETURN,saida_eixo,0,0
1788470773.28,248.32,0.00,29.40,RETURN,saida_eixo,0,0
1788470773.39,248.42,-0.00,29.40,RETURN,saida_eixo,0,0
1788470773.48,248.52,-0.00,29.40,RETURN,saida_eixo,0,0
1788470773.58,248.62,-0.00,29.40,RETURN,saida_eixo,0,0
1788470773.68,248.72,-0.00,29.40,RETURN,saida_eixo,0,0
1788470773.78,248.82,0.00,29.40,RETURN,saida_eixo,0,0
1788470773.89,248.92,-0.00,29.40,RETURN,saida_eixo,0,0
1788470773.99,249.02,-0.00,29.40,RETURN,saida_eixo,0,0
1788470774.09,249.12,-0.00,29.40,RETURN,saida_eixo,0,0
1788470774.19,249.22,0.00,29.40,RETURN,saida_eixo,0,0
1788470774.29,249.32,-0.00,29.40,RETURN,saida_eixo,0,0
1788470774.40,249.43,0.01,29.40,RETURN,saida_eixo,0,0
1788470774.50,249.52,-0.01,29.40,RETURN,saida_eixo,0,0
1788470774.60,249.62,-0.00,29.40,RETURN,saida_eixo,0,0
1788470774.71,249.72,-0.00,29.40,RETURN,saida_eixo,0,0
1788470774.81,249.83,0.01,29.40,RETURN,saida_eixo,0,0
1788470774.90,249.92,-0.01,29.40,RETURN,saida_eixo,0,0
1788470775.01,250.02,-0.00,29.40,RETURN,saida_eixo,0,0
1788470775.11,250.12,-0.01,29.40,RETURN,saida_eixo,0,0
1788470775.21,250.22,-0.00,29.40,RETURN,saida_eixo,0,0
1788470775.31,250.32,-0.00,29.40,RETURN,saida_eixo,0,0
1788470775.41,250.42,-0.00,29.40,RETURN,saida_eixo,0,0
1788470775.51,250.52,0.00,29.40,RETURN,saida_eixo,0,0
1788470775.61,250.62,0.00,29.40,RETURN,saida_eixo,0,0
1788470775.71,250.72,0.00,29.40,RETURN,saida_eixo,0,0
1788470775.82,250.82,-0.00,29.40,RETURN,saida_eixo,0,0
1788470775.92,250.92,0.01,29.40,RETURN,saida_eixo,0,0
1788470776.02,251.02,0.00,29.40,RETURN,saida_eixo,0,0
1788470776.12,251.12,0.00,29.40,RETURN,saida_eixo,0,0
1788470776.22,251.22,-0.00,29.40,RETURN,saida_eixo,0,0
1788470776.32,251.32,0.01,29.40,RETURN,saida_eixo,0,0
1788470776.42,251.42,0.00,29.40,RETURN,saida_eixo,0,0
1788470776.52,251.52,-0.00,29.40,RETURN,saida_eixo,0,0
1788470776.62,251.62,-0.00,29.40,RETURN,saida_eixo,0,0
1788470776.72,251.72,-0.00,29.40,RETURN,saida_eixo,0,0
1788470776.83,251.82,-0.00,29.40,RETURN,saida_eixo,0,0
1788470776.92,251.92,0.01,29.40,RETURN,saida_eixo,0,0
1788470777.03,252.02,0.00,29.40,RETURN,saida_eixo,0,0
1788470777.13,252.12,-0.01,29.40,RETURN,saida_eixo,0,0
1788470777.23,252.22,-0.00,29.40,RETURN,saida_eixo,0,0
1788470777.33,252.32,-0.01,29.40,RETURN,saida_eixo,0,0
1788470777.43,252.42,-0.00,29.40,RETURN,saida_eixo,0,0
1788470777.53,252.52,-0.00,29.40,RETURN,saida_eixo,0,0
1788470777.63,252.62,0.01,29.40,RETURN,saida_eixo,0,0
1788470777.73,252.72,-0.00,29.40,RETURN,saida_eixo,0,0
1788470777.83,252.82,-0.00,29.40,RETURN,saida_eixo,0,0
1788470777.93,252.92,-0.00,29.40,RETURN,saida_eixo,0,0
1788470778.03,253.02,0.01,29.40,RETURN,saida_eixo,0,0
1788470778.13,253.12,0.00,29.40,RETURN,saida_eixo,0,0
1788470778.24,253.22,0.01,29.40,RETURN,saida_eixo,0,0
1788470778.34,253.32,0.01,29.40,RETURN,saida_eixo,0,0
1788470778.44,253.42,-0.00,29.40,RETURN,saida_eixo,0,0
1788470778.54,253.52,-0.00,29.40,RETURN,saida_eixo,0,0
1788470778.65,253.62,-0.01,29.40,RETURN,saida_eixo,0,0
1788470778.75,253.72,0.01,29.40,RETURN,saida_eixo,0,0
1788470778.85,253.82,-0.00,29.40,RETURN,saida_eixo,0,0
1788470778.95,253.92,0.00,29.40,RETURN,saida_eixo,0,0
1788470779.05,254.02,0.00,29.40,RETURN,saida_eixo,0,0
1788470779.16,254.12,0.01,29.40,RETURN,saida_eixo,0,0
1788470779.26,254.22,-0.00,29.40,RETURN,saida_eixo,0,0
1788470779.36,254.32,0.00,29.40,RETURN,saida_eixo,0,0
1788470779.46,254.42,0.00,29.40,RETURN,saida_eixo,0,0
1788470779.56,254.52,-0.00,29.40,RETURN,saida_eixo,0,0
1788470779.66,254.62,0.00,29.40,RETURN,saida_eixo,0,0
1788470779.76,254.72,0.01,29.40,RETURN,saida_eixo,0,0
1788470779.86,254.82,0.01,29.40,RETURN,saida_eixo,0,0
1788470779.96,254.92,0.01,29.40,RETURN,saida_eixo,0,0
1788470780.06,255.02,0.01,29.40,RETURN,saida_eixo,0,0
1788470780.16,255.12,-0.00,29.40,RETURN,saida_eixo,0,0
1788470780.26,255.22,-0.00,29.40,RETURN,saida_eixo,0,0
1788470780.36,255.32,0.00,29.40,RETURN,saida_eixo,0,0
1788470780.46,255.42,0.00,29.40,RETURN,saida_eixo,0,0
1788470780.57,255.52,-0.00,29.40,RETURN,saida_eixo,0,0
1788470780.67,255.62,-0.00,29.40,RETURN,saida_eixo,0,0
1788470780.77,255.72,0.00,29.40,RETURN,saida_eixo,0,0
1788470780.87,255.82,-0.00,29.40,RETURN,saida_eixo,0,0
1788470780.97,255.92,0.00,29.40,RETURN,saida_eixo,0,0
1788470781.07,256.02,-0.00,29.40,RETURN,saida_eixo,0,0
1788470781.17,256.12,0.00,29.40,RETURN,saida_eixo,0,0
1788470781.28,256.23,-0.00,29.40,RETURN,saida_eixo,0,0
1788470781.37,256.32,0.01,29.40,RETURN,saida_eixo,0,0
1788470781.47,256.42,-0.00,29.40,RETURN,saida_eixo,0,0
1788470781.57,256.52,0.00,29.40,RETURN,saida_eixo,0,0
1788470781.68,256.62,-0.00,29.40,RETURN,saida_eixo,0,0
1788470781.78,256.72,-0.00,29.40,RETURN,saida_eixo,0,0
1788470781.88,256.82,-0.00,29.40,RETURN,saida_eixo,0,0
1788470781.98,256.92,-0.00,29.40,RETURN,saida_eixo,0,0
1788470782.08,257.02,-0.00,29.40,RETURN,saida_eixo,0,0
1788470782.18,257.12,-0.01,29.40,RETURN,saida_eixo,0,0
1788470782.29,257.22,-0.00,29.40,RETURN,saida_eixo,0,0
1788470782.39,257.32,0.00,29.40,RETURN,saida_eixo,0,0
1788470782.50,257.43,0.00,29.40,RETURN,saida_eixo,0,0
1788470782.59,257.52,-0.00,29.40,RETURN,saida_eixo,0,0
1788470782.70,257.62,0.00,29.40,RETURN,saida_eixo,0,0
1788470782.80,257.72,0.00,29.40,RETURN,saida_eixo,0,0
1788470782.90,257.82,-0.00,29.40,RETURN,saida_eixo,0,0
1788470783.00,257.92,-0.01,29.40,RETURN,saida_eixo,0,0
1788470783.10,258.02,-0.00,29.40,RETURN,saida_eixo,0,0
1788470783.20,258.12,0.00,29.40,RETURN,saida_eixo,0,0
1788470783.30,258.22,0.01,29.40,RETURN,saida_eixo,0,0
1788470783.40,258.32,0.01,29.40,RETURN,saida_eixo,0,0
1788470783.50,258.42,-0.00,29.40,RETURN,saida_eixo,0,0
1788470783.61,258.52,0.00,29.40,RETURN,saida_eixo,0,0
1788470783.71,258.62,0.00,29.40,RETURN,saida_eixo,0,0
1788470783.81,258.72,-0.00,29.40,RETURN,saida_eixo,0,0
1788470783.91,258.82,0.00,29.40,RETURN,saida_eixo,0,0
1788470784.01,258.92,-0.01,29.40,RETURN,saida_eixo,0,0
1788470784.12,259.02,-0.00,29.40,RETURN,saida_eixo,0,0
1788470784.22,259.12,-0.00,29.40,RETURN,saida_eixo,0,0
1788470784.32,259.22,-0.00,29.40,RETURN,saida_eixo,0,0
1788470784.42,259.32,0.00,29.40,RETURN,saida_eixo,0,0
1788470784.52,259.42,0.00,29.40,RETURN,saida_eixo,0,0
1788470784.62,259.52,-0.00,29.40,RETURN,saida_eixo,0,0
1788470784.72,259.62,0.01,29.40,RETURN,saida_eixo,0,0
1788470784.83,259.72,0.00,29.40,RETURN,saida_eixo,0,0
1788470784.93,259.82,-0.01,29.40,RETURN,saida_eixo,0,0
1788470785.03,259.92,-0.00,29.40,RETURN,saida_eixo,0,0
1788470785.13,260.02,-0.00,29.40,RETURN,saida_eixo,0,0
1788470785.23,260.12,0.00,29.40,RETURN,saida_eixo,0,0
1788470785.33,260.22,0.01,29.40,RETURN,saida_eixo,0,0
1788470785.43,260.32,0.01,29.40,RETURN,saida_eixo,0,0
1788470785.53,260.42,0.01,29.40,RETURN,saida_eixo,0,0
1788470785.63,260.52,-0.00,29.40,RETURN,saida_eixo,0,0
1788470785.74,260.62,0.01,29.40,RETURN,saida_eixo,0,0
1788470785.84,260.72,0.01,29.40,RETURN,saida_eixo,0,0
1788470785.94,260.82,0.01,29.40,RETURN,saida_eixo,0,0
1788470786.04,260.92,-0.00,29.40,RETURN,saida_eixo,0,0
1788470786.14,261.02,-0.00,29.40,RETURN,saida_eixo,0,0
1788470786.24,261.12,-0.00,29.40,RETURN,saida_eixo,0,0
1788470786.34,261.22,-0.01,29.40,RETURN,saida_eixo,0,0
1788470786.44,261.32,-0.01,29.40,RETURN,saida_eixo,0,0
1788470786.55,261.42,-0.01,29.40,RETURN,saida_eixo,0,0
1788470786.64,261.52,0.00,29.40,RETURN,saida_eixo,0,0
1788470786.75,261.62,-0.00,29.40,RETURN,saida_eixo,0,0
1788470786.85,261.72,-0.00,29.40,RETURN,saida_eixo,0,0
1788470786.95,261.82,0.01,29.40,RETURN,saida_eixo,0,0
1788470787.05,261.92,0.00,29.40,RETURN,saida_eixo,0,0
1788470787.15,262.02,0.01,29.40,RETURN,saida_eixo,0,0
1788470787.25,262.12,-0.00,29.40,RETURN,saida_eixo,0,0
1788470787.35,262.22,0.00,29.40,RETURN,saida_eixo,0,0
1788470787.45,262.32,0.01,29.40,RETURN,saida_eixo,0,0
1788470787.55,262.42,0.00,29.40,RETURN,saida_eixo,0,0
1788470787.65,262.52,-0.01,29.40,RETURN,saida_eixo,0,0
1788470787.76,262.62,-0.01,29.40,RETURN,saida_eixo,0,0
1788470787.86,262.72,-0.00,29.40,RETURN,saida_eixo,0,0
1788470787.96,262.82,0.00,29.40,RETURN,saida_eixo,0,0
1788470788.06,262.92,0.00,29.40,RETURN,saida_eixo,0,0
1788470788.16,263.02,-0.00,29.40,RETURN,saida_eixo,0,0
1788470788.26,263.12,0.00,29.40,RETURN,saida_eixo,0,0
1788470788.36,263.22,-0.00,29.40,RETURN,saida_eixo,0,0
1788470788.46,263.32,0.01,29.40,RETURN,saida_eixo,0,0
1788470788.57,263.42,0.00,29.40,RETURN,saida_eixo,0,0
1788470788.67,263.52,0.00,29.40,RETURN,saida_eixo,0,0
1788470788.77,263.62,-0.00,29.40,RETURN,saida_eixo,0,0
1788470788.87,263.72,-0.00,29.40,RETURN,saida_eixo,0,0
1788470788.97,263.82,0.00,29.40,RETURN,saida_eixo,0,0
1788470789.07,263.92,-0.01,29.40,RETURN,saida_eixo,0,0
1788470789.17,264.02,-0.00,29.40,RETURN,saida_eixo,0,0
1788470789.27,264.12,0.00,29.40,RETURN,saida_eixo,0,0
1788470789.38,264.22,-0.00,29.40,RETURN,saida_eixo,0,0
1788470789.48,264.32,0.01,29.40,RETURN,saida_eixo,0,0
1788470789.58,264.42,-0.00,29.40,RETURN,saida_eixo,0,0
1788470789.68,264.52,0.01,29.40,RETURN,saida_eixo,0,0
1788470789.78,264.62,-0.00,29.40,RETURN,saida_eixo,0,0
1788470789.88,264.72,0.01,29.40,RETURN,saida_eixo,0,0
1788470789.98,264.82,-0.00,29.40,RETURN,saida_eixo,0,0
1788470790.08,264.92,0.00,29.40,RETURN,saida_eixo,0,0
1788470790.19,265.02,-0.00,29.40,RETURN,saida_eixo,0,0
1788470790.29,265.12,0.00,29.40,RETURN,saida_eixo,0,0
1788470790.39,265.22,0.00,29.40,RETURN,saida_eixo,0,0
1788470790.49,265.32,0.00,29.40,RETURN,saida_eixo,0,0
1788470790.59,265.42,-0.01,29.40,RETURN,saida_eixo,0,0
1788470790.69,265.52,-0.00,29.40,RETURN,saida_eixo,0,0
1788470790.79,265.62,-0.00,29.40,RETURN,saida_eixo,0,0
1788470790.89,265.72,-0.00,29.40,RETURN,saida_eixo,0,0
1788470791.00,265.82,-0.00,29.40,RETURN,saida_eixo,0,0
1788470791.10,265.92,-0.00,29.40,RETURN,saida_eixo,0,0
1788470791.20,266.02,-0.00,29.40,RETURN,saida_eixo,0,0
1788470791.29,266.12,0.00,29.40,RETURN,saida_eixo,0,0
1788470791.40,266.22,-0.01,29.40,RETURN,saida_eixo,0,0
1788470791.50,266.32,0.00,29.40,RETURN,saida_eixo,0,0
1788470791.60,266.42,0.00,29.40,RETURN,saida_eixo,0,0
1788470791.70,266.52,-0.00,29.40,RETURN,saida_eixo,0,0
1788470791.80,266.62,-0.00,29.40,RETURN,saida_eixo,0,0
1788470791.90,266.72,-0.01,29.40,RETURN,saida_eixo,0,0
1788470792.00,266.82,0.00,29.40,RETURN,saida_eixo,0,0
1788470792.11,266.92,0.00,29.40,RETURN,saida_eixo,0,0
1788470792.20,267.02,0.01,29.40,RETURN,saida_eixo,0,0
1788470792.31,267.12,0.01,29.40,RETURN,saida_eixo,0,0
1788470792.41,267.22,-0.00,29.40,RETURN,saida_eixo,0,0
1788470792.51,267.32,-0.01,29.40,RETURN,saida_eixo,0,0
1788470792.61,267.42,-0.00,29.40,RETURN,saida_eixo,0,0
1788470792.72,267.52,0.00,29.40,RETURN,saida_eixo,0,0
1788470792.82,267.62,-0.01,29.40,RETURN,saida_eixo,0,0
1788470792.92,267.72,0.00,29.40,RETURN,saida_eixo,0,0
1788470793.02,267.82,-0.00,29.40,RETURN,saida_eixo,0,0
1788470793.13,267.92,0.00,29.40,RETURN,saida_eixo,0,0
1788470793.23,268.02,0.00,29.40,RETURN,saida_eixo,0,0
1788470793.33,268.12,-0.00,29.40,RETURN,saida_eixo,0,0
1788470793.44,268.22,0.00,29.40,RETURN,saida_eixo,0,0
1788470793.54,268.32,-0.00,29.40,RETURN,saida_eixo,0,0
1788470793.64,268.42,0.00,29.40,RETURN,saida_eixo,0,0
1788470793.74,268.52,0.01,29.40,RETURN,saida_eixo,0,0
1788470793.84,268.62,0.01,29.40,RETURN,saida_eixo,0,0
1788470793.95,268.72,0.01,29.40,RETURN,saida_eixo,0,0
1788470794.05,268.82,-0.00,29.40,RETURN,saida_eixo,0,0
1788470794.15,268.92,0.00,29.40,RETURN,saida_eixo,0,0
1788470794.25,269.02,-0.00,29.40,RETURN,saida_eixo,0,0
1788470794.35,269.12,-0.00,29.40,RETURN,saida_eixo,0,0
1788470794.45,269.22,-0.01,29.40,RETURN,saida_eixo,0,0
1788470794.55,269.32,0.00,29.40,RETURN,saida_eixo,0,0
1788470794.65,269.42,-0.01,29.40,RETURN,saida_eixo,0,0
1788470794.75,269.52,0.00,29.40,RETURN,saida_eixo,0,0
1788470794.85,269.62,0.00,29.40,RETURN,saida_eixo,0,0
1788470794.95,269.72,0.00,29.40,RETURN,saida_eixo,0,0
1788470795.05,269.82,-0.00,29.40,RETURN,saida_eixo,0,0
1788470795.16,269.92,-0.00,29.40,RETURN,saida_eixo,0,0
1788470795.26,270.02,-0.00,29.40,RETURN,saida_eixo,0,0
1788470795.36,270.12,0.00,29.40,RETURN,saida_eixo,0,0
1788470795.47,270.23,0.00,29.40,RETURN,saida_eixo,0,0
1788470795.56,270.32,0.01,29.40,RETURN,saida_eixo,0,0
1788470795.66,270.42,-0.00,29.40,RETURN,saida_eixo,0,0
1788470795.76,270.52,0.00,29.40,RETURN,saida_eixo,0,0
1788470795.86,270.62,-0.00,29.40,RETURN,saida_eixo,0,0
1788470795.96,270.72,0.00,29.40,RETURN,saida_eixo,0,0
1788470796.06,270.82,-0.00,29.40,RETURN,saida_eixo,0,0
1788470796.16,270.92,-0.00,29.40,RETURN,saida_eixo,0,0
1788470796.26,271.02,0.00,29.40,RETURN,saida_eixo,0,0
1788470796.37,271.12,0.00,29.40,RETURN,saida_eixo,0,0
1788470796.47,271.23,-0.00,29.40,RETURN,saida_eixo,0,0
1788470796.57,271.32,0.00,29.40,RETURN,saida_eixo,0,0
1788470796.67,271.42,-0.01,29.40,RETURN,saida_eixo,0,0
1788470796.77,271.52,0.00,29.40,RETURN,saida_eixo,0,0
1788470796.87,271.62,-0.01,29.40,RETURN,saida_eixo,0,0
1788470796.97,271.72,-0.00,29.40,RETURN,saida_eixo,0,0
1788470797.08,271.82,-0.00,29.40,RETURN,saida_eixo,0,0
1788470797.17,271.92,-0.00,29.40,RETURN,saida_eixo,0,0
1788470797.28,272.02,-0.00,29.40,RETURN,saida_eixo,0,0
1788470797.38,272.12,-0.01,29.40,RETURN,saida_eixo,0,0
1788470797.48,272.22,0.00,29.40,RETURN,saida_eixo,0,0
1788470797.58,272.32,-0.00,29.40,RETURN,saida_eixo,0,0
1788470797.68,272.42,-0.00,29.40,RETURN,saida_eixo,0,0
1788470797.78,272.52,-0.01,29.40,RETURN,saida_eixo,0,0
1788470797.89,272.62,0.01,29.40,RETURN,saida_eixo,0,0
1788470797.98,272.72,-0.00,29.40,RETURN,saida_eixo,0,0
1788470798.08,272.82,0.01,29.40,RETURN,saida_eixo,0,0
1788470798.19,272.92,-0.00,29.40,RETURN,saida_eixo,0,0
1788470798.29,273.02,0.00,29.40,RETURN,saida_eixo,0,0
1788470798.39,273.12,-0.00,29.40,RETURN,saida_eixo,0,0
1788470798.49,273.22,-0.00,29.40,RETURN,saida_eixo,0,0
1788470798.59,273.32,-0.00,29.40,RETURN,saida_eixo,0,0
1788470798.69,273.42,0.00,29.40,RETURN,saida_eixo,0,0
