wall,sim,lingueta_mm,lamina_deg,estado,fase,armvel_nz,armvel_n
1788470829.53,0.00,0.00,29.40,,,0,0
1788470829.79,303.15,0.01,29.40,,,0,0
1788470829.80,303.16,-0.01,29.40,,,0,0
1788470829.89,303.25,0.00,29.40,,,0,0
1788470829.99,303.35,0.00,29.40,,,0,0
1788470830.10,303.45,0.01,29.40,,,0,0
1788470830.20,303.55,-0.00,29.40,,,0,0
1788470830.30,303.65,-0.00,29.40,,,0,0
1788470830.40,303.75,-0.00,29.40,,,0,0
1788470830.50,303.85,-0.01,29.40,,,0,0
1788470830.60,303.95,0.00,29.40,,,0,0
1788470830.70,304.05,0.00,0.00,,,0,0
1788470830.80,304.15,0.00,0.00,,,0,0
1788470830.90,304.25,-0.01,0.00,,,0,0
1788470831.00,304.36,-0.00,0.00,,,0,0
1788470831.10,304.45,0.00,0.00,,,0,0
1788470831.20,304.55,0.01,0.00,,,0,0
1788470831.30,304.65,-0.00,0.00,,,0,0
1788470831.41,304.75,0.01,0.00,,,0,0
1788470831.51,304.85,0.01,0.00,,,0,0
1788470831.61,304.95,-0.00,0.00,,,0,0
1788470831.71,305.06,0.01,0.00,,,0,0
1788470831.81,305.15,0.01,0.00,,,0,0
1788470831.92,305.25,0.00,0.00,,,0,0
1788470832.02,305.35,0.01,0.00,,,0,0
1788470832.12,305.45,-0.00,0.00,,,0,0
1788470832.22,305.56,0.01,0.00,,,0,0
1788470832.32,305.65,0.00,0.00,,,0,0
1788470832.43,305.76,-0.00,0.00,,,0,0
1788470832.53,305.86,0.00,0.00,,,0,0
1788470832.64,305.96,0.00,0.00,,,0,0
1788470832.74,306.06,0.00,0.00,,,0,0
1788470832.85,306.16,-0.00,0.00,,,0,0
1788470832.95,306.25,-0.00,0.00,,,0,0
1788470833.05,306.36,-0.00,0.00,,,0,0
1788470833.15,306.46,0.01,0.00,,,0,0
1788470833.25,306.55,0.00,0.00,,,0,0
1788470833.35,306.65,0.01,0.00,,,0,0
1788470833.45,306.75,0.00,0.00,,,0,0
1788470833.55,306.85,0.00,0.00,,,0,0
1788470833.65,306.95,-0.00,0.00,,,0,0
1788470833.76,307.05,-0.00,0.00,,,0,0
1788470833.86,307.15,0.00,0.00,,,0,0
1788470833.96,307.25,0.00,0.00,,,0,0
1788470834.07,307.36,0.01,0.00,,,0,0
1788470834.18,307.46,0.00,0.00,,,0,0
1788470834.27,307.55,0.01,0.00,,,0,0
1788470834.38,307.65,0.00,0.00,,,0,0
1788470834.48,307.75,0.00,0.00,,,0,0
1788470834.59,307.86,0.00,0.00,,,0,0
1788470834.69,307.95,0.00,0.00,,,0,0
1788470834.79,308.05,0.01,0.00,,,0,0
1788470834.89,308.15,0.01,0.00,,,0,0
1788470834.99,308.25,0.00,0.00,,,0,0
1788470835.09,308.35,0.01,0.00,,,0,0
1788470835.19,308.45,-0.00,0.00,,,0,0
1788470835.30,308.55,0.00,0.00,,,0,0
1788470835.40,308.66,-0.00,0.00,,,0,0
1788470835.50,308.75,-0.00,0.00,,,0,0
1788470835.60,308.85,0.01,0.00,,,0,0
1788470835.70,308.96,0.01,0.00,,,0,0
1788470835.81,309.06,0.01,0.00,,,0,0
1788470835.90,309.15,0.00,0.00,,,0,0
1788470836.00,309.25,0.00,0.00,,,0,0
1788470836.11,309.35,0.01,0.00,,,0,0
1788470836.21,309.45,0.01,0.00,,,0,0
1788470836.31,309.55,0.01,0.00,,,0,0
1788470836.41,309.65,-0.00,0.00,,,0,0
1788470836.51,309.75,0.00,0.00,,,0,0
1788470836.61,309.85,-0.00,0.00,,,0,0
1788470836.72,309.96,0.01,0.00,,,0,0
1788470836.81,310.05,0.01,0.00,,,0,0
1788470836.91,310.15,0.00,0.00,,,0,0
1788470837.02,310.25,0.00,0.00,,,0,0
1788470837.12,310.36,-0.01,0.00,,,0,0
1788470837.22,310.45,0.00,0.00,,,0,0
1788470837.32,310.56,-0.00,0.00,,,0,0
1788470837.42,310.65,0.01,0.00,,,0,0
1788470837.52,310.75,-0.00,0.00,,,0,0
1788470837.64,310.86,0.01,0.00,,,0,0
1788470837.73,310.95,0.00,0.00,,,0,0
1788470837.83,311.05,-0.00,0.00,,,0,0
1788470837.93,311.15,-0.00,0.00,,,0,0
1788470838.04,311.25,0.00,0.00,,,0,0
1788470838.14,311.35,-0.00,0.00,,,0,0
1788470838.24,311.45,0.00,0.00,,,0,0
1788470838.34,311.55,0.00,0.00,,,0,0
1788470838.44,311.65,0.00,0.00,,,0,0
1788470838.55,311.75,0.00,0.00,,,0,0
1788470838.65,311.85,0.00,0.00,STOW_INIT,,0,1
1788470838.75,311.96,-0.00,0.00,STOW_INIT,,0,0
1788470838.85,312.05,0.00,0.00,STOW_INIT,,0,0
1788470838.95,312.15,0.00,0.00,SEARCH,,0,0
1788470839.05,312.25,0.01,0.00,SEARCH,,0,0
1788470839.15,312.35,0.01,0.00,SEARCH,,0,0
1788470839.25,312.45,0.00,0.00,SEARCH,,0,0
1788470839.36,312.56,0.00,0.00,SEARCH,,0,0
1788470839.45,312.65,0.01,0.00,SEARCH,,0,0
1788470839.55,312.75,-0.00,0.00,SEARCH,,0,0
1788470839.65,312.85,0.00,0.00,SEARCH,,0,0
1788470839.76,312.95,0.00,0.00,SEARCH,,0,0
1788470839.86,313.05,0.00,0.00,SEARCH,,0,0
1788470839.96,313.16,-0.00,0.00,SEARCH,,0,0
1788470840.06,313.25,0.01,0.00,SEARCH,,0,0
1788470840.16,313.36,0.01,0.00,SEARCH,,0,0
1788470840.26,313.45,-0.00,0.00,SEARCH,,0,0
1788470840.37,313.56,0.00,0.00,SEARCH,,0,0
1788470840.47,313.65,0.01,0.00,SEARCH,,0,0
1788470840.57,313.76,-0.00,0.00,SEARCH,,0,0
1788470840.67,313.85,0.01,0.00,SEARCH,,0,0
1788470840.77,313.95,0.00,0.00,SEARCH,,0,0
1788470840.87,314.05,-0.00,0.00,SEARCH,,0,0
1788470840.98,314.15,0.00,0.00,SEARCH,,0,0
1788470841.08,314.25,0.01,0.00,SEARCH,,0,0
1788470841.17,314.35,-0.01,0.00,SEARCH,,0,0
1788470841.27,314.45,0.01,0.00,SEARCH,,0,0
1788470841.38,314.55,0.01,0.00,SEARCH,,0,0
1788470841.48,314.66,0.01,0.00,SEARCH,,0,0
1788470841.58,314.75,-0.00,0.00,SEARCH,,0,0
1788470841.68,314.85,0.00,0.00,SEARCH,,0,0
1788470841.79,314.96,0.01,0.00,SEARCH,,0,0
1788470841.88,315.05,0.00,0.00,SEARCH,,0,0
1788470841.99,315.16,0.01,0.00,SEARCH,,0,0
1788470842.09,315.25,-0.00,0.00,SEARCH,,0,0
1788470842.19,315.35,0.00,0.00,SEARCH,,0,0
1788470842.29,315.45,0.00,0.00,SEARCH,,0,0
1788470842.39,315.56,0.01,0.00,SEARCH,,0,0
1788470842.49,315.65,0.01,0.00,SEARCH,,0,0
1788470842.59,315.75,0.01,0.00,SEARCH,,0,0
1788470842.69,315.85,0.00,0.00,SEARCH,,0,0
1788470842.79,315.95,-0.00,0.00,SEARCH,,0,0
1788470842.89,316.05,0.00,0.00,SEARCH,,0,0
1788470842.99,316.15,-0.00,0.00,SEARCH,,0,0
1788470843.09,316.25,0.00,0.00,SEARCH,,0,0
1788470843.19,316.35,-0.00,0.00,SEARCH,,0,0
1788470843.29,316.45,0.01,0.00,SEARCH,,0,0
1788470843.39,316.56,-0.00,0.00,SEARCH,,0,0
1788470843.49,316.65,-0.00,0.00,SEARCH,,0,0
1788470843.60,316.76,0.01,0.00,SEARCH,,0,0
1788470843.69,316.85,0.01,0.00,SEARCH,,0,0
1788470843.80,316.95,0.00,0.00,SEARCH,,0,0
1788470843.90,317.05,0.01,0.00,SEARCH,,0,0
1788470844.00,317.15,0.00,0.00,SEARCH,,0,0
1788470844.10,317.25,0.01,0.00,SEARCH,,0,0
1788470844.20,317.35,0.01,0.00,SEARCH,,0,0
1788470844.30,317.45,-0.00,0.00,SEARCH,,0,0
1788470844.40,317.55,-0.00,0.00,SEARCH,,0,0
1788470844.50,317.65,0.01,0.00,SEARCH,,0,0
1788470844.60,317.75,0.01,0.00,SEARCH,,0,0
1788470844.71,317.86,0.01,0.00,SEARCH,,0,0
1788470844.80,317.95,0.01,0.00,SEARCH,,0,0
1788470844.90,318.05,0.00,0.00,SEARCH,,0,0
1788470845.00,318.15,0.01,0.00,SEARCH,,0,0
1788470845.11,318.25,0.00,0.00,SEARCH,,0,0
1788470845.21,318.35,-0.00,0.00,SEARCH,,0,0
1788470845.31,318.45,-0.00,0.00,SEARCH,,0,0
1788470845.41,318.56,0.01,0.00,SEARCH,,0,0
1788470845.51,318.65,0.00,0.00,SEARCH,,0,0
1788470845.61,318.75,0.00,0.00,SEARCH,,0,0
1788470845.71,318.85,-0.00,0.00,SEARCH,,0,0
1788470845.82,318.96,0.00,0.00,SEARCH,,0,0
1788470845.91,319.05,-0.00,0.00,SEARCH,,0,0
1788470846.02,319.15,0.00,0.00,SEARCH,,0,0
1788470846.12,319.25,0.00,0.00,SEARCH,,0,0
1788470846.22,319.36,0.00,0.00,SEARCH,,0,0
1788470846.32,319.45,0.01,0.00,SEARCH,,0,0
1788470846.43,319.56,-0.00,0.00,SEARCH,,0,0
1788470846.52,319.65,0.00,0.00,SEARCH,,0,0
1788470846.62,319.75,-0.00,0.00,SEARCH,,0,0
1788470846.73,319.86,0.01,0.00,SEARCH,,0,0
1788470846.83,319.95,-0.00,0.00,SEARCH,,0,0
1788470846.92,320.05,-0.00,0.00,SEARCH,,0,0
1788470847.03,320.16,0.01,0.00,SEARCH,,0,0
1788470847.13,320.25,0.01,0.00,SEARCH,,0,0
1788470847.23,320.36,0.01,0.00,SEARCH,,0,0
1788470847.33,320.45,0.01,0.00,SEARCH,,0,0
1788470847.44,320.56,-0.00,0.00,SEARCH,,0,0
1788470847.54,320.65,0.00,0.00,SEARCH,,0,0
1788470847.64,320.76,-0.00,0.00,SEARCH,,0,0
1788470847.74,320.85,0.01,0.00,SEARCH,,0,0
1788470847.84,320.95,-0.00,0.00,SEARCH,,0,0
1788470847.94,321.05,-0.00,0.00,SEARCH,,0,0
1788470848.04,321.15,-0.00,0.00,SEARCH,,0,0
1788470848.14,321.25,0.00,0.00,SEARCH,,0,0
1788470848.24,321.35,0.00,0.00,SEARCH,,0,0
1788470848.34,321.45,0.00,0.00,SEARCH,,0,0
1788470848.44,321.55,-0.00,0.00,SEARCH,,0,0
1788470848.54,321.65,0.01,0.00,SEARCH,,0,0
1788470848.64,321.75,0.01,0.00,SEARCH,,0,0
1788470848.74,321.85,0.00,0.00,SEARCH,,0,0
1788470848.85,321.96,-0.00,0.00,SEARCH,,0,0
1788470848.95,322.06,0.01,0.00,SEARCH,,0,0
1788470849.05,322.15,-0.00,0.00,SEARCH,,0,0
1788470849.15,322.25,-0.00,0.00,SEARCH,,0,0
1788470849.25,322.35,-0.00,0.00,SEARCH,,0,0
1788470849.35,322.45,-0.00,0.00,SEARCH,,0,0
1788470849.45,322.56,0.01,0.00,SEARCH,,0,0
1788470849.55,322.65,0.01,0.00,SEARCH,,0,0
1788470849.65,322.75,0.00,0.00,SEARCH,,0,0
1788470849.75,322.85,0.00,0.00,SEARCH,,0,0
1788470849.86,322.96,0.01,0.00,SEARCH,,0,0
1788470849.96,323.05,0.00,0.00,SEARCH,,0,0
1788470850.06,323.15,0.00,0.00,SEARCH,,0,0
1788470850.16,323.25,-0.00,0.00,SEARCH,,0,0
1788470850.26,323.35,0.00,0.00,SEARCH,,0,0
1788470850.36,323.45,0.00,0.00,SEARCH,,0,0
1788470850.46,323.55,-0.00,0.00,SEARCH,,0,0
1788470850.56,323.65,-0.00,0.00,SEARCH,,0,0
1788470850.66,323.75,0.01,0.00,SEARCH,,0,0
1788470850.76,323.85,0.00,0.00,SEARCH,,0,0
1788470850.86,323.95,0.00,0.00,SEARCH,,0,0
1788470850.96,324.05,0.00,0.00,SEARCH,,0,0
1788470851.06,324.15,0.01,0.00,SEARCH,,0,0
1788470851.17,324.25,0.00,0.00,SEARCH,,0,0
1788470851.27,324.35,-0.00,0.00,SEARCH,,0,0
1788470851.37,324.45,-0.01,0.00,SEARCH,,0,0
1788470851.47,324.55,-0.00,0.00,SEARCH,,0,0
1788470851.57,324.65,-0.00,0.00,SEARCH,,0,0
1788470851.67,324.75,0.00,0.00,SEARCH,,0,0
1788470851.77,324.85,0.00,0.00,SEARCH,,0,0
1788470851.87,324.95,0.00,0.00,SEARCH,,0,0
1788470851.97,325.06,0.01,0.00,SEARCH,,0,0
1788470852.07,325.15,-0.00,0.00,SEARCH,,0,0
1788470852.17,325.25,-0.00,0.00,SEARCH,,0,0
1788470852.28,325.36,-0.00,0.00,SEARCH,,0,0
1788470852.38,325.45,0.00,0.00,SEARCH,,0,0
1788470852.48,325.55,0.00,0.00,SEARCH,,0,0
1788470852.58,325.65,-0.00,0.00,SEARCH,,0,0
1788470852.68,325.75,0.01,0.00,SEARCH,,0,0
1788470852.78,325.85,0.00,0.00,SEARCH,,0,0
1788470852.88,325.95,0.01,0.00,SEARCH,,0,0
1788470852.98,326.05,0.01,0.00,SEARCH,,0,0
1788470853.08,326.15,0.01,0.00,SEARCH,,0,0
1788470853.18,326.25,0.00,0.00,SEARCH,,0,0
1788470853.29,326.35,-0.00,0.00,SEARCH,,0,0
1788470853.39,326.45,0.00,0.00,SEARCH,,0,0
1788470853.49,326.55,-0.00,0.00,SEARCH,,0,0
1788470853.59,326.66,0.00,0.00,SEARCH,,0,0
1788470853.69,326.75,-0.01,0.00,SEARCH,,0,0
1788470853.79,326.85,-0.00,0.00,SEARCH,,0,0
1788470853.90,326.96,-0.00,0.00,SEARCH,,0,0
1788470853.99,327.05,0.00,0.00,SEARCH,,0,0
1788470854.10,327.15,0.00,0.00,SEARCH,,0,0
1788470854.20,327.26,0.01,0.00,SEARCH,,0,0
1788470854.30,327.36,0.00,0.00,SEARCH,,0,0
1788470854.40,327.45,0.00,0.00,SEARCH,,0,0
1788470854.50,327.55,-0.00,0.00,SEARCH,,0,0
1788470854.60,327.65,0.01,0.00,SEARCH,,0,0
1788470854.71,327.76,0.00,0.00,SEARCH,,0,0
1788470854.81,327.86,-0.00,0.00,SEARCH,,0,0
1788470854.91,327.95,0.00,0.00,SEARCH,,0,0
1788470855.01,328.06,0.01,0.00,SEARCH,,0,0
1788470855.12,328.15,0.01,0.00,SEARCH,,0,0
1788470855.21,328.25,0.01,0.00,SEARCH,,0,0
1788470855.31,328.35,0.00,0.00,SEARCH,,0,0
1788470855.41,328.45,0.00,0.00,SEARCH,,0,0
1788470855.52,328.56,-0.00,0.00,SEARCH,,0,0
1788470855.62,328.65,0.01,0.00,SEARCH,,0,0
1788470855.72,328.76,-0.00,0.00,SEARCH,,0,0
1788470855.82,328.85,0.00,0.00,SEARCH,,0,0
1788470855.92,328.96,0.01,0.00,SEARCH,,0,0
1788470856.02,329.05,-0.00,0.00,SEARCH,,0,0
1788470856.12,329.15,-0.00,0.00,SEARCH,,0,0
1788470856.22,329.25,0.00,0.00,SEARCH,,0,0
1788470856.32,329.35,0.00,0.00,SEARCH,,0,0
1788470856.42,329.45,-0.00,0.00,SEARCH,,0,0
1788470856.53,329.55,0.00,0.00,SEARCH,,0,0
1788470856.63,329.65,0.01,0.00,SEARCH,,0,0
1788470856.73,329.76,-0.00,0.00,SEARCH,,0,0
1788470856.83,329.85,0.01,0.00,SEARCH,,0,0
1788470856.93,329.95,-0.01,0.00,SEARCH,,0,0
1788470857.03,330.06,0.00,0.00,SEARCH,,0,0
1788470857.13,330.15,0.00,0.00,SEARCH,,0,0
1788470857.23,330.25,0.01,0.00,SEARCH,,0,0
1788470857.34,330.36,0.01,0.00,SEARCH,,0,0
1788470857.44,330.46,-0.00,0.00,SEARCH,,0,0
1788470857.54,330.56,0.01,0.00,SEARCH,,0,0
1788470857.64,330.65,0.01,0.00,SEARCH,,0,0
1788470857.74,330.75,0.00,0.00,SEARCH,,0,0
1788470857.84,330.85,0.00,0.00,SEARCH,,0,0
1788470857.94,330.96,0.00,0.00,SEARCH,,0,0
1788470858.04,331.05,-0.00,0.00,SEARCH,,0,0
1788470858.14,331.15,0.00,0.00,SEARCH,,0,0
1788470858.24,331.25,0.00,0.00,SEARCH,,0,0
1788470858.34,331.35,-0.00,0.00,SEARCH,,0,0
1788470858.45,331.45,0.00,0.00,SEARCH,,0,0
1788470858.55,331.55,0.01,0.00,SEARCH,,0,0
1788470858.65,331.65,-0.00,0.00,SEARCH,,0,0
1788470858.75,331.75,-0.00,0.00,SEARCH,,0,0
1788470858.85,331.85,0.00,0.00,SEARCH,,0,0
1788470858.95,331.95,-0.00,0.00,SEARCH,,0,0
1788470859.05,332.05,0.01,0.00,SEARCH,,0,0
1788470859.15,332.15,0.01,0.00,APPROACH,,0,0
1788470859.26,332.25,0.00,0.00,APPROACH,,0,0
1788470859.36,332.36,-0.00,0.00,APPROACH,,0,0
1788470859.46,332.45,-0.00,0.00,APPROACH,,0,0
1788470859.56,332.56,0.00,0.00,APPROACH,,0,0
1788470859.66,332.65,-0.00,0.00,APPROACH,,0,0
1788470859.77,332.76,-0.00,0.00,APPROACH,,0,0
1788470859.87,332.85,0.01,0.00,APPROACH,,0,0
1788470859.96,332.95,0.01,0.00,APPROACH,,0,0
1788470860.06,333.05,0.00,0.00,APPROACH,,0,0
1788470860.17,333.15,0.01,0.00,APPROACH,,0,0
1788470860.27,333.25,0.01,0.00,APPROACH,,0,0
1788470860.36,333.35,0.00,0.00,APPROACH,,0,0
1788470860.47,333.45,0.00,0.00,APPROACH,,0,0
1788470860.57,333.56,0.00,0.00,APPROACH,,0,0
1788470860.67,333.65,-0.00,0.00,APPROACH,,0,0
1788470860.77,333.75,0.00,0.00,APPROACH,,0,0
1788470860.87,333.85,0.00,0.00,APPROACH,,0,0
1788470860.97,333.95,0.00,0.00,APPROACH,,0,0
1788470861.08,334.06,0.00,0.00,APPROACH,,0,0
1788470861.18,334.15,-0.00,0.00,APPROACH,,0,0
1788470861.28,334.26,-0.00,0.00,APPROACH,,0,0
1788470861.38,334.35,-0.00,0.00,APPROACH,,0,0
1788470861.48,334.45,0.01,0.00,APPROACH,,0,0
1788470861.58,334.55,0.01,0.00,APPROACH,,0,0
1788470861.68,334.65,-0.00,0.00,APPROACH,,0,0
1788470861.79,334.76,0.00,0.00,APPROACH,,0,0
1788470861.89,334.85,0.01,0.00,APPROACH,,0,0
1788470861.99,334.95,0.01,0.00,APPROACH,,0,0
1788470862.09,335.05,-0.00,0.00,APPROACH,,0,0
1788470862.19,335.15,0.00,0.00,APPROACH,,0,0
1788470862.29,335.25,0.00,0.00,APPROACH,,0,0
1788470862.40,335.36,-0.01,0.00,APPROACH,,0,0
1788470862.50,335.45,0.01,0.00,APPROACH,,0,0
1788470862.60,335.56,0.01,0.00,APPROACH,,0,0
1788470862.70,335.65,0.00,0.00,APPROACH,,0,0
1788470862.80,335.75,-0.00,0.00,APPROACH,,0,0
1788470862.90,335.85,0.00,0.00,APPROACH,,0,0
1788470863.01,335.96,0.00,0.00,APPROACH,,0,0
1788470863.10,336.05,-0.00,0.00,APPROACH,,0,0
1788470863.21,336.16,0.01,0.00,APPROACH,,0,0
1788470863.31,336.25,-0.00,0.00,APPROACH,,0,0
1788470863.41,336.36,0.01,0.00,APPROACH,,0,0
1788470863.51,336.45,0.00,0.00,APPROACH,,0,0
1788470863.61,336.56,-0.00,0.00,APPROACH,,0,0
1788470863.72,336.65,-0.00,0.00,APPROACH,,0,0
1788470863.81,336.75,0.00,0.00,APPROACH,,0,0
1788470863.92,336.86,-0.00,0.00,APPROACH,,0,0
1788470864.02,336.95,-0.00,0.00,APPROACH,,0,0
1788470864.12,337.06,0.00,0.00,APPROACH,,0,0
1788470864.22,337.15,0.01,0.00,APPROACH,,0,0
1788470864.32,337.25,0.00,0.00,APPROACH,,0,0
1788470864.42,337.35,-0.00,0.00,APPROACH,,0,0
1788470864.52,337.45,-0.00,0.00,APPROACH,,0,0
1788470864.62,337.55,0.01,0.00,APPROACH,,0,0
1788470864.73,337.65,0.00,0.00,APPROACH,,0,0
1788470864.83,337.75,0.00,0.00,APPROACH,,0,0
1788470864.93,337.86,0.00,0.00,APPROACH,,0,0
1788470865.03,337.95,0.00,0.00,APPROACH,,0,0
1788470865.14,338.06,-0.00,0.00,APPROACH,,0,0
1788470865.24,338.15,-0.00,0.00,APPROACH,,0,0
1788470865.34,338.25,0.00,0.00,APPROACH,,0,0
1788470865.44,338.35,-0.00,0.00,APPROACH,,0,0
1788470865.54,338.45,0.00,0.00,APPROACH,,0,0
1788470865.64,338.55,0.00,0.00,APPROACH,,0,0
1788470865.74,338.65,0.01,0.00,APPROACH,,0,0
1788470865.85,338.76,0.01,0.00,APPROACH,,0,0
1788470865.94,338.85,0.00,0.00,APPROACH,,0,0
1788470866.05,338.95,0.01,0.00,APPROACH,,0,0
1788470866.15,339.05,0.00,0.00,APPROACH,,0,0
1788470866.25,339.15,0.01,0.00,APPROACH,,0,0
1788470866.35,339.25,0.01,0.00,APPROACH,,0,0
1788470866.45,339.36,0.01,0.00,APPROACH,,0,0
1788470866.55,339.45,0.01,0.00,APPROACH,,0,0
1788470866.65,339.55,-0.00,0.00,APPROACH,,0,0
1788470866.75,339.65,0.00,0.00,APPROACH,,0,0
1788470866.85,339.75,-0.00,0.00,APPROACH,,0,0
1788470866.95,339.85,-0.00,0.00,APPROACH,,0,0
1788470867.05,339.95,0.01,0.00,APPROACH,,0,0
1788470867.16,340.05,0.01,0.00,APPROACH,,0,0
1788470867.26,340.15,0.01,0.00,APPROACH,,0,0
1788470867.36,340.25,0.00,0.00,APPROACH,,0,0
1788470867.46,340.35,0.00,0.00,APPROACH,,0,0
1788470867.56,340.45,0.00,0.00,APPROACH,,0,0
1788470867.67,340.55,0.01,0.00,APPROACH,,0,0
1788470867.77,340.65,0.01,0.00,APPROACH,,0,0
1788470867.87,340.75,0.00,0.00,APPROACH,,0,0
1788470867.97,340.86,0.00,0.00,APPROACH,,0,0
1788470868.07,340.95,-0.00,0.00,APPROACH,,0,0
1788470868.17,341.05,-0.00,0.00,APPROACH,,0,0
1788470868.27,341.15,0.01,0.00,APPROACH,,0,0
1788470868.37,341.25,-0.00,0.00,APPROACH,,0,0
1788470868.47,341.35,0.00,0.00,APPROACH,,0,0
1788470868.57,341.45,-0.00,0.00,APPROACH,,0,0
1788470868.68,341.55,0.00,0.00,APPROACH,,0,0
1788470868.78,341.65,-0.00,0.00,APPROACH,,0,0
1788470868.88,341.75,0.01,0.00,APPROACH,,0,0
1788470868.98,341.85,-0.00,0.00,APPROACH,,0,0
1788470869.08,341.95,0.01,0.00,APPROACH,,0,0
1788470869.18,342.05,0.00,0.00,APPROACH,,0,0
1788470869.28,342.15,0.00,0.00,APPROACH,,0,0
1788470869.38,342.25,0.01,0.00,APPROACH,,0,0
1788470869.48,342.35,0.00,0.00,APPROACH,,0,0
1788470869.59,342.46,0.00,0.00,APPROACH,,0,0
1788470869.69,342.56,0.01,0.00,APPROACH,,0,0
1788470869.79,342.65,0.00,0.00,APPROACH,,0,0
1788470869.89,342.76,0.00,0.00,APPROACH,,0,0
1788470869.99,342.85,0.00,0.00,APPROACH,,0,0
1788470870.09,342.95,0.00,0.00,APPROACH,,0,0
1788470870.19,343.05,0.00,0.00,APPROACH,,0,0
1788470870.30,343.16,0.01,0.00,APPROACH,,0,0
1788470870.40,343.25,0.00,0.00,APPROACH,,0,0
1788470870.50,343.35,0.00,0.00,APPROACH,,0,0
1788470870.60,343.45,0.01,0.00,APPROACH,,0,0
1788470870.70,343.55,0.00,0.00,APPROACH,,0,0
1788470870.80,343.65,0.00,0.00,APPROACH,,0,0
1788470870.90,343.75,0.01,0.00,APPROACH,,0,0
1788470871.00,343.85,-0.00,0.00,APPROACH,,0,0
1788470871.10,343.95,-0.00,0.00,APPROACH,,0,0
1788470871.20,344.05,0.00,0.00,APPROACH,,0,0
1788470871.31,344.15,0.00,0.00,APPROACH,,0,0
1788470871.41,344.25,0.00,0.00,APPROACH,,0,0
1788470871.51,344.35,0.01,0.00,APPROACH,,0,0
1788470871.61,344.45,0.00,0.00,APPROACH,,0,0
1788470871.71,344.55,0.00,0.00,APPROACH,,0,0
1788470871.81,344.65,-0.00,0.00,APPROACH,,0,0
1788470871.92,344.76,0.01,0.00,APPROACH,,0,0
1788470872.01,344.85,0.01,0.00,APPROACH,,0,0
1788470872.11,344.95,0.01,0.00,APPROACH,,0,0
1788470872.21,345.05,-0.00,0.00,APPROACH,,0,0
1788470872.32,345.15,-0.00,0.00,APPROACH,,0,0
1788470872.41,345.25,0.00,0.00,APPROACH,,0,0
1788470872.52,345.35,0.00,0.00,APPROACH,,0,0
1788470872.62,345.45,-0.01,0.00,APPROACH,,0,0
1788470872.72,345.56,-0.00,0.00,APPROACH,,0,0
1788470872.82,345.65,0.01,0.00,APPROACH,,0,0
1788470872.92,345.75,-0.00,0.00,APPROACH,,0,0
1788470873.03,345.85,-0.01,0.00,APPROACH,,0,0
1788470873.13,345.95,0.00,0.00,APPROACH,,0,0
1788470873.23,346.05,0.01,0.00,APPROACH,,0,0
1788470873.33,346.15,0.01,0.00,APPROACH,,0,0
1788470873.43,346.25,0.01,0.00,APPROACH,,0,0
1788470873.53,346.35,-0.00,0.00,APPROACH,,0,0
1788470873.63,346.45,0.00,0.00,APPROACH,,0,0
1788470873.73,346.55,0.00,0.00,APPROACH,,0,0
1788470873.84,346.65,0.01,0.00,APPROACH,,0,0
1788470873.94,346.75,0.01,0.00,APPROACH,,0,0
1788470874.04,346.85,0.01,0.00,APPROACH,,0,0
1788470874.14,346.95,0.00,0.00,APPROACH,,0,0
1788470874.24,347.05,-0.01,0.00,APPROACH,,0,0
1788470874.34,347.15,0.00,0.00,APPROACH,,0,0
1788470874.44,347.25,-0.00,0.00,APPROACH,,0,0
1788470874.54,347.35,0.00,0.00,APPROACH,,0,0
1788470874.64,347.45,-0.00,0.00,APPROACH,,0,0
1788470874.74,347.55,0.01,0.00,APPROACH,,0,0
1788470874.84,347.65,-0.00,0.00,APPROACH,,0,0
1788470874.95,347.75,-0.00,0.00,APPROACH,,0,0
1788470875.05,347.85,0.00,0.00,APPROACH,,0,0
1788470875.15,347.95,0.01,0.00,APPROACH,,0,0
1788470875.25,348.05,-0.00,0.00,APPROACH,,0,0
1788470875.35,348.16,0.01,0.00,APPROACH,,0,0
1788470875.45,348.25,0.00,0.00,APPROACH,,0,0
1788470875.55,348.35,0.01,0.00,APPROACH,,0,0
1788470875.65,348.45,0.01,0.00,APPROACH,,0,0
1788470875.75,348.55,-0.00,0.00,APPROACH,,0,0
1788470875.86,348.65,0.00,0.00,APPROACH,,0,0
1788470875.96,348.75,0.01,0.00,APPROACH,,0,0
1788470876.06,348.85,0.00,0.00,APPROACH,,0,0
1788470876.16,348.95,0.00,0.00,APPROACH,,0,0
1788470876.26,349.05,0.01,0.00,APPROACH,,0,0
1788470876.36,349.15,0.00,0.00,APPROACH,,0,0
1788470876.46,349.25,-0.00,0.00,APPROACH,,0,0
1788470876.56,349.35,0.01,0.00,APPROACH,,0,0
1788470876.66,349.45,-0.00,0.00,APPROACH,,0,0
1788470876.77,349.56,0.01,0.00,APPROACH,,0,0
1788470876.87,349.65,0.01,0.00,APPROACH,,0,0
1788470876.97,349.75,0.00,0.00,APPROACH,,0,0
1788470877.07,349.86,0.00,0.00,APPROACH,,0,0
1788470877.17,349.95,0.00,0.00,APPROACH,,0,0
1788470877.27,350.05,0.01,0.00,APPROACH,,0,0
1788470877.38,350.15,-0.01,0.00,APPROACH,,0,0
1788470877.48,350.25,-0.00,0.00,APPROACH,,0,0
1788470877.58,350.36,0.00,0.00,APPROACH,,0,0
1788470877.68,350.45,0.00,0.00,APPROACH,,0,0
1788470877.78,350.55,0.01,0.00,APPROACH,,0,0
1788470877.89,350.65,0.00,0.00,APPROACH,,0,0
1788470877.99,350.75,0.00,0.00,APPROACH,,0,0
1788470878.09,350.85,-0.00,0.00,APPROACH,,0,0
1788470878.19,350.95,0.00,0.00,APPROACH,,0,0
1788470878.29,351.05,-0.00,0.00,APPROACH,,0,0
1788470878.39,351.16,-0.00,0.00,APPROACH,,0,0
1788470878.49,351.25,0.00,0.00,APPROACH,,0,0
1788470878.60,351.36,0.01,0.00,APPROACH,,0,0
1788470878.70,351.45,-0.00,0.00,APPROACH,,0,0
1788470878.80,351.55,0.01,0.00,APPROACH,,0,0
1788470878.90,351.65,0.01,0.00,APPROACH,,0,0
1788470879.00,351.76,0.00,0.00,APPROACH,,0,0
1788470879.10,351.85,0.01,0.00,APPROACH,,0,0
1788470879.20,351.95,0.01,0.00,APPROACH,,0,0
1788470879.30,352.05,-0.00,0.00,APPROACH,,0,0
1788470879.40,352.15,0.00,0.00,APPROACH,,0,0
1788470879.50,352.25,-0.00,0.00,APPROACH,,0,0
1788470879.60,352.35,0.01,0.00,APPROACH,,0,0
1788470879.70,352.45,0.00,0.00,APPROACH,,0,0
1788470879.80,352.55,0.00,0.00,APPROACH,,0,0
1788470879.90,352.65,-0.00,0.00,APPROACH,,0,0
1788470880.00,352.75,0.01,0.00,APPROACH,,0,0
1788470880.10,352.85,0.01,0.00,APPROACH,,0,0
1788470880.21,352.96,0.01,0.00,APPROACH,,0,0
1788470880.31,353.06,0.00,0.00,APPROACH,,0,0
1788470880.41,353.15,0.01,0.00,APPROACH,,0,0
1788470880.51,353.25,-0.00,0.00,APPROACH,,0,0
1788470880.61,353.35,-0.00,0.00,APPROACH,,0,0
1788470880.71,353.45,0.01,0.00,APPROACH,,0,0
1788470880.81,353.55,-0.00,0.00,APPROACH,,0,0
1788470880.91,353.65,-0.00,0.00,APPROACH,,0,0
1788470881.02,353.75,0.01,0.00,APPROACH,,0,0
1788470881.12,353.85,0.01,0.00,APPROACH,,0,0
1788470881.22,353.96,0.00,0.00,APPROACH,,0,0
1788470881.32,354.06,0.01,0.00,APPROACH,,0,0
1788470881.42,354.15,0.00,0.00,APPROACH,,0,0
1788470881.52,354.25,0.00,0.00,APPROACH,,0,0
1788470881.63,354.36,0.00,0.00,APPROACH,,0,0
1788470881.72,354.45,0.01,0.00,APPROACH,,0,0
1788470881.82,354.55,0.01,0.00,APPROACH,,0,0
1788470881.93,354.65,-0.00,0.00,APPROACH,,0,0
1788470882.03,354.75,-0.00,0.00,APPROACH,,0,0
1788470882.13,354.85,0.01,0.00,APPROACH,,0,0
1788470882.23,354.95,0.00,0.00,APPROACH,,0,0
1788470882.33,355.05,0.00,0.00,APPROACH,,0,0
1788470882.43,355.15,0.00,0.00,APPROACH,,0,0
1788470882.53,355.26,-0.00,0.00,APPROACH,,0,0
1788470882.63,355.35,0.00,0.00,APPROACH,,0,0
1788470882.73,355.45,-0.00,0.00,APPROACH,,0,0
1788470882.83,355.55,-0.01,0.00,APPROACH,,0,0
1788470882.93,355.65,-0.00,0.00,APPROACH,,0,0
1788470883.04,355.75,0.00,0.00,APPROACH,,0,0
1788470883.14,355.85,0.00,0.00,APPROACH,,0,0
1788470883.24,355.95,0.00,0.00,APPROACH,,0,0
1788470883.34,356.05,0.00,0.00,APPROACH,,0,0
1788470883.44,356.15,0.01,0.00,APPROACH,,0,0
1788470883.54,356.25,-0.00,0.00,APPROACH,,0,0
1788470883.64,356.35,-0.00,0.00,APPROACH,,0,0
1788470883.74,356.45,-0.00,0.00,APPROACH,,0,0
1788470883.84,356.55,0.01,0.00,APPROACH,,0,0
1788470883.94,356.65,0.00,0.00,APPROACH,,0,0
1788470884.04,356.75,-0.00,0.00,APPROACH,,0,0
1788470884.15,356.86,-0.00,0.00,APPROACH,,0,0
1788470884.25,356.95,0.00,0.00,APPROACH,,0,0
1788470884.35,357.05,0.01,0.00,APPROACH,,0,0
1788470884.45,357.15,0.01,0.00,APPROACH,,0,0
1788470884.55,357.25,0.01,0.00,APPROACH,,0,0
1788470884.65,357.35,0.00,0.00,APPROACH,,0,0
1788470884.75,357.45,-0.00,0.00,APPROACH,,0,0
1788470884.86,357.56,0.00,0.00,APPROACH,,0,0
1788470884.95,357.65,-0.00,0.00,APPROACH,,0,0
1788470885.05,357.75,0.01,0.00,APPROACH,,0,0
1788470885.16,357.85,-0.00,0.00,APPROACH,,0,0
1788470885.26,357.96,0.00,0.00,APPROACH,,0,0
1788470885.36,358.05,-0.00,0.00,APPROACH,,0,0
1788470885.46,358.15,0.00,0.00,REFINE,,0,0
1788470885.56,358.25,0.01,0.00,REFINE,,0,0
1788470885.67,358.36,0.01,0.00,REFINE,,0,0
1788470885.77,358.45,0.01,0.00,REFINE,,0,0
1788470885.88,358.56,0.00,0.00,REFINE,,0,0
1788470885.97,358.65,0.00,0.00,REFINE,,0,0
1788470886.07,358.75,0.00,0.00,REFINE,,0,0
1788470886.17,358.85,-0.00,0.00,REFINE,,0,0
1788470886.28,358.95,-0.00,0.00,REFINE,,0,0
1788470886.38,359.05,0.00,0.00,REFINE,,0,0
1788470886.48,359.15,0.00,0.00,REFINE,,0,0
1788470886.58,359.25,-0.00,0.00,REFINE,,0,0
1788470886.68,359.35,0.01,0.00,DEPLOY,,0,0
1788470886.78,359.45,0.01,0.00,DEPLOY,,0,0
1788470886.88,359.55,0.00,0.00,DEPLOY,,0,0
1788470886.98,359.65,0.01,0.00,DEPLOY,,0,0
1788470887.08,359.75,0.01,0.00,DEPLOY,,0,0
1788470887.18,359.85,0.01,0.00,DEPLOY,,0,0
1788470887.28,359.95,-0.00,0.00,DEPLOY,,0,0
1788470887.38,360.05,0.00,0.00,DEPLOY,,0,0
1788470887.48,360.15,-0.00,0.00,DEPLOY,,0,0
1788470887.58,360.25,-0.00,0.00,DEPLOY,,0,0
1788470887.68,360.35,0.00,0.00,DEPLOY,,0,0
1788470887.78,360.45,0.01,0.00,DEPLOY,,0,0
1788470887.88,360.55,-0.00,0.00,DEPLOY,,0,0
1788470887.98,360.65,-0.00,0.00,DEPLOY,,0,0
1788470888.08,360.75,0.00,0.00,DEPLOY,,0,0
1788470888.18,360.85,0.01,0.00,DEPLOY,,0,0
1788470888.28,360.95,0.00,0.00,DEPLOY,,0,0
1788470888.38,361.05,-0.00,0.00,DEPLOY,,0,0
1788470888.48,361.15,-0.00,0.00,DEPLOY,,0,0
1788470888.58,361.25,0.00,0.00,DEPLOY,,0,0
1788470888.68,361.35,0.00,0.00,DEPLOY,,0,0
1788470888.78,361.45,-0.00,0.00,DEPLOY,,0,0
1788470888.88,361.55,-0.00,0.00,DEPLOY,,0,0
1788470888.98,361.65,-0.00,0.00,DEPLOY,,0,0
1788470889.08,361.75,0.01,0.00,DEPLOY,,0,0
1788470889.18,361.85,-0.00,0.00,DEPLOY,,0,0
1788470889.28,361.95,0.00,0.00,DEPLOY,,0,0
1788470889.38,362.05,0.00,0.00,DEPLOY,,0,0
1788470889.48,362.15,-0.00,0.00,DEPLOY,,0,0
1788470889.58,362.25,-0.00,0.00,DEPLOY,,0,0
1788470889.68,362.35,-0.00,0.00,DEPLOY,,0,0
1788470889.78,362.45,0.00,0.00,DEPLOY,,0,0
1788470889.88,362.55,0.00,0.00,DEPLOY,,0,0
1788470889.98,362.65,0.01,0.00,DEPLOY,,0,0
1788470890.08,362.75,0.01,0.00,DEPLOY,,0,0
1788470890.18,362.85,-0.00,0.00,DEPLOY,,0,0
1788470890.28,362.95,-0.00,0.00,DEPLOY,,0,0
1788470890.38,363.05,-0.00,0.00,DEPLOY,,0,0
1788470890.48,363.15,0.00,0.00,DEPLOY,,0,0
1788470890.58,363.25,-0.00,0.00,DEPLOY,,0,0
1788470890.68,363.35,0.01,0.00,DEPLOY,,0,0
1788470890.78,363.45,-0.00,0.00,DEPLOY,,0,0
1788470890.88,363.55,0.00,0.00,DEPLOY,,0,0
1788470890.98,363.65,-0.00,0.00,DEPLOY,,0,0
1788470891.08,363.75,-0.00,0.00,DEPLOY,,0,0
1788470891.18,363.85,0.00,0.00,DEPLOY,,0,0
1788470891.28,363.95,0.00,0.00,DEPLOY,,0,0
1788470891.39,364.06,0.00,0.00,DEPLOY,,0,0
1788470891.49,364.15,0.00,0.00,DEPLOY,,0,0
1788470891.59,364.25,0.00,0.00,DEPLOY,,0,0
1788470891.69,364.35,0.01,0.00,DEPLOY,,0,0
1788470891.79,364.45,0.01,0.00,DEPLOY,,0,0
1788470891.89,364.56,-0.00,0.00,DEPLOY,,0,0
1788470891.99,364.65,0.00,0.00,DEPLOY,,0,0
1788470892.09,364.76,0.01,0.00,DEPLOY,,0,0
1788470892.19,364.86,0.00,0.00,DEPLOY,,0,0
1788470892.29,364.95,0.00,0.00,DEPLOY,,0,0
1788470892.39,365.05,0.01,0.00,DEPLOY,,0,0
1788470892.50,365.15,0.01,0.00,DEPLOY,,0,0
1788470892.60,365.26,-0.01,0.00,DEPLOY,,0,0
1788470892.70,365.35,0.01,0.00,DEPLOY,,0,0
1788470892.80,365.45,-0.00,0.00,DEPLOY,,0,0
1788470892.91,365.56,0.01,0.00,DEPLOY,,0,0
1788470893.01,365.65,0.01,0.00,DEPLOY,,0,0
1788470893.11,365.75,0.00,0.00,DEPLOY,,0,0
1788470893.21,365.85,-0.00,0.00,DEPLOY,,0,0
1788470893.31,365.96,0.01,0.00,DEPLOY,,0,0
1788470893.41,366.05,0.01,0.00,DEPLOY,,0,0
1788470893.52,366.16,0.00,0.00,DEPLOY,,0,0
1788470893.61,366.25,-0.00,0.00,DEPLOY,,0,0
1788470893.71,366.35,0.00,0.00,DEPLOY,,0,0
1788470893.82,366.45,-0.01,0.00,DEPLOY,,0,0
1788470893.92,366.56,-0.00,0.00,DEPLOY,,0,0
1788470894.02,366.65,-0.00,0.00,DEPLOY,,0,0
1788470894.12,366.76,0.00,0.00,DEPLOY,,0,0
1788470894.22,366.85,0.00,0.00,DEPLOY,,0,0
1788470894.33,366.96,-0.01,0.00,DEPLOY,,0,0
1788470894.43,367.06,0.01,0.00,DEPLOY,,0,0
1788470894.53,367.15,-0.00,0.00,DEPLOY,,0,0
1788470894.62,367.25,0.01,0.00,DEPLOY,,0,0
1788470894.73,367.36,-0.00,0.00,DEPLOY,,0,0
1788470894.83,367.45,0.00,0.00,DEPLOY,,0,0
1788470894.93,367.55,0.01,0.00,DEPLOY,,0,0
1788470895.03,367.65,0.00,0.00,DEPLOY,,0,0
1788470895.13,367.75,-0.00,0.00,DEPLOY,,0,0
1788470895.23,367.85,0.01,0.00,DEPLOY,,0,0
1788470895.34,367.95,-0.00,0.00,DEPLOY,,0,0
1788470895.43,368.05,0.00,0.00,DEPLOY,,0,0
1788470895.53,368.15,0.00,0.00,DEPLOY,,0,0
1788470895.64,368.25,0.00,0.00,DEPLOY,,0,0
1788470895.74,368.36,0.00,0.00,DEPLOY,,0,0
1788470895.84,368.45,-0.01,0.00,DEPLOY,,0,0
1788470895.94,368.55,0.00,0.00,DEPLOY,,0,0
1788470896.04,368.65,0.01,0.00,DEPLOY,,0,0
1788470896.14,368.75,0.00,0.00,DEPLOY,,0,0
1788470896.24,368.85,0.00,0.00,DEPLOY,,0,0
1788470896.34,368.95,0.00,0.00,DEPLOY,,0,0
1788470896.44,369.05,0.00,0.00,DEPLOY,,0,0
1788470896.55,369.15,-0.00,0.00,DEPLOY,,0,0
1788470896.65,369.25,-0.00,0.00,DEPLOY,,0,0
1788470896.75,369.36,-0.00,0.00,DEPLOY,,0,0
1788470896.85,369.45,-0.00,0.00,DEPLOY,,0,0
1788470896.96,369.56,0.00,0.00,DEPLOY,,0,0
1788470897.05,369.65,0.00,0.00,DEPLOY,,0,0
1788470897.16,369.75,0.01,0.00,DEPLOY,,0,0
1788470897.26,369.86,0.00,0.00,DEPLOY,,0,0
1788470897.36,369.95,0.00,0.00,DEPLOY,,0,0
1788470897.46,370.05,0.01,0.00,DEPLOY,,0,0
1788470897.56,370.15,0.00,0.00,DEPLOY,,0,0
1788470897.66,370.25,0.01,0.00,DEPLOY,,0,0
1788470897.76,370.35,0.01,0.00,DEPLOY,,0,0
1788470897.86,370.45,0.00,0.00,DEPLOY,,0,0
1788470897.97,370.55,-0.00,0.00,DEPLOY,,0,0
1788470898.07,370.65,-0.00,0.00,DEPLOY,,0,0
1788470898.17,370.76,0.00,0.00,DEPLOY,,0,0
1788470898.27,370.86,-0.00,0.00,DEPLOY,,0,0
1788470898.37,370.95,-0.00,0.00,DEPLOY,,0,1
1788470898.47,371.05,0.01,0.00,DEPLOY,,0,0
1788470898.57,371.15,0.01,0.00,DEPLOY,,0,0
1788470898.67,371.25,0.01,0.00,DEPLOY,,0,0
1788470898.78,371.36,-0.00,0.00,DEPLOY,,0,0
1788470898.88,371.45,0.00,0.00,DEPLOY,,0,0
1788470898.98,371.56,0.00,0.00,DEPLOY,,0,0
1788470899.08,371.65,0.01,0.00,DEPLOY,,0,0
1788470899.18,371.75,0.01,0.00,DEPLOY,,0,0
1788470899.28,371.85,0.00,0.00,DEPLOY,,0,0
1788470899.38,371.95,-0.00,0.00,DEPLOY,,0,0
1788470899.48,372.05,-0.00,0.00,DEPLOY,,0,0
1788470899.59,372.15,-0.00,0.00,DEPLOY,,0,0
1788470899.69,372.25,0.01,0.00,DEPLOY,,0,0
1788470899.79,372.35,0.00,0.00,DEPLOY,,0,0
1788470899.89,372.45,0.00,0.00,DEPLOY,,0,0
1788470899.99,372.55,0.00,0.00,DEPLOY,,0,0
1788470900.09,372.65,0.01,0.00,DEPLOY,,0,0
1788470900.19,372.75,-0.00,0.00,DEPLOY,,0,0
1788470900.30,372.85,0.01,0.00,DEPLOY,,0,0
1788470900.40,372.96,-0.01,0.00,DEPLOY,,0,0
1788470900.50,373.05,0.01,0.00,DEPLOY,,0,0
1788470900.60,373.15,0.01,0.00,DEPLOY,,0,0
1788470900.70,373.25,0.00,0.00,DEPLOY,,0,0
1788470900.81,373.36,0.01,0.00,DEPLOY,,0,0
1788470900.91,373.45,0.00,0.00,DEPLOY,,0,0
1788470901.01,373.55,-0.00,0.00,DEPLOY,,0,0
1788470901.11,373.65,0.00,0.00,DEPLOY,,0,0
1788470901.21,373.75,0.00,0.00,DEPLOY,,0,0
1788470901.31,373.86,0.00,0.00,DEPLOY,,0,0
1788470901.42,373.95,-0.00,0.00,DEPLOY,,0,0
1788470901.52,374.06,0.00,0.00,DEPLOY,,0,0
1788470901.62,374.16,-0.00,0.00,DEPLOY,,0,0
1788470901.72,374.25,0.00,0.00,DEPLOY,,0,0
1788470901.82,374.36,0.01,0.00,DEPLOY,,0,0
1788470901.92,374.45,0.01,0.00,DEPLOY,,0,0
1788470902.02,374.56,0.01,0.00,DEPLOY,,0,0
1788470902.12,374.65,0.00,0.00,DEPLOY,,0,0
1788470902.23,374.76,-0.00,0.00,DEPLOY,,0,0
1788470902.33,374.85,0.01,0.00,DEPLOY,,0,0
1788470902.43,374.95,-0.00,0.00,DEPLOY,,0,0
1788470902.53,375.05,-0.00,0.00,DEPLOY,,0,0
1788470902.63,375.15,0.00,0.00,DEPLOY,,0,0
1788470902.73,375.25,0.00,0.00,DEPLOY,,0,0
1788470902.83,375.35,0.00,0.00,DEPLOY,,0,0
1788470902.93,375.45,0.01,0.00,DEPLOY,,0,0
1788470903.04,375.55,0.01,0.00,DEPLOY,,0,0
1788470903.14,375.66,-0.00,0.00,DEPLOY,,0,0
1788470903.24,375.75,0.00,0.00,DEPLOY,,0,0
1788470903.34,375.85,0.01,0.00,DEPLOY,,0,0
1788470903.45,375.96,0.01,0.00,DEPLOY,,0,0
1788470903.54,376.05,0.00,0.00,DEPLOY,,0,0
1788470903.64,376.15,-0.00,0.00,DEPLOY,,0,0
1788470903.74,376.25,-0.00,0.00,DEPLOY,,0,0
1788470903.85,376.35,0.00,0.00,DEPLOY,,0,0
1788470903.95,376.45,0.00,0.00,DEPLOY,,0,0
1788470904.05,376.56,-0.00,0.00,DEPLOY,,0,0
1788470904.15,376.65,0.01,0.00,DEPLOY,,0,0
1788470904.25,376.75,0.00,0.00,DEPLOY,,0,0
1788470904.35,376.85,-0.00,0.00,DEPLOY,,0,0
1788470904.45,376.95,-0.00,0.00,DEPLOY,,0,0
1788470904.55,377.05,0.00,0.00,DEPLOY,,0,0
1788470904.65,377.15,0.00,0.00,DEPLOY,,0,0
1788470904.75,377.25,0.00,0.00,DEPLOY,,0,0
1788470904.85,377.35,0.01,0.00,DEPLOY,,0,0
1788470904.95,377.45,-0.00,0.00,DEPLOY,,0,0
1788470905.05,377.55,0.00,0.00,DEPLOY,,0,0
1788470905.15,377.65,0.00,0.00,DEPLOY,,0,0
1788470905.26,377.75,0.01,0.00,DEPLOY,,0,0
1788470905.35,377.85,0.00,0.00,DEPLOY,,0,0
1788470905.46,377.95,0.01,0.00,DEPLOY,,0,0
1788470905.56,378.05,0.00,0.00,DEPLOY,,0,0
1788470905.66,378.15,-0.00,0.00,DEPLOY,,0,0
1788470905.76,378.25,0.00,0.00,DEPLOY,,0,0
1788470905.86,378.35,-0.00,0.00,DEPLOY,,0,0
1788470905.96,378.45,0.00,0.00,DEPLOY,,0,0
1788470906.06,378.55,-0.00,0.00,DEPLOY,,0,0
1788470906.16,378.65,0.01,0.00,DEPLOY,,0,0
1788470906.27,378.75,-0.00,0.00,DEPLOY,,0,0
1788470906.36,378.85,-0.00,0.00,DEPLOY,,0,0
1788470906.47,378.95,0.00,0.00,DEPLOY,,0,0
1788470906.57,379.05,0.01,0.00,DEPLOY,,0,0
1788470906.67,379.15,0.00,0.00,DEPLOY,,0,0
1788470906.77,379.25,0.01,0.00,DEPLOY,,0,0
1788470906.87,379.35,0.00,0.00,DEPLOY,,0,0
1788470906.98,379.45,0.01,0.00,DEPLOY,,0,0
1788470907.07,379.55,0.01,0.00,DEPLOY,,0,0
1788470907.18,379.65,-0.00,0.00,DEPLOY,,0,0
1788470907.28,379.75,-0.00,0.00,DEPLOY,,0,0
1788470907.38,379.85,0.01,0.00,DEPLOY,,0,0
1788470907.48,379.95,0.01,0.00,DEPLOY,,0,0
1788470907.58,380.05,0.00,0.00,DEPLOY,,0,0
1788470907.68,380.15,0.01,0.00,DEPLOY,,0,0
1788470907.79,380.25,0.00,0.00,DEPLOY,,0,0
1788470907.89,380.36,0.01,0.00,DEPLOY,,0,0
1788470907.99,380.46,0.00,0.00,DEPLOY,,0,0
1788470908.09,380.56,-0.00,0.00,DEPLOY,,0,0
1788470908.19,380.65,0.01,0.00,DEPLOY,,0,0
1788470908.29,380.75,0.01,0.00,DEPLOY,,0,0
1788470908.40,380.86,-0.00,0.00,DEPLOY,,0,0
1788470908.49,380.95,-0.00,0.00,DEPLOY,,0,0
1788470908.60,381.05,-0.00,0.00,DEPLOY,,0,0
1788470908.70,381.15,0.00,0.00,DEPLOY,,0,0
1788470908.80,381.25,-0.00,0.00,MANIPULATE,,0,0
1788470908.90,381.35,-0.00,0.00,MANIPULATE,,0,0
1788470909.00,381.45,0.01,0.00,MANIPULATE,,0,0
1788470909.10,381.56,0.00,0.00,MANIPULATE,,0,0
1788470909.20,381.65,0.00,0.00,MANIPULATE,,0,0
1788470909.31,381.76,-0.00,0.00,MANIPULATE,,0,0
1788470909.41,381.85,0.00,0.00,MANIPULATE,,0,0
1788470909.51,381.95,-0.00,0.00,MANIPULATE,,0,0
1788470909.61,382.06,0.01,0.00,MANIPULATE,,0,0
1788470909.72,382.15,-0.00,0.00,MANIPULATE,,0,0
1788470909.81,382.25,-0.00,0.00,MANIPULATE,,0,0
1788470909.91,382.35,0.00,0.00,MANIPULATE,,0,0
1788470910.02,382.45,0.01,0.00,MANIPULATE,,0,0
1788470910.12,382.55,-0.00,0.00,MANIPULATE,,0,0
1788470910.22,382.65,0.01,0.00,MANIPULATE,,0,0
1788470910.32,382.75,0.01,0.00,MANIPULATE,,0,0
1788470910.42,382.85,-0.00,0.00,MANIPULATE,,0,0
1788470910.52,382.95,0.01,0.00,MANIPULATE,,0,0
1788470910.63,383.06,0.00,0.00,MANIPULATE,,0,0
1788470910.73,383.15,-0.00,0.00,MANIPULATE,,0,0
1788470910.83,383.25,-0.00,0.00,MANIPULATE,,0,0
1788470910.93,383.36,-0.00,0.00,MANIPULATE,,0,0
1788470911.03,383.45,0.00,0.00,MANIPULATE,,0,0
1788470911.13,383.55,0.00,0.00,MANIPULATE,,0,0
1788470911.23,383.65,-0.00,0.00,MANIPULATE,,0,0
1788470911.34,383.75,-0.00,0.00,MANIPULATE,,0,0
1788470911.43,383.85,0.01,0.00,MANIPULATE,,0,0
1788470911.54,383.95,0.01,0.00,MANIPULATE,,0,0
1788470911.63,384.05,-0.00,0.00,MANIPULATE,,0,0
1788470911.74,384.16,-0.00,0.00,MANIPULATE,,0,0
1788470911.84,384.25,0.00,0.00,MANIPULATE,orienta,0,0
1788470911.94,384.35,-0.00,0.00,MANIPULATE,orienta,0,0
1788470912.04,384.45,-0.00,0.00,MANIPULATE,orienta,0,0
1788470912.14,384.56,-0.00,0.00,MANIPULATE,orienta,0,0
1788470912.25,384.66,0.00,0.00,MANIPULATE,orienta,0,0
1788470912.34,384.75,0.00,0.00,MANIPULATE,orienta,0,0
1788470912.44,384.85,0.01,0.00,MANIPULATE,orienta,0,0
1788470912.54,384.95,0.01,0.00,MANIPULATE,orienta,0,0
1788470912.65,385.05,0.00,0.00,MANIPULATE,orienta,0,0
1788470912.75,385.15,0.00,0.00,MANIPULATE,orienta,0,0
1788470912.85,385.26,0.01,0.00,MANIPULATE,orienta,0,0
1788470912.95,385.35,0.00,0.00,MANIPULATE,orienta,0,0
1788470913.05,385.45,-0.00,0.00,MANIPULATE,orienta,0,0
1788470913.15,385.55,0.00,0.00,MANIPULATE,orienta,0,0
1788470913.25,385.65,0.00,0.00,MANIPULATE,orienta,0,0
1788470913.35,385.75,0.01,0.00,MANIPULATE,orienta,0,0
1788470913.45,385.85,0.00,0.00,MANIPULATE,orienta,0,0
1788470913.56,385.96,0.01,0.00,MANIPULATE,orienta,0,0
1788470913.66,386.05,0.01,0.00,MANIPULATE,orienta,0,0
1788470913.76,386.15,-0.00,0.00,MANIPULATE,orienta,0,0
1788470913.86,386.25,0.01,0.00,MANIPULATE,orienta,0,0
1788470913.96,386.36,0.01,0.00,MANIPULATE,orienta,0,0
1788470914.06,386.45,0.00,0.00,MANIPULATE,orienta,0,0
1788470914.17,386.56,-0.00,0.00,MANIPULATE,orienta,0,0
1788470914.27,386.66,-0.01,0.00,MANIPULATE,orienta,0,0
1788470914.37,386.75,0.00,0.00,MANIPULATE,orienta,0,0
1788470914.47,386.85,-0.00,0.00,MANIPULATE,orienta,0,0
1788470914.57,386.95,0.00,0.00,MANIPULATE,orienta,0,0
1788470914.67,387.05,-0.00,0.00,MANIPULATE,orienta,0,0
1788470914.78,387.16,0.01,0.00,MANIPULATE,orienta,0,0
1788470914.87,387.25,0.01,0.00,MANIPULATE,orienta,0,0
1788470914.97,387.35,-0.00,0.00,MANIPULATE,orienta,0,0
1788470915.08,387.45,0.00,0.00,MANIPULATE,orienta,0,0
1788470915.18,387.56,-0.00,0.00,MANIPULATE,orienta,0,0
1788470915.28,387.65,0.00,0.00,MANIPULATE,orienta,0,0
1788470915.38,387.75,0.00,0.00,MANIPULATE,orienta,0,0
1788470915.48,387.85,-0.00,0.00,MANIPULATE,orienta,0,0
1788470915.58,387.95,0.01,0.00,MANIPULATE,aproxima_lateral,0,0
1788470915.68,388.05,0.01,0.00,MANIPULATE,aproxima_lateral,0,0
1788470915.78,388.15,-0.00,0.00,MANIPULATE,aproxima_lateral,0,0
1788470915.88,388.25,0.01,0.00,MANIPULATE,aproxima_lateral,0,0
1788470915.98,388.35,0.01,0.00,MANIPULATE,aproxima_lateral,0,0
1788470916.08,388.45,0.00,0.00,MANIPULATE,aproxima_lateral,0,0
1788470916.19,388.56,-0.00,0.00,MANIPULATE,aproxima_lateral,0,0
1788470916.28,388.65,0.00,0.00,MANIPULATE,aproxima_lateral,0,0
1788470916.38,388.75,-0.00,0.00,MANIPULATE,aproxima_lateral,0,0
1788470916.48,388.85,-0.00,0.00,MANIPULATE,aproxima_lateral,0,0
1788470916.58,388.95,-0.01,0.00,MANIPULATE,aproxima_lateral,0,0
1788470916.68,389.05,0.00,0.00,MANIPULATE,aproxima_lateral,0,0
1788470916.79,389.15,0.01,0.00,MANIPULATE,aproxima_lateral,0,0
1788470916.89,389.25,0.00,0.00,MANIPULATE,aproxima_lateral,0,0
1788470916.99,389.36,0.01,0.00,MANIPULATE,aproxima_lateral,0,0
1788470917.09,389.45,0.01,0.00,MANIPULATE,aproxima_lateral,0,0
1788470917.19,389.55,0.01,0.00,MANIPULATE,aproxima_lateral,0,0
1788470917.29,389.65,0.01,0.00,MANIPULATE,aproxima_lateral,0,0
1788470917.39,389.75,0.00,0.00,MANIPULATE,aproxima_lateral,0,0
1788470917.49,389.85,0.00,0.00,MANIPULATE,aproxima_lateral,0,0
1788470917.60,389.96,-0.00,0.00,MANIPULATE,aproxima_lateral,0,0
1788470917.69,390.05,0.00,0.00,MANIPULATE,aproxima_lateral,0,0
1788470917.79,390.15,0.00,0.00,MANIPULATE,aproxima_lateral,0,0
1788470917.90,390.25,0.00,0.00,MANIPULATE,aproxima_lateral,0,0
1788470918.00,390.36,0.01,0.00,MANIPULATE,aproxima_lateral,0,0
1788470918.10,390.45,0.01,0.00,MANIPULATE,aproxima_lateral,0,0
1788470918.20,390.56,0.00,-0.00,MANIPULATE,aproxima_lateral,0,0
1788470918.30,390.65,0.00,0.00,MANIPULATE,aproxima_lateral,0,0
1788470918.40,390.75,-0.00,0.00,MANIPULATE,aproxima_lateral,0,0
1788470918.51,390.85,-0.01,0.00,MANIPULATE,aproxima_lateral,0,0
1788470918.61,390.95,0.00,0.00,MANIPULATE,aproxima_lateral,0,0
1788470918.71,391.05,-0.01,-0.00,MANIPULATE,aproxima_lateral,0,0
1788470918.81,391.15,0.01,-0.00,MANIPULATE,aproxima_lateral,0,0
1788470918.91,391.25,-0.01,-0.00,MANIPULATE,aproxima_lateral,0,0
1788470919.01,391.35,-0.00,0.00,MANIPULATE,aproxima_lateral,0,0
1788470919.12,391.45,-0.01,-0.00,MANIPULATE,aproxima_lateral,0,0
1788470919.22,391.55,-0.01,0.00,MANIPULATE,aproxima_lateral,0,0
1788470919.32,391.65,-0.00,-0.00,MANIPULATE,aproxima_lateral,0,0
1788470919.42,391.75,-0.00,-0.00,MANIPULATE,aproxima_lateral,0,0
1788470919.52,391.85,-0.01,-0.00,MANIPULATE,atravessa,0,0
1788470919.63,391.95,-0.00,-0.00,MANIPULATE,atravessa,0,0
1788470919.72,392.05,-0.00,-0.00,MANIPULATE,atravessa,0,0
1788470919.83,392.15,-0.00,-0.00,MANIPULATE,atravessa,0,0
1788470919.93,392.25,-0.01,-0.00,MANIPULATE,atravessa,0,0
1788470920.03,392.35,-0.01,-0.00,MANIPULATE,atravessa,0,0
1788470920.13,392.45,-0.01,-0.00,MANIPULATE,atravessa,0,0
1788470920.23,392.55,0.09,0.24,MANIPULATE,atravessa,0,0
1788470920.33,392.65,0.00,0.18,MANIPULATE,atravessa,0,0
1788470920.43,392.75,-0.01,0.18,MANIPULATE,atravessa,0,0
1788470920.54,392.85,-0.00,0.18,MANIPULATE,atravessa,0,0
1788470920.63,392.95,0.01,0.18,MANIPULATE,atravessa,0,0
1788470920.74,393.06,-0.00,0.19,MANIPULATE,atravessa,0,0
1788470920.84,393.15,0.01,0.18,MANIPULATE,atravessa,0,0
1788470920.94,393.25,-0.00,0.17,MANIPULATE,atravessa,0,0
1788470921.04,393.35,0.01,0.16,MANIPULATE,atravessa,0,0
1788470921.14,393.45,0.01,0.14,MANIPULATE,atravessa,0,0
1788470921.24,393.56,-0.00,0.13,MANIPULATE,atravessa,0,0
1788470921.34,393.65,-0.00,0.11,MANIPULATE,atravessa,0,0
1788470921.44,393.75,-0.00,0.09,MANIPULATE,atravessa,0,0
1788470921.54,393.85,0.01,0.08,MANIPULATE,captura,0,0
1788470921.64,393.95,-0.00,0.06,MANIPULATE,captura,0,0
1788470921.74,394.05,-0.00,0.04,MANIPULATE,captura,0,0
1788470921.85,394.15,0.01,0.02,MANIPULATE,captura,0,0
1788470921.95,394.25,-0.00,0.00,MANIPULATE,captura,0,0
1788470922.05,394.35,-0.00,-0.00,MANIPULATE,destrava,0,0
1788470922.15,394.45,-0.00,-0.00,MANIPULATE,destrava,0,0
1788470922.25,394.55,0.00,-0.00,MANIPULATE,destrava,0,0
1788470922.35,394.65,0.28,0.01,MANIPULATE,destrava,2,2
1788470922.45,394.75,0.78,0.01,MANIPULATE,destrava,2,2
1788470922.55,394.85,1.23,0.00,MANIPULATE,destrava,2,2
1788470922.65,394.95,1.75,-0.00,MANIPULATE,destrava,2,2
1788470922.75,395.05,2.28,-0.00,MANIPULATE,destrava,2,2
1788470922.85,395.15,2.79,-0.00,MANIPULATE,destrava,2,2
1788470922.95,395.25,3.29,-0.00,MANIPULATE,destrava,2,2
1788470923.05,395.35,3.54,-0.00,MANIPULATE,destrava,2,2
1788470923.15,395.45,3.55,0.00,MANIPULATE,destrava,2,2
1788470923.25,395.55,4.17,-0.00,MANIPULATE,destrava,2,2
1788470923.35,395.65,4.53,-0.00,MANIPULATE,destrava,2,2
1788470923.45,395.75,4.92,-0.00,MANIPULATE,destrava,2,2
1788470923.55,395.85,5.90,-0.00,MANIPULATE,destrava,2,2
1788470923.66,395.95,6.58,0.00,MANIPULATE,destrava,2,2
1788470923.76,396.05,7.25,0.00,MANIPULATE,destrava,2,2
1788470923.86,396.15,8.04,0.00,MANIPULATE,destrava,2,2
1788470923.96,396.25,8.76,0.01,MANIPULATE,destrava,2,2
1788470924.06,396.35,9.33,0.03,MANIPULATE,destrava,2,2
1788470924.16,396.45,9.59,0.09,MANIPULATE,destrava,2,2
1788470924.26,396.55,10.28,0.11,MANIPULATE,destrava,2,2
1788470924.36,396.65,10.39,0.12,MANIPULATE,destrava,2,2
1788470924.46,396.75,9.63,0.12,MANIPULATE,destrava,2,2
1788470924.56,396.85,9.86,0.11,MANIPULATE,destrava,2,2
1788470924.66,396.95,10.09,0.11,MANIPULATE,destrava,2,2
1788470924.76,397.05,9.33,0.10,MANIPULATE,destrava,2,2
1788470924.86,397.15,9.24,0.10,MANIPULATE,destrava,2,2
1788470924.96,397.25,9.42,0.10,MANIPULATE,destrava,2,2
1788470925.07,397.36,9.68,0.10,MANIPULATE,destrava,2,2
1788470925.17,397.45,9.20,0.10,MANIPULATE,destrava,2,2
1788470925.27,397.55,10.13,0.11,MANIPULATE,destrava,2,2
1788470925.37,397.65,9.66,0.11,MANIPULATE,destrava,2,2
1788470925.47,397.75,10.65,0.11,MANIPULATE,destrava,2,2
1788470925.57,397.85,10.19,0.11,MANIPULATE,destrava,2,2
1788470925.67,397.95,10.96,0.11,MANIPULATE,destrava,2,2
1788470925.77,398.05,10.84,0.06,MANIPULATE,destrava,2,2
1788470925.88,398.16,10.85,0.03,MANIPULATE,destrava,2,2
1788470925.97,398.25,11.02,0.01,MANIPULATE,destrava,2,2
1788470926.08,398.35,11.23,-0.00,MANIPULATE,destrava,2,2
1788470926.18,398.45,11.37,-0.00,MANIPULATE,destrava,2,2
1788470926.28,398.55,11.53,-0.00,MANIPULATE,destrava,2,2
1788470926.38,398.65,11.54,-0.00,MANIPULATE,destrava,2,2
1788470926.48,398.75,11.55,-0.00,MANIPULATE,destrava,2,2
1788470926.58,398.85,11.46,-0.00,MANIPULATE,destrava,2,2
1788470926.68,398.95,11.33,-0.00,MANIPULATE,destrava,2,2
1788470926.78,399.05,11.24,-0.01,MANIPULATE,destrava,2,2
1788470926.88,399.15,11.27,-0.00,MANIPULATE,destrava,2,2
1788470926.98,399.25,11.20,-0.01,MANIPULATE,destrava,2,2
1788470927.08,399.35,11.22,0.00,MANIPULATE,destrava,2,2
1788470927.18,399.45,11.17,-0.01,MANIPULATE,destrava,2,2
1788470927.28,399.56,11.24,0.00,MANIPULATE,destrava,2,2
1788470927.38,399.65,11.18,-0.00,MANIPULATE,destrava,2,2
1788470927.48,399.75,11.20,0.00,MANIPULATE,destrava,2,2
1788470927.58,399.85,11.20,-0.01,MANIPULATE,destrava,2,2
1788470927.68,399.95,11.16,-0.00,MANIPULATE,destrava,2,2
1788470927.78,400.05,11.05,-0.01,MANIPULATE,destrava,2,2
1788470927.89,400.15,11.11,0.01,MANIPULATE,destrava,2,2
1788470927.99,400.25,11.05,-0.01,MANIPULATE,destrava,2,2
1788470928.09,400.36,10.89,-0.00,MANIPULATE,destrava,2,2
1788470928.19,400.45,10.98,-0.00,MANIPULATE,destrava,2,2
1788470928.29,400.55,10.78,-0.00,MANIPULATE,destrava,2,2
1788470928.39,400.65,10.87,0.03,MANIPULATE,destrava,2,2
1788470928.49,400.75,10.76,-0.01,MANIPULATE,destrava,2,2
1788470928.59,400.85,10.76,0.03,MANIPULATE,destrava,2,2
1788470928.69,400.95,10.71,-0.01,MANIPULATE,destrava,2,2
1788470928.79,401.05,10.68,0.03,MANIPULATE,destrava,2,2
1788470928.90,401.15,10.70,-0.01,MANIPULATE,destrava,2,2
1788470929.00,401.25,10.71,0.03,MANIPULATE,destrava,2,2
1788470929.10,401.35,10.65,-0.01,MANIPULATE,destrava,2,2
1788470929.20,401.45,10.61,0.02,MANIPULATE,destrava,2,2
1788470929.30,401.55,10.73,0.04,MANIPULATE,destrava,2,2
1788470929.40,401.65,10.63,-0.00,MANIPULATE,destrava,2,2
1788470929.50,401.75,10.75,0.02,MANIPULATE,destrava,2,2
1788470929.60,401.85,10.73,-0.00,MANIPULATE,destrava,2,2
1788470929.70,401.95,10.70,0.00,MANIPULATE,destrava,2,2
1788470929.80,402.05,10.52,-0.01,MANIPULATE,destrava,2,2
1788470929.90,402.15,10.45,-0.00,MANIPULATE,destrava,2,2
1788470930.00,402.25,10.49,0.00,MANIPULATE,destrava,2,2
1788470930.10,402.35,10.41,-0.00,MANIPULATE,destrava,2,2
1788470930.21,402.45,10.46,0.00,MANIPULATE,destrava,2,2
1788470930.30,402.55,10.46,0.00,MANIPULATE,destrava,2,2
1788470930.41,402.65,10.44,-0.00,MANIPULATE,destrava,2,2
1788470930.51,402.75,10.28,-0.00,MANIPULATE,destrava,2,2
1788470930.61,402.85,10.35,-0.01,MANIPULATE,destrava,2,2
1788470930.71,402.95,10.20,-0.00,MANIPULATE,destrava,2,2
1788470930.81,403.05,10.25,-0.01,MANIPULATE,destrava,2,2
1788470930.91,403.15,10.08,-0.00,MANIPULATE,destrava,2,2
1788470931.01,403.25,10.17,-0.00,MANIPULATE,destrava,2,2
1788470931.11,403.35,10.12,-0.00,MANIPULATE,destrava,2,2
1788470931.21,403.45,10.18,0.00,MANIPULATE,destrava,2,2
1788470931.31,403.55,10.20,0.00,MANIPULATE,destrava,2,2
1788470931.41,403.65,10.23,-0.01,MANIPULATE,destrava,2,2
1788470931.52,403.75,10.07,-0.01,MANIPULATE,destrava,2,2
1788470931.62,403.85,10.16,-0.00,MANIPULATE,destrava,2,2
1788470931.72,403.95,10.19,-0.00,MANIPULATE,destrava,2,2
1788470931.82,404.05,10.21,-0.00,MANIPULATE,destrava,2,2
1788470931.93,404.16,10.13,-0.01,MANIPULATE,destrava,2,2
1788470932.02,404.25,9.99,-0.01,MANIPULATE,destrava,2,2
1788470932.12,404.35,9.81,-0.01,MANIPULATE,destrava,2,2
1788470932.22,404.45,9.89,-0.00,MANIPULATE,destrava,2,2
1788470932.32,404.55,9.74,-0.01,MANIPULATE,destrava,2,2
1788470932.43,404.65,9.78,-0.01,MANIPULATE,destrava,2,2
1788470932.52,404.75,9.73,-0.00,MANIPULATE,destrava,2,2
1788470932.62,404.85,9.84,-0.00,MANIPULATE,destrava,2,2
1788470932.73,404.95,9.76,-0.01,MANIPULATE,destrava,2,2
1788470932.82,405.05,9.58,-0.01,MANIPULATE,destrava,2,2
1788470932.93,405.15,9.67,-0.00,MANIPULATE,destrava,2,2
1788470933.02,405.25,9.72,-0.01,MANIPULATE,destrava,2,2
1788470933.12,405.35,9.78,-0.01,MANIPULATE,destrava,2,2
1788470933.23,405.45,9.62,-0.01,MANIPULATE,destrava,2,2
1788470933.33,405.55,9.38,-0.01,MANIPULATE,destrava,2,2
1788470933.43,405.65,9.22,-0.01,MANIPULATE,destrava,2,2
1788470933.53,405.75,9.21,0.00,MANIPULATE,destrava,2,2
1788470933.63,405.85,9.29,-0.00,MANIPULATE,destrava,2,2
1788470933.74,405.96,9.31,-0.01,MANIPULATE,destrava,2,2
1788470933.83,406.05,9.25,-0.00,MANIPULATE,destrava,2,2
1788470933.94,406.15,9.32,-0.01,MANIPULATE,destrava,2,2
1788470934.04,406.25,9.32,-0.01,MANIPULATE,destrava,2,2
1788470934.14,406.36,9.28,-0.02,MANIPULATE,destrava,2,2
1788470934.24,406.45,9.35,0.00,MANIPULATE,destrava,2,2
1788470934.34,406.55,9.41,-0.02,MANIPULATE,destrava,2,2
1788470934.44,406.65,9.17,-0.01,MANIPULATE,destrava,2,2
1788470934.54,406.75,9.06,-0.00,MANIPULATE,destrava,2,2
1788470934.64,406.85,9.22,0.00,MANIPULATE,destrava,2,2
1788470934.74,406.95,9.32,-0.01,MANIPULATE,destrava,2,2
1788470934.85,407.05,9.34,-0.02,MANIPULATE,destrava,2,2
1788470934.95,407.15,9.39,-0.02,MANIPULATE,destrava,2,2
1788470935.05,407.25,9.13,-0.01,MANIPULATE,destrava,2,2
1788470935.15,407.35,9.09,-0.00,MANIPULATE,destrava,2,2
1788470935.26,407.45,9.10,-0.02,MANIPULATE,destrava,2,2
1788470935.36,407.55,9.22,-0.01,MANIPULATE,destrava,2,2
1788470935.46,407.65,9.27,-0.02,MANIPULATE,destrava,2,2
1788470935.56,407.75,9.41,-0.00,MANIPULATE,destrava,2,2
1788470935.66,407.85,9.52,-0.00,MANIPULATE,destrava,2,2
1788470935.76,407.95,9.34,-0.02,MANIPULATE,destrava,2,2
1788470935.86,408.05,9.12,-0.02,MANIPULATE,destrava,2,2
1788470935.96,408.15,9.09,-0.01,MANIPULATE,destrava,2,2
1788470936.06,408.25,9.01,-0.02,MANIPULATE,destrava,2,2
1788470936.16,408.35,9.21,0.01,MANIPULATE,destrava,2,2
1788470936.26,408.45,9.01,-0.02,MANIPULATE,destrava,2,2
1788470936.37,408.56,9.21,-0.01,MANIPULATE,destrava,2,2
1788470936.47,408.65,9.38,0.01,MANIPULATE,destrava,2,2
1788470936.57,408.76,9.52,-0.02,MANIPULATE,destrava,2,2
1788470936.67,408.85,9.32,-0.02,MANIPULATE,destrava,2,2
1788470936.77,408.95,9.11,-0.02,MANIPULATE,destrava,2,2
1788470936.87,409.05,8.89,-0.02,MANIPULATE,destrava,2,2
1788470936.97,409.15,8.93,-0.01,MANIPULATE,destrava,2,2
1788470937.07,409.25,9.10,-0.01,MANIPULATE,destrava,2,2
1788470937.18,409.36,9.29,-0.00,MANIPULATE,destrava,2,2
1788470937.27,409.45,9.45,-0.02,MANIPULATE,destrava,2,2
1788470937.38,409.55,9.27,-0.02,MANIPULATE,destrava,2,2
1788470937.48,409.65,9.08,-0.02,MANIPULATE,destrava,2,2
1788470937.58,409.75,9.24,-0.02,MANIPULATE,destrava,2,2
1788470937.68,409.85,9.09,-0.02,MANIPULATE,destrava,2,2
1788470937.78,409.95,8.91,-0.02,MANIPULATE,destrava,2,2
1788470937.88,410.05,9.03,0.00,MANIPULATE,destrava,2,2
1788470937.98,410.15,9.23,-0.02,MANIPULATE,destrava,2,2
1788470938.08,410.25,9.39,-0.02,MANIPULATE,destrava,2,2
1788470938.18,410.35,9.55,-0.02,MANIPULATE,destrava,2,2
1788470938.28,410.45,9.40,-0.02,MANIPULATE,destrava,2,2
1788470938.38,410.56,9.24,-0.02,MANIPULATE,destrava,2,2
1788470938.48,410.65,9.26,-0.02,MANIPULATE,destrava,2,2
1788470938.58,410.75,9.12,-0.02,MANIPULATE,destrava,2,2
1788470938.68,410.85,8.98,-0.02,MANIPULATE,destrava,2,2
1788470938.78,410.95,8.88,-0.02,MANIPULATE,destrava,2,2
1788470938.88,411.05,8.79,-0.02,MANIPULATE,destrava,2,2
1788470938.98,411.15,8.93,0.00,MANIPULATE,destrava,2,2
1788470939.08,411.25,9.00,-0.02,MANIPULATE,destrava,2,2
1788470939.18,411.35,8.90,-0.02,MANIPULATE,destrava,2,2
1788470939.28,411.45,8.86,-0.02,MANIPULATE,destrava,2,2
1788470939.39,411.56,8.84,-0.02,MANIPULATE,destrava,2,2
1788470939.49,411.65,8.79,-0.02,MANIPULATE,destrava,2,2
1788470939.59,411.75,8.79,-0.02,MANIPULATE,destrava,2,2
1788470939.69,411.85,8.80,-0.02,MANIPULATE,destrava,2,2
1788470939.79,411.95,8.83,-0.02,MANIPULATE,destrava,2,2
1788470939.89,412.05,8.87,-0.02,MANIPULATE,destrava,2,2
1788470939.99,412.15,8.95,-0.02,MANIPULATE,destrava,2,2
1788470940.09,412.25,9.04,-0.02,MANIPULATE,destrava,2,2
1788470940.19,412.35,9.12,-0.02,MANIPULATE,destrava,2,2
1788470940.29,412.45,9.22,-0.02,MANIPULATE,destrava,2,2
1788470940.39,412.55,9.37,-0.03,MANIPULATE,destrava,2,2
1788470940.49,412.65,9.48,-0.02,MANIPULATE,destrava,2,2
1788470940.59,412.75,9.68,-0.03,MANIPULATE,destrava,2,2
1788470940.69,412.85,9.81,-0.02,MANIPULATE,destrava,2,2
1788470940.79,412.96,9.99,-0.02,MANIPULATE,destrava,2,2
1788470940.89,413.05,10.16,-0.03,MANIPULATE,destrava,2,2
1788470940.99,413.15,10.40,-0.02,MANIPULATE,destrava,2,2
1788470941.09,413.25,10.60,-0.02,MANIPULATE,destrava,2,2
1788470941.20,413.35,10.85,-0.02,MANIPULATE,destrava,2,2
1788470941.30,413.45,11.37,-0.01,MANIPULATE,destrava,2,2
1788470941.40,413.55,11.71,-0.01,MANIPULATE,destrava,2,2
1788470941.50,413.65,12.14,-0.02,MANIPULATE,destrava,2,2
1788470941.60,413.75,12.45,-0.02,MANIPULATE,destrava,2,2
1788470941.70,413.85,12.76,-0.03,MANIPULATE,destrava,2,2
1788470941.80,413.95,13.25,-0.03,MANIPULATE,destrava,2,2
1788470941.90,414.05,13.79,-0.01,MANIPULATE,destrava,2,2
1788470942.00,414.15,13.98,-0.03,MANIPULATE,destrava,2,2
1788470942.10,414.25,14.67,-0.04,MANIPULATE,destrava,2,2
1788470942.20,414.36,14.64,-0.05,MANIPULATE,destrava,2,2
1788470942.30,414.45,15.17,-0.01,MANIPULATE,destrava,2,2
1788470942.40,414.55,15.38,-0.04,MANIPULATE,destrava,2,2
1788470942.50,414.65,15.42,-0.03,MANIPULATE,destrava,2,2
1788470942.60,414.75,15.56,-0.04,MANIPULATE,destrava,2,2
1788470942.71,414.85,15.59,-0.03,MANIPULATE,destrava,2,2
1788470942.81,414.95,15.67,-0.04,MANIPULATE,destrava,2,2
1788470942.90,415.05,15.80,-0.05,MANIPULATE,destrava,2,2
1788470943.01,415.15,16.17,-0.02,MANIPULATE,destrava,2,2
1788470943.10,415.25,16.19,-0.05,MANIPULATE,destrava,2,2
1788470943.21,415.35,16.19,-0.05,MANIPULATE,destrava,2,2
1788470943.30,415.45,16.34,-0.04,MANIPULATE,destrava,2,2
1788470943.41,415.55,16.38,-0.05,MANIPULATE,destrava,2,2
1788470943.51,415.65,16.49,-0.05,MANIPULATE,destrava,2,2
1788470943.61,415.75,16.57,-0.02,MANIPULATE,destrava,2,2
1788470943.71,415.85,16.72,-0.05,MANIPULATE,destrava,2,2
1788470943.81,415.95,16.72,-0.06,MANIPULATE,destrava,2,2
1788470943.91,416.05,16.88,-0.04,MANIPULATE,destrava,2,2
1788470944.01,416.16,16.90,-0.03,MANIPULATE,destrava,2,2
1788470944.11,416.25,16.96,-0.04,MANIPULATE,destrava,2,2
1788470944.21,416.35,17.13,-0.06,MANIPULATE,destrava,2,2
1788470944.31,416.45,17.13,-0.03,MANIPULATE,destrava,2,2
1788470944.41,416.55,17.09,-0.06,MANIPULATE,destrava,2,2
1788470944.51,416.65,17.22,-0.05,MANIPULATE,destrava,2,2
1788470944.62,416.75,17.20,-0.05,MANIPULATE,destrava,2,2
1788470944.72,416.85,17.25,-0.06,MANIPULATE,destrava,2,2
1788470944.82,416.95,17.27,-0.03,MANIPULATE,destrava,2,2
1788470944.92,417.05,17.40,-0.06,MANIPULATE,destrava,2,2
1788470945.02,417.16,17.31,-0.04,MANIPULATE,destrava,2,2
1788470945.12,417.25,17.29,-0.04,MANIPULATE,destrava,2,2
1788470945.22,417.35,17.35,-0.05,MANIPULATE,destrava,2,2
1788470945.32,417.45,17.33,-0.03,MANIPULATE,destrava,2,2
1788470945.42,417.55,17.32,-0.03,MANIPULATE,destrava,2,2
1788470945.52,417.65,17.45,-0.06,MANIPULATE,destrava,2,2
1788470945.62,417.75,17.36,-0.04,MANIPULATE,destrava,2,2
1788470945.72,417.85,17.38,-0.06,MANIPULATE,destrava,2,2
1788470945.82,417.95,17.40,-0.07,MANIPULATE,destrava,2,2
1788470945.92,418.05,17.45,-0.05,MANIPULATE,destrava,2,2
1788470946.03,418.15,17.49,-0.04,MANIPULATE,destrava,2,2
1788470946.12,418.25,17.43,-0.06,MANIPULATE,destrava,2,2
1788470946.23,418.36,17.30,-0.06,MANIPULATE,destrava,2,2
1788470946.33,418.45,17.40,-0.06,MANIPULATE,destrava,2,2
1788470946.43,418.55,17.36,-0.05,MANIPULATE,destrava,2,2
1788470946.53,418.65,17.42,-0.05,MANIPULATE,destrava,2,2
1788470946.64,418.76,17.29,-0.07,MANIPULATE,destrava,2,2
1788470946.73,418.85,17.30,-0.06,MANIPULATE,destrava,2,2
1788470946.84,418.95,17.26,-0.06,MANIPULATE,destrava,2,2
1788470946.94,419.05,17.24,-0.02,MANIPULATE,destrava,2,2
1788470947.04,419.15,17.21,-0.04,MANIPULATE,destrava,2,2
1788470947.15,419.25,17.28,-0.04,MANIPULATE,destrava,2,2
1788470947.25,419.36,17.43,-0.03,MANIPULATE,destrava,2,2
1788470947.35,419.45,18.02,-0.05,MANIPULATE,destrava,2,2
1788470947.45,419.56,18.53,-0.04,MANIPULATE,destrava,2,2
1788470947.55,419.65,19.01,-0.03,MANIPULATE,destrava,2,2
1788470947.65,419.75,19.39,-0.03,MANIPULATE,destrava,2,2
1788470947.75,419.85,19.79,-0.06,MANIPULATE,destrava,2,2
1788470947.85,419.95,19.98,-0.05,MANIPULATE,destrava,2,2
1788470947.95,420.05,20.03,-0.03,MANIPULATE,destrava,2,2
1788470948.05,420.15,20.01,-0.02,MANIPULATE,destrava,2,2
1788470948.15,420.25,20.03,-0.02,MANIPULATE,destrava,2,2
1788470948.25,420.35,20.03,-0.05,MANIPULATE,destrava,2,2
1788470948.35,420.45,20.03,-0.02,MANIPULATE,destrava,2,2
1788470948.45,420.55,20.01,-0.02,MANIPULATE,destrava,2,2
1788470948.55,420.65,20.04,-0.05,MANIPULATE,destrava,2,2
1788470948.66,420.76,20.01,-0.04,MANIPULATE,destrava,2,2
1788470948.76,420.85,20.00,-0.04,MANIPULATE,destrava,2,2
1788470948.86,420.95,19.99,-0.07,MANIPULATE,destrava,2,2
1788470948.96,421.05,20.00,-0.04,MANIPULATE,destrava,2,2
1788470949.06,421.15,20.04,-0.01,MANIPULATE,destrava,2,2
1788470949.16,421.25,20.02,-0.03,MANIPULATE,destrava,2,2
1788470949.26,421.35,19.95,-0.04,MANIPULATE,destrava,2,2
1788470949.36,421.45,19.96,-0.01,MANIPULATE,destrava,2,2
1788470949.46,421.55,20.02,-0.04,MANIPULATE,destrava,2,2
1788470949.57,421.65,20.03,-0.04,MANIPULATE,destrava,2,2
1788470949.67,421.76,19.97,-0.02,MANIPULATE,destrava,2,2
1788470949.76,421.85,19.98,-0.02,MANIPULATE,destrava,2,2
1788470949.87,421.95,20.04,-0.04,MANIPULATE,destrava,2,2
1788470949.97,422.05,20.02,-0.04,MANIPULATE,destrava,2,2
1788470950.07,422.15,20.02,-0.07,MANIPULATE,destrava,2,2
1788470950.16,422.25,20.02,-0.02,MANIPULATE,destrava,2,2
1788470950.27,422.36,20.11,-0.13,MANIPULATE,destrava,2,2
1788470950.37,422.45,20.00,-0.02,MANIPULATE,destrava,2,2
1788470950.47,422.55,19.97,-0.01,MANIPULATE,destrava,2,2
1788470950.57,422.65,20.05,-0.04,MANIPULATE,destrava,2,2
1788470950.67,422.75,20.01,-0.07,MANIPULATE,destrava,2,2
1788470950.77,422.85,19.95,-0.02,MANIPULATE,destrava,2,2
1788470950.87,422.95,20.03,-0.23,MANIPULATE,destrava,2,2
1788470950.97,423.05,19.62,-0.13,MANIPULATE,destrava,2,2
1788470951.07,423.15,20.05,-0.00,MANIPULATE,destrava,2,2
1788470951.17,423.25,20.06,-0.00,MANIPULATE,destrava,2,2
1788470951.27,423.35,20.06,-0.00,MANIPULATE,destrava,2,2
1788470951.37,423.45,20.03,-0.00,MANIPULATE,destrava,2,2
1788470951.47,423.55,20.04,-0.00,MANIPULATE,destrava,2,3
1788470951.57,423.65,20.05,-0.02,MANIPULATE,destrava,0,0
1788470951.67,423.75,20.05,-0.00,MANIPULATE,destrava,0,0
1788470951.77,423.85,20.05,-0.00,MANIPULATE,destrava,0,0
1788470951.87,423.95,20.03,-0.01,MANIPULATE,destrava,0,0
1788470951.98,424.05,20.02,-0.01,MANIPULATE,destrava,0,0
1788470952.08,424.16,20.04,-0.00,MANIPULATE,destrava,0,0
1788470952.18,424.25,20.05,-0.00,MANIPULATE,libera,0,0
1788470952.28,424.35,20.02,-0.01,MANIPULATE,libera,0,0
1788470952.38,424.45,20.06,-0.01,MANIPULATE,libera,0,0
1788470952.48,424.55,20.02,-0.01,MANIPULATE,libera,2,2
1788470952.58,424.65,20.03,0.00,MANIPULATE,libera,1,1
1788470952.68,424.75,20.03,-0.00,MANIPULATE,libera,3,3
1788470952.78,424.85,20.03,-0.00,MANIPULATE,libera,2,2
1788470952.89,424.95,20.03,-0.00,MANIPULATE,libera,2,2
1788470952.99,425.06,20.03,0.00,MANIPULATE,libera,2,2
1788470953.09,425.15,20.03,-0.00,MANIPULATE,libera,2,2
1788470953.19,425.25,20.02,-0.01,MANIPULATE,libera,2,2
1788470953.29,425.35,20.03,-0.00,MANIPULATE,libera,2,2
1788470953.39,425.45,20.03,-0.02,MANIPULATE,libera,2,2
1788470953.49,425.56,20.02,-0.02,MANIPULATE,libera,2,2
1788470953.59,425.65,20.02,-0.02,MANIPULATE,libera,2,2
1788470953.69,425.75,20.03,-0.01,MANIPULATE,libera,2,2
1788470953.79,425.85,20.03,-0.01,MANIPULATE,libera,2,2
1788470953.89,425.96,20.03,-0.01,MANIPULATE,libera,2,2
1788470953.99,426.05,20.02,0.00,MANIPULATE,libera,2,2
1788470954.09,426.15,20.03,-0.00,MANIPULATE,libera,2,2
1788470954.19,426.25,20.03,-0.01,MANIPULATE,libera,2,2
1788470954.29,426.35,20.04,-0.01,MANIPULATE,libera,2,2
1788470954.40,426.46,20.03,-0.01,MANIPULATE,libera,2,2
1788470954.50,426.55,20.05,-0.01,MANIPULATE,libera,2,2
1788470954.59,426.65,20.05,-0.00,MANIPULATE,libera,2,2
1788470954.70,426.75,20.06,-0.00,MANIPULATE,libera,2,2
1788470954.80,426.85,20.05,-0.00,MANIPULATE,libera,2,2
1788470954.90,426.95,20.06,0.00,MANIPULATE,libera,2,2
1788470955.00,427.06,20.07,0.00,MANIPULATE,libera,2,2
1788470955.10,427.15,20.06,0.01,MANIPULATE,libera,2,2
1788470955.20,427.25,20.08,0.01,MANIPULATE,libera,2,2
1788470955.30,427.35,20.08,0.02,MANIPULATE,libera,2,2
1788470955.40,427.45,20.08,0.01,MANIPULATE,libera,2,2
1788470955.50,427.55,20.08,0.01,MANIPULATE,libera,2,2
1788470955.60,427.65,20.09,0.01,MANIPULATE,libera,2,2
1788470955.71,427.76,20.08,0.03,MANIPULATE,libera,2,2
1788470955.81,427.86,20.08,0.04,MANIPULATE,libera,2,2
1788470955.91,427.95,20.08,0.28,MANIPULATE,libera,2,2
1788470956.01,428.05,20.11,0.69,MANIPULATE,libera,2,2
1788470956.11,428.15,20.10,1.30,MANIPULATE,libera,2,2
1788470956.21,428.25,20.10,1.92,MANIPULATE,libera,2,2
1788470956.31,428.36,20.09,2.57,MANIPULATE,libera,2,2
1788470956.41,428.45,20.10,3.22,MANIPULATE,libera,2,2
1788470956.51,428.55,20.09,3.90,MANIPULATE,libera,2,2
1788470956.62,428.65,20.09,4.57,MANIPULATE,libera,2,2
1788470956.72,428.75,20.09,5.19,MANIPULATE,libera,2,2
1788470956.82,428.85,20.09,5.80,MANIPULATE,libera,2,2
1788470956.92,428.95,20.07,6.43,MANIPULATE,libera,2,2
1788470957.02,429.05,20.09,7.04,MANIPULATE,libera,2,2
1788470957.12,429.15,20.09,7.62,MANIPULATE,libera,2,2
1788470957.22,429.25,20.08,8.20,MANIPULATE,libera,2,2
1788470957.32,429.35,20.08,8.75,MANIPULATE,libera,2,2
1788470957.42,429.45,20.08,9.28,MANIPULATE,libera,2,2
1788470957.52,429.56,20.08,9.78,MANIPULATE,libera,2,2
1788470957.62,429.65,20.08,10.26,MANIPULATE,libera,2,2
1788470957.72,429.75,20.07,10.65,MANIPULATE,libera,2,2
1788470957.82,429.85,20.07,10.54,MANIPULATE,libera,2,2
1788470957.92,429.95,20.06,10.44,MANIPULATE,libera,2,2
1788470958.03,430.05,20.06,10.35,MANIPULATE,libera,2,2
1788470958.13,430.15,20.06,10.26,MANIPULATE,libera,2,2
1788470958.22,430.25,20.06,10.18,MANIPULATE,libera,2,2
1788470958.33,430.35,20.05,10.09,MANIPULATE,libera,2,2
1788470958.43,430.45,20.05,10.02,MANIPULATE,libera,2,2
1788470958.53,430.55,20.06,9.97,MANIPULATE,libera,2,2
1788470958.63,430.65,20.06,9.91,MANIPULATE,libera,2,2
1788470958.73,430.75,20.05,9.85,MANIPULATE,libera,2,2
1788470958.83,430.85,20.06,9.87,MANIPULATE,libera,2,2
1788470958.93,430.95,20.05,10.00,MANIPULATE,libera,2,2
1788470959.03,431.06,20.05,10.20,MANIPULATE,libera,2,2
1788470959.13,431.15,20.05,10.13,MANIPULATE,libera,2,2
1788470959.23,431.25,20.05,10.05,MANIPULATE,libera,2,2
1788470959.33,431.35,20.05,9.97,MANIPULATE,libera,2,2
1788470959.43,431.45,20.05,9.89,MANIPULATE,libera,2,2
1788470959.53,431.55,20.04,9.82,MANIPULATE,libera,2,2
1788470959.63,431.65,20.04,9.76,MANIPULATE,libera,2,2
1788470959.74,431.76,20.04,9.70,MANIPULATE,libera,2,2
1788470959.84,431.85,20.05,9.65,MANIPULATE,libera,2,2
1788470959.94,431.95,20.05,9.60,MANIPULATE,libera,2,2
1788470960.04,432.05,20.04,9.56,MANIPULATE,libera,2,2
1788470960.14,432.16,20.05,9.60,MANIPULATE,libera,2,2
1788470960.24,432.25,20.05,9.71,MANIPULATE,libera,2,2
1788470960.34,432.36,20.04,9.86,MANIPULATE,libera,2,2
1788470960.44,432.45,20.04,9.79,MANIPULATE,libera,2,2
1788470960.54,432.55,20.04,9.71,MANIPULATE,libera,2,2
1788470960.64,432.65,20.04,9.66,MANIPULATE,libera,2,2
1788470960.74,432.75,20.03,9.57,MANIPULATE,libera,2,2
1788470960.84,432.85,20.03,9.49,MANIPULATE,libera,2,2
1788470960.94,432.95,20.02,9.40,MANIPULATE,libera,2,2
1788470961.05,433.05,20.02,9.21,MANIPULATE,libera,2,2
1788470961.15,433.15,20.03,8.94,MANIPULATE,libera,2,2
1788470961.24,433.25,20.03,8.91,MANIPULATE,libera,2,2
1788470961.35,433.35,20.03,8.88,MANIPULATE,libera,2,2
1788470961.45,433.45,20.03,8.83,MANIPULATE,libera,2,2
1788470961.55,433.55,20.03,8.79,MANIPULATE,libera,2,2
1788470961.65,433.65,20.03,8.75,MANIPULATE,libera,2,2
1788470961.75,433.75,20.03,8.72,MANIPULATE,libera,2,2
1788470961.86,433.85,20.01,8.71,MANIPULATE,libera,2,2
1788470961.96,433.95,20.01,8.72,MANIPULATE,libera,2,2
1788470962.06,434.05,20.01,8.93,MANIPULATE,libera,2,2
1788470962.16,434.15,20.01,9.19,MANIPULATE,libera,2,2
1788470962.26,434.25,20.00,9.45,MANIPULATE,libera,2,2
1788470962.36,434.35,20.01,9.49,MANIPULATE,libera,2,2
1788470962.46,434.45,20.02,9.45,MANIPULATE,libera,2,2
1788470962.56,434.55,20.02,9.39,MANIPULATE,libera,2,2
1788470962.66,434.65,20.02,9.32,MANIPULATE,libera,2,2
1788470962.76,434.75,20.02,9.24,MANIPULATE,libera,2,2
1788470962.86,434.85,20.00,9.14,MANIPULATE,libera,2,2
1788470962.96,434.95,20.02,9.07,MANIPULATE,libera,2,2
1788470963.06,435.05,20.02,9.04,MANIPULATE,libera,2,2
1788470963.17,435.16,20.00,9.01,MANIPULATE,libera,2,2
1788470963.26,435.25,20.02,8.98,MANIPULATE,libera,2,2
1788470963.36,435.35,20.01,8.95,MANIPULATE,libera,2,2
1788470963.46,435.45,20.01,8.94,MANIPULATE,libera,2,2
1788470963.57,435.56,20.01,8.92,MANIPULATE,libera,2,2
1788470963.67,435.65,20.01,8.92,MANIPULATE,libera,2,2
1788470963.77,435.75,20.01,9.00,MANIPULATE,libera,2,2
1788470963.87,435.85,20.00,9.16,MANIPULATE,libera,2,2
1788470963.97,435.96,20.00,9.37,MANIPULATE,libera,2,2
1788470964.07,436.05,20.01,9.45,MANIPULATE,libera,2,2
1788470964.17,436.16,20.01,9.41,MANIPULATE,libera,2,2
1788470964.27,436.25,20.01,9.36,MANIPULATE,libera,2,2
1788470964.37,436.35,20.01,9.31,MANIPULATE,libera,2,2
1788470964.47,436.45,20.01,9.24,MANIPULATE,libera,2,2
1788470964.57,436.55,20.01,9.16,MANIPULATE,libera,2,2
1788470964.67,436.65,20.02,9.13,MANIPULATE,libera,2,2
1788470964.78,436.75,20.01,9.11,MANIPULATE,libera,2,2
1788470964.88,436.85,20.00,9.10,MANIPULATE,libera,2,2
1788470964.98,436.95,20.00,9.09,MANIPULATE,libera,2,2
1788470965.08,437.05,20.01,9.07,MANIPULATE,libera,2,2
1788470965.18,437.16,20.01,9.05,MANIPULATE,libera,2,2
1788470965.28,437.25,20.01,9.06,MANIPULATE,libera,2,2
1788470965.38,437.35,20.01,9.15,MANIPULATE,libera,2,2
1788470965.48,437.45,20.01,9.27,MANIPULATE,libera,2,2
1788470965.59,437.55,20.01,9.37,MANIPULATE,libera,2,2
1788470965.69,437.65,20.00,9.33,MANIPULATE,libera,2,2
1788470965.79,437.76,20.00,9.28,MANIPULATE,libera,2,2
1788470965.89,437.85,20.01,9.22,MANIPULATE,libera,2,2
1788470965.99,437.95,20.00,9.20,MANIPULATE,libera,2,2
1788470966.09,438.05,20.00,9.20,MANIPULATE,libera,2,2
1788470966.19,438.15,20.00,9.19,MANIPULATE,libera,2,2
1788470966.29,438.25,20.00,9.19,MANIPULATE,libera,2,2
1788470966.39,438.35,20.00,9.18,MANIPULATE,libera,2,2
1788470966.49,438.45,20.01,9.17,MANIPULATE,libera,2,2
1788470966.60,438.56,20.00,9.27,MANIPULATE,libera,2,2
1788470966.69,438.65,20.00,9.28,MANIPULATE,libera,2,2
1788470966.79,438.75,20.00,9.23,MANIPULATE,libera,2,2
1788470966.89,438.85,19.86,9.14,MANIPULATE,libera,2,2
1788470966.99,438.95,19.68,9.08,MANIPULATE,libera,2,2
1788470967.09,439.05,19.56,9.04,MANIPULATE,libera,2,2
1788470967.20,439.16,19.44,9.00,MANIPULATE,libera,2,2
1788470967.30,439.25,19.29,8.98,MANIPULATE,libera,2,2
1788470967.40,439.35,19.05,8.98,MANIPULATE,libera,2,2
1788470967.50,439.45,18.79,8.99,MANIPULATE,libera,2,2
1788470967.60,439.55,18.53,8.99,MANIPULATE,libera,2,2
1788470967.70,439.65,18.30,9.00,MANIPULATE,libera,2,2
1788470967.80,439.75,17.99,8.93,MANIPULATE,libera,2,2
1788470967.90,439.85,17.64,8.85,MANIPULATE,libera,2,2
1788470968.00,439.95,17.35,8.83,MANIPULATE,libera,2,2
1788470968.10,440.05,17.03,8.84,MANIPULATE,libera,2,2
1788470968.20,440.15,16.68,8.87,MANIPULATE,libera,2,2
1788470968.30,440.25,16.31,8.78,MANIPULATE,libera,2,2
1788470968.40,440.35,15.91,8.67,MANIPULATE,libera,2,2
1788470968.50,440.45,15.32,8.64,MANIPULATE,libera,2,2
1788470968.61,440.56,9.64,8.67,MANIPULATE,libera,2,2
1788470968.70,440.65,5.80,8.67,MANIPULATE,libera,2,2
1788470968.81,440.75,4.63,8.67,MANIPULATE,libera,2,2
1788470968.90,440.85,5.08,8.66,MANIPULATE,libera,2,2
1788470969.01,440.96,5.62,8.67,MANIPULATE,libera,2,2
1788470969.11,441.06,5.95,8.73,MANIPULATE,libera,2,3
1788470969.21,441.16,6.10,8.85,MANIPULATE,libera,0,0
1788470969.31,441.25,6.19,8.98,MANIPULATE,libera,0,0
1788470969.41,441.35,6.11,8.98,MANIPULATE,libera,0,0
1788470969.52,441.45,5.97,8.98,MANIPULATE,libera,0,0
1788470969.62,441.55,5.86,8.97,MANIPULATE,libera,0,0
1788470969.72,441.65,5.77,8.96,MANIPULATE,libera,0,0
1788470969.82,441.75,5.68,8.96,MANIPULATE,libera,0,0
1788470969.92,441.85,6.17,9.57,MANIPULATE,libera,0,0
1788470970.03,441.96,4.41,11.62,MANIPULATE,libera,0,0
1788470970.13,442.05,3.29,13.34,MANIPULATE,libera,0,0
1788470970.24,442.16,1.79,15.21,MANIPULATE,libera,0,0
1788470970.33,442.25,1.01,16.14,MANIPULATE,arco1,0,0
1788470970.43,442.35,0.81,16.18,MANIPULATE,arco1,0,0
1788470970.53,442.45,0.33,16.21,MANIPULATE,arco1,0,0
1788470970.63,442.55,0.01,16.22,MANIPULATE,arco1,2,2
1788470970.74,442.66,0.00,16.22,MANIPULATE,arco1,2,2
1788470970.84,442.76,0.01,16.22,MANIPULATE,arco1,2,2
1788470970.94,442.85,-0.01,16.18,MANIPULATE,arco1,2,2
1788470971.04,442.95,0.13,16.09,MANIPULATE,arco1,2,2
1788470971.14,443.06,0.23,15.98,MANIPULATE,arco1,2,2
1788470971.24,443.15,0.35,15.85,MANIPULATE,arco1,2,3
1788470971.34,443.25,0.73,15.65,MANIPULATE,arco1,0,0
1788470971.44,443.35,1.05,15.51,MANIPULATE,arco1,0,0
1788470971.54,443.45,1.38,15.52,MANIPULATE,arco1,0,0
1788470971.65,443.56,1.77,15.51,MANIPULATE,arco1,0,0
1788470971.75,443.65,2.20,15.48,MANIPULATE,arco1,0,0
1788470971.85,443.76,2.14,15.43,MANIPULATE,arco1,0,0
1788470971.95,443.85,2.40,15.41,MANIPULATE,arco1,0,0
1788470972.05,443.95,3.65,15.76,MANIPULATE,arco1,0,0
1788470972.15,444.05,4.38,16.72,MANIPULATE,arco1,0,0
1788470972.25,444.15,3.50,18.14,MANIPULATE,arco1,0,0
1788470972.35,444.25,1.89,19.75,MANIPULATE,arco1,0,0
1788470972.46,444.36,-0.01,21.43,MANIPULATE,arco1,0,0
1788470972.56,444.45,-0.03,22.96,MANIPULATE,arco1,0,0
1788470972.66,444.55,-0.04,24.54,MANIPULATE,arco1,0,0
1788470972.76,444.66,-0.05,26.14,MANIPULATE,arco1,0,0
1788470972.86,444.75,-0.02,27.36,MANIPULATE,arco2,0,0
1788470972.96,444.85,-0.01,27.36,MANIPULATE,arco2,0,0
1788470973.07,444.96,0.00,27.35,MANIPULATE,arco2,0,0
1788470973.17,445.05,-0.00,27.42,MANIPULATE,arco2,2,2
1788470973.27,445.15,0.00,27.47,MANIPULATE,arco2,2,2
1788470973.37,445.25,-0.01,27.49,MANIPULATE,arco2,2,2
1788470973.47,445.36,-0.00,27.70,MANIPULATE,arco2,2,2
1788470973.57,445.45,0.00,27.95,MANIPULATE,arco2,2,2
1788470973.67,445.55,-0.00,28.13,MANIPULATE,arco2,2,2
1788470973.77,445.65,-0.00,28.36,MANIPULATE,arco2,2,3
1788470973.87,445.75,-0.01,28.66,MANIPULATE,arco2,0,0
1788470973.97,445.85,-0.00,28.96,MANIPULATE,arco2,0,0
1788470974.07,445.96,-0.01,29.09,MANIPULATE,arco2,0,0
1788470974.17,446.05,0.02,29.19,MANIPULATE,arco2,0,0
1788470974.27,446.15,0.16,29.26,MANIPULATE,arco2,0,0
1788470974.38,446.25,0.02,29.27,MANIPULATE,arco2,0,0
1788470974.48,446.35,0.00,29.25,MANIPULATE,arco2,0,0
1788470974.57,446.45,0.00,29.25,MANIPULATE,arco2,0,0
1788470974.68,446.55,4.69,29.18,MANIPULATE,arco2,0,0
1788470974.78,446.65,8.30,29.00,MANIPULATE,arco2,0,0
1788470974.88,446.75,12.26,28.77,MANIPULATE,arco2,0,0
1788470974.98,446.85,12.17,28.76,MANIPULATE,arco2,0,0
1788470975.08,446.95,12.18,28.75,MANIPULATE,arco2,0,0
1788470975.18,447.05,12.05,28.76,MANIPULATE,arco2,0,0
1788470975.28,447.15,11.68,28.76,MANIPULATE,arco2,0,0
1788470975.39,447.26,11.17,28.76,MANIPULATE,arco2,0,0
1788470975.49,447.35,10.19,28.76,MANIPULATE,arco2,0,0
1788470975.59,447.45,5.21,28.76,MANIPULATE,arco2,0,0
1788470975.69,447.55,0.00,28.76,MANIPULATE,arco2,0,0
1788470975.79,447.66,-0.01,28.76,MANIPULATE,arco2,0,0
1788470975.89,447.75,-0.00,28.76,MANIPULATE,arco2,0,0
1788470975.99,447.85,0.01,28.76,MANIPULATE,arco2,0,0
1788470976.09,447.95,0.00,28.76,MANIPULATE,arco2,0,0
1788470976.19,448.05,0.01,28.76,MANIPULATE,arco2,0,0
1788470976.30,448.15,0.01,28.76,MANIPULATE,arco2,0,0
1788470976.40,448.25,-0.00,28.76,MANIPULATE,arco2,0,0
1788470976.50,448.35,0.01,28.76,MANIPULATE,arco2,0,0
1788470976.60,448.46,0.01,28.76,MANIPULATE,arco2,0,0
1788470976.70,448.55,-0.00,28.76,MANIPULATE,arco2,0,0
1788470976.80,448.65,0.00,28.76,MANIPULATE,arco2,0,0
1788470976.91,448.75,0.00,28.76,MANIPULATE,arco2,0,0
1788470977.01,448.85,0.00,28.76,MANIPULATE,desengata,0,0
1788470977.11,448.95,0.01,28.76,MANIPULATE,desengata,0,0
1788470977.21,449.05,0.00,28.76,MANIPULATE,desengata,0,0
1788470977.31,449.15,0.00,28.76,MANIPULATE,desengata,0,0
1788470977.41,449.25,0.00,28.76,MANIPULATE,desengata,0,0
1788470977.51,449.36,-0.01,28.76,RETRACT,desengata,0,1
1788470977.61,449.45,0.00,28.76,RETRACT,desengata,0,0
1788470977.72,449.56,0.01,28.76,RETRACT,desengata,0,0
1788470977.82,449.65,-0.00,28.76,RETRACT,desengata,0,0
1788470977.91,449.75,0.01,28.76,RETRACT,desengata,0,0
1788470978.01,449.85,0.01,28.76,RETRACT,desengata,0,0
1788470978.12,449.95,0.01,28.76,RETRACT,desengata,0,0
1788470978.22,450.05,0.01,28.76,RETRACT,desengata,0,0
1788470978.32,450.15,0.00,28.76,RETRACT,desengata,0,0
1788470978.42,450.26,0.00,28.76,RETRACT,desengata,0,0
1788470978.52,450.36,0.01,28.76,RETRACT,desengata,0,0
1788470978.62,450.45,0.01,28.76,RETRACT,desengata,0,0
1788470978.73,450.55,0.01,28.76,RETRACT,desengata,0,0
1788470978.83,450.65,0.01,28.76,RETRACT,desengata,0,0
1788470978.93,450.75,0.00,28.76,RETRACT,desengata,0,0
1788470979.03,450.85,0.01,28.76,RETRACT,desengata,0,0
1788470979.13,450.95,0.00,28.76,RETRACT,desengata,0,0
1788470979.23,451.05,-0.00,28.76,RETRACT,desengata,0,0
1788470979.33,451.15,0.00,28.76,RETRACT,desengata,0,0
1788470979.44,451.25,0.00,28.76,RETRACT,desengata,0,0
1788470979.53,451.35,0.00,28.76,RETRACT,desengata,0,0
1788470979.64,451.45,0.01,28.76,RETRACT,desengata,0,0
1788470979.74,451.56,0.01,28.76,RETRACT,desengata,0,0
1788470979.84,451.65,0.00,28.76,RETRACT,desengata,0,0
1788470979.94,451.75,0.00,28.76,RETRACT,saida_eixo,0,0
1788470980.04,451.85,0.00,28.76,RETRACT,saida_eixo,0,0
1788470980.15,451.95,0.00,28.76,RETRACT,saida_eixo,0,0
1788470980.25,452.06,0.00,28.76,RETRACT,saida_eixo,0,0
1788470980.35,452.15,0.01,28.76,RETRACT,saida_eixo,0,0
1788470980.45,452.25,0.01,28.76,RETRACT,saida_eixo,0,0
1788470980.55,452.35,0.01,28.76,RETRACT,saida_eixo,0,0
1788470980.65,452.45,0.00,28.76,RETRACT,saida_eixo,0,0
1788470980.75,452.56,0.00,28.76,RETRACT,saida_eixo,0,0
1788470980.85,452.65,-0.01,28.76,RETRACT,saida_eixo,0,0
1788470980.95,452.75,-0.00,28.76,RETRACT,saida_eixo,0,0
1788470981.05,452.85,-0.01,28.76,RETRACT,saida_eixo,0,0
1788470981.16,452.96,0.01,28.76,RETRACT,saida_eixo,0,0
1788470981.25,453.05,-0.01,28.76,RETRACT,saida_eixo,0,0
1788470981.36,453.15,0.01,28.76,RETRACT,saida_eixo,0,0
1788470981.46,453.25,0.01,28.76,RETRACT,saida_eixo,0,0
1788470981.56,453.35,0.00,28.76,RETRACT,saida_eixo,0,0
1788470981.66,453.45,0.01,28.76,RETRACT,saida_eixo,0,0
1788470981.76,453.55,0.00,28.76,RETRACT,saida_eixo,0,0
1788470981.86,453.65,0.00,28.76,RETRACT,saida_eixo,0,0
1788470981.96,453.75,0.00,28.76,RETRACT,saida_eixo,0,0
1788470982.06,453.85,0.01,28.76,RETRACT,saida_eixo,0,0
1788470982.16,453.95,0.01,28.76,RETRACT,saida_eixo,0,0
1788470982.27,454.06,-0.00,28.76,RETRACT,saida_eixo,0,0
1788470982.37,454.15,-0.00,28.76,RETRACT,saida_eixo,0,0
1788470982.47,454.25,0.00,28.76,RETRACT,saida_eixo,0,0
1788470982.57,454.35,-0.00,28.76,RETRACT,saida_eixo,0,0
1788470982.67,454.45,0.00,28.76,RETRACT,saida_eixo,0,0
1788470982.77,454.55,-0.00,28.76,RETRACT,saida_eixo,0,0
1788470982.88,454.65,0.00,28.76,RETRACT,saida_eixo,0,0
1788470982.98,454.76,-0.00,28.76,RETRACT,saida_eixo,0,0
1788470983.08,454.85,0.00,28.76,RETRACT,saida_eixo,0,0
1788470983.18,454.96,0.00,28.76,RETRACT,saida_eixo,0,0
1788470983.28,455.05,0.01,28.76,RETRACT,saida_eixo,0,0
1788470983.38,455.15,0.00,28.76,RETRACT,saida_eixo,0,0
1788470983.48,455.25,0.00,28.76,RETRACT,saida_eixo,0,0
1788470983.59,455.36,0.01,28.76,RETRACT,saida_eixo,0,0
1788470983.69,455.45,-0.00,28.76,RETRACT,saida_eixo,0,0
1788470983.79,455.56,0.00,28.76,RETRACT,saida_eixo,0,0
1788470983.89,455.65,0.01,28.76,RETRACT,saida_eixo,0,0
1788470983.99,455.75,0.00,28.76,RETRACT,saida_eixo,0,0
1788470984.10,455.86,0.00,28.76,RETRACT,saida_eixo,0,0
1788470984.20,455.96,-0.00,28.76,RETRACT,saida_eixo,0,0
1788470984.30,456.06,0.00,28.76,RETRACT,saida_eixo,0,0
1788470984.40,456.15,-0.00,28.76,RETRACT,saida_eixo,0,0
1788470984.50,456.25,0.01,28.76,RETRACT,saida_eixo,0,0
1788470984.60,456.36,0.00,28.76,RETRACT,saida_eixo,0,0
1788470984.70,456.45,0.00,28.76,RETRACT,saida_eixo,0,0
1788470984.80,456.56,0.00,28.76,RETRACT,saida_eixo,0,0
1788470984.91,456.65,0.00,28.76,RETRACT,saida_eixo,0,0
1788470985.01,456.75,-0.00,28.76,RETRACT,saida_eixo,0,0
1788470985.11,456.85,-0.01,28.76,RETRACT,saida_eixo,0,0
1788470985.21,456.95,0.00,28.76,RETRACT,saida_eixo,0,0
1788470985.31,457.06,-0.01,28.76,RETRACT,saida_eixo,0,0
1788470985.41,457.15,-0.00,28.76,RETRACT,saida_eixo,0,0
1788470985.51,457.25,0.01,28.76,RETRACT,saida_eixo,0,0
1788470985.61,457.35,0.01,28.76,RETRACT,saida_eixo,0,0
1788470985.71,457.45,-0.00,28.76,RETRACT,saida_eixo,0,0
1788470985.82,457.55,0.00,28.76,RETRACT,saida_eixo,0,0
1788470985.92,457.65,0.01,28.76,RETRACT,saida_eixo,0,0
1788470986.02,457.75,0.01,28.76,RETRACT,saida_eixo,0,0
1788470986.12,457.86,0.01,28.76,RETRACT,saida_eixo,0,0
1788470986.22,457.96,0.00,28.76,RETRACT,saida_eixo,0,0
1788470986.32,458.06,0.01,28.76,RETRACT,saida_eixo,0,0
1788470986.43,458.16,0.00,28.76,RETRACT,saida_eixo,0,0
1788470986.53,458.25,0.00,28.76,RETRACT,saida_eixo,0,0
1788470986.63,458.35,-0.00,28.76,RETRACT,saida_eixo,0,0
1788470986.73,458.45,-0.00,28.76,RETRACT,saida_eixo,0,0
1788470986.83,458.55,-0.01,28.76,RETRACT,saida_eixo,0,0
1788470986.93,458.65,-0.01,28.76,RETRACT,saida_eixo,0,0
1788470987.04,458.76,-0.01,28.76,RETRACT,saida_eixo,0,0
1788470987.13,458.85,0.01,28.76,RETRACT,saida_eixo,0,0
1788470987.24,458.95,-0.01,28.76,RETRACT,saida_eixo,0,0
1788470987.34,459.05,0.01,28.76,RETRACT,saida_eixo,0,0
1788470987.44,459.15,0.00,28.76,RETRACT,saida_eixo,0,0
1788470987.54,459.25,-0.00,28.76,RETRACT,saida_eixo,0,0
1788470987.64,459.36,-0.00,28.76,RETRACT,saida_eixo,0,0
1788470987.74,459.45,-0.01,28.76,RETRACT,saida_eixo,0,0
1788470987.85,459.55,-0.00,28.76,RETRACT,saida_eixo,0,0
1788470987.95,459.65,0.00,28.76,RETRACT,saida_eixo,0,0
1788470988.05,459.75,-0.00,28.76,RETRACT,saida_eixo,0,0
1788470988.15,459.85,0.01,28.76,RETRACT,saida_eixo,0,0
1788470988.25,459.95,-0.00,28.76,RETRACT,saida_eixo,0,0
1788470988.35,460.05,0.01,28.76,RETRACT,saida_eixo,0,0
1788470988.45,460.15,-0.00,28.76,RETRACT,saida_eixo,0,0
1788470988.55,460.25,0.00,28.76,RETRACT,saida_eixo,0,0
1788470988.66,460.36,0.00,28.76,RETRACT,saida_eixo,0,0
1788470988.75,460.45,0.01,28.76,RETRACT,saida_eixo,0,0
1788470988.86,460.55,0.01,28.76,RETRACT,saida_eixo,0,0
1788470988.96,460.65,-0.01,28.76,RETRACT,saida_eixo,0,0
1788470989.06,460.75,0.00,28.76,RETRACT,saida_eixo,0,0
1788470989.16,460.85,-0.01,28.76,RETRACT,saida_eixo,0,0
1788470989.26,460.95,0.00,28.76,RETRACT,saida_eixo,0,0
1788470989.36,461.05,0.00,28.76,RETRACT,saida_eixo,0,0
1788470989.46,461.15,0.00,28.76,RETRACT,saida_eixo,0,0
1788470989.56,461.25,0.01,28.76,RETRACT,saida_eixo,0,0
1788470989.67,461.35,0.01,28.76,RETRACT,saida_eixo,0,0
1788470989.77,461.45,-0.00,28.76,RETRACT,saida_eixo,0,0
1788470989.87,461.56,-0.00,28.76,RETRACT,saida_eixo,0,0
1788470989.97,461.65,0.00,28.76,RETRACT,saida_eixo,0,0
1788470990.07,461.75,0.00,28.76,RETRACT,saida_eixo,0,0
1788470990.17,461.85,0.00,28.76,RETRACT,saida_eixo,0,0
1788470990.28,461.95,-0.01,28.76,RETRACT,saida_eixo,0,0
1788470990.38,462.05,0.00,28.76,RETRACT,saida_eixo,0,0
1788470990.48,462.15,-0.01,28.76,RETRACT,saida_eixo,0,0
1788470990.58,462.25,0.01,28.76,RETRACT,saida_eixo,0,0
1788470990.69,462.36,0.00,28.76,RETRACT,saida_eixo,0,0
1788470990.78,462.45,-0.01,28.76,RETRACT,saida_eixo,0,0
1788470990.89,462.55,0.00,28.76,RETRACT,saida_eixo,0,0
1788470990.99,462.65,-0.01,28.76,RETRACT,saida_eixo,0,0
1788470991.09,462.76,-0.00,28.76,RETRACT,saida_eixo,0,0
1788470991.19,462.85,0.01,28.76,RETRACT,saida_eixo,0,0
1788470991.29,462.95,0.00,28.76,RETRACT,saida_eixo,0,0
1788470991.39,463.05,-0.00,28.76,RETRACT,saida_eixo,0,0
1788470991.49,463.15,0.00,28.76,RETRACT,saida_eixo,0,0
1788470991.59,463.25,0.00,28.76,RETRACT,saida_eixo,0,0
1788470991.70,463.35,0.01,28.76,RETRACT,saida_eixo,0,0
1788470991.80,463.45,0.00,28.76,RETRACT,saida_eixo,0,0
1788470991.90,463.55,0.01,28.76,RETRACT,saida_eixo,0,0
1788470992.00,463.65,0.01,28.76,RETRACT,saida_eixo,0,0
1788470992.10,463.75,-0.00,28.76,RETRACT,saida_eixo,0,0
1788470992.21,463.85,0.01,28.76,RETRACT,saida_eixo,0,0
1788470992.31,463.96,-0.00,28.76,RETRACT,saida_eixo,0,0
1788470992.41,464.05,-0.00,28.76,RETRACT,saida_eixo,0,0
1788470992.51,464.15,-0.00,28.76,RETRACT,saida_eixo,0,0
1788470992.61,464.25,-0.00,28.76,RETRACT,saida_eixo,0,0
1788470992.72,464.36,-0.00,28.76,RETRACT,saida_eixo,0,0
1788470992.82,464.45,0.00,28.76,RETRACT,saida_eixo,0,0
1788470992.92,464.55,-0.00,28.76,RETRACT,saida_eixo,0,0
1788470993.02,464.65,-0.00,28.76,RETRACT,saida_eixo,0,0
1788470993.12,464.75,-0.01,28.76,RETRACT,saida_eixo,0,0
1788470993.22,464.85,-0.00,28.76,RETRACT,saida_eixo,0,0
1788470993.32,464.95,-0.01,28.76,RETRACT,saida_eixo,0,0
1788470993.43,465.05,-0.01,28.76,RETRACT,saida_eixo,0,0
1788470993.53,465.15,-0.01,28.76,RETRACT,saida_eixo,0,0
1788470993.63,465.25,0.00,28.76,RETRACT,saida_eixo,0,0
1788470993.73,465.36,0.00,28.76,RETRACT,saida_eixo,0,0
1788470993.83,465.45,0.00,28.76,RETRACT,saida_eixo,0,0
1788470993.93,465.55,0.01,28.76,RETRACT,saida_eixo,0,0
1788470994.03,465.65,0.01,28.76,RETRACT,saida_eixo,0,0
1788470994.14,465.76,0.01,28.76,RETRACT,saida_eixo,0,0
1788470994.24,465.86,0.01,28.76,RETRACT,saida_eixo,0,0
1788470994.33,465.95,-0.00,28.76,RETRACT,saida_eixo,0,0
1788470994.44,466.05,0.01,28.76,RETRACT,saida_eixo,0,0
1788470994.54,466.15,-0.00,28.76,RETRACT,saida_eixo,0,0
1788470994.64,466.25,0.01,28.76,RETRACT,saida_eixo,0,0
1788470994.74,466.36,0.00,28.76,RETURN,saida_eixo,0,0
1788470994.84,466.45,0.00,28.76,RETURN,saida_eixo,0,0
1788470994.94,466.55,0.00,28.76,RETURN,saida_eixo,0,0
1788470995.04,466.65,-0.00,28.76,RETURN,saida_eixo,0,0
1788470995.15,466.76,0.00,28.76,RETURN,saida_eixo,0,0
1788470995.25,466.85,0.01,28.76,RETURN,saida_eixo,0,0
1788470995.35,466.95,-0.00,28.76,RETURN,saida_eixo,0,0
1788470995.45,467.05,0.00,28.76,RETURN,saida_eixo,0,0
1788470995.55,467.16,0.00,28.76,RETURN,saida_eixo,0,0
1788470995.65,467.25,-0.00,28.76,RETURN,saida_eixo,0,0
1788470995.75,467.35,0.00,28.76,RETURN,saida_eixo,0,0
1788470995.85,467.45,-0.00,28.76,RETURN,saida_eixo,0,0
1788470995.95,467.56,0.01,28.76,RETURN,saida_eixo,0,0
1788470996.06,467.65,0.01,28.76,RETURN,saida_eixo,0,0
1788470996.15,467.75,-0.00,28.76,RETURN,saida_eixo,0,0
1788470996.26,467.85,0.00,28.76,RETURN,saida_eixo,0,0
1788470996.36,467.95,0.00,28.76,RETURN,saida_eixo,0,0
1788470996.46,468.06,0.00,28.76,RETURN,saida_eixo,0,0
1788470996.56,468.15,0.00,28.76,RETURN,saida_eixo,0,0
1788470996.66,468.25,0.00,28.76,RETURN,saida_eixo,0,0
1788470996.77,468.35,0.01,28.76,RETURN,saida_eixo,0,0
1788470996.87,468.45,0.01,28.76,RETURN,saida_eixo,0,0
1788470996.96,468.55,0.00,28.76,RETURN,saida_eixo,0,0
1788470997.07,468.65,0.01,28.76,RETURN,saida_eixo,0,0
1788470997.17,468.75,0.01,28.76,RETURN,saida_eixo,0,0
1788470997.27,468.85,0.01,28.76,RETURN,saida_eixo,0,0
1788470997.37,468.95,-0.00,28.76,RETURN,saida_eixo,0,0
1788470997.47,469.05,0.00,28.76,RETURN,saida_eixo,0,0
1788470997.57,469.15,0.00,28.76,RETURN,saida_eixo,0,0
1788470997.67,469.25,-0.00,28.76,RETURN,saida_eixo,0,0
1788470997.78,469.36,0.00,28.76,RETURN,saida_eixo,0,0
1788470997.87,469.45,-0.00,28.76,RETURN,saida_eixo,0,0
1788470997.98,469.56,-0.00,28.76,RETURN,saida_eixo,0,0
1788470998.08,469.65,0.01,28.76,RETURN,saida_eixo,0,0
1788470998.18,469.75,0.00,28.76,RETURN,saida_eixo,0,0
1788470998.28,469.85,-0.00,28.76,RETURN,saida_eixo,0,0
1788470998.38,469.95,0.00,28.76,RETURN,saida_eixo,0,0
1788470998.48,470.05,0.01,28.76,RETURN,saida_eixo,0,0
1788470998.58,470.15,0.01,28.76,RETURN,saida_eixo,0,0
1788470998.68,470.25,0.00,28.76,RETURN,saida_eixo,0,0
1788470998.78,470.35,0.00,28.76,RETURN,saida_eixo,0,0
1788470998.88,470.45,0.00,28.76,RETURN,saida_eixo,0,0
1788470998.98,470.55,0.00,28.76,RETURN,saida_eixo,0,0
1788470999.08,470.65,0.00,28.76,RETURN,saida_eixo,0,0
1788470999.18,470.75,0.00,28.76,RETURN,saida_eixo,0,0
1788470999.28,470.85,0.00,28.76,RETURN,saida_eixo,0,0
1788470999.39,470.96,0.00,28.76,RETURN,saida_eixo,0,0
1788470999.49,471.05,0.00,28.76,RETURN,saida_eixo,0,0
1788470999.59,471.15,-0.00,28.76,RETURN,saida_eixo,0,0
1788470999.69,471.25,0.01,28.76,RETURN,saida_eixo,0,0
1788470999.79,471.35,0.00,28.76,RETURN,saida_eixo,0,0
1788470999.89,471.45,0.00,28.76,RETURN,saida_eixo,0,0
1788471000.00,471.56,0.01,28.76,RETURN,saida_eixo,0,0
1788471000.09,471.65,0.01,28.76,RETURN,saida_eixo,0,0
1788471000.19,471.75,0.00,28.76,RETURN,saida_eixo,0,0
1788471000.29,471.85,0.00,28.76,RETURN,saida_eixo,0,0
1788471000.40,471.95,0.00,28.76,RETURN,saida_eixo,0,0
1788471000.50,472.05,0.00,28.76,RETURN,saida_eixo,0,0
1788471000.60,472.15,0.00,28.76,RETURN,saida_eixo,0,0
1788471000.70,472.25,0.01,28.76,RETURN,saida_eixo,0,0
1788471000.80,472.35,0.01,28.76,RETURN,saida_eixo,0,0
1788471000.90,472.45,0.00,28.76,RETURN,saida_eixo,0,0
1788471001.00,472.55,-0.00,28.76,RETURN,saida_eixo,0,0
1788471001.10,472.65,0.01,28.76,RETURN,saida_eixo,0,0
1788471001.20,472.75,-0.00,28.76,RETURN,saida_eixo,0,0
1788471001.30,472.85,0.01,28.76,RETURN,saida_eixo,0,0
1788471001.40,472.95,-0.00,28.76,RETURN,saida_eixo,0,0
1788471001.50,473.05,0.00,28.76,RETURN,saida_eixo,0,0
1788471001.60,473.15,0.00,28.76,RETURN,saida_eixo,0,0
1788471001.70,473.25,0.00,28.76,RETURN,saida_eixo,0,0
1788471001.81,473.35,0.01,28.76,RETURN,saida_eixo,0,0
1788471001.91,473.45,-0.00,28.76,RETURN,saida_eixo,0,0
1788471002.01,473.55,-0.01,28.76,RETURN,saida_eixo,0,0
1788471002.11,473.65,0.00,28.76,RETURN,saida_eixo,0,0
1788471002.21,473.75,0.01,28.76,RETURN,saida_eixo,0,0
1788471002.31,473.85,-0.00,28.76,RETURN,saida_eixo,0,0
1788471002.41,473.95,0.01,28.76,RETURN,saida_eixo,0,0
1788471002.51,474.05,0.01,28.76,RETURN,saida_eixo,0,0
1788471002.62,474.15,0.01,28.76,RETURN,saida_eixo,0,0
1788471002.71,474.25,-0.00,28.76,RETURN,saida_eixo,0,0
1788471002.81,474.35,-0.00,28.76,RETURN,saida_eixo,0,0
1788471002.91,474.45,0.00,28.76,RETURN,saida_eixo,0,0
1788471003.02,474.56,0.00,28.76,RETURN,saida_eixo,0,0
1788471003.12,474.65,-0.00,28.76,RETURN,saida_eixo,0,0
1788471003.22,474.75,0.00,28.76,RETURN,saida_eixo,0,0
1788471003.32,474.85,0.00,28.76,RETURN,saida_eixo,0,0
1788471003.42,474.95,-0.00,28.76,RETURN,saida_eixo,0,0
1788471003.52,475.05,-0.00,28.76,RETURN,saida_eixo,0,0
1788471003.63,475.16,-0.01,28.76,RETURN,saida_eixo,0,0
1788471003.72,475.25,0.00,28.76,RETURN,saida_eixo,0,0
1788471003.83,475.36,0.01,28.76,RETURN,saida_eixo,0,0
1788471003.93,475.45,-0.01,28.76,RETURN,saida_eixo,0,0
1788471004.03,475.55,-0.01,28.76,RETURN,saida_eixo,0,0
1788471004.13,475.65,0.00,28.76,RETURN,saida_eixo,0,0
1788471004.23,475.75,0.01,28.76,RETURN,saida_eixo,0,0
1788471004.33,475.85,0.01,28.76,RETURN,saida_eixo,0,0
1788471004.43,475.95,-0.01,28.76,RETURN,saida_eixo,0,0
1788471004.53,476.06,0.00,28.76,RETURN,saida_eixo,0,0
1788471004.64,476.15,0.00,28.76,RETURN,saida_eixo,0,0
1788471004.73,476.25,0.00,28.76,RETURN,saida_eixo,0,0
1788471004.84,476.35,0.01,28.76,RETURN,saida_eixo,0,0
1788471004.94,476.45,0.01,28.76,RETURN,saida_eixo,0,0
1788471005.04,476.56,0.00,28.76,RETURN,saida_eixo,0,0
1788471005.14,476.65,0.00,28.76,RETURN,saida_eixo,0,0
1788471005.24,476.75,0.00,28.76,RETURN,saida_eixo,0,0
1788471005.34,476.85,0.00,28.76,RETURN,saida_eixo,0,0
1788471005.44,476.95,0.00,28.76,RETURN,saida_eixo,0,0
1788471005.55,477.05,0.00,28.76,RETURN,saida_eixo,0,0
1788471005.65,477.15,0.00,28.76,RETURN,saida_eixo,0,0
1788471005.75,477.25,-0.01,28.76,RETURN,saida_eixo,0,0
1788471005.85,477.35,0.00,28.76,RETURN,saida_eixo,0,0
1788471005.95,477.45,-0.01,28.76,RETURN,saida_eixo,0,0
1788471006.05,477.55,0.01,28.76,RETURN,saida_eixo,0,0
1788471006.15,477.65,0.01,28.76,RETURN,saida_eixo,0,0
1788471006.25,477.75,-0.01,28.76,RETURN,saida_eixo,0,0
1788471006.35,477.85,0.00,28.76,RETURN,saida_eixo,0,0
1788471006.45,477.95,0.00,28.76,RETURN,saida_eixo,0,0
1788471006.55,478.06,-0.01,28.76,RETURN,saida_eixo,0,0
1788471006.65,478.15,0.00,28.76,RETURN,saida_eixo,0,0
1788471006.75,478.25,-0.01,28.76,RETURN,saida_eixo,0,0
1788471006.85,478.35,-0.01,28.76,RETURN,saida_eixo,0,0
1788471006.95,478.45,-0.01,28.76,RETURN,saida_eixo,0,0
1788471007.06,478.56,0.00,28.76,RETURN,saida_eixo,0,0
1788471007.15,478.65,0.01,28.76,RETURN,saida_eixo,0,0
1788471007.25,478.75,0.00,28.76,RETURN,saida_eixo,0,0
1788471007.36,478.85,0.00,28.76,RETURN,saida_eixo,0,0
1788471007.46,478.95,0.00,28.76,RETURN,saida_eixo,0,0
1788471007.56,479.05,0.00,28.76,RETURN,saida_eixo,0,0
1788471007.66,479.15,0.00,28.76,RETURN,saida_eixo,0,0
1788471007.76,479.25,-0.00,28.76,RETURN,saida_eixo,0,0
1788471007.86,479.35,-0.01,28.76,RETURN,saida_eixo,0,0
1788471007.96,479.45,0.00,28.76,RETURN,saida_eixo,0,0
1788471008.06,479.55,0.00,28.76,RETURN,saida_eixo,0,0
1788471008.16,479.65,-0.00,28.76,RETURN,saida_eixo,0,0
1788471008.26,479.75,0.01,28.76,RETURN,saida_eixo,0,0
1788471008.36,479.85,0.00,28.76,RETURN,saida_eixo,0,0
1788471008.46,479.95,0.00,28.76,RETURN,saida_eixo,0,0
1788471008.56,480.05,-0.00,28.76,RETURN,saida_eixo,0,0
1788471008.67,480.16,0.00,28.76,RETURN,saida_eixo,0,0
1788471008.77,480.25,0.01,28.76,RETURN,saida_eixo,0,0
1788471008.87,480.35,0.01,28.76,RETURN,saida_eixo,0,0
1788471008.97,480.46,0.00,28.76,RETURN,saida_eixo,0,0
1788471009.07,480.56,-0.01,28.76,RETURN,saida_eixo,0,0
1788471009.17,480.65,0.00,28.76,RETURN,saida_eixo,0,0
1788471009.28,480.76,0.01,28.76,RETURN,saida_eixo,0,0
1788471009.37,480.85,0.00,28.76,RETURN,saida_eixo,0,0
1788471009.48,480.95,0.00,28.76,RETURN,saida_eixo,0,0
1788471009.58,481.05,0.00,28.76,RETURN,saida_eixo,0,0
1788471009.68,481.15,0.01,28.76,RETURN,saida_eixo,0,0
1788471009.78,481.25,-0.01,28.76,RETURN,saida_eixo,0,0
1788471009.89,481.36,0.00,28.76,RETURN,saida_eixo,0,0
1788471009.98,481.45,-0.00,28.76,RETURN,saida_eixo,0,0
1788471010.08,481.55,0.00,28.76,RETURN,saida_eixo,0,0
1788471010.18,481.65,0.00,28.76,RETURN,saida_eixo,0,0
1788471010.29,481.75,0.00,28.76,RETURN,saida_eixo,0,0
1788471010.39,481.85,-0.00,28.76,RETURN,saida_eixo,0,0
1788471010.49,481.96,-0.01,28.76,RETURN,saida_eixo,0,0
1788471010.59,482.05,0.00,28.76,RETURN,saida_eixo,0,0
1788471010.69,482.15,-0.01,28.76,RETURN,saida_eixo,0,0
1788471010.79,482.25,-0.00,28.76,RETURN,saida_eixo,0,0
1788471010.89,482.36,0.00,28.76,RETURN,saida_eixo,0,0
1788471010.99,482.45,0.00,28.76,RETURN,saida_eixo,0,0
1788471011.09,482.55,0.00,28.76,RETURN,saida_eixo,0,0
1788471011.19,482.65,0.00,28.76,RETURN,saida_eixo,0,0
1788471011.29,482.75,0.01,28.76,RETURN,saida_eixo,0,0
1788471011.39,482.85,0.01,28.76,RETURN,saida_eixo,0,0
1788471011.49,482.95,0.01,28.76,RETURN,saida_eixo,0,0
1788471011.59,483.05,-0.01,28.76,RETURN,saida_eixo,0,0
1788471011.69,483.15,0.00,28.76,RETURN,saida_eixo,0,0
1788471011.79,483.25,-0.00,28.76,RETURN,saida_eixo,0,0
1788471011.89,483.35,-0.00,28.76,RETURN,saida_eixo,0,0
1788471011.99,483.45,-0.00,28.76,RETURN,saida_eixo,0,0
1788471012.09,483.55,-0.00,28.76,RETURN,saida_eixo,0,0
1788471012.19,483.65,0.00,28.76,RETURN,saida_eixo,0,0
1788471012.30,483.75,0.01,28.76,RETURN,saida_eixo,0,0
1788471012.40,483.85,0.00,28.76,RETURN,saida_eixo,0,0
1788471012.50,483.95,-0.01,28.76,RETURN,saida_eixo,0,0
1788471012.60,484.06,-0.00,28.76,RETURN,saida_eixo,0,0
1788471012.70,484.16,-0.00,28.76,RETURN,saida_eixo,0,0
1788471012.80,484.25,0.00,28.76,RETURN,saida_eixo,0,0
1788471012.90,484.35,0.01,28.76,RETURN,saida_eixo,0,0
1788471013.00,484.45,0.00,28.76,RETURN,saida_eixo,0,0
1788471013.11,484.56,0.01,28.76,RETURN,saida_eixo,0,0
1788471013.20,484.65,-0.00,28.76,RETURN,saida_eixo,0,0
1788471013.31,484.75,-0.01,28.76,RETURN,saida_eixo,0,0
1788471013.41,484.85,0.00,28.76,RETURN,saida_eixo,0,0
1788471013.51,484.96,-0.00,28.76,RETURN,saida_eixo,0,0
1788471013.61,485.05,0.00,28.76,RETURN,saida_eixo,0,0
1788471013.71,485.15,0.01,28.76,RETURN,saida_eixo,0,0
1788471013.81,485.25,0.00,28.76,RETURN,saida_eixo,0,0
1788471013.91,485.35,0.00,28.76,RETURN,saida_eixo,0,0
1788471014.01,485.45,0.01,28.76,RETURN,saida_eixo,0,0
1788471014.11,485.55,0.01,28.76,RETURN,saida_eixo,0,0
1788471014.21,485.65,-0.00,28.76,RETURN,saida_eixo,0,0
1788471014.31,485.75,0.00,28.76,RETURN,saida_eixo,0,0
1788471014.42,485.86,-0.00,28.76,RETURN,saida_eixo,0,0
1788471014.52,485.95,0.00,28.76,RETURN,saida_eixo,0,0
1788471014.62,486.05,-0.01,28.76,RETURN,saida_eixo,0,0
1788471014.72,486.15,0.00,28.76,RETURN,saida_eixo,0,0
1788471014.83,486.25,0.00,28.76,RETURN,saida_eixo,0,0
1788471014.93,486.36,0.00,28.76,RETURN,saida_eixo,0,0
1788471015.03,486.45,-0.00,28.76,RETURN,saida_eixo,0,0
1788471015.13,486.55,0.00,28.76,RETURN,saida_eixo,0,0
1788471015.23,486.65,-0.00,28.76,RETURN,saida_eixo,0,0
1788471015.33,486.75,0.00,28.76,RETURN,saida_eixo,0,0
1788471015.43,486.85,0.00,28.76,RETURN,saida_eixo,0,0
1788471015.53,486.95,-0.00,28.76,RETURN,saida_eixo,0,0
1788471015.63,487.05,0.01,28.76,RETURN,saida_eixo,0,0
1788471015.74,487.16,0.00,28.76,RETURN,saida_eixo,0,0
1788471015.84,487.25,0.01,28.76,RETURN,saida_eixo,0,0
1788471015.94,487.35,0.01,28.76,RETURN,saida_eixo,0,0
1788471016.04,487.45,0.00,28.76,RETURN,saida_eixo,0,0
1788471016.14,487.55,0.00,28.76,RETURN,saida_eixo,0,0
1788471016.24,487.65,0.01,28.76,RETURN,saida_eixo,0,0
1788471016.34,487.75,-0.00,28.76,RETURN,saida_eixo,0,0
1788471016.44,487.85,0.00,28.76,RETURN,saida_eixo,0,0
1788471016.55,487.95,0.00,28.76,RETURN,saida_eixo,0,0
1788471016.65,488.05,0.00,28.76,RETURN,saida_eixo,0,0
1788471016.75,488.16,0.00,28.76,RETURN,saida_eixo,0,0
1788471016.85,488.25,0.01,28.76,RETURN,saida_eixo,0,0
1788471016.96,488.36,-0.00,28.76,RETURN,saida_eixo,0,0
1788471017.05,488.45,0.00,28.76,RETURN,saida_eixo,0,0
1788471017.15,488.56,-0.00,28.76,RETURN,saida_eixo,0,0
1788471017.25,488.65,0.00,28.76,RETURN,saida_eixo,0,0
1788471017.35,488.75,-0.01,28.76,RETURN,saida_eixo,0,0
1788471017.46,488.85,-0.00,28.76,RETURN,saida_eixo,0,0
1788471017.56,488.95,-0.00,28.76,RETURN,saida_eixo,0,0
1788471017.66,489.05,-0.01,28.76,RETURN,saida_eixo,0,0
1788471017.76,489.16,-0.00,28.76,RETURN,saida_eixo,0,0
1788471017.86,489.25,0.00,28.76,RETURN,saida_eixo,0,0
1788471017.96,489.36,-0.00,28.76,RETURN,saida_eixo,0,0
1788471018.06,489.45,-0.00,28.76,RETURN,saida_eixo,0,0
1788471018.16,489.55,0.01,28.76,RETURN,saida_eixo,0,0
1788471018.27,489.65,-0.00,28.76,RETURN,saida_eixo,0,0
1788471018.36,489.75,-0.00,28.76,RETURN,saida_eixo,0,0
1788471018.46,489.85,0.00,28.76,RETURN,saida_eixo,0,0
1788471018.56,489.95,-0.00,28.76,RETURN,saida_eixo,0,0
1788471018.67,490.05,-0.00,28.76,RETURN,saida_eixo,0,0
1788471018.77,490.15,0.00,28.76,RETURN,saida_eixo,0,0
1788471018.87,490.25,-0.00,28.76,RETURN,saida_eixo,0,0
1788471018.97,490.36,-0.00,28.76,RETURN,saida_eixo,0,0
1788471019.07,490.45,0.01,28.76,RETURN,saida_eixo,0,0
1788471019.17,490.56,0.01,28.76,RETURN,saida_eixo,0,0
1788471019.27,490.65,0.00,28.76,RETURN,saida_eixo,0,0
1788471019.37,490.75,0.00,28.76,RETURN,saida_eixo,0,0
1788471019.47,490.85,0.01,28.76,RETURN,saida_eixo,0,0
1788471019.57,490.95,0.01,28.76,RETURN,saida_eixo,0,0
1788471019.67,491.05,-0.00,28.76,RETURN,saida_eixo,0,0
1788471019.77,491.15,0.00,28.76,RETURN,saida_eixo,0,0
1788471019.87,491.25,0.01,28.76,RETURN,saida_eixo,0,0
1788471019.97,491.35,0.00,28.76,RETURN,saida_eixo,0,0
1788471020.08,491.45,0.00,28.76,RETURN,saida_eixo,0,0
1788471020.18,491.55,0.01,28.76,RETURN,saida_eixo,0,0
1788471020.28,491.65,0.01,28.76,RETURN,saida_eixo,0,0
1788471020.38,491.76,0.00,28.76,RETURN,saida_eixo,0,0
1788471020.48,491.85,0.00,28.76,RETURN,saida_eixo,0,0
1788471020.58,491.96,-0.00,28.76,RETURN,saida_eixo,0,0
1788471020.68,492.05,0.01,28.76,RETURN,saida_eixo,0,0
1788471020.79,492.16,0.00,28.76,RETURN,saida_eixo,0,0
1788471020.88,492.25,0.01,28.76,RETURN,saida_eixo,0,0
1788471020.99,492.35,0.01,28.76,RETURN,saida_eixo,0,0
1788471021.09,492.45,0.01,28.76,RETURN,saida_eixo,0,0
1788471021.19,492.56,0.00,28.76,RETURN,saida_eixo,0,0
1788471021.29,492.65,0.01,28.76,RETURN,saida_eixo,0,0
1788471021.39,492.75,-0.00,28.76,RETURN,saida_eixo,0,0
1788471021.49,492.86,0.01,28.76,RETURN,saida_eixo,0,0
1788471021.59,492.95,0.00,28.76,RETURN,saida_eixo,0,0
1788471021.69,493.05,0.00,28.76,RETURN,saida_eixo,0,0
1788471021.79,493.15,0.00,28.76,RETURN,saida_eixo,0,0
1788471021.90,493.25,0.00,28.76,RETURN,saida_eixo,0,0
1788471022.00,493.36,-0.00,28.76,RETURN,saida_eixo,0,0
1788471022.10,493.45,0.01,28.76,RETURN,saida_eixo,0,0
1788471022.20,493.56,0.01,28.76,RETURN,saida_eixo,0,0
1788471022.30,493.65,-0.00,28.76,RETURN,saida_eixo,0,0
1788471022.40,493.75,0.01,28.76,RETURN,saida_eixo,0,0
1788471022.50,493.85,-0.00,28.76,RETURN,saida_eixo,0,0
1788471022.61,493.96,0.00,28.76,RETURN,saida_eixo,0,0
1788471022.70,494.05,0.00,28.76,RETURN,saida_eixo,0,0
1788471022.80,494.15,0.01,28.76,RETURN,saida_eixo,0,0
1788471022.90,494.25,-0.01,28.76,RETURN,saida_eixo,0,0
1788471023.01,494.36,0.01,28.76,RETURN,saida_eixo,0,0
1788471023.11,494.45,0.00,28.76,RETURN,saida_eixo,0,0
1788471023.21,494.55,-0.01,28.76,RETURN,saida_eixo,0,0
1788471023.31,494.65,-0.00,28.76,RETURN,saida_eixo,0,0
1788471023.41,494.75,0.00,28.76,RETURN,saida_eixo,0,0
1788471023.51,494.85,0.00,28.76,RETURN,saida_eixo,0,0
1788471023.62,494.96,0.00,28.76,RETURN,saida_eixo,0,0
1788471023.71,495.05,0.01,28.76,RETURN,saida_eixo,0,0
1788471023.82,495.15,-0.01,28.76,RETURN,saida_eixo,0,0
1788471023.92,495.25,-0.01,28.76,RETURN,saida_eixo,0,0
1788471024.02,495.35,-0.01,28.76,RETURN,saida_eixo,0,0
1788471024.12,495.45,0.01,28.76,RETURN,saida_eixo,0,0
1788471024.22,495.55,-0.00,28.76,RETURN,saida_eixo,0,0
1788471024.32,495.65,-0.00,28.76,RETURN,saida_eixo,0,0
1788471024.42,495.75,0.01,28.76,RETURN,saida_eixo,0,0
1788471024.52,495.85,-0.01,28.76,RETURN,saida_eixo,0,0
1788471024.62,495.95,0.01,28.76,RETURN,saida_eixo,0,0
1788471024.72,496.06,0.00,28.76,RETURN,saida_eixo,0,0
1788471024.82,496.15,0.01,28.76,RETURN,saida_eixo,0,0
1788471024.93,496.25,-0.01,28.76,RETURN,saida_eixo,0,0
1788471025.03,496.35,0.01,28.76,RETURN,saida_eixo,0,0
1788471025.13,496.45,0.00,28.76,RETURN,saida_eixo,0,0
1788471025.23,496.56,-0.00,28.76,RETURN,saida_eixo,0,0
1788471025.33,496.65,0.00,28.76,RETURN,saida_eixo,0,0
1788471025.43,496.75,0.01,28.76,RETURN,saida_eixo,0,0
1788471025.53,496.85,-0.01,28.76,RETURN,saida_eixo,0,0
1788471025.63,496.95,-0.01,28.76,RETURN,saida_eixo,0,0
1788471025.73,497.05,0.00,28.76,RETURN,saida_eixo,0,0
1788471025.83,497.15,0.01,28.76,RETURN,saida_eixo,0,0
1788471025.93,497.25,-0.01,28.76,RETURN,saida_eixo,0,0
1788471026.04,497.36,0.00,28.76,RETURN,saida_eixo,0,0
1788471026.14,497.45,0.00,28.76,RETURN,saida_eixo,0,0
1788471026.24,497.56,0.00,28.76,RETURN,saida_eixo,0,0
1788471026.34,497.65,0.01,28.76,RETURN,saida_eixo,0,0
1788471026.44,497.75,0.00,28.76,RETURN,saida_eixo,0,0
1788471026.54,497.85,-0.00,28.76,RETURN,saida_eixo,0,0
1788471026.65,497.95,0.00,28.76,RETURN,saida_eixo,0,0
1788471026.75,498.05,-0.00,28.76,RETURN,saida_eixo,0,0
1788471026.85,498.15,0.01,28.76,RETURN,saida_eixo,0,0
1788471026.95,498.25,0.01,28.76,RETURN,saida_eixo,0,0
1788471027.05,498.35,0.01,28.76,RETURN,saida_eixo,0,0
1788471027.15,498.45,0.00,28.76,RETURN,saida_eixo,0,0
1788471027.25,498.56,0.00,28.76,RETURN,saida_eixo,0,0
1788471027.35,498.65,0.00,28.76,RETURN,saida_eixo,0,0
1788471027.46,498.75,0.00,28.76,RETURN,saida_eixo,0,0
1788471027.56,498.85,0.00,28.76,RETURN,saida_eixo,0,0
1788471027.66,498.95,-0.01,28.76,RETURN,saida_eixo,0,0
1788471027.76,499.05,0.00,28.76,RETURN,saida_eixo,0,0
1788471027.86,499.15,-0.01,28.76,RETURN,saida_eixo,0,0
1788471027.96,499.25,0.00,28.76,RETURN,saida_eixo,0,0
1788471028.06,499.35,-0.00,28.76,RETURN,saida_eixo,0,0
1788471028.16,499.45,0.00,28.76,RETURN,saida_eixo,0,0
1788471028.26,499.56,-0.01,28.76,RETURN,saida_eixo,0,0
1788471028.36,499.65,0.00,28.76,RETURN,saida_eixo,0,0
1788471028.46,499.75,0.01,28.76,RETURN,saida_eixo,0,0
1788471028.56,499.85,-0.00,28.76,RETURN,saida_eixo,0,0
1788471028.66,499.95,-0.01,28.76,RETURN,saida_eixo,0,0
1788471028.76,500.05,0.00,28.76,RETURN,saida_eixo,0,0
1788471028.87,500.15,0.00,28.76,RETURN,saida_eixo,0,0
1788471028.97,500.25,0.01,28.76,RETURN,saida_eixo,0,0
1788471029.07,500.35,0.01,28.76,RETURN,saida_eixo,0,0
1788471029.17,500.45,0.01,28.76,RETURN,saida_eixo,0,0
1788471029.27,500.55,0.00,28.76,RETURN,saida_eixo,0,0
1788471029.37,500.65,0.00,28.76,RETURN,saida_eixo,0,0
1788471029.47,500.75,0.00,28.76,RETURN,saida_eixo,0,0
1788471029.57,500.85,0.00,28.76,RETURN,saida_eixo,0,0
1788471029.67,500.95,-0.00,28.76,RETURN,saida_eixo,0,0
1788471029.77,501.05,0.00,28.76,RETURN,saida_eixo,0,0
1788471029.88,501.15,-0.00,28.76,RETURN,saida_eixo,0,0
1788471029.98,501.25,0.00,28.76,RETURN,saida_eixo,0,0
1788471030.08,501.36,-0.01,28.76,RETURN,saida_eixo,0,0
1788471030.18,501.45,0.00,28.76,RETURN,saida_eixo,0,0
1788471030.29,501.56,-0.00,28.76,RETURN,saida_eixo,0,0
1788471030.39,501.65,-0.00,28.76,RETURN,saida_eixo,0,0
1788471030.49,501.76,0.00,28.76,RETURN,saida_eixo,0,0
1788471030.59,501.85,-0.00,28.76,RETURN,saida_eixo,0,0
1788471030.69,501.95,0.00,28.76,RETURN,saida_eixo,0,0
1788471030.80,502.05,0.01,28.76,RETURN,saida_eixo,0,0
1788471030.90,502.15,0.01,28.76,RETURN,saida_eixo,0,0
1788471031.00,502.25,0.01,28.76,RETURN,saida_eixo,0,0
1788471031.10,502.35,0.00,28.76,RETURN,saida_eixo,0,0
1788471031.20,502.45,0.01,28.76,RETURN,saida_eixo,0,0
1788471031.30,502.55,0.01,28.76,RETURN,saida_eixo,0,0
1788471031.40,502.65,0.01,28.76,RETURN,saida_eixo,0,0
1788471031.50,502.75,0.01,28.76,RETURN,saida_eixo,0,0
1788471031.61,502.86,-0.00,28.76,RETURN,saida_eixo,0,0
1788471031.71,502.96,0.00,28.76,RETURN,saida_eixo,0,0
1788471031.81,503.05,0.00,28.76,RETURN,saida_eixo,0,0
1788471031.91,503.15,0.00,28.76,RETURN,saida_eixo,0,0
1788471032.01,503.25,0.01,28.76,RETURN,saida_eixo,0,0
1788471032.12,503.35,0.01,28.76,RETURN,saida_eixo,0,0
1788471032.22,503.45,0.01,28.76,RETURN,saida_eixo,0,0
1788471032.31,503.55,0.00,28.76,RETURN,saida_eixo,0,0
1788471032.42,503.65,0.00,28.76,RETURN,saida_eixo,0,0
1788471032.52,503.75,-0.00,28.76,RETURN,saida_eixo,0,0
1788471032.62,503.85,0.01,28.76,RETURN,saida_eixo,0,0
