wall,sim,lingueta_mm,lamina_deg,estado,fase,armvel_nz,armvel_n
1788471450.34,0.00,-0.00,30.99,,,0,0
1788471450.53,913.71,0.00,30.99,,,0,0
1788471450.53,913.72,-0.00,30.99,,,0,0
1788471450.63,913.82,-0.00,30.99,,,0,0
1788471450.73,913.92,-0.01,30.99,,,0,0
1788471450.83,914.02,0.00,30.99,,,0,0
1788471450.93,914.12,0.00,30.99,,,0,0
1788471451.03,914.22,0.01,30.99,,,0,0
1788471451.13,914.32,0.00,30.99,,,0,0
1788471451.23,914.42,-0.00,30.99,,,0,0
1788471451.33,914.52,-0.00,30.99,,,0,0
1788471451.44,914.62,0.01,0.00,,,0,0
1788471451.53,914.72,0.00,0.00,,,0,0
1788471451.63,914.82,0.01,0.00,,,0,0
1788471451.74,914.92,0.00,0.00,,,0,0
1788471451.84,915.02,-0.00,0.00,,,0,0
1788471451.94,915.12,0.00,0.00,,,0,0
1788471452.04,915.22,0.01,0.00,,,0,0
1788471452.14,915.32,-0.00,0.00,,,0,0
1788471452.24,915.42,0.00,0.00,,,0,0
1788471452.34,915.52,0.01,0.00,,,0,0
1788471452.45,915.62,-0.00,0.00,,,0,0
1788471452.54,915.72,0.00,0.00,,,0,0
1788471452.64,915.82,0.00,0.00,,,0,0
1788471452.75,915.92,-0.00,0.00,,,0,0
1788471452.85,916.02,0.00,0.00,,,0,0
1788471452.95,916.12,0.01,0.00,,,0,0
1788471453.05,916.22,-0.00,0.00,,,0,0
1788471453.15,916.32,-0.00,0.00,,,0,0
1788471453.25,916.42,0.00,0.00,,,0,0
1788471453.35,916.52,0.01,0.00,,,0,0
1788471453.45,916.62,-0.00,0.00,,,0,0
1788471453.55,916.72,0.00,0.00,,,0,0
1788471453.65,916.82,0.01,0.00,,,0,0
1788471453.76,916.92,0.00,0.00,,,0,0
1788471453.86,917.02,0.01,0.00,,,0,0
1788471453.96,917.12,0.01,0.00,,,0,0
1788471454.06,917.22,-0.00,0.00,,,0,0
1788471454.16,917.32,-0.00,0.00,,,0,0
1788471454.26,917.42,-0.01,0.00,,,0,0
1788471454.36,917.52,0.00,0.00,,,0,0
1788471454.46,917.62,0.01,0.00,,,0,0
1788471454.56,917.72,0.00,0.00,,,0,0
1788471454.66,917.82,-0.00,0.00,,,0,0
1788471454.76,917.92,0.01,0.00,,,0,0
1788471454.86,918.02,0.01,0.00,,,0,0
1788471454.96,918.12,-0.00,0.00,,,0,0
1788471455.07,918.22,0.00,0.00,,,0,0
1788471455.16,918.32,0.01,0.00,,,0,0
1788471455.27,918.42,-0.00,0.00,,,0,0
1788471455.37,918.52,0.00,0.00,,,0,0
1788471455.47,918.62,0.01,0.00,,,0,0
1788471455.57,918.72,-0.00,0.00,,,0,0
1788471455.67,918.82,-0.00,0.00,,,0,0
1788471455.77,918.92,0.01,0.00,,,0,0
1788471455.87,919.02,0.01,0.00,,,0,0
1788471455.97,919.12,0.01,0.00,,,0,0
1788471456.07,919.22,0.01,0.00,,,0,0
1788471456.17,919.32,-0.00,0.00,,,0,0
1788471456.28,919.42,0.00,0.00,,,0,0
1788471456.38,919.52,0.00,0.00,,,0,0
1788471456.48,919.62,0.00,0.00,,,0,0
1788471456.58,919.72,0.00,0.00,,,0,0
1788471456.68,919.82,0.01,0.00,,,0,0
1788471456.78,919.92,0.00,0.00,,,0,0
1788471456.88,920.02,0.01,0.00,,,0,0
1788471456.98,920.12,0.00,0.00,,,0,0
1788471457.09,920.22,-0.00,0.00,,,0,0
1788471457.18,920.32,0.01,0.00,,,0,0
1788471457.29,920.42,0.01,0.00,,,0,0
1788471457.39,920.52,-0.00,0.00,,,0,0
1788471457.49,920.62,0.00,0.00,,,0,0
1788471457.59,920.72,-0.01,0.00,,,0,0
1788471457.69,920.82,0.00,0.00,,,0,0
1788471457.79,920.92,-0.00,0.00,,,0,0
1788471457.89,921.02,0.00,0.00,,,0,0
1788471457.99,921.12,0.00,0.00,,,0,0
1788471458.09,921.22,0.00,0.00,,,0,0
1788471458.19,921.32,0.00,0.00,,,0,0
1788471458.29,921.42,-0.00,0.00,,,0,0
1788471458.39,921.52,-0.00,0.00,,,0,0
1788471458.49,921.62,0.00,0.00,,,0,0
1788471458.59,921.72,0.01,0.00,,,0,0
1788471458.69,921.82,0.00,0.00,,,0,0
1788471458.80,921.92,-0.01,0.00,,,0,0
1788471458.90,922.02,0.01,0.00,,,0,0
1788471459.00,922.12,0.01,0.00,,,0,0
1788471459.10,922.22,-0.00,0.00,,,0,0
1788471459.20,922.32,0.01,0.00,,,0,0
1788471459.30,922.42,0.01,0.00,,,0,0
1788471459.40,922.52,0.00,0.00,,,0,0
1788471459.50,922.62,-0.00,0.00,,,0,0
1788471459.61,922.72,0.00,0.00,,,0,0
1788471459.71,922.82,-0.00,0.00,,,0,0
1788471459.81,922.92,-0.00,0.00,,,0,0
1788471459.91,923.02,-0.00,0.00,,,0,0
1788471460.01,923.12,0.00,0.00,,,0,0
1788471460.11,923.22,0.01,0.00,,,0,0
1788471460.21,923.32,0.00,0.00,,,0,0
1788471460.31,923.42,-0.00,0.00,,,0,0
1788471460.43,923.52,0.01,0.00,,,0,0
1788471460.52,923.62,0.01,0.00,,,0,0
1788471460.62,923.72,0.00,0.00,,,0,0
1788471460.72,923.82,0.00,0.00,,,0,0
1788471460.84,923.92,0.00,0.00,,,0,0
1788471460.93,924.02,-0.00,0.00,,,0,0
1788471461.03,924.12,-0.00,0.00,,,0,0
1788471461.13,924.22,-0.00,0.00,,,0,0
1788471461.24,924.32,-0.00,0.00,,,0,0
1788471461.34,924.42,-0.00,0.00,,,0,0
1788471461.44,924.52,0.01,0.00,STOW_INIT,,0,1
1788471461.54,924.62,0.01,0.00,STOW_INIT,,0,0
1788471461.64,924.72,0.00,0.00,STOW_INIT,,0,0
1788471461.74,924.82,0.00,0.00,SEARCH,,0,0
1788471461.84,924.92,0.01,0.00,SEARCH,,0,0
1788471461.94,925.02,0.01,0.00,SEARCH,,0,0
1788471462.04,925.12,-0.00,0.00,SEARCH,,0,0
1788471462.14,925.22,0.00,0.00,SEARCH,,0,0
1788471462.25,925.32,-0.00,0.00,SEARCH,,0,0
1788471462.35,925.42,-0.00,0.00,SEARCH,,0,0
1788471462.45,925.52,0.00,0.00,SEARCH,,0,0
1788471462.55,925.62,0.01,0.00,SEARCH,,0,0
1788471462.65,925.72,-0.00,0.00,SEARCH,,0,0
1788471462.75,925.82,-0.00,0.00,SEARCH,,0,0
1788471462.85,925.92,0.00,0.00,SEARCH,,0,0
1788471462.95,926.02,0.01,0.00,SEARCH,,0,0
1788471463.05,926.12,0.00,0.00,SEARCH,,0,0
1788471463.15,926.22,-0.01,0.00,SEARCH,,0,0
1788471463.26,926.32,-0.00,0.00,SEARCH,,0,0
1788471463.36,926.42,0.00,0.00,SEARCH,,0,0
1788471463.46,926.52,0.00,0.00,SEARCH,,0,0
1788471463.56,926.62,-0.00,0.00,SEARCH,,0,0
1788471463.66,926.72,-0.00,0.00,SEARCH,,0,0
1788471463.76,926.82,-0.00,0.00,SEARCH,,0,0
1788471463.86,926.92,0.01,0.00,SEARCH,,0,0
1788471463.96,927.02,-0.00,0.00,SEARCH,,0,0
1788471464.07,927.12,0.00,0.00,SEARCH,,0,0
1788471464.17,927.22,0.00,0.00,SEARCH,,0,0
1788471464.27,927.32,-0.00,0.00,SEARCH,,0,0
1788471464.37,927.42,-0.00,0.00,SEARCH,,0,0
1788471464.47,927.52,-0.00,0.00,SEARCH,,0,0
1788471464.57,927.62,0.00,0.00,SEARCH,,0,0
1788471464.67,927.72,0.00,0.00,SEARCH,,0,0
1788471464.77,927.82,0.01,0.00,SEARCH,,0,0
1788471464.87,927.92,0.01,0.00,SEARCH,,0,0
1788471464.98,928.02,-0.00,0.00,SEARCH,,0,0
1788471465.08,928.12,0.00,0.00,SEARCH,,0,0
1788471465.18,928.22,-0.00,0.00,SEARCH,,0,0
1788471465.28,928.32,0.00,0.00,SEARCH,,0,0
1788471465.38,928.42,-0.00,0.00,SEARCH,,0,0
1788471465.48,928.52,0.01,0.00,SEARCH,,0,0
1788471465.58,928.62,-0.00,0.00,SEARCH,,0,0
1788471465.69,928.72,0.00,0.00,SEARCH,,0,0
1788471465.79,928.82,-0.00,0.00,SEARCH,,0,0
1788471465.89,928.92,-0.00,0.00,SEARCH,,0,0
1788471465.99,929.02,0.01,0.00,SEARCH,,0,0
1788471466.09,929.12,0.01,0.00,SEARCH,,0,0
1788471466.19,929.22,0.01,0.00,SEARCH,,0,0
1788471466.30,929.32,0.01,0.00,SEARCH,,0,0
1788471466.40,929.42,0.00,0.00,SEARCH,,0,0
1788471466.49,929.52,0.01,0.00,SEARCH,,0,0
1788471466.60,929.62,0.00,0.00,SEARCH,,0,0
1788471466.70,929.72,0.00,0.00,SEARCH,,0,0
1788471466.80,929.82,-0.00,0.00,SEARCH,,0,0
1788471466.90,929.92,-0.00,0.00,SEARCH,,0,0
1788471467.00,930.02,0.01,0.00,SEARCH,,0,0
1788471467.11,930.12,0.01,0.00,SEARCH,,0,0
1788471467.21,930.22,0.00,0.00,SEARCH,,0,0
1788471467.31,930.32,0.01,0.00,SEARCH,,0,0
1788471467.41,930.42,-0.00,0.00,SEARCH,,0,0
1788471467.51,930.52,0.00,0.00,SEARCH,,0,0
1788471467.62,930.62,0.01,0.00,SEARCH,,0,0
1788471467.71,930.72,0.00,0.00,SEARCH,,0,0
1788471467.81,930.82,0.01,0.00,SEARCH,,0,0
1788471467.91,930.92,-0.00,0.00,SEARCH,,0,0
1788471468.01,931.02,-0.00,0.00,SEARCH,,0,0
1788471468.11,931.12,0.01,0.00,SEARCH,,0,0
1788471468.21,931.22,0.01,0.00,SEARCH,,0,0
1788471468.31,931.32,-0.00,0.00,SEARCH,,0,0
1788471468.42,931.42,-0.00,0.00,SEARCH,,0,0
1788471468.52,931.52,0.00,0.00,SEARCH,,0,0
1788471468.62,931.62,-0.00,0.00,SEARCH,,0,0
1788471468.72,931.72,0.01,0.00,SEARCH,,0,0
1788471468.82,931.82,-0.00,0.00,SEARCH,,0,0
1788471468.92,931.92,-0.00,0.00,SEARCH,,0,0
1788471469.02,932.02,-0.00,0.00,SEARCH,,0,0
1788471469.12,932.12,0.00,0.00,SEARCH,,0,0
1788471469.22,932.22,-0.00,0.00,SEARCH,,0,0
1788471469.32,932.32,0.00,0.00,SEARCH,,0,0
1788471469.43,932.42,0.00,0.00,SEARCH,,0,0
1788471469.53,932.52,0.01,0.00,SEARCH,,0,0
1788471469.63,932.62,0.00,0.00,SEARCH,,0,0
1788471469.73,932.72,0.01,0.00,SEARCH,,0,0
1788471469.83,932.82,-0.00,0.00,SEARCH,,0,0
1788471469.93,932.92,-0.00,0.00,SEARCH,,0,0
1788471470.03,933.02,0.00,0.00,SEARCH,,0,0
1788471470.13,933.12,0.00,0.00,SEARCH,,0,0
1788471470.23,933.22,0.00,0.00,SEARCH,,0,0
1788471470.33,933.32,-0.00,0.00,SEARCH,,0,0
1788471470.43,933.42,0.01,0.00,SEARCH,,0,0
1788471470.53,933.52,0.00,0.00,SEARCH,,0,0
1788471470.64,933.62,-0.00,0.00,SEARCH,,0,0
1788471470.74,933.72,-0.00,0.00,SEARCH,,0,0
1788471470.84,933.82,-0.00,0.00,SEARCH,,0,0
1788471470.94,933.92,0.00,0.00,SEARCH,,0,0
1788471471.04,934.02,0.01,0.00,SEARCH,,0,0
1788471471.14,934.12,0.00,0.00,SEARCH,,0,0
1788471471.24,934.22,0.00,0.00,SEARCH,,0,0
1788471471.34,934.32,-0.00,0.00,SEARCH,,0,0
1788471471.44,934.42,-0.00,0.00,SEARCH,,0,0
1788471471.54,934.52,0.00,0.00,SEARCH,,0,0
1788471471.64,934.62,-0.00,0.00,SEARCH,,0,0
1788471471.75,934.72,0.01,0.00,SEARCH,,0,0
1788471471.85,934.82,0.00,0.00,SEARCH,,0,0
1788471471.95,934.92,0.01,0.00,SEARCH,,0,0
1788471472.05,935.02,0.01,0.00,SEARCH,,0,0
1788471472.15,935.12,0.00,0.00,SEARCH,,0,0
1788471472.25,935.22,0.00,0.00,SEARCH,,0,0
1788471472.35,935.32,0.00,0.00,SEARCH,,0,0
1788471472.45,935.42,0.00,0.00,SEARCH,,0,0
1788471472.55,935.52,0.00,0.00,SEARCH,,0,0
1788471472.65,935.62,0.00,0.00,SEARCH,,0,0
1788471472.76,935.72,0.01,0.00,SEARCH,,0,0
1788471472.86,935.82,-0.00,0.00,SEARCH,,0,0
1788471472.96,935.92,-0.00,0.00,SEARCH,,0,0
1788471473.06,936.02,-0.01,0.00,SEARCH,,0,0
1788471473.16,936.12,0.00,0.00,SEARCH,,0,0
1788471473.26,936.22,-0.00,0.00,SEARCH,,0,0
1788471473.36,936.32,0.01,0.00,SEARCH,,0,0
1788471473.46,936.42,0.01,0.00,SEARCH,,0,0
1788471473.56,936.52,-0.00,0.00,SEARCH,,0,0
1788471473.66,936.62,-0.00,0.00,SEARCH,,0,0
1788471473.76,936.72,0.00,0.00,SEARCH,,0,0
1788471473.87,936.82,0.00,0.00,SEARCH,,0,0
1788471473.97,936.92,-0.00,0.00,SEARCH,,0,0
1788471474.07,937.02,0.00,0.00,SEARCH,,0,0
1788471474.16,937.12,0.00,0.00,SEARCH,,0,0
1788471474.27,937.22,-0.00,0.00,SEARCH,,0,0
1788471474.37,937.32,-0.00,0.00,SEARCH,,0,0
1788471474.47,937.42,0.01,0.00,SEARCH,,0,0
1788471474.57,937.52,-0.00,0.00,SEARCH,,0,0
1788471474.67,937.62,-0.00,0.00,SEARCH,,0,0
1788471474.77,937.72,0.00,0.00,SEARCH,,0,0
1788471474.87,937.82,0.01,0.00,SEARCH,,0,0
1788471474.98,937.92,-0.00,0.00,SEARCH,,0,0
1788471475.08,938.02,0.01,0.00,SEARCH,,0,0
1788471475.18,938.12,-0.00,0.00,SEARCH,,0,0
1788471475.28,938.22,0.01,0.00,SEARCH,,0,0
1788471475.38,938.32,0.01,0.00,SEARCH,,0,0
1788471475.48,938.42,0.00,0.00,SEARCH,,0,0
1788471475.58,938.52,-0.00,0.00,SEARCH,,0,0
1788471475.68,938.62,0.01,0.00,SEARCH,,0,0
1788471475.78,938.72,-0.00,0.00,SEARCH,,0,0
1788471475.89,938.82,0.00,0.00,SEARCH,,0,0
1788471475.99,938.92,0.00,0.00,SEARCH,,0,0
1788471476.09,939.02,0.00,0.00,SEARCH,,0,0
1788471476.19,939.12,-0.00,0.00,SEARCH,,0,0
1788471476.29,939.22,0.00,0.00,SEARCH,,0,0
1788471476.39,939.32,0.00,0.00,SEARCH,,0,0
1788471476.49,939.42,0.01,0.00,SEARCH,,0,0
1788471476.59,939.52,0.00,0.00,SEARCH,,0,0
1788471476.70,939.62,0.01,0.00,SEARCH,,0,0
1788471476.79,939.72,0.01,0.00,SEARCH,,0,0
1788471476.90,939.82,-0.00,0.00,SEARCH,,0,0
1788471477.00,939.92,0.00,0.00,SEARCH,,0,0
1788471477.10,940.02,-0.00,0.00,SEARCH,,0,0
1788471477.20,940.12,-0.00,0.00,SEARCH,,0,0
1788471477.30,940.22,-0.00,0.00,SEARCH,,0,0
1788471477.40,940.32,0.00,0.00,SEARCH,,0,0
1788471477.50,940.42,0.01,0.00,SEARCH,,0,0
1788471477.60,940.52,0.00,0.00,SEARCH,,0,0
1788471477.71,940.62,0.00,0.00,SEARCH,,0,0
1788471477.81,940.72,0.01,0.00,SEARCH,,0,0
1788471477.90,940.82,0.01,0.00,SEARCH,,0,0
1788471478.01,940.92,0.00,0.00,SEARCH,,0,0
1788471478.11,941.02,0.01,0.00,SEARCH,,0,0
1788471478.21,941.12,0.01,0.00,SEARCH,,0,0
1788471478.31,941.22,0.01,0.00,SEARCH,,0,0
1788471478.41,941.32,-0.00,0.00,SEARCH,,0,0
1788471478.51,941.42,-0.01,0.00,SEARCH,,0,0
1788471478.61,941.52,-0.00,0.00,SEARCH,,0,0
1788471478.71,941.62,-0.00,0.00,SEARCH,,0,0
1788471478.81,941.72,-0.00,0.00,SEARCH,,0,0
1788471478.92,941.82,0.01,0.00,SEARCH,,0,0
1788471479.02,941.92,0.01,0.00,SEARCH,,0,0
1788471479.12,942.02,-0.00,0.00,SEARCH,,0,0
1788471479.22,942.12,-0.00,0.00,SEARCH,,0,0
1788471479.32,942.22,0.00,0.00,SEARCH,,0,0
1788471479.42,942.32,0.00,0.00,SEARCH,,0,0
1788471479.53,942.42,0.01,0.00,SEARCH,,0,0
1788471479.63,942.52,0.00,0.00,SEARCH,,0,0
1788471479.73,942.62,-0.00,0.00,SEARCH,,0,0
1788471479.83,942.72,0.00,0.00,SEARCH,,0,0
1788471479.93,942.82,0.00,0.00,SEARCH,,0,0
1788471480.03,942.92,0.01,0.00,SEARCH,,0,0
1788471480.13,943.02,0.00,0.00,SEARCH,,0,0
1788471480.23,943.12,0.01,0.00,SEARCH,,0,0
1788471480.34,943.22,-0.00,0.00,SEARCH,,0,0
1788471480.44,943.32,-0.00,0.00,SEARCH,,0,0
1788471480.54,943.42,0.00,0.00,SEARCH,,0,0
1788471480.64,943.52,-0.00,0.00,SEARCH,,0,0
1788471480.74,943.62,-0.00,0.00,SEARCH,,0,0
1788471480.84,943.72,-0.01,0.00,SEARCH,,0,0
1788471480.94,943.82,0.01,0.00,SEARCH,,0,0
1788471481.04,943.92,0.01,0.00,SEARCH,,0,0
1788471481.15,944.02,-0.00,0.00,SEARCH,,0,0
1788471481.24,944.12,0.01,0.00,SEARCH,,0,0
1788471481.34,944.22,0.01,0.00,SEARCH,,0,0
1788471481.44,944.32,0.00,0.00,SEARCH,,0,0
1788471481.55,944.42,0.01,0.00,SEARCH,,0,0
1788471481.64,944.52,0.00,0.00,SEARCH,,0,0
1788471481.75,944.62,0.00,0.00,SEARCH,,0,0
1788471481.84,944.72,0.00,0.00,SEARCH,,0,0
1788471481.95,944.82,-0.00,0.00,SEARCH,,0,0
1788471482.05,944.92,-0.00,0.00,SEARCH,,0,0
1788471482.16,945.02,0.00,0.00,SEARCH,,0,0
1788471482.25,945.12,0.01,0.00,SEARCH,,0,0
1788471482.35,945.22,0.00,0.00,SEARCH,,0,0
1788471482.45,945.32,0.01,0.00,SEARCH,,0,0
1788471482.56,945.42,0.00,0.00,SEARCH,,0,0
1788471482.66,945.52,-0.00,0.00,SEARCH,,0,0
1788471482.76,945.62,0.00,0.00,SEARCH,,0,0
1788471482.86,945.72,0.00,0.00,SEARCH,,0,0
1788471482.96,945.82,0.00,0.00,SEARCH,,0,0
1788471483.06,945.92,0.01,0.00,SEARCH,,0,0
1788471483.16,946.02,-0.00,0.00,SEARCH,,0,0
1788471483.26,946.12,0.00,0.00,SEARCH,,0,0
1788471483.37,946.22,0.00,0.00,SEARCH,,0,0
1788471483.47,946.32,0.00,0.00,SEARCH,,0,0
1788471483.57,946.42,-0.00,0.00,SEARCH,,0,0
1788471483.67,946.52,-0.00,0.00,SEARCH,,0,0
1788471483.77,946.62,0.01,0.00,SEARCH,,0,0
1788471483.87,946.72,0.01,0.00,SEARCH,,0,0
1788471483.97,946.82,0.00,0.00,SEARCH,,0,0
1788471484.08,946.92,0.00,0.00,SEARCH,,0,0
1788471484.18,947.02,0.00,0.00,SEARCH,,0,0
1788471484.28,947.12,0.00,0.00,SEARCH,,0,0
1788471484.38,947.22,0.00,0.00,SEARCH,,0,0
1788471484.48,947.32,-0.00,0.00,SEARCH,,0,0
1788471484.58,947.42,-0.00,0.00,SEARCH,,0,0
1788471484.68,947.52,0.00,0.00,SEARCH,,0,0
1788471484.78,947.62,0.01,0.00,SEARCH,,0,0
1788471484.88,947.72,-0.01,0.00,SEARCH,,0,0
1788471484.98,947.82,0.00,0.00,SEARCH,,0,0
1788471485.09,947.92,0.01,0.00,SEARCH,,0,0
1788471485.19,948.02,0.00,0.00,SEARCH,,0,0
1788471485.29,948.12,0.01,0.00,SEARCH,,0,0
1788471485.39,948.22,0.01,0.00,SEARCH,,0,0
1788471485.49,948.32,-0.00,0.00,APPROACH,,0,0
1788471485.59,948.42,-0.00,0.00,APPROACH,,0,0
1788471485.69,948.52,0.01,0.00,APPROACH,,0,0
1788471485.79,948.62,0.01,0.00,APPROACH,,0,0
1788471485.90,948.72,0.01,0.00,APPROACH,,0,0
1788471486.00,948.82,0.00,0.00,APPROACH,,0,0
1788471486.10,948.92,-0.00,0.00,APPROACH,,0,0
1788471486.20,949.02,0.01,0.00,APPROACH,,0,0
1788471486.30,949.12,0.01,0.00,APPROACH,,0,0
1788471486.40,949.22,-0.00,0.00,APPROACH,,0,0
1788471486.50,949.32,-0.00,0.00,APPROACH,,0,0
1788471486.60,949.42,0.00,0.00,APPROACH,,0,0
1788471486.70,949.52,-0.00,0.00,APPROACH,,0,0
1788471486.80,949.62,0.00,0.00,APPROACH,,0,0
1788471486.91,949.72,0.01,0.00,APPROACH,,0,0
1788471487.01,949.82,-0.00,0.00,APPROACH,,0,0
1788471487.11,949.92,-0.00,0.00,APPROACH,,0,0
1788471487.21,950.02,0.01,0.00,APPROACH,,0,0
1788471487.31,950.12,0.00,0.00,APPROACH,,0,0
1788471487.41,950.22,0.01,0.00,APPROACH,,0,0
1788471487.51,950.32,0.01,0.00,APPROACH,,0,0
1788471487.61,950.42,0.00,0.00,APPROACH,,0,0
1788471487.71,950.52,0.00,0.00,APPROACH,,0,0
1788471487.81,950.62,0.00,0.00,APPROACH,,0,0
1788471487.91,950.72,0.00,0.00,APPROACH,,0,0
1788471488.02,950.82,0.00,0.00,APPROACH,,0,0
1788471488.11,950.92,0.01,0.00,APPROACH,,0,0
1788471488.22,951.02,0.00,0.00,APPROACH,,0,0
1788471488.32,951.12,0.01,0.00,APPROACH,,0,0
1788471488.42,951.22,0.01,0.00,APPROACH,,0,0
1788471488.52,951.32,0.00,0.00,APPROACH,,0,0
1788471488.62,951.42,0.01,0.00,APPROACH,,0,0
1788471488.72,951.52,0.01,0.00,APPROACH,,0,0
1788471488.83,951.62,-0.00,0.00,APPROACH,,0,0
1788471488.92,951.72,0.00,0.00,APPROACH,,0,0
1788471489.03,951.82,-0.00,0.00,APPROACH,,0,0
1788471489.13,951.92,0.00,0.00,APPROACH,,0,0
1788471489.23,952.02,-0.01,0.00,APPROACH,,0,0
1788471489.33,952.12,0.00,0.00,APPROACH,,0,0
1788471489.43,952.22,0.00,0.00,APPROACH,,0,0
1788471489.53,952.32,-0.00,0.00,APPROACH,,0,0
1788471489.63,952.42,0.00,0.00,APPROACH,,0,0
1788471489.73,952.52,-0.00,0.00,APPROACH,,0,0
1788471489.83,952.62,0.00,0.00,APPROACH,,0,0
1788471489.93,952.72,0.00,0.00,APPROACH,,0,0
1788471490.04,952.82,-0.00,0.00,APPROACH,,0,0
1788471490.14,952.92,0.00,0.00,APPROACH,,0,0
1788471490.24,953.02,-0.01,0.00,APPROACH,,0,0
1788471490.34,953.12,0.00,0.00,APPROACH,,0,0
1788471490.44,953.22,-0.00,0.00,APPROACH,,0,0
1788471490.54,953.32,-0.00,0.00,APPROACH,,0,0
1788471490.64,953.42,0.01,0.00,APPROACH,,0,0
1788471490.74,953.52,0.01,0.00,APPROACH,,0,0
1788471490.84,953.62,0.00,0.00,APPROACH,,0,0
1788471490.94,953.72,0.01,0.00,APPROACH,,0,0
1788471491.05,953.82,0.00,0.00,APPROACH,,0,0
1788471491.15,953.92,-0.00,0.00,APPROACH,,0,0
1788471491.25,954.02,-0.00,0.00,APPROACH,,0,0
1788471491.35,954.12,-0.00,0.00,APPROACH,,0,0
1788471491.45,954.22,0.00,0.00,APPROACH,,0,0
1788471491.55,954.32,0.01,0.00,APPROACH,,0,0
1788471491.65,954.42,0.00,0.00,APPROACH,,0,0
1788471491.75,954.52,0.01,0.00,APPROACH,,0,0
1788471491.85,954.62,0.00,0.00,APPROACH,,0,0
1788471491.96,954.72,0.00,0.00,APPROACH,,0,0
1788471492.05,954.82,0.00,0.00,APPROACH,,0,0
1788471492.16,954.92,0.00,0.00,APPROACH,,0,0
1788471492.26,955.02,0.01,0.00,APPROACH,,0,0
1788471492.36,955.12,-0.00,0.00,APPROACH,,0,0
1788471492.46,955.22,0.00,0.00,APPROACH,,0,0
1788471492.56,955.32,-0.00,0.00,APPROACH,,0,0
1788471492.67,955.42,-0.00,0.00,APPROACH,,0,0
1788471492.76,955.52,0.00,0.00,APPROACH,,0,0
1788471492.87,955.62,0.01,0.00,APPROACH,,0,0
1788471492.97,955.72,0.01,0.00,APPROACH,,0,0
1788471493.07,955.82,0.00,0.00,APPROACH,,0,0
1788471493.17,955.92,0.00,0.00,APPROACH,,0,0
1788471493.27,956.02,0.01,0.00,APPROACH,,0,0
1788471493.37,956.12,0.01,0.00,APPROACH,,0,0
1788471493.47,956.22,-0.00,0.00,APPROACH,,0,0
1788471493.58,956.32,0.01,0.00,APPROACH,,0,0
1788471493.68,956.42,-0.00,0.00,APPROACH,,0,0
1788471493.78,956.52,-0.00,0.00,APPROACH,,0,0
1788471493.88,956.62,0.00,0.00,APPROACH,,0,0
1788471493.98,956.72,0.01,0.00,APPROACH,,0,0
1788471494.08,956.82,-0.00,0.00,APPROACH,,0,0
1788471494.19,956.92,-0.00,0.00,APPROACH,,0,0
1788471494.29,957.02,0.00,0.00,APPROACH,,0,0
1788471494.39,957.12,-0.00,0.00,APPROACH,,0,0
1788471494.49,957.22,0.01,0.00,APPROACH,,0,0
1788471494.59,957.32,-0.00,0.00,APPROACH,,0,0
1788471494.69,957.42,-0.00,0.00,APPROACH,,0,0
1788471494.79,957.52,0.00,0.00,APPROACH,,0,0
1788471494.89,957.62,0.00,0.00,APPROACH,,0,0
1788471494.99,957.72,-0.00,0.00,APPROACH,,0,0
1788471495.09,957.82,-0.00,0.00,APPROACH,,0,0
1788471495.20,957.92,-0.00,0.00,APPROACH,,0,0
1788471495.30,958.02,0.01,0.00,APPROACH,,0,0
1788471495.40,958.12,-0.00,0.00,APPROACH,,0,0
1788471495.50,958.22,0.00,0.00,APPROACH,,0,0
1788471495.60,958.32,-0.00,0.00,APPROACH,,0,0
1788471495.70,958.42,-0.00,0.00,APPROACH,,0,0
1788471495.80,958.52,0.00,0.00,APPROACH,,0,0
1788471495.90,958.62,-0.00,0.00,APPROACH,,0,0
1788471496.00,958.72,0.01,0.00,APPROACH,,0,0
1788471496.11,958.82,0.00,0.00,APPROACH,,0,0
1788471496.21,958.92,0.01,0.00,APPROACH,,0,0
1788471496.31,959.02,0.01,0.00,APPROACH,,0,0
1788471496.41,959.12,-0.00,0.00,APPROACH,,0,0
1788471496.51,959.22,-0.00,0.00,APPROACH,,0,0
1788471496.61,959.32,0.00,0.00,APPROACH,,0,0
1788471496.71,959.42,0.00,0.00,APPROACH,,0,0
1788471496.82,959.52,-0.00,0.00,APPROACH,,0,0
1788471496.92,959.62,0.01,0.00,APPROACH,,0,0
1788471497.02,959.72,-0.00,0.00,APPROACH,,0,0
1788471497.12,959.82,0.00,0.00,APPROACH,,0,0
1788471497.22,959.92,-0.00,0.00,APPROACH,,0,0
1788471497.32,960.02,-0.00,0.00,APPROACH,,0,0
1788471497.43,960.12,0.01,0.00,APPROACH,,0,0
1788471497.53,960.22,0.00,0.00,APPROACH,,0,0
1788471497.63,960.32,0.01,0.00,APPROACH,,0,0
1788471497.73,960.42,0.01,0.00,APPROACH,,0,0
1788471497.83,960.52,0.00,0.00,APPROACH,,0,0
1788471497.93,960.62,0.01,0.00,APPROACH,,0,0
1788471498.03,960.72,-0.00,0.00,APPROACH,,0,0
1788471498.13,960.82,-0.00,0.00,APPROACH,,0,0
1788471498.23,960.92,-0.00,0.00,APPROACH,,0,0
1788471498.33,961.02,-0.00,0.00,APPROACH,,0,0
1788471498.44,961.12,0.01,0.00,APPROACH,,0,0
1788471498.54,961.22,0.01,0.00,APPROACH,,0,0
1788471498.64,961.32,0.01,0.00,APPROACH,,0,0
1788471498.74,961.42,0.01,0.00,APPROACH,,0,0
1788471498.84,961.52,-0.00,0.00,APPROACH,,0,0
1788471498.94,961.62,0.00,0.00,APPROACH,,0,0
1788471499.04,961.72,0.01,0.00,APPROACH,,0,0
1788471499.15,961.82,0.01,0.00,APPROACH,,0,0
1788471499.25,961.92,0.01,0.00,APPROACH,,0,0
1788471499.35,962.02,0.00,0.00,APPROACH,,0,0
1788471499.45,962.12,-0.00,0.00,APPROACH,,0,0
1788471499.55,962.22,0.01,0.00,APPROACH,,0,0
1788471499.65,962.32,0.00,0.00,APPROACH,,0,0
1788471499.75,962.42,-0.00,0.00,APPROACH,,0,0
1788471499.85,962.52,-0.00,0.00,APPROACH,,0,0
1788471499.96,962.62,0.01,0.00,APPROACH,,0,0
1788471500.06,962.72,-0.00,0.00,APPROACH,,0,0
1788471500.16,962.82,0.01,0.00,APPROACH,,0,0
1788471500.26,962.92,-0.00,0.00,APPROACH,,0,0
1788471500.36,963.02,0.00,0.00,APPROACH,,0,0
1788471500.46,963.12,-0.00,0.00,APPROACH,,0,0
1788471500.56,963.22,0.00,0.00,APPROACH,,0,0
1788471500.66,963.32,-0.00,0.00,APPROACH,,0,0
1788471500.76,963.42,0.00,0.00,APPROACH,,0,0
1788471500.87,963.52,0.01,0.00,APPROACH,,0,0
1788471500.97,963.62,0.01,0.00,APPROACH,,0,0
1788471501.07,963.72,0.00,0.00,APPROACH,,0,0
1788471501.17,963.82,0.01,0.00,APPROACH,,0,0
1788471501.27,963.92,0.00,0.00,APPROACH,,0,0
1788471501.37,964.02,-0.00,0.00,APPROACH,,0,0
1788471501.47,964.12,0.00,0.00,APPROACH,,0,0
1788471501.57,964.22,0.00,0.00,APPROACH,,0,0
1788471501.67,964.32,0.00,0.00,APPROACH,,0,0
1788471501.78,964.42,0.00,0.00,APPROACH,,0,0
1788471501.88,964.52,0.01,0.00,APPROACH,,0,0
1788471501.98,964.62,0.01,0.00,APPROACH,,0,0
1788471502.08,964.72,-0.01,0.00,APPROACH,,0,0
1788471502.18,964.82,-0.00,0.00,APPROACH,,0,0
1788471502.28,964.92,-0.00,0.00,APPROACH,,0,0
1788471502.38,965.02,0.01,0.00,APPROACH,,0,0
1788471502.48,965.12,0.00,0.00,APPROACH,,0,0
1788471502.59,965.22,0.01,0.00,APPROACH,,0,0
1788471502.69,965.32,0.00,0.00,APPROACH,,0,0
1788471502.79,965.42,-0.00,0.00,APPROACH,,0,0
1788471502.89,965.52,-0.00,0.00,APPROACH,,0,0
1788471502.99,965.62,-0.00,0.00,APPROACH,,0,0
1788471503.09,965.72,0.01,0.00,APPROACH,,0,0
1788471503.20,965.83,0.01,0.00,APPROACH,,0,0
1788471503.29,965.92,0.00,0.00,APPROACH,,0,0
1788471503.39,966.02,0.01,0.00,APPROACH,,0,0
1788471503.49,966.12,0.01,0.00,APPROACH,,0,0
1788471503.59,966.22,0.00,0.00,APPROACH,,0,0
1788471503.69,966.32,0.01,0.00,APPROACH,,0,0
1788471503.80,966.42,-0.00,0.00,APPROACH,,0,0
1788471503.90,966.52,0.00,0.00,APPROACH,,0,0
1788471504.00,966.62,0.01,0.00,APPROACH,,0,0
1788471504.10,966.72,0.00,0.00,APPROACH,,0,0
1788471504.20,966.82,0.01,0.00,APPROACH,,0,0
1788471504.30,966.92,-0.00,0.00,APPROACH,,0,0
1788471504.40,967.02,-0.00,0.00,APPROACH,,0,0
1788471504.50,967.12,-0.00,0.00,APPROACH,,0,0
1788471504.60,967.22,0.00,0.00,APPROACH,,0,0
1788471504.71,967.32,0.01,0.00,APPROACH,,0,0
1788471504.81,967.42,0.01,0.00,APPROACH,,0,0
1788471504.91,967.52,0.01,0.00,APPROACH,,0,0
1788471505.01,967.62,0.00,0.00,APPROACH,,0,0
1788471505.11,967.72,0.00,0.00,APPROACH,,0,0
1788471505.21,967.82,0.00,0.00,APPROACH,,0,0
1788471505.31,967.92,0.00,0.00,APPROACH,,0,0
1788471505.41,968.02,0.01,0.00,APPROACH,,0,0
1788471505.51,968.12,0.00,0.00,APPROACH,,0,0
1788471505.61,968.22,0.00,0.00,APPROACH,,0,0
1788471505.71,968.32,-0.00,0.00,APPROACH,,0,0
1788471505.82,968.42,-0.00,0.00,APPROACH,,0,0
1788471505.92,968.52,0.01,0.00,APPROACH,,0,0
1788471506.02,968.62,-0.00,0.00,APPROACH,,0,0
1788471506.12,968.72,0.00,0.00,APPROACH,,0,0
1788471506.22,968.82,0.00,0.00,APPROACH,,0,0
1788471506.32,968.92,0.01,0.00,APPROACH,,0,0
1788471506.42,969.02,-0.00,0.00,APPROACH,,0,0
1788471506.52,969.12,0.01,0.00,APPROACH,,0,0
1788471506.62,969.22,-0.00,0.00,APPROACH,,0,0
1788471506.73,969.32,0.01,0.00,APPROACH,,0,0
1788471506.83,969.42,0.01,0.00,APPROACH,,0,0
1788471506.93,969.52,-0.00,0.00,APPROACH,,0,0
1788471507.03,969.62,-0.00,0.00,APPROACH,,0,0
1788471507.13,969.72,0.00,0.00,APPROACH,,0,0
1788471507.23,969.82,-0.00,0.00,APPROACH,,0,0
1788471507.34,969.92,0.01,0.00,APPROACH,,0,0
1788471507.44,970.02,0.00,0.00,APPROACH,,0,0
1788471507.54,970.12,0.00,0.00,APPROACH,,0,0
1788471507.64,970.22,-0.00,0.00,APPROACH,,0,0
1788471507.74,970.32,-0.00,0.00,APPROACH,,0,0
1788471507.84,970.42,0.00,0.00,APPROACH,,0,0
1788471507.95,970.52,0.01,0.00,APPROACH,,0,0
1788471508.05,970.62,0.00,0.00,APPROACH,,0,0
1788471508.15,970.72,0.01,0.00,APPROACH,,0,0
1788471508.25,970.82,0.01,0.00,APPROACH,,0,0
1788471508.35,970.92,-0.00,0.00,APPROACH,,0,0
1788471508.45,971.02,-0.00,0.00,APPROACH,,0,0
1788471508.55,971.12,-0.00,0.00,APPROACH,,0,0
1788471508.65,971.22,0.00,0.00,APPROACH,,0,0
1788471508.76,971.32,0.00,0.00,APPROACH,,0,0
1788471508.86,971.42,0.01,0.00,APPROACH,,0,0
1788471508.96,971.52,0.00,0.00,APPROACH,,0,0
1788471509.06,971.62,0.00,0.00,APPROACH,,0,0
1788471509.16,971.72,0.00,0.00,APPROACH,,0,0
1788471509.26,971.82,0.00,0.00,APPROACH,,0,0
1788471509.36,971.92,0.00,0.00,APPROACH,,0,0
1788471509.46,972.02,-0.00,0.00,APPROACH,,0,0
1788471509.56,972.12,0.01,0.00,APPROACH,,0,0
1788471509.66,972.22,0.01,0.00,APPROACH,,0,0
1788471509.77,972.32,0.01,0.00,APPROACH,,0,0
1788471509.87,972.42,-0.00,0.00,APPROACH,,0,0
1788471509.97,972.52,-0.00,0.00,APPROACH,,0,0
1788471510.07,972.62,0.00,0.00,APPROACH,,0,0
1788471510.17,972.72,-0.00,0.00,APPROACH,,0,0
1788471510.27,972.82,-0.00,0.00,APPROACH,,0,0
1788471510.37,972.92,0.01,0.00,APPROACH,,0,0
1788471510.47,973.02,0.01,0.00,APPROACH,,0,0
1788471510.57,973.12,-0.00,0.00,APPROACH,,0,0
1788471510.68,973.22,-0.00,0.00,APPROACH,,0,0
1788471510.78,973.32,0.00,0.00,APPROACH,,0,0
1788471510.88,973.42,0.00,0.00,APPROACH,,0,0
1788471510.98,973.52,0.01,0.00,APPROACH,,0,0
1788471511.08,973.62,0.00,0.00,APPROACH,,0,0
1788471511.18,973.72,0.00,0.00,APPROACH,,0,0
1788471511.28,973.82,-0.00,0.00,APPROACH,,0,0
1788471511.39,973.92,0.00,0.00,APPROACH,,0,0
1788471511.49,974.02,-0.00,0.00,APPROACH,,0,0
1788471511.59,974.12,0.01,0.00,REFINE,,0,0
1788471511.69,974.22,0.00,0.00,REFINE,,0,0
1788471511.79,974.32,0.00,0.00,REFINE,,0,0
1788471511.90,974.42,-0.01,0.00,REFINE,,0,0
1788471511.99,974.52,0.00,0.00,REFINE,,0,0
1788471512.09,974.62,-0.00,0.00,REFINE,,0,0
1788471512.20,974.72,-0.00,0.00,REFINE,,0,0
1788471512.30,974.82,-0.00,0.00,REFINE,,0,0
1788471512.40,974.92,0.01,0.00,REFINE,,0,0
1788471512.50,975.02,-0.00,0.00,REFINE,,0,0
1788471512.60,975.12,0.00,0.00,REFINE,,0,0
1788471512.70,975.22,0.01,0.00,DEPLOY,,0,0
1788471512.80,975.32,0.00,0.00,DEPLOY,,0,0
1788471512.90,975.42,-0.00,0.00,DEPLOY,,0,0
1788471513.00,975.52,0.00,0.00,DEPLOY,,0,0
1788471513.10,975.62,0.00,0.00,DEPLOY,,0,0
1788471513.20,975.72,0.01,0.00,DEPLOY,,0,0
1788471513.30,975.82,0.00,0.00,DEPLOY,,0,0
1788471513.40,975.92,0.00,0.00,DEPLOY,,0,0
1788471513.50,976.02,-0.00,0.00,DEPLOY,,0,0
1788471513.60,976.12,0.00,0.00,DEPLOY,,0,0
1788471513.70,976.22,0.00,0.00,DEPLOY,,0,0
1788471513.80,976.32,0.01,0.00,DEPLOY,,0,0
1788471513.90,976.42,0.01,0.00,DEPLOY,,0,0
1788471514.00,976.52,0.00,0.00,DEPLOY,,0,0
1788471514.10,976.62,0.00,0.00,DEPLOY,,0,0
1788471514.20,976.72,0.01,0.00,DEPLOY,,0,0
1788471514.30,976.82,-0.00,0.00,DEPLOY,,0,0
1788471514.40,976.92,-0.00,0.00,DEPLOY,,0,0
1788471514.50,977.02,0.00,0.00,DEPLOY,,0,0
1788471514.60,977.12,0.00,0.00,DEPLOY,,0,0
1788471514.70,977.22,0.00,0.00,DEPLOY,,0,0
1788471514.80,977.32,0.01,0.00,DEPLOY,,0,0
1788471514.90,977.42,0.01,0.00,DEPLOY,,0,0
1788471515.00,977.52,-0.00,0.00,DEPLOY,,0,0
1788471515.10,977.62,-0.00,0.00,DEPLOY,,0,0
1788471515.20,977.72,0.01,0.00,DEPLOY,,0,0
1788471515.30,977.82,0.01,0.00,DEPLOY,,0,0
1788471515.40,977.92,0.01,0.00,DEPLOY,,0,0
1788471515.50,978.02,0.00,0.00,DEPLOY,,0,0
1788471515.60,978.12,-0.00,0.00,DEPLOY,,0,0
1788471515.70,978.22,0.00,0.00,DEPLOY,,0,0
1788471515.80,978.32,0.00,0.00,DEPLOY,,0,0
1788471515.90,978.42,-0.01,0.00,DEPLOY,,0,0
1788471516.00,978.52,0.01,0.00,DEPLOY,,0,0
1788471516.11,978.62,0.01,0.00,DEPLOY,,0,0
1788471516.20,978.72,-0.00,0.00,DEPLOY,,0,0
1788471516.30,978.82,-0.00,0.00,DEPLOY,,0,0
1788471516.40,978.92,0.00,0.00,DEPLOY,,0,0
1788471516.51,979.02,0.01,0.00,DEPLOY,,0,0
1788471516.60,979.12,0.00,0.00,DEPLOY,,0,0
1788471516.71,979.22,0.00,0.00,DEPLOY,,0,0
1788471516.81,979.32,-0.00,0.00,DEPLOY,,0,0
1788471516.91,979.42,0.00,0.00,DEPLOY,,0,0
1788471517.01,979.52,0.00,0.00,DEPLOY,,0,0
1788471517.11,979.62,0.01,0.00,DEPLOY,,0,0
1788471517.21,979.72,0.01,0.00,DEPLOY,,0,0
1788471517.31,979.82,0.01,0.00,DEPLOY,,0,0
1788471517.41,979.92,0.00,0.00,DEPLOY,,0,0
1788471517.51,980.02,-0.01,0.00,DEPLOY,,0,0
1788471517.61,980.12,0.01,0.00,DEPLOY,,0,0
1788471517.71,980.22,0.01,0.00,DEPLOY,,0,0
1788471517.81,980.32,0.00,0.00,DEPLOY,,0,0
1788471517.91,980.42,-0.00,0.00,DEPLOY,,0,0
1788471518.01,980.52,0.01,0.00,DEPLOY,,0,0
1788471518.11,980.62,-0.00,0.00,DEPLOY,,0,0
1788471518.22,980.72,0.00,0.00,DEPLOY,,0,0
1788471518.32,980.82,0.01,0.00,DEPLOY,,0,0
1788471518.42,980.92,-0.00,0.00,DEPLOY,,0,0
1788471518.52,981.02,0.00,0.00,DEPLOY,,0,0
1788471518.62,981.12,0.01,0.00,DEPLOY,,0,0
1788471518.72,981.22,0.00,0.00,DEPLOY,,0,0
1788471518.82,981.32,0.01,0.00,DEPLOY,,0,0
1788471518.92,981.42,0.01,0.00,DEPLOY,,0,0
1788471519.02,981.52,0.00,0.00,DEPLOY,,0,0
1788471519.12,981.62,0.00,0.00,DEPLOY,,0,0
1788471519.22,981.72,0.00,0.00,DEPLOY,,0,0
1788471519.32,981.82,0.00,0.00,DEPLOY,,0,0
1788471519.42,981.92,0.00,0.00,DEPLOY,,0,0
1788471519.52,982.02,0.01,0.00,DEPLOY,,0,0
1788471519.63,982.12,-0.00,0.00,DEPLOY,,0,0
1788471519.73,982.22,0.01,0.00,DEPLOY,,0,0
1788471519.83,982.32,0.00,0.00,DEPLOY,,0,0
1788471519.93,982.42,0.00,0.00,DEPLOY,,0,0
1788471520.03,982.52,0.01,0.00,DEPLOY,,0,0
1788471520.13,982.62,0.01,0.00,DEPLOY,,0,0
1788471520.23,982.72,-0.00,0.00,DEPLOY,,0,0
1788471520.33,982.82,0.00,0.00,DEPLOY,,0,0
1788471520.43,982.92,-0.00,0.00,DEPLOY,,0,0
1788471520.53,983.02,0.00,0.00,DEPLOY,,0,0
1788471520.63,983.12,-0.00,0.00,DEPLOY,,0,0
1788471520.73,983.22,0.00,0.00,DEPLOY,,0,0
1788471520.84,983.32,0.00,0.00,DEPLOY,,0,0
1788471520.94,983.42,-0.00,0.00,DEPLOY,,0,0
1788471521.04,983.52,0.00,0.00,DEPLOY,,0,0
1788471521.14,983.62,0.00,0.00,DEPLOY,,0,0
1788471521.24,983.72,0.00,0.00,DEPLOY,,0,0
1788471521.34,983.82,-0.00,0.00,DEPLOY,,0,0
1788471521.44,983.92,0.01,0.00,DEPLOY,,0,0
1788471521.54,984.02,0.00,0.00,DEPLOY,,0,0
1788471521.64,984.12,-0.00,0.00,DEPLOY,,0,0
1788471521.74,984.22,0.00,0.00,DEPLOY,,0,0
1788471521.84,984.32,0.01,0.00,DEPLOY,,0,0
1788471521.95,984.42,-0.00,0.00,DEPLOY,,0,0
1788471522.05,984.52,0.01,0.00,DEPLOY,,0,0
1788471522.15,984.62,0.01,0.00,DEPLOY,,0,0
1788471522.25,984.72,0.00,0.00,DEPLOY,,0,0
1788471522.35,984.82,-0.00,0.00,DEPLOY,,0,0
1788471522.45,984.92,0.00,0.00,DEPLOY,,0,0
1788471522.56,985.02,-0.00,0.00,DEPLOY,,0,0
1788471522.65,985.12,-0.00,0.00,DEPLOY,,0,0
1788471522.75,985.22,-0.01,0.00,DEPLOY,,0,0
1788471522.86,985.32,0.00,0.00,DEPLOY,,0,0
1788471522.96,985.42,0.00,0.00,DEPLOY,,0,0
1788471523.06,985.52,0.00,0.00,DEPLOY,,0,0
1788471523.16,985.62,0.00,0.00,DEPLOY,,0,0
1788471523.26,985.72,0.00,0.00,DEPLOY,,0,0
1788471523.36,985.82,0.01,0.00,DEPLOY,,0,0
1788471523.46,985.92,0.01,0.00,DEPLOY,,0,0
1788471523.56,986.02,0.00,0.00,DEPLOY,,0,0
1788471523.66,986.12,0.00,0.00,DEPLOY,,0,0
1788471523.76,986.22,-0.00,0.00,DEPLOY,,0,0
1788471523.86,986.32,0.00,0.00,DEPLOY,,0,0
1788471523.96,986.42,-0.00,0.00,DEPLOY,,0,0
1788471524.06,986.52,0.00,0.00,DEPLOY,,0,0
1788471524.17,986.62,0.01,0.00,DEPLOY,,0,0
1788471524.27,986.72,0.01,0.00,DEPLOY,,0,0
1788471524.37,986.82,0.01,0.00,DEPLOY,,0,1
1788471524.47,986.92,0.00,0.00,DEPLOY,,0,0
1788471524.57,987.02,0.01,0.00,DEPLOY,,0,0
1788471524.68,987.12,0.01,0.00,DEPLOY,,0,0
1788471524.78,987.22,0.01,0.00,DEPLOY,,0,0
1788471524.88,987.32,-0.00,0.00,DEPLOY,,0,0
1788471524.98,987.42,0.00,0.00,DEPLOY,,0,0
1788471525.08,987.52,-0.00,0.00,DEPLOY,,0,0
1788471525.18,987.62,-0.00,0.00,DEPLOY,,0,0
1788471525.28,987.72,0.00,0.00,DEPLOY,,0,0
1788471525.38,987.82,0.01,0.00,DEPLOY,,0,0
1788471525.48,987.92,-0.00,0.00,DEPLOY,,0,0
1788471525.59,988.02,-0.00,0.00,DEPLOY,,0,0
1788471525.69,988.12,0.01,0.00,DEPLOY,,0,0
1788471525.79,988.22,0.01,0.00,DEPLOY,,0,0
1788471525.89,988.32,0.00,0.00,DEPLOY,,0,0
1788471525.99,988.42,-0.00,0.00,DEPLOY,,0,0
1788471526.09,988.52,-0.01,0.00,DEPLOY,,0,0
1788471526.19,988.62,0.00,0.00,DEPLOY,,0,0
1788471526.29,988.72,0.00,0.00,DEPLOY,,0,0
1788471526.39,988.82,-0.00,0.00,DEPLOY,,0,0
1788471526.50,988.92,-0.00,0.00,DEPLOY,,0,0
1788471526.60,989.02,-0.00,0.00,DEPLOY,,0,0
1788471526.70,989.12,0.01,0.00,DEPLOY,,0,0
1788471526.80,989.22,-0.00,0.00,DEPLOY,,0,0
1788471526.90,989.32,0.00,0.00,DEPLOY,,0,0
1788471527.00,989.42,0.00,0.00,DEPLOY,,0,0
1788471527.10,989.52,-0.00,0.00,DEPLOY,,0,0
1788471527.20,989.62,0.00,0.00,DEPLOY,,0,0
1788471527.30,989.72,-0.00,0.00,DEPLOY,,0,0
1788471527.40,989.82,0.00,0.00,DEPLOY,,0,0
1788471527.50,989.92,-0.00,0.00,DEPLOY,,0,0
1788471527.60,990.02,0.01,0.00,DEPLOY,,0,0
1788471527.71,990.12,0.01,0.00,DEPLOY,,0,0
1788471527.80,990.22,-0.00,0.00,DEPLOY,,0,0
1788471527.91,990.32,-0.00,0.00,DEPLOY,,0,0
1788471528.01,990.42,-0.00,0.00,DEPLOY,,0,0
1788471528.11,990.52,0.00,0.00,DEPLOY,,0,0
1788471528.21,990.62,-0.00,0.00,DEPLOY,,0,0
1788471528.31,990.72,0.01,0.00,DEPLOY,,0,0
1788471528.41,990.82,-0.00,0.00,DEPLOY,,0,0
1788471528.51,990.92,0.00,0.00,DEPLOY,,0,0
1788471528.61,991.02,-0.00,0.00,DEPLOY,,0,0
1788471528.71,991.12,-0.00,0.00,DEPLOY,,0,0
1788471528.81,991.22,0.01,0.00,DEPLOY,,0,0
1788471528.91,991.32,0.00,0.00,DEPLOY,,0,0
1788471529.01,991.42,0.01,0.00,DEPLOY,,0,0
1788471529.12,991.52,0.01,0.00,DEPLOY,,0,0
1788471529.22,991.62,0.00,0.00,DEPLOY,,0,0
1788471529.32,991.72,0.01,0.00,DEPLOY,,0,0
1788471529.42,991.82,0.00,0.00,DEPLOY,,0,0
1788471529.52,991.92,-0.00,0.00,DEPLOY,,0,0
1788471529.62,992.02,0.00,0.00,DEPLOY,,0,0
1788471529.72,992.12,0.00,0.00,DEPLOY,,0,0
1788471529.82,992.22,0.01,0.00,DEPLOY,,0,0
1788471529.92,992.32,0.00,0.00,DEPLOY,,0,0
1788471530.03,992.42,0.01,0.00,DEPLOY,,0,0
1788471530.12,992.52,0.00,0.00,DEPLOY,,0,0
1788471530.23,992.62,-0.00,0.00,DEPLOY,,0,0
1788471530.33,992.72,0.01,0.00,DEPLOY,,0,0
1788471530.43,992.82,0.01,0.00,DEPLOY,,0,0
1788471530.53,992.92,0.00,0.00,DEPLOY,,0,0
1788471530.63,993.02,0.01,0.00,DEPLOY,,0,0
1788471530.73,993.12,0.00,0.00,DEPLOY,,0,0
1788471530.83,993.22,-0.00,0.00,DEPLOY,,0,0
1788471530.93,993.32,0.01,0.00,DEPLOY,,0,0
1788471531.03,993.42,0.00,0.00,DEPLOY,,0,0
1788471531.14,993.52,-0.00,0.00,DEPLOY,,0,0
1788471531.24,993.62,-0.00,0.00,DEPLOY,,0,0
1788471531.34,993.72,0.01,0.00,DEPLOY,,0,0
1788471531.44,993.82,-0.00,0.00,DEPLOY,,0,0
1788471531.54,993.92,0.01,0.00,DEPLOY,,0,0
1788471531.64,994.02,-0.00,0.00,DEPLOY,,0,0
1788471531.74,994.12,0.00,0.00,DEPLOY,,0,0
1788471531.84,994.22,0.00,0.00,DEPLOY,,0,0
1788471531.94,994.32,0.00,0.00,DEPLOY,,0,0
1788471532.04,994.42,-0.00,0.00,DEPLOY,,0,0
1788471532.15,994.52,0.00,0.00,DEPLOY,,0,0
1788471532.25,994.62,0.01,0.00,DEPLOY,,0,0
1788471532.35,994.72,0.01,0.00,DEPLOY,,0,0
1788471532.45,994.82,0.00,0.00,DEPLOY,,0,0
1788471532.55,994.92,0.01,0.00,DEPLOY,,0,0
1788471532.65,995.02,0.00,0.00,DEPLOY,,0,0
1788471532.75,995.12,-0.00,0.00,DEPLOY,,0,0
1788471532.85,995.22,0.00,0.00,DEPLOY,,0,0
1788471532.96,995.32,0.00,0.00,DEPLOY,,0,0
1788471533.06,995.42,0.00,0.00,DEPLOY,,0,0
1788471533.16,995.52,0.00,0.00,DEPLOY,,0,0
1788471533.26,995.62,0.01,0.00,DEPLOY,,0,0
1788471533.36,995.72,-0.00,0.00,DEPLOY,,0,0
1788471533.46,995.82,-0.00,0.00,DEPLOY,,0,0
1788471533.56,995.92,-0.00,0.00,DEPLOY,,0,0
1788471533.66,996.02,0.01,0.00,DEPLOY,,0,0
1788471533.77,996.12,0.00,0.00,DEPLOY,,0,0
1788471533.87,996.22,0.01,0.00,DEPLOY,,0,0
1788471533.97,996.32,0.00,0.00,DEPLOY,,0,0
1788471534.07,996.42,0.00,0.00,DEPLOY,,0,0
1788471534.17,996.52,-0.00,0.00,DEPLOY,,0,0
1788471534.27,996.62,-0.00,0.00,DEPLOY,,0,0
1788471534.38,996.72,0.00,0.00,DEPLOY,,0,0
1788471534.48,996.82,-0.00,0.00,DEPLOY,,0,0
1788471534.58,996.92,0.01,0.00,DEPLOY,,0,0
1788471534.68,997.02,0.00,0.00,DEPLOY,,0,0
1788471534.78,997.12,0.01,0.00,DEPLOY,,0,0
1788471534.88,997.22,0.00,0.00,MANIPULATE,,0,0
1788471534.98,997.32,0.01,0.00,MANIPULATE,,0,0
1788471535.08,997.42,0.01,0.00,MANIPULATE,,0,0
1788471535.18,997.52,-0.00,0.00,MANIPULATE,,0,0
1788471535.28,997.62,0.00,0.00,MANIPULATE,,0,0
1788471535.38,997.72,0.01,0.00,MANIPULATE,,0,0
1788471535.48,997.82,0.00,0.00,MANIPULATE,,0,0
1788471535.59,997.92,0.01,0.00,MANIPULATE,,0,0
1788471535.68,998.02,0.00,0.00,MANIPULATE,,0,0
1788471535.79,998.12,-0.00,0.00,MANIPULATE,,0,0
1788471535.89,998.22,-0.01,0.00,MANIPULATE,,0,0
1788471535.99,998.32,0.00,0.00,MANIPULATE,,0,0
1788471536.09,998.42,-0.00,0.00,MANIPULATE,,0,0
1788471536.19,998.52,0.01,0.00,MANIPULATE,,0,0
1788471536.29,998.62,0.01,0.00,MANIPULATE,,0,0
1788471536.39,998.72,0.00,0.00,MANIPULATE,,0,0
1788471536.50,998.82,0.00,0.00,MANIPULATE,,0,0
1788471536.60,998.92,0.01,0.00,MANIPULATE,,0,0
1788471536.70,999.02,0.00,0.00,MANIPULATE,,0,0
1788471536.80,999.12,0.01,0.00,MANIPULATE,,0,0
1788471536.90,999.22,0.00,0.00,MANIPULATE,,0,0
1788471537.00,999.32,0.00,0.00,MANIPULATE,,0,0
1788471537.10,999.42,-0.00,0.00,MANIPULATE,,0,0
1788471537.21,999.52,-0.00,0.00,MANIPULATE,,0,0
1788471537.31,999.62,0.01,0.00,MANIPULATE,,0,0
1788471537.40,999.72,-0.00,0.00,MANIPULATE,,0,0
1788471537.51,999.82,-0.00,0.00,MANIPULATE,,0,0
1788471537.61,999.92,0.00,0.00,MANIPULATE,,0,0
1788471537.71,1000.02,0.00,0.00,MANIPULATE,,0,0
1788471537.81,1000.12,-0.00,0.00,MANIPULATE,,0,0
1788471537.91,1000.22,0.01,0.00,MANIPULATE,,0,0
1788471538.02,1000.32,-0.00,0.00,MANIPULATE,,0,0
1788471538.12,1000.42,0.01,0.00,MANIPULATE,,0,0
1788471538.22,1000.52,0.00,0.00,MANIPULATE,,0,0
1788471538.32,1000.62,0.00,0.00,MANIPULATE,,0,0
1788471538.42,1000.72,-0.00,0.00,MANIPULATE,,0,0
1788471538.52,1000.82,0.01,0.00,MANIPULATE,orienta,0,0
1788471538.62,1000.92,-0.00,0.00,MANIPULATE,orienta,0,0
1788471538.72,1001.02,0.00,0.00,MANIPULATE,orienta,0,0
1788471538.82,1001.12,0.00,0.00,MANIPULATE,orienta,0,0
1788471538.92,1001.22,0.00,0.00,MANIPULATE,orienta,0,0
1788471539.02,1001.32,0.00,0.00,MANIPULATE,orienta,0,0
1788471539.12,1001.42,-0.00,0.00,MANIPULATE,orienta,0,0
1788471539.22,1001.52,0.00,0.00,MANIPULATE,orienta,0,0
1788471539.32,1001.62,0.01,0.00,MANIPULATE,orienta,0,0
1788471539.43,1001.72,0.00,0.00,MANIPULATE,orienta,0,0
1788471539.53,1001.82,0.01,0.00,MANIPULATE,orienta,0,0
1788471539.63,1001.92,0.00,0.00,MANIPULATE,orienta,0,0
1788471539.73,1002.02,-0.00,0.00,MANIPULATE,orienta,0,0
1788471539.83,1002.12,-0.00,0.00,MANIPULATE,orienta,0,0
1788471539.93,1002.22,0.01,0.00,MANIPULATE,orienta,0,0
1788471540.03,1002.32,0.00,0.00,MANIPULATE,orienta,0,0
1788471540.13,1002.42,0.00,0.00,MANIPULATE,orienta,0,0
1788471540.23,1002.52,0.01,0.00,MANIPULATE,orienta,0,0
1788471540.33,1002.62,0.00,0.00,MANIPULATE,orienta,0,0
1788471540.43,1002.72,0.00,0.00,MANIPULATE,orienta,0,0
1788471540.54,1002.82,0.01,0.00,MANIPULATE,orienta,0,0
1788471540.64,1002.92,0.00,0.00,MANIPULATE,orienta,0,0
1788471540.74,1003.02,-0.00,0.00,MANIPULATE,orienta,0,0
1788471540.84,1003.12,0.00,0.00,MANIPULATE,orienta,0,0
1788471540.94,1003.22,0.01,0.00,MANIPULATE,orienta,0,0
1788471541.04,1003.32,0.00,0.00,MANIPULATE,orienta,0,0
1788471541.14,1003.42,0.01,0.00,MANIPULATE,orienta,0,0
1788471541.24,1003.52,-0.00,0.00,MANIPULATE,orienta,0,0
1788471541.34,1003.62,-0.00,0.00,MANIPULATE,orienta,0,0
1788471541.44,1003.72,-0.00,0.00,MANIPULATE,orienta,0,0
1788471541.54,1003.82,0.00,0.00,MANIPULATE,orienta,0,0
1788471541.64,1003.92,-0.00,0.00,MANIPULATE,orienta,0,0
1788471541.74,1004.02,0.01,0.00,MANIPULATE,aproxima_lateral,0,0
1788471541.84,1004.12,0.01,0.00,MANIPULATE,aproxima_lateral,0,0
1788471541.94,1004.22,-0.00,0.00,MANIPULATE,aproxima_lateral,0,0
1788471542.04,1004.32,-0.00,0.00,MANIPULATE,aproxima_lateral,0,0
1788471542.15,1004.42,0.00,0.00,MANIPULATE,aproxima_lateral,0,0
1788471542.25,1004.52,0.01,0.00,MANIPULATE,aproxima_lateral,0,0
1788471542.35,1004.62,0.01,0.00,MANIPULATE,aproxima_lateral,0,0
1788471542.45,1004.72,0.01,0.00,MANIPULATE,aproxima_lateral,0,0
1788471542.56,1004.82,-0.00,0.00,MANIPULATE,aproxima_lateral,0,0
1788471542.66,1004.92,-0.00,0.00,MANIPULATE,aproxima_lateral,0,0
1788471542.76,1005.02,0.00,0.00,MANIPULATE,aproxima_lateral,0,0
1788471542.86,1005.12,-0.00,0.00,MANIPULATE,aproxima_lateral,0,0
1788471542.96,1005.22,0.00,0.00,MANIPULATE,aproxima_lateral,0,0
1788471543.06,1005.32,0.00,0.00,MANIPULATE,aproxima_lateral,0,0
1788471543.16,1005.42,0.00,0.00,MANIPULATE,aproxima_lateral,0,0
1788471543.26,1005.52,-0.00,0.00,MANIPULATE,aproxima_lateral,0,0
1788471543.36,1005.62,0.00,0.00,MANIPULATE,aproxima_lateral,0,0
1788471543.47,1005.72,-0.00,0.00,MANIPULATE,aproxima_lateral,0,0
1788471543.57,1005.82,0.01,0.00,MANIPULATE,aproxima_lateral,0,0
1788471543.67,1005.92,-0.00,0.00,MANIPULATE,aproxima_lateral,0,0
1788471543.77,1006.02,0.01,0.00,MANIPULATE,aproxima_lateral,0,0
1788471543.87,1006.12,0.01,0.00,MANIPULATE,aproxima_lateral,0,0
1788471543.97,1006.22,0.00,0.00,MANIPULATE,aproxima_lateral,0,0
1788471544.07,1006.32,0.01,0.00,MANIPULATE,aproxima_lateral,0,0
1788471544.18,1006.42,0.01,0.00,MANIPULATE,aproxima_lateral,0,0
1788471544.28,1006.52,0.00,0.00,MANIPULATE,aproxima_lateral,0,0
1788471544.38,1006.62,0.01,0.00,MANIPULATE,aproxima_lateral,0,0
1788471544.48,1006.72,0.00,0.00,MANIPULATE,aproxima_lateral,0,0
1788471544.58,1006.82,0.01,0.01,MANIPULATE,aproxima_lateral,0,0
1788471544.68,1006.92,-0.00,0.01,MANIPULATE,aproxima_lateral,0,0
1788471544.78,1007.02,-0.00,0.00,MANIPULATE,aproxima_lateral,0,0
1788471544.88,1007.12,-0.00,0.00,MANIPULATE,aproxima_lateral,0,0
1788471544.98,1007.22,-0.01,-0.00,MANIPULATE,aproxima_lateral,0,0
1788471545.08,1007.32,0.00,-0.00,MANIPULATE,aproxima_lateral,0,0
1788471545.18,1007.42,-0.00,0.00,MANIPULATE,aproxima_lateral,0,0
1788471545.28,1007.52,-0.00,0.00,MANIPULATE,aproxima_lateral,0,0
1788471545.38,1007.62,-0.01,-0.00,MANIPULATE,aproxima_lateral,0,0
1788471545.49,1007.72,-0.00,-0.00,MANIPULATE,aproxima_lateral,0,0
1788471545.59,1007.82,0.00,-0.00,MANIPULATE,atravessa,0,0
1788471545.69,1007.92,-0.00,-0.00,MANIPULATE,atravessa,0,0
1788471545.79,1008.02,-0.00,-0.00,MANIPULATE,atravessa,0,0
1788471545.90,1008.12,-0.01,-0.00,MANIPULATE,atravessa,0,0
1788471546.00,1008.22,-0.01,-0.00,MANIPULATE,atravessa,0,0
1788471546.10,1008.32,-0.00,0.00,MANIPULATE,atravessa,0,0
1788471546.20,1008.42,-0.00,-0.00,MANIPULATE,atravessa,0,0
1788471546.30,1008.52,0.01,0.51,MANIPULATE,atravessa,0,0
1788471546.40,1008.62,0.91,0.43,MANIPULATE,atravessa,0,0
1788471546.50,1008.72,-0.00,0.42,MANIPULATE,atravessa,0,0
1788471546.60,1008.82,0.00,0.43,MANIPULATE,atravessa,0,0
1788471546.71,1008.92,-0.00,0.43,MANIPULATE,atravessa,0,0
1788471546.81,1009.02,-0.00,0.43,MANIPULATE,atravessa,0,0
1788471546.91,1009.12,-0.00,0.44,MANIPULATE,atravessa,0,0
1788471547.01,1009.22,-0.00,0.44,MANIPULATE,atravessa,0,0
1788471547.11,1009.32,0.00,0.44,MANIPULATE,atravessa,0,0
1788471547.22,1009.42,-0.00,0.42,MANIPULATE,atravessa,0,0
1788471547.32,1009.52,-0.00,0.41,MANIPULATE,atravessa,0,0
1788471547.42,1009.62,0.01,0.40,MANIPULATE,atravessa,0,0
1788471547.52,1009.72,0.01,0.38,MANIPULATE,atravessa,0,0
1788471547.62,1009.82,0.01,0.37,MANIPULATE,captura,0,0
1788471547.72,1009.92,-0.00,0.35,MANIPULATE,captura,0,0
1788471547.82,1010.02,0.00,0.33,MANIPULATE,captura,0,0
1788471547.93,1010.12,0.01,0.31,MANIPULATE,captura,0,0
1788471548.03,1010.22,-0.00,0.29,MANIPULATE,captura,0,0
1788471548.13,1010.32,0.01,0.26,MANIPULATE,captura,0,0
1788471548.23,1010.42,0.01,0.23,MANIPULATE,destrava,0,0
1788471548.33,1010.52,0.01,0.21,MANIPULATE,destrava,0,0
1788471548.43,1010.62,0.25,0.20,MANIPULATE,destrava,1,1
1788471548.53,1010.72,0.73,0.20,MANIPULATE,destrava,2,2
1788471548.64,1010.82,1.13,0.19,MANIPULATE,destrava,2,2
1788471548.74,1010.92,1.61,0.19,MANIPULATE,destrava,2,2
1788471548.84,1011.02,2.14,0.18,MANIPULATE,destrava,2,2
1788471548.94,1011.12,2.68,0.17,MANIPULATE,destrava,2,2
1788471549.04,1011.22,3.19,0.16,MANIPULATE,destrava,2,2
1788471549.14,1011.32,3.66,0.16,MANIPULATE,destrava,2,2
1788471549.24,1011.42,4.10,0.15,MANIPULATE,destrava,2,2
1788471549.34,1011.52,4.73,0.14,MANIPULATE,destrava,2,2
1788471549.44,1011.62,5.29,0.13,MANIPULATE,destrava,2,2
1788471549.54,1011.72,5.74,0.12,MANIPULATE,destrava,2,2
1788471549.65,1011.82,5.99,0.11,MANIPULATE,destrava,2,2
1788471549.75,1011.92,6.65,0.11,MANIPULATE,destrava,2,2
1788471549.85,1012.02,7.73,0.10,MANIPULATE,destrava,2,2
1788471549.95,1012.12,8.44,0.10,MANIPULATE,destrava,2,2
1788471550.05,1012.22,8.98,0.12,MANIPULATE,destrava,2,2
1788471550.15,1012.32,9.56,0.18,MANIPULATE,destrava,2,2
1788471550.25,1012.42,10.09,0.27,MANIPULATE,destrava,2,2
1788471550.35,1012.52,10.53,0.38,MANIPULATE,destrava,2,2
1788471550.46,1012.62,11.04,0.49,MANIPULATE,destrava,2,2
1788471550.56,1012.72,11.27,0.58,MANIPULATE,destrava,2,2
1788471550.66,1012.82,11.23,0.58,MANIPULATE,destrava,2,2
1788471550.76,1012.92,11.27,0.58,MANIPULATE,destrava,2,2
1788471550.86,1013.02,11.28,0.59,MANIPULATE,destrava,2,2
1788471550.96,1013.12,11.07,0.58,MANIPULATE,destrava,2,2
1788471551.06,1013.22,10.70,0.58,MANIPULATE,destrava,2,2
1788471551.16,1013.32,10.17,0.58,MANIPULATE,destrava,3,3
1788471551.27,1013.42,9.70,0.58,MANIPULATE,destrava,1,1
1788471551.37,1013.52,9.22,0.57,MANIPULATE,destrava,2,2
1788471551.47,1013.62,9.10,0.49,MANIPULATE,destrava,3,3
1788471551.57,1013.72,10.12,0.47,MANIPULATE,destrava,2,2
1788471551.67,1013.82,10.85,0.44,MANIPULATE,destrava,2,2
1788471551.77,1013.92,10.73,0.41,MANIPULATE,destrava,2,2
1788471551.87,1014.02,11.16,0.41,MANIPULATE,destrava,1,1
1788471551.97,1014.12,11.31,0.40,MANIPULATE,destrava,2,2
1788471552.07,1014.22,11.47,0.38,MANIPULATE,destrava,2,2
1788471552.17,1014.32,11.58,0.35,MANIPULATE,destrava,2,2
1788471552.28,1014.42,11.92,0.32,MANIPULATE,destrava,2,2
1788471552.37,1014.52,11.93,0.29,MANIPULATE,destrava,2,2
1788471552.47,1014.62,12.12,0.25,MANIPULATE,destrava,2,2
1788471552.58,1014.72,12.13,0.21,MANIPULATE,destrava,2,2
1788471552.68,1014.82,12.29,0.18,MANIPULATE,destrava,2,2
1788471552.77,1014.92,12.55,0.16,MANIPULATE,destrava,2,2
1788471552.88,1015.02,12.56,0.14,MANIPULATE,destrava,2,2
1788471552.98,1015.12,12.86,0.10,MANIPULATE,destrava,3,3
1788471553.08,1015.22,12.84,0.08,MANIPULATE,destrava,1,1
1788471553.18,1015.32,12.76,0.01,MANIPULATE,destrava,2,2
1788471553.28,1015.42,12.71,-0.00,MANIPULATE,destrava,2,2
1788471553.38,1015.52,12.79,0.00,MANIPULATE,destrava,2,2
1788471553.48,1015.62,12.67,-0.01,MANIPULATE,destrava,3,3
1788471553.58,1015.72,12.77,0.00,MANIPULATE,destrava,1,1
1788471553.68,1015.82,12.62,-0.01,MANIPULATE,destrava,2,2
1788471553.78,1015.92,12.71,0.00,MANIPULATE,destrava,2,2
1788471553.88,1016.02,12.62,-0.00,MANIPULATE,destrava,2,2
1788471553.98,1016.12,12.74,0.00,MANIPULATE,destrava,2,2
1788471554.09,1016.22,12.68,-0.00,MANIPULATE,destrava,2,2
1788471554.18,1016.32,12.59,-0.00,MANIPULATE,destrava,2,2
1788471554.29,1016.42,12.62,0.00,MANIPULATE,destrava,2,2
1788471554.39,1016.52,12.50,-0.01,MANIPULATE,destrava,2,2
1788471554.49,1016.62,12.54,0.02,MANIPULATE,destrava,2,2
1788471554.59,1016.72,12.55,-0.00,MANIPULATE,destrava,2,2
1788471554.69,1016.82,12.36,0.00,MANIPULATE,destrava,2,2
1788471554.79,1016.92,12.54,0.04,MANIPULATE,destrava,2,2
1788471554.89,1017.02,12.40,-0.01,MANIPULATE,destrava,2,2
1788471554.99,1017.12,12.41,0.01,MANIPULATE,destrava,2,2
1788471555.09,1017.22,12.47,-0.01,MANIPULATE,destrava,2,2
1788471555.19,1017.32,12.28,-0.00,MANIPULATE,destrava,2,2
1788471555.29,1017.42,12.31,0.03,MANIPULATE,destrava,2,2
1788471555.39,1017.52,12.33,0.01,MANIPULATE,destrava,2,2
1788471555.49,1017.62,12.20,0.00,MANIPULATE,destrava,3,3
1788471555.59,1017.72,12.29,0.05,MANIPULATE,destrava,1,1
1788471555.69,1017.82,12.13,-0.01,MANIPULATE,destrava,2,2
1788471555.79,1017.92,12.17,0.04,MANIPULATE,destrava,2,2
1788471555.90,1018.02,12.17,0.02,MANIPULATE,destrava,3,3
1788471556.00,1018.12,12.04,-0.00,MANIPULATE,destrava,1,1
1788471556.10,1018.22,12.20,0.06,MANIPULATE,destrava,2,2
1788471556.20,1018.32,12.26,-0.00,MANIPULATE,destrava,2,2
1788471556.30,1018.42,12.24,-0.00,MANIPULATE,destrava,2,2
1788471556.40,1018.52,12.31,-0.01,MANIPULATE,destrava,2,2
1788471556.51,1018.62,12.10,-0.01,MANIPULATE,destrava,2,2
1788471556.60,1018.72,12.22,0.04,MANIPULATE,destrava,2,2
1788471556.70,1018.82,12.14,-0.00,MANIPULATE,destrava,2,2
1788471556.81,1018.92,12.27,0.07,MANIPULATE,destrava,2,2
1788471556.91,1019.02,12.19,-0.01,MANIPULATE,destrava,2,2
1788471557.01,1019.12,12.15,0.01,MANIPULATE,destrava,2,2
1788471557.11,1019.22,12.16,-0.01,MANIPULATE,destrava,2,2
1788471557.21,1019.32,11.98,-0.01,MANIPULATE,destrava,2,2
1788471557.31,1019.42,12.07,0.01,MANIPULATE,destrava,2,2
1788471557.41,1019.52,12.08,-0.01,MANIPULATE,destrava,2,2
1788471557.51,1019.62,12.07,0.01,MANIPULATE,destrava,2,2
1788471557.61,1019.72,12.10,-0.00,MANIPULATE,destrava,2,2
1788471557.71,1019.82,12.10,-0.01,MANIPULATE,destrava,2,2
1788471557.81,1019.92,12.08,-0.01,MANIPULATE,destrava,2,2
1788471557.91,1020.02,11.81,-0.01,MANIPULATE,destrava,2,2
1788471558.01,1020.12,11.82,-0.00,MANIPULATE,destrava,3,3
1788471558.11,1020.22,11.85,-0.00,MANIPULATE,destrava,1,1
1788471558.21,1020.32,11.94,0.01,MANIPULATE,destrava,1,1
1788471558.32,1020.42,11.97,-0.00,MANIPULATE,destrava,2,2
1788471558.42,1020.52,11.98,-0.00,MANIPULATE,destrava,2,2
1788471558.52,1020.62,11.98,-0.00,MANIPULATE,destrava,2,2
1788471558.62,1020.72,11.98,-0.01,MANIPULATE,destrava,2,2
1788471558.72,1020.82,11.71,-0.01,MANIPULATE,destrava,2,2
1788471558.82,1020.92,11.68,0.00,MANIPULATE,destrava,2,2
1788471558.92,1021.02,11.72,-0.00,MANIPULATE,destrava,2,2
1788471559.02,1021.12,11.69,-0.00,MANIPULATE,destrava,2,2
1788471559.12,1021.22,11.73,-0.01,MANIPULATE,destrava,2,2
1788471559.22,1021.32,11.51,-0.01,MANIPULATE,destrava,2,2
1788471559.32,1021.42,11.61,-0.00,MANIPULATE,destrava,2,2
1788471559.42,1021.52,11.66,0.00,MANIPULATE,destrava,3,3
1788471559.53,1021.62,11.77,-0.00,MANIPULATE,destrava,1,1
1788471559.63,1021.72,11.78,-0.00,MANIPULATE,destrava,2,2
1788471559.72,1021.82,11.79,-0.00,MANIPULATE,destrava,2,2
1788471559.83,1021.92,11.81,-0.01,MANIPULATE,destrava,2,2
1788471559.93,1022.02,11.47,-0.02,MANIPULATE,destrava,2,2
1788471560.03,1022.12,11.23,-0.01,MANIPULATE,destrava,2,2
1788471560.13,1022.22,11.30,0.00,MANIPULATE,destrava,2,2
1788471560.23,1022.32,11.37,-0.01,MANIPULATE,destrava,2,2
1788471560.33,1022.42,11.47,-0.02,MANIPULATE,destrava,2,2
1788471560.43,1022.52,11.18,-0.02,MANIPULATE,destrava,2,2
1788471560.53,1022.62,11.21,-0.01,MANIPULATE,destrava,3,3
1788471560.63,1022.72,11.31,-0.00,MANIPULATE,destrava,1,1
1788471560.73,1022.82,11.42,-0.00,MANIPULATE,destrava,2,2
1788471560.84,1022.92,11.48,0.00,MANIPULATE,destrava,2,2
1788471560.93,1023.02,11.57,-0.00,MANIPULATE,destrava,2,2
1788471561.03,1023.12,11.61,-0.01,MANIPULATE,destrava,2,2
1788471561.13,1023.22,11.49,-0.02,MANIPULATE,destrava,2,2
1788471561.23,1023.32,11.25,-0.02,MANIPULATE,destrava,2,2
1788471561.34,1023.42,11.19,-0.02,MANIPULATE,destrava,2,2
1788471561.44,1023.52,11.01,-0.01,MANIPULATE,destrava,2,2
1788471561.54,1023.62,11.11,-0.02,MANIPULATE,destrava,2,2
1788471561.63,1023.72,10.95,-0.02,MANIPULATE,destrava,2,2
1788471561.74,1023.82,11.00,-0.00,MANIPULATE,destrava,2,2
1788471561.84,1023.92,11.02,-0.02,MANIPULATE,destrava,3,3
1788471561.94,1024.02,10.84,-0.01,MANIPULATE,destrava,1,1
1788471562.04,1024.12,11.00,-0.01,MANIPULATE,destrava,2,2
1788471562.14,1024.22,10.96,-0.02,MANIPULATE,destrava,2,2
1788471562.24,1024.32,10.99,-0.00,MANIPULATE,destrava,2,2
1788471562.34,1024.42,11.10,-0.00,MANIPULATE,destrava,3,3
1788471562.44,1024.52,11.20,-0.00,MANIPULATE,destrava,1,1
1788471562.54,1024.62,11.30,-0.01,MANIPULATE,destrava,2,2
1788471562.64,1024.72,11.29,-0.01,MANIPULATE,destrava,2,2
1788471562.75,1024.82,11.05,-0.02,MANIPULATE,destrava,2,2
1788471562.85,1024.92,10.84,-0.03,MANIPULATE,destrava,2,2
1788471562.95,1025.02,10.61,-0.02,MANIPULATE,destrava,2,2
1788471563.05,1025.12,10.51,-0.00,MANIPULATE,destrava,2,2
1788471563.15,1025.22,10.69,-0.01,MANIPULATE,destrava,3,3
1788471563.25,1025.32,10.69,-0.02,MANIPULATE,destrava,1,1
1788471563.35,1025.42,10.56,-0.02,MANIPULATE,destrava,2,2
1788471563.45,1025.52,10.53,-0.01,MANIPULATE,destrava,2,2
1788471563.55,1025.62,10.66,-0.01,MANIPULATE,destrava,2,2
1788471563.65,1025.72,10.72,-0.01,MANIPULATE,destrava,3,3
1788471563.75,1025.82,10.64,-0.02,MANIPULATE,destrava,1,1
1788471563.85,1025.92,10.44,-0.01,MANIPULATE,destrava,2,2
1788471563.96,1026.02,10.52,-0.01,MANIPULATE,destrava,2,2
1788471564.05,1026.12,10.65,-0.01,MANIPULATE,destrava,2,2
1788471564.16,1026.22,10.60,-0.04,MANIPULATE,destrava,2,2
1788471564.26,1026.32,10.54,-0.00,MANIPULATE,destrava,2,2
1788471564.36,1026.42,10.68,-0.00,MANIPULATE,destrava,3,3
1788471564.46,1026.52,10.79,-0.02,MANIPULATE,destrava,1,1
1788471564.56,1026.62,10.45,-0.03,MANIPULATE,destrava,2,2
1788471564.66,1026.72,10.42,-0.01,MANIPULATE,destrava,2,2
1788471564.76,1026.82,10.54,-0.00,MANIPULATE,destrava,2,2
1788471564.86,1026.92,10.65,-0.00,MANIPULATE,destrava,2,2
1788471564.96,1027.02,10.59,-0.03,MANIPULATE,destrava,2,2
1788471565.06,1027.12,10.43,-0.02,MANIPULATE,destrava,2,2
1788471565.16,1027.22,10.48,-0.01,MANIPULATE,destrava,2,2
1788471565.26,1027.32,10.58,-0.01,MANIPULATE,destrava,2,2
1788471565.37,1027.42,10.67,-0.01,MANIPULATE,destrava,2,2
1788471565.46,1027.52,10.78,-0.00,MANIPULATE,destrava,2,2
1788471565.56,1027.62,10.95,-0.01,MANIPULATE,destrava,2,2
1788471565.66,1027.72,10.60,-0.03,MANIPULATE,destrava,3,3
1788471565.77,1027.82,10.37,-0.02,MANIPULATE,destrava,1,1
1788471565.86,1027.92,10.45,-0.01,MANIPULATE,destrava,3,3
1788471565.97,1028.02,10.25,-0.02,MANIPULATE,destrava,1,1
1788471566.07,1028.12,10.36,-0.01,MANIPULATE,destrava,2,2
1788471566.17,1028.22,10.50,-0.01,MANIPULATE,destrava,2,2
1788471566.27,1028.32,10.52,-0.01,MANIPULATE,destrava,2,2
1788471566.37,1028.42,10.58,-0.01,MANIPULATE,destrava,2,2
1788471566.47,1028.52,10.65,-0.02,MANIPULATE,destrava,3,3
1788471566.58,1028.62,10.81,-0.01,MANIPULATE,destrava,1,1
1788471566.68,1028.72,11.04,-0.01,MANIPULATE,destrava,2,2
1788471566.78,1028.82,11.15,-0.01,MANIPULATE,destrava,2,2
1788471566.88,1028.92,11.30,-0.01,MANIPULATE,destrava,2,2
1788471566.98,1029.02,11.50,-0.01,MANIPULATE,destrava,2,2
1788471567.08,1029.12,11.36,-0.03,MANIPULATE,destrava,2,2
1788471567.18,1029.22,11.11,-0.03,MANIPULATE,destrava,2,2
1788471567.28,1029.32,10.79,-0.03,MANIPULATE,destrava,2,2
1788471567.38,1029.42,10.53,-0.03,MANIPULATE,destrava,2,2
1788471567.48,1029.52,10.26,-0.03,MANIPULATE,destrava,2,2
1788471567.59,1029.62,10.33,0.01,MANIPULATE,destrava,2,2
1788471567.69,1029.72,10.41,-0.01,MANIPULATE,destrava,2,2
1788471567.79,1029.82,10.54,-0.00,MANIPULATE,destrava,2,2
1788471567.89,1029.92,10.46,-0.03,MANIPULATE,destrava,2,2
1788471567.99,1030.02,10.25,-0.07,MANIPULATE,destrava,2,2
1788471568.09,1030.12,10.47,0.00,MANIPULATE,destrava,2,2
1788471568.19,1030.22,10.59,-0.00,MANIPULATE,destrava,2,2
1788471568.29,1030.32,10.69,-0.02,MANIPULATE,destrava,3,3
1788471568.40,1030.42,10.85,-0.01,MANIPULATE,destrava,1,1
1788471568.50,1030.52,11.19,-0.01,MANIPULATE,destrava,3,3
1788471568.60,1030.62,11.22,-0.03,MANIPULATE,destrava,1,1
1788471568.70,1030.72,11.11,-0.02,MANIPULATE,destrava,2,2
1788471568.80,1030.82,11.04,-0.03,MANIPULATE,destrava,2,2
1788471568.90,1030.92,10.99,-0.03,MANIPULATE,destrava,2,2
1788471569.00,1031.02,10.91,-0.02,MANIPULATE,destrava,2,2
1788471569.10,1031.12,10.85,-0.03,MANIPULATE,destrava,2,2
1788471569.20,1031.22,10.84,-0.02,MANIPULATE,destrava,2,2
1788471569.30,1031.32,10.83,-0.02,MANIPULATE,destrava,2,2
1788471569.40,1031.42,10.88,-0.03,MANIPULATE,destrava,2,2
1788471569.50,1031.52,10.87,-0.03,MANIPULATE,destrava,2,2
1788471569.60,1031.62,10.88,-0.03,MANIPULATE,destrava,3,3
1788471569.70,1031.72,10.96,-0.02,MANIPULATE,destrava,1,1
1788471569.80,1031.82,11.08,-0.02,MANIPULATE,destrava,2,2
1788471569.91,1031.92,11.21,-0.02,MANIPULATE,destrava,2,2
1788471570.01,1032.02,11.28,-0.02,MANIPULATE,destrava,2,2
1788471570.11,1032.12,11.43,-0.03,MANIPULATE,destrava,2,2
1788471570.21,1032.22,11.52,-0.03,MANIPULATE,destrava,2,2
1788471570.31,1032.32,11.62,-0.03,MANIPULATE,destrava,2,2
1788471570.41,1032.42,11.77,-0.03,MANIPULATE,destrava,2,2
1788471570.51,1032.52,11.91,-0.03,MANIPULATE,destrava,2,2
1788471570.61,1032.62,12.09,-0.03,MANIPULATE,destrava,2,2
1788471570.71,1032.72,12.28,-0.02,MANIPULATE,destrava,2,2
1788471570.81,1032.82,12.50,-0.02,MANIPULATE,destrava,2,2
1788471570.91,1032.92,12.80,-0.02,MANIPULATE,destrava,3,3
1788471571.01,1033.02,13.14,-0.04,MANIPULATE,destrava,1,1
1788471571.11,1033.12,13.45,-0.05,MANIPULATE,destrava,2,2
1788471571.21,1033.22,13.97,-0.03,MANIPULATE,destrava,2,2
1788471571.31,1033.32,14.52,-0.02,MANIPULATE,destrava,2,2
1788471571.41,1033.42,14.96,-0.03,MANIPULATE,destrava,3,3
1788471571.51,1033.52,15.51,-0.01,MANIPULATE,destrava,1,1
1788471571.61,1033.62,15.80,-0.03,MANIPULATE,destrava,3,3
1788471571.71,1033.72,16.16,-0.02,MANIPULATE,destrava,2,2
1788471571.82,1033.82,16.65,-0.03,MANIPULATE,destrava,1,1
1788471571.91,1033.92,17.11,-0.05,MANIPULATE,destrava,3,3
1788471572.02,1034.02,17.45,-0.04,MANIPULATE,destrava,1,1
1788471572.12,1034.12,17.88,-0.03,MANIPULATE,destrava,2,2
1788471572.22,1034.22,18.31,-0.03,MANIPULATE,destrava,2,2
1788471572.32,1034.32,18.76,-0.05,MANIPULATE,destrava,2,2
1788471572.42,1034.42,19.14,-0.05,MANIPULATE,destrava,2,2
1788471572.52,1034.52,19.51,-0.04,MANIPULATE,destrava,2,2
1788471572.62,1034.62,20.02,-0.03,MANIPULATE,destrava,2,2
1788471572.72,1034.72,20.03,-0.03,MANIPULATE,destrava,2,2
1788471572.83,1034.82,20.03,-0.03,MANIPULATE,destrava,2,2
1788471572.92,1034.92,20.03,-0.03,MANIPULATE,destrava,2,2
1788471573.03,1035.02,20.02,-0.03,MANIPULATE,destrava,2,2
1788471573.13,1035.12,19.96,-0.01,MANIPULATE,destrava,2,2
1788471573.23,1035.22,20.01,-0.03,MANIPULATE,destrava,2,2
1788471573.33,1035.32,20.02,-0.03,MANIPULATE,destrava,2,2
1788471573.43,1035.42,20.01,-0.03,MANIPULATE,destrava,2,2
1788471573.53,1035.52,20.02,-0.03,MANIPULATE,destrava,2,2
1788471573.63,1035.62,20.00,-0.03,MANIPULATE,destrava,2,2
1788471573.73,1035.72,20.00,-0.03,MANIPULATE,destrava,2,2
1788471573.84,1035.82,20.00,-0.03,MANIPULATE,destrava,2,2
1788471573.93,1035.92,20.02,-0.04,MANIPULATE,destrava,2,2
1788471574.04,1036.02,19.99,-0.03,MANIPULATE,destrava,2,2
1788471574.13,1036.12,20.02,-0.00,MANIPULATE,destrava,2,2
1788471574.24,1036.22,20.01,-0.04,MANIPULATE,destrava,2,2
1788471574.33,1036.32,20.02,-0.02,MANIPULATE,destrava,2,2
1788471574.44,1036.42,20.01,-0.03,MANIPULATE,destrava,2,2
1788471574.54,1036.52,20.01,-0.03,MANIPULATE,destrava,2,2
1788471574.64,1036.62,20.04,-0.01,MANIPULATE,destrava,2,2
1788471574.74,1036.72,20.03,-0.04,MANIPULATE,destrava,2,2
1788471574.84,1036.82,20.02,-0.03,MANIPULATE,destrava,2,2
1788471574.94,1036.92,20.01,-0.03,MANIPULATE,destrava,2,2
1788471575.04,1037.02,20.01,-0.03,MANIPULATE,destrava,2,2
1788471575.14,1037.12,20.02,-0.03,MANIPULATE,destrava,2,2
1788471575.24,1037.22,20.03,-0.04,MANIPULATE,destrava,2,2
1788471575.34,1037.32,20.03,-0.03,MANIPULATE,destrava,2,2
1788471575.44,1037.42,20.02,-0.02,MANIPULATE,destrava,2,2
1788471575.54,1037.52,20.02,-0.05,MANIPULATE,destrava,2,2
1788471575.64,1037.62,20.03,-0.03,MANIPULATE,destrava,2,2
1788471575.74,1037.72,20.03,-0.03,MANIPULATE,destrava,2,2
1788471575.84,1037.82,20.02,-0.05,MANIPULATE,destrava,2,2
1788471575.94,1037.92,20.01,-0.04,MANIPULATE,destrava,2,2
1788471576.04,1038.02,20.02,-0.05,MANIPULATE,destrava,2,2
1788471576.14,1038.12,20.02,-0.03,MANIPULATE,destrava,2,2
1788471576.25,1038.22,20.02,-0.02,MANIPULATE,destrava,2,2
1788471576.35,1038.32,20.02,-0.02,MANIPULATE,destrava,2,2
1788471576.45,1038.42,20.01,-0.02,MANIPULATE,destrava,2,2
1788471576.55,1038.52,20.02,-0.05,MANIPULATE,destrava,2,2
1788471576.65,1038.62,20.01,-0.04,MANIPULATE,destrava,2,2
1788471576.75,1038.72,20.06,-0.04,MANIPULATE,destrava,2,2
1788471576.85,1038.82,20.01,-0.03,MANIPULATE,destrava,2,2
1788471576.95,1038.92,20.02,-0.02,MANIPULATE,destrava,2,2
1788471577.05,1039.02,20.02,-0.02,MANIPULATE,destrava,2,2
1788471577.15,1039.12,20.02,-0.04,MANIPULATE,destrava,2,2
1788471577.25,1039.22,20.01,-0.03,MANIPULATE,destrava,2,2
1788471577.35,1039.32,20.02,-0.04,MANIPULATE,destrava,2,2
1788471577.45,1039.42,20.03,-0.02,MANIPULATE,destrava,2,2
1788471577.55,1039.52,20.03,-0.04,MANIPULATE,destrava,2,2
1788471577.65,1039.62,20.03,-0.01,MANIPULATE,destrava,2,2
1788471577.75,1039.72,20.03,-0.01,MANIPULATE,destrava,2,2
1788471577.85,1039.82,20.02,-0.03,MANIPULATE,destrava,2,2
1788471577.95,1039.92,20.05,-0.05,MANIPULATE,destrava,3,3
1788471578.05,1040.02,20.06,-0.06,MANIPULATE,destrava,1,1
1788471578.15,1040.12,20.02,-0.02,MANIPULATE,destrava,2,2
1788471578.25,1040.22,20.06,-0.05,MANIPULATE,destrava,2,2
1788471578.35,1040.32,20.04,-0.05,MANIPULATE,destrava,3,3
1788471578.45,1040.42,20.05,-0.05,MANIPULATE,destrava,1,1
1788471578.55,1040.52,20.01,-0.04,MANIPULATE,destrava,3,3
1788471578.65,1040.62,20.05,-0.03,MANIPULATE,destrava,1,1
1788471578.75,1040.72,20.04,-0.04,MANIPULATE,destrava,2,2
1788471578.86,1040.82,20.07,-0.03,MANIPULATE,destrava,2,2
1788471578.95,1040.92,20.05,-0.04,MANIPULATE,destrava,2,2
1788471579.06,1041.02,20.01,-0.04,MANIPULATE,destrava,2,2
1788471579.16,1041.12,20.06,-0.03,MANIPULATE,destrava,2,2
1788471579.26,1041.22,20.01,-0.01,MANIPULATE,destrava,2,2
1788471579.36,1041.32,20.05,-0.04,MANIPULATE,destrava,2,2
1788471579.46,1041.42,20.03,-0.01,MANIPULATE,destrava,2,2
1788471579.56,1041.52,20.05,-0.03,MANIPULATE,destrava,2,2
1788471579.66,1041.62,20.01,-0.05,MANIPULATE,destrava,2,2
1788471579.76,1041.72,20.06,-0.03,MANIPULATE,destrava,2,2
1788471579.86,1041.82,20.06,-0.02,MANIPULATE,destrava,2,2
1788471579.96,1041.92,20.02,-0.01,MANIPULATE,destrava,2,2
1788471580.07,1042.02,20.03,-0.03,MANIPULATE,destrava,2,2
1788471580.16,1042.12,19.99,-0.04,MANIPULATE,destrava,2,2
1788471580.26,1042.22,20.02,-0.01,MANIPULATE,destrava,2,2
1788471580.37,1042.32,20.03,-0.04,MANIPULATE,destrava,2,2
1788471580.47,1042.42,20.06,-0.03,MANIPULATE,destrava,2,2
1788471580.57,1042.52,20.05,-0.04,MANIPULATE,destrava,2,2
1788471580.67,1042.62,20.02,-0.05,MANIPULATE,destrava,2,2
1788471580.77,1042.72,20.03,-0.04,MANIPULATE,destrava,2,2
1788471580.87,1042.82,20.01,-0.03,MANIPULATE,destrava,2,2
1788471580.97,1042.92,20.00,-0.03,MANIPULATE,destrava,2,2
1788471581.07,1043.02,20.02,-0.01,MANIPULATE,destrava,2,2
1788471581.17,1043.12,20.01,-0.01,MANIPULATE,destrava,2,2
1788471581.27,1043.22,20.05,-0.03,MANIPULATE,destrava,2,2
1788471581.37,1043.32,20.02,-0.03,MANIPULATE,destrava,2,2
1788471581.47,1043.42,20.05,-0.04,MANIPULATE,destrava,2,2
1788471581.57,1043.52,20.03,-0.05,MANIPULATE,destrava,2,2
1788471581.67,1043.62,20.01,-0.03,MANIPULATE,destrava,2,2
1788471581.77,1043.72,20.03,-0.02,MANIPULATE,destrava,2,2
1788471581.87,1043.82,20.06,-0.02,MANIPULATE,destrava,2,2
1788471581.97,1043.92,20.01,-0.02,MANIPULATE,destrava,2,2
1788471582.08,1044.02,20.01,-0.02,MANIPULATE,destrava,2,2
1788471582.17,1044.12,20.01,-0.02,MANIPULATE,destrava,2,2
1788471582.28,1044.22,20.04,-0.05,MANIPULATE,destrava,2,2
1788471582.38,1044.32,20.07,-0.02,MANIPULATE,destrava,2,2
1788471582.48,1044.42,20.06,-0.02,MANIPULATE,destrava,2,2
1788471582.58,1044.52,20.01,-0.03,MANIPULATE,destrava,2,2
1788471582.68,1044.62,20.04,-0.05,MANIPULATE,destrava,2,2
1788471582.78,1044.72,20.03,-0.05,MANIPULATE,destrava,2,2
1788471582.88,1044.82,20.04,-0.05,MANIPULATE,destrava,2,2
1788471582.98,1044.92,20.04,-0.05,MANIPULATE,destrava,2,2
1788471583.09,1045.02,20.04,-0.03,MANIPULATE,destrava,2,2
1788471583.19,1045.12,20.02,-0.03,MANIPULATE,destrava,2,2
1788471583.29,1045.22,20.00,-0.04,MANIPULATE,destrava,2,2
1788471583.39,1045.32,20.02,-0.03,MANIPULATE,destrava,2,2
1788471583.49,1045.42,20.02,-0.05,MANIPULATE,destrava,2,2
1788471583.59,1045.52,20.01,-0.01,MANIPULATE,destrava,2,2
1788471583.69,1045.62,20.01,-0.03,MANIPULATE,destrava,2,2
1788471583.79,1045.72,19.99,-0.04,MANIPULATE,destrava,2,2
1788471583.89,1045.82,20.01,-0.01,MANIPULATE,destrava,2,2
1788471583.99,1045.92,20.02,-0.04,MANIPULATE,destrava,2,2
1788471584.09,1046.02,20.02,-0.05,MANIPULATE,destrava,2,2
1788471584.19,1046.12,20.03,-0.04,MANIPULATE,destrava,2,2
1788471584.29,1046.22,20.02,-0.04,MANIPULATE,destrava,2,2
1788471584.39,1046.32,20.01,-0.04,MANIPULATE,destrava,2,2
1788471584.50,1046.42,20.06,-0.02,MANIPULATE,destrava,2,2
1788471584.60,1046.52,20.01,-0.01,MANIPULATE,destrava,2,2
1788471584.70,1046.62,20.03,-0.07,MANIPULATE,destrava,2,2
1788471584.80,1046.72,20.01,-0.01,MANIPULATE,destrava,2,2
1788471584.90,1046.82,19.97,-0.05,MANIPULATE,destrava,2,2
1788471585.00,1046.92,19.97,-0.05,MANIPULATE,destrava,2,2
1788471585.10,1047.02,20.03,-0.02,MANIPULATE,destrava,2,2
1788471585.20,1047.12,20.01,-0.04,MANIPULATE,destrava,2,2
1788471585.30,1047.22,19.99,-0.05,MANIPULATE,destrava,2,2
1788471585.40,1047.32,19.94,-0.05,MANIPULATE,destrava,2,2
1788471585.50,1047.42,20.02,-0.01,MANIPULATE,destrava,2,2
1788471585.60,1047.52,19.96,-0.05,MANIPULATE,destrava,2,2
1788471585.70,1047.62,19.96,-0.04,MANIPULATE,destrava,2,2
1788471585.80,1047.72,19.97,-0.07,MANIPULATE,destrava,2,2
1788471585.91,1047.82,20.05,-0.02,MANIPULATE,destrava,2,2
1788471586.01,1047.92,19.99,-0.05,MANIPULATE,destrava,2,2
1788471586.11,1048.02,19.99,-0.04,MANIPULATE,destrava,3,3
1788471586.21,1048.12,19.96,-0.05,MANIPULATE,destrava,1,1
1788471586.31,1048.22,20.02,-0.01,MANIPULATE,destrava,2,2
1788471586.41,1048.32,19.95,-0.06,MANIPULATE,destrava,2,2
1788471586.51,1048.42,20.01,-0.04,MANIPULATE,destrava,2,2
1788471586.61,1048.52,19.99,-0.04,MANIPULATE,destrava,2,2
1788471586.71,1048.62,20.05,-0.02,MANIPULATE,destrava,2,2
1788471586.81,1048.72,19.98,-0.05,MANIPULATE,destrava,2,2
1788471586.91,1048.82,20.00,-0.02,MANIPULATE,destrava,2,2
1788471587.01,1048.92,20.01,-0.04,MANIPULATE,destrava,2,2
1788471587.11,1049.02,19.96,-0.03,MANIPULATE,destrava,2,2
1788471587.22,1049.12,20.02,-0.04,MANIPULATE,destrava,2,2
1788471587.32,1049.22,19.99,-0.07,MANIPULATE,destrava,2,2
1788471587.42,1049.32,19.93,-0.05,MANIPULATE,destrava,2,2
1788471587.52,1049.42,19.88,-0.07,MANIPULATE,destrava,2,2
1788471587.62,1049.52,19.92,-0.05,MANIPULATE,destrava,2,2
1788471587.72,1049.62,19.88,0.01,MANIPULATE,destrava,2,2
1788471587.82,1049.72,20.08,-0.04,MANIPULATE,destrava,2,2
1788471587.92,1049.82,20.10,0.01,MANIPULATE,destrava,2,2
1788471588.03,1049.92,20.08,-0.03,MANIPULATE,destrava,2,2
1788471588.13,1050.02,20.06,-0.09,MANIPULATE,destrava,2,2
1788471588.23,1050.12,20.05,-0.03,MANIPULATE,destrava,2,2
1788471588.33,1050.22,20.04,-0.05,MANIPULATE,destrava,3,3
1788471588.43,1050.32,20.04,-0.04,MANIPULATE,destrava,2,2
1788471588.53,1050.42,20.05,-0.07,MANIPULATE,destrava,1,1
1788471588.63,1050.52,20.19,-0.13,MANIPULATE,destrava,2,2
1788471588.73,1050.62,20.11,-0.13,MANIPULATE,destrava,3,3
1788471588.83,1050.72,20.17,0.09,MANIPULATE,destrava,1,1
1788471588.93,1050.82,20.13,-0.11,MANIPULATE,destrava,2,2
1788471589.04,1050.92,20.14,0.14,MANIPULATE,destrava,2,2
1788471589.14,1051.02,20.14,-0.17,MANIPULATE,destrava,1,2
1788471589.24,1051.12,20.26,-0.10,MANIPULATE,destrava,0,0
1788471589.34,1051.22,20.05,-0.37,ABORT_SAFE,destrava,0,1
1788471589.44,1051.32,20.25,0.12,ABORT_SAFE,destrava,0,0
1788471589.55,1051.42,20.10,0.19,ABORT_SAFE,destrava,0,0
1788471589.65,1051.52,20.05,-0.37,ABORT_SAFE,destrava,0,0
1788471589.75,1051.62,20.30,-0.15,ABORT,destrava,0,0
1788471589.85,1051.72,20.02,-0.08,ABORT,destrava,0,0
1788471589.95,1051.82,17.95,-0.08,ABORT,destrava,0,0
1788471590.06,1051.92,19.61,0.25,ABORT,destrava,0,0
1788471590.16,1052.02,19.89,-0.22,ABORT,destrava,0,0
1788471590.26,1052.12,19.90,-0.02,ABORT,destrava,0,0
1788471590.36,1052.22,20.14,-0.01,ABORT,destrava,0,0
1788471590.46,1052.32,20.00,-0.00,ABORT,destrava,0,0
1788471590.56,1052.42,20.02,-0.00,ABORT,destrava,0,0
1788471590.66,1052.52,15.76,0.00,ABORT,destrava,0,0
1788471590.76,1052.62,0.01,0.00,ABORT,destrava,0,0
1788471590.86,1052.72,0.01,0.00,ABORT,destrava,0,0
1788471590.96,1052.82,0.00,0.00,ABORT,destrava,0,0
1788471591.07,1052.92,0.00,0.00,ABORT,destrava,0,0
1788471591.16,1053.02,0.01,0.00,ABORT,destrava,0,0
1788471591.26,1053.12,-0.00,0.00,ABORT,destrava,0,0
1788471591.37,1053.22,-0.00,0.00,ABORT,destrava,0,0
1788471591.47,1053.32,0.01,0.00,ABORT,destrava,0,0
1788471591.57,1053.42,-0.00,0.00,ABORT,destrava,0,0
1788471591.67,1053.52,-0.00,0.00,ABORT,destrava,0,0
1788471591.77,1053.62,0.01,0.00,ABORT,destrava,0,0
1788471591.87,1053.72,0.01,0.00,ABORT,destrava,0,0
1788471591.98,1053.82,0.00,0.00,ABORT,destrava,0,0
1788471592.07,1053.92,-0.00,0.00,ABORT,destrava,0,0
1788471592.17,1054.02,0.00,0.00,ABORT,destrava,0,0
1788471592.27,1054.12,0.00,0.00,ABORT,destrava,0,0
1788471592.37,1054.22,-0.00,0.00,ABORT,destrava,0,0
1788471592.48,1054.32,0.01,0.00,ABORT,destrava,0,0
1788471592.58,1054.42,0.01,0.00,ABORT,destrava,0,0
1788471592.68,1054.52,0.00,0.00,ABORT,destrava,0,0
1788471592.78,1054.62,0.01,0.00,ABORT,saida_eixo,0,0
1788471592.88,1054.72,0.00,0.00,ABORT,saida_eixo,0,0
1788471592.98,1054.82,0.01,0.00,ABORT,saida_eixo,0,0
1788471593.08,1054.92,0.00,0.00,ABORT,saida_eixo,0,0
1788471593.18,1055.02,0.01,0.00,ABORT,saida_eixo,0,0
1788471593.28,1055.12,0.01,0.00,ABORT,saida_eixo,0,0
1788471593.38,1055.22,0.00,0.00,ABORT,saida_eixo,0,0
1788471593.48,1055.32,0.01,0.00,ABORT,saida_eixo,0,0
1788471593.58,1055.42,-0.00,0.00,ABORT,saida_eixo,0,0
1788471593.68,1055.52,0.00,0.00,ABORT,saida_eixo,0,0
1788471593.79,1055.62,-0.00,0.00,ABORT,saida_eixo,0,0
1788471593.88,1055.72,-0.00,0.00,ABORT,saida_eixo,0,0
1788471593.99,1055.82,0.01,0.00,ABORT,saida_eixo,0,0
1788471594.09,1055.92,0.01,0.00,ABORT,saida_eixo,0,0
1788471594.19,1056.02,-0.00,0.00,ABORT,saida_eixo,0,0
1788471594.30,1056.12,-0.00,0.00,ABORT,saida_eixo,0,0
1788471594.40,1056.22,0.00,0.00,ABORT,saida_eixo,0,0
1788471594.50,1056.32,0.00,0.00,ABORT,saida_eixo,0,0
1788471594.60,1056.42,0.01,0.00,ABORT,saida_eixo,0,0
1788471594.70,1056.52,0.01,0.00,ABORT,saida_eixo,0,0
1788471594.80,1056.62,0.00,0.00,ABORT,saida_eixo,0,0
1788471594.91,1056.72,0.00,0.00,ABORT,saida_eixo,0,0
1788471595.01,1056.82,0.00,0.00,ABORT,saida_eixo,0,0
1788471595.11,1056.92,0.01,0.00,ABORT,saida_eixo,0,0
1788471595.22,1057.02,0.00,0.00,ABORT,saida_eixo,0,0
1788471595.32,1057.12,0.01,0.00,ABORT,saida_eixo,0,0
1788471595.42,1057.22,0.00,0.00,ABORT,saida_eixo,0,0
1788471595.52,1057.32,-0.00,0.00,ABORT,saida_eixo,0,0
1788471595.62,1057.42,0.00,0.00,ABORT,saida_eixo,0,0
1788471595.73,1057.52,-0.00,0.00,ABORT,saida_eixo,0,0
1788471595.83,1057.62,0.01,0.00,ABORT,saida_eixo,0,0
1788471595.93,1057.72,-0.00,0.00,ABORT,saida_eixo,0,0
1788471596.04,1057.82,0.01,0.00,ABORT,saida_eixo,0,0
1788471596.14,1057.92,-0.00,0.00,ABORT,saida_eixo,0,0
1788471596.24,1058.02,0.00,0.00,ABORT,saida_eixo,0,0
1788471596.34,1058.12,0.01,0.00,ABORT,saida_eixo,0,0
1788471596.44,1058.22,0.01,0.00,ABORT,saida_eixo,0,0
1788471596.55,1058.32,0.00,0.00,ABORT,saida_eixo,0,0
1788471596.65,1058.42,0.01,0.00,ABORT,saida_eixo,0,0
1788471596.75,1058.52,0.00,0.00,ABORT,saida_eixo,0,0
1788471596.85,1058.62,-0.00,0.00,ABORT,saida_eixo,0,0
1788471596.96,1058.72,0.00,0.00,ABORT,saida_eixo,0,0
1788471597.06,1058.82,0.00,0.00,ABORT,saida_eixo,0,0
1788471597.16,1058.92,0.01,0.00,ABORT,saida_eixo,0,0
1788471597.27,1059.02,0.00,0.00,ABORT,saida_eixo,0,0
1788471597.37,1059.12,0.00,0.00,ABORT,saida_eixo,0,0
1788471597.48,1059.22,-0.00,0.00,ABORT,saida_eixo,0,0
1788471597.57,1059.32,0.01,0.00,ABORT,saida_eixo,0,0
1788471597.67,1059.42,0.00,0.00,ABORT,saida_eixo,0,0
1788471597.77,1059.52,0.01,0.00,ABORT,saida_eixo,0,0
1788471597.87,1059.62,0.01,0.00,ABORT,saida_eixo,0,0
1788471597.97,1059.72,-0.00,0.00,ABORT,saida_eixo,0,0
1788471598.08,1059.82,0.00,0.00,ABORT,saida_eixo,0,0
1788471598.17,1059.92,-0.00,0.00,ABORT,saida_eixo,0,0
1788471598.28,1060.02,0.00,0.00,ABORT,saida_eixo,0,0
1788471598.38,1060.12,0.00,0.00,ABORT,saida_eixo,0,0
1788471598.48,1060.22,0.00,0.00,ABORT,saida_eixo,0,0
1788471598.58,1060.32,0.00,0.00,ABORT,saida_eixo,0,0
1788471598.68,1060.42,0.00,0.00,ABORT,saida_eixo,0,0
1788471598.78,1060.52,0.00,0.00,ABORT,saida_eixo,0,0
1788471598.88,1060.62,0.00,0.00,ABORT,saida_eixo,0,0
1788471598.98,1060.72,-0.00,0.00,ABORT,saida_eixo,0,0
1788471599.08,1060.82,0.00,0.00,ABORT,saida_eixo,0,0
1788471599.18,1060.92,0.01,0.00,ABORT,saida_eixo,0,0
1788471599.29,1061.02,0.01,0.00,ABORT,saida_eixo,0,0
1788471599.39,1061.12,0.01,0.00,ABORT,saida_eixo,0,0
1788471599.49,1061.22,0.00,0.00,ABORT,saida_eixo,0,0
1788471599.59,1061.32,0.00,0.00,ABORT,saida_eixo,0,0
1788471599.69,1061.42,-0.00,0.00,ABORT,saida_eixo,0,0
1788471599.79,1061.52,-0.00,0.00,ABORT,saida_eixo,0,0
1788471599.89,1061.62,-0.00,0.00,ABORT,saida_eixo,0,0
1788471599.99,1061.72,0.01,0.00,ABORT,saida_eixo,0,0
1788471600.09,1061.82,0.01,0.00,ABORT,saida_eixo,0,0
1788471600.20,1061.92,-0.00,0.00,ABORT,saida_eixo,0,0
1788471600.29,1062.02,-0.00,0.00,ABORT,saida_eixo,0,0
1788471600.39,1062.12,0.00,0.00,ABORT,saida_eixo,0,0
1788471600.50,1062.22,0.00,0.00,ABORT,saida_eixo,0,0
1788471600.60,1062.32,-0.00,0.00,ABORT,saida_eixo,0,0
1788471600.70,1062.42,0.00,0.00,ABORT,saida_eixo,0,0
1788471600.81,1062.52,-0.00,0.00,ABORT,saida_eixo,0,0
1788471600.91,1062.62,0.00,0.00,ABORT,saida_eixo,0,0
1788471601.01,1062.72,-0.00,0.00,ABORT,saida_eixo,0,0
1788471601.11,1062.82,0.00,0.00,ABORT,saida_eixo,0,0
1788471601.21,1062.92,0.00,0.00,ABORT,saida_eixo,0,0
1788471601.31,1063.02,0.00,0.00,ABORT,saida_eixo,0,0
1788471601.41,1063.12,-0.00,0.00,ABORT,saida_eixo,0,0
1788471601.51,1063.22,0.01,0.00,ABORT,saida_eixo,0,0
1788471601.61,1063.32,0.00,0.00,ABORT,saida_eixo,0,0
1788471601.71,1063.42,-0.00,0.00,ABORT,saida_eixo,0,0
1788471601.81,1063.52,0.01,0.00,ABORT,saida_eixo,0,0
1788471601.91,1063.62,0.01,0.00,ABORT,saida_eixo,0,0
1788471602.01,1063.72,-0.00,0.00,ABORT,saida_eixo,0,0
1788471602.11,1063.82,-0.00,0.00,ABORT,saida_eixo,0,0
1788471602.21,1063.92,0.01,0.00,ABORT,saida_eixo,0,0
1788471602.31,1064.02,-0.00,0.00,ABORT,saida_eixo,0,0
1788471602.41,1064.12,0.00,0.00,ABORT,saida_eixo,0,0
1788471602.51,1064.22,0.01,0.00,ABORT,saida_eixo,0,0
1788471602.62,1064.32,-0.00,0.00,ABORT,saida_eixo,0,0
1788471602.72,1064.42,-0.00,0.00,ABORT,saida_eixo,0,0
1788471602.82,1064.52,0.01,0.00,ABORT,saida_eixo,0,0
1788471602.92,1064.62,0.01,0.00,ABORT,saida_eixo,0,0
1788471603.03,1064.72,-0.00,0.00,ABORT,saida_eixo,0,0
1788471603.12,1064.82,0.00,0.00,ABORT,saida_eixo,0,0
1788471603.22,1064.92,0.00,0.00,ABORT,saida_eixo,0,0
1788471603.33,1065.02,0.01,0.00,ABORT,saida_eixo,0,0
1788471603.43,1065.12,0.01,0.00,ABORT,saida_eixo,0,0
1788471603.53,1065.22,-0.00,0.00,ABORT,saida_eixo,0,1
1788471603.63,1065.32,0.00,0.00,ABORT,saida_eixo,0,2
1788471603.73,1065.42,0.01,0.00,ABORT,saida_eixo,0,2
1788471603.83,1065.52,0.00,0.00,ABORT,saida_eixo,0,2
1788471603.93,1065.62,0.01,0.00,ABORT,saida_eixo,0,2
1788471604.03,1065.72,0.01,0.00,ABORT,saida_eixo,0,2
1788471604.13,1065.82,0.00,0.00,ABORT,saida_eixo,0,2
1788471604.23,1065.92,0.01,0.00,ABORT,saida_eixo,0,2
1788471604.33,1066.02,0.00,0.00,ABORT,saida_eixo,0,2
1788471604.44,1066.12,-0.00,0.00,ABORT,saida_eixo,0,2
1788471604.53,1066.22,0.00,0.00,ABORT,saida_eixo,0,2
1788471604.63,1066.32,0.00,0.00,ABORT,saida_eixo,0,2
1788471604.73,1066.42,0.00,0.00,ABORT,saida_eixo,0,2
1788471604.84,1066.52,-0.00,0.00,ABORT,saida_eixo,0,2
1788471604.94,1066.62,0.01,0.00,ABORT,saida_eixo,0,2
1788471605.04,1066.72,0.00,0.00,ABORT,saida_eixo,0,2
1788471605.15,1066.82,-0.00,0.00,ABORT,saida_eixo,0,2
1788471605.25,1066.92,-0.00,0.00,ABORT,saida_eixo,0,2
1788471605.34,1067.02,-0.00,0.00,ABORT,saida_eixo,0,2
1788471605.44,1067.12,0.01,0.00,ABORT,saida_eixo,0,2
1788471605.55,1067.22,0.00,0.00,ABORT,saida_eixo,0,1
1788471605.65,1067.32,0.00,0.00,ABORT,saida_eixo,0,0
1788471605.75,1067.42,-0.00,0.00,ABORT,saida_eixo,0,0
1788471605.85,1067.52,-0.00,0.00,ABORT,saida_eixo,0,0
1788471605.96,1067.62,0.00,0.00,ABORT,saida_eixo,0,0
1788471606.06,1067.72,0.00,0.00,ABORT,saida_eixo,0,0
1788471606.16,1067.82,-0.00,0.00,ABORT,saida_eixo,0,0
1788471606.27,1067.92,0.01,0.00,ABORT,saida_eixo,0,0
1788471606.37,1068.02,0.00,0.00,ABORT,saida_eixo,0,0
1788471606.47,1068.12,0.01,0.00,ABORT,saida_eixo,0,0
1788471606.57,1068.22,0.01,0.00,ABORT,saida_eixo,0,0
1788471606.68,1068.32,0.00,0.00,ABORT,saida_eixo,0,0
1788471606.78,1068.42,0.00,0.00,ABORT,saida_eixo,0,0
1788471606.88,1068.52,0.00,0.00,ABORT,saida_eixo,0,0
1788471606.98,1068.62,0.01,0.00,ABORT,saida_eixo,0,0
1788471607.08,1068.72,0.00,0.00,ABORT,saida_eixo,0,0
1788471607.19,1068.82,0.00,0.00,ABORT,saida_eixo,0,0
1788471607.29,1068.92,0.01,0.00,ABORT,saida_eixo,0,0
1788471607.39,1069.02,-0.00,0.00,ABORT,saida_eixo,0,0
1788471607.49,1069.12,0.00,0.00,ABORT,saida_eixo,0,0
1788471607.59,1069.22,-0.00,0.00,ABORT,saida_eixo,0,0
1788471607.69,1069.32,-0.00,0.00,ABORT,saida_eixo,0,0
1788471607.79,1069.42,0.01,0.00,ABORT,saida_eixo,0,0
1788471607.90,1069.52,0.01,0.00,ABORT,saida_eixo,0,0
1788471608.00,1069.62,0.01,0.00,ABORT,saida_eixo,0,0
1788471608.10,1069.72,0.00,0.00,ABORT,saida_eixo,0,0
1788471608.20,1069.82,0.00,0.00,ABORT,saida_eixo,0,0
1788471608.30,1069.92,0.01,0.00,ABORT,saida_eixo,0,0
1788471608.40,1070.02,0.01,0.00,ABORT,saida_eixo,0,0
1788471608.50,1070.12,0.01,0.00,ABORT,saida_eixo,0,0
1788471608.61,1070.22,0.00,0.00,ABORT,saida_eixo,0,0
1788471608.71,1070.32,-0.00,0.00,ABORT,saida_eixo,0,0
1788471608.81,1070.42,-0.00,0.00,ABORT,saida_eixo,0,0
1788471608.91,1070.52,-0.00,0.00,ABORT,saida_eixo,0,0
1788471609.01,1070.62,0.01,0.00,ABORT,saida_eixo,0,0
1788471609.11,1070.72,0.00,0.00,ABORT,saida_eixo,0,0
1788471609.22,1070.82,0.00,0.00,ABORT,saida_eixo,0,0
1788471609.32,1070.92,-0.00,0.00,ABORT,saida_eixo,0,0
1788471609.42,1071.02,0.00,0.00,ABORT,saida_eixo,0,0
1788471609.52,1071.12,-0.00,0.00,ABORT,saida_eixo,0,0
1788471609.62,1071.22,0.01,0.00,ABORT,saida_eixo,0,0
1788471609.72,1071.32,-0.00,0.00,ABORT,saida_eixo,0,0
1788471609.83,1071.42,0.01,0.00,ABORT,saida_eixo,0,0
1788471609.92,1071.52,0.00,0.00,ABORT,saida_eixo,0,0
1788471610.03,1071.62,0.00,0.00,ABORT,saida_eixo,0,0
1788471610.13,1071.72,-0.00,0.00,ABORT,saida_eixo,0,0
1788471610.23,1071.82,0.00,0.00,ABORT,saida_eixo,0,0
1788471610.33,1071.92,-0.00,0.00,ABORT,saida_eixo,0,0
1788471610.43,1072.02,0.00,0.00,ABORT,saida_eixo,0,0
1788471610.53,1072.12,0.00,0.00,ABORT,saida_eixo,0,0
1788471610.63,1072.22,0.01,0.00,ABORT,saida_eixo,0,0
1788471610.73,1072.32,-0.00,0.00,ABORT,saida_eixo,0,0
1788471610.84,1072.42,0.00,0.00,ABORT,saida_eixo,0,0
1788471610.94,1072.52,-0.00,0.00,ABORT,saida_eixo,0,0
1788471611.04,1072.62,0.01,0.00,ABORT,saida_eixo,0,0
1788471611.14,1072.72,0.01,0.00,ABORT,saida_eixo,0,0
1788471611.25,1072.82,0.01,0.00,ABORT,saida_eixo,0,0
1788471611.35,1072.92,0.00,0.00,ABORT,saida_eixo,0,0
1788471611.45,1073.02,-0.00,0.00,ABORT,saida_eixo,0,0
1788471611.55,1073.12,-0.00,0.00,ABORT,saida_eixo,0,0
1788471611.66,1073.22,0.01,0.00,ABORT,saida_eixo,0,0
1788471611.76,1073.32,-0.00,0.00,ABORT,saida_eixo,0,0
1788471611.86,1073.42,-0.00,0.00,ABORT,saida_eixo,0,0
1788471611.96,1073.52,0.00,0.00,ABORT,saida_eixo,0,0
1788471612.06,1073.62,0.01,0.00,ABORT,saida_eixo,0,0
1788471612.16,1073.72,0.00,0.00,ABORT,saida_eixo,0,0
1788471612.26,1073.82,0.01,0.00,ABORT,saida_eixo,0,0
1788471612.36,1073.92,0.01,0.00,ABORT,saida_eixo,0,0
1788471612.47,1074.02,-0.00,0.00,ABORT,saida_eixo,0,0
1788471612.57,1074.12,-0.00,0.00,ABORT,saida_eixo,0,0
1788471612.67,1074.22,0.01,0.00,ABORT,saida_eixo,0,0
1788471612.77,1074.32,-0.00,0.00,ABORT,saida_eixo,0,0
1788471612.87,1074.42,0.01,0.00,ABORT,saida_eixo,0,0
1788471612.98,1074.52,0.00,0.00,ABORT,saida_eixo,0,0
1788471613.08,1074.62,-0.00,0.00,ABORT,saida_eixo,0,0
1788471613.18,1074.72,0.00,0.00,ABORT,saida_eixo,0,0
1788471613.28,1074.82,0.00,0.00,ABORT,saida_eixo,0,0
1788471613.38,1074.92,-0.00,0.00,ABORT,saida_eixo,0,0
1788471613.48,1075.02,0.01,0.00,ABORT,saida_eixo,0,0
1788471613.59,1075.12,0.01,0.00,ABORT,saida_eixo,0,0
1788471613.69,1075.22,-0.00,0.00,ABORT,saida_eixo,0,0
1788471613.79,1075.32,-0.00,0.00,ABORT,saida_eixo,0,0
1788471613.89,1075.42,0.00,0.00,ABORT,saida_eixo,0,0
1788471614.00,1075.52,0.01,0.00,ABORT,saida_eixo,0,0
1788471614.10,1075.62,0.00,0.00,ABORT,saida_eixo,0,0
1788471614.20,1075.72,0.01,0.00,ABORT,saida_eixo,0,0
1788471614.30,1075.82,0.00,0.00,ABORT,saida_eixo,0,0
1788471614.40,1075.92,0.00,0.00,ABORT,saida_eixo,0,0
1788471614.50,1076.02,-0.00,0.00,ABORT,saida_eixo,0,0
1788471614.60,1076.12,0.01,0.00,ABORT,saida_eixo,0,0
1788471614.71,1076.22,0.01,0.00,ABORT,saida_eixo,0,0
1788471614.81,1076.32,0.01,0.00,ABORT,saida_eixo,0,0
1788471614.91,1076.42,-0.00,0.00,ABORT,saida_eixo,0,0
1788471615.01,1076.52,-0.00,0.00,ABORT,saida_eixo,0,0
1788471615.11,1076.62,0.01,0.00,ABORT,saida_eixo,0,0
1788471615.21,1076.72,-0.00,0.00,ABORT,saida_eixo,0,0
1788471615.32,1076.82,0.00,0.00,ABORT,saida_eixo,0,0
1788471615.42,1076.92,-0.00,0.00,ABORT,saida_eixo,0,0
1788471615.52,1077.02,0.01,0.00,ABORT,saida_eixo,0,0
1788471615.63,1077.12,-0.00,0.00,ABORT,saida_eixo,0,0
1788471615.73,1077.22,0.00,0.00,ABORT,saida_eixo,0,0
1788471615.83,1077.32,0.01,0.00,ABORT,saida_eixo,0,0
1788471615.93,1077.42,0.01,0.00,ABORT,saida_eixo,0,0
1788471616.03,1077.52,0.00,0.00,ABORT,saida_eixo,0,0
1788471616.13,1077.62,0.01,0.00,ABORT,saida_eixo,0,0
1788471616.24,1077.72,0.00,0.00,ABORT,saida_eixo,0,0
1788471616.34,1077.82,0.01,0.00,ABORT,saida_eixo,0,0
1788471616.44,1077.92,0.01,0.00,ABORT,saida_eixo,0,0
1788471616.55,1078.02,-0.00,0.00,ABORT,saida_eixo,0,0
1788471616.65,1078.12,-0.00,0.00,ABORT,saida_eixo,0,0
1788471616.75,1078.22,0.00,0.00,ABORT,saida_eixo,0,0
1788471616.85,1078.32,0.01,0.00,ABORT,saida_eixo,0,0
1788471616.96,1078.42,0.00,0.00,ABORT,saida_eixo,0,0
1788471617.06,1078.52,0.01,0.00,ABORT,saida_eixo,0,0
1788471617.16,1078.62,0.00,0.00,ABORT,saida_eixo,0,0
1788471617.26,1078.72,0.01,0.00,ABORT,saida_eixo,0,0
1788471617.36,1078.82,0.00,0.00,ABORT,saida_eixo,0,0
1788471617.46,1078.92,-0.00,0.00,ABORT,saida_eixo,0,0
1788471617.56,1079.02,-0.00,0.00,ABORT,saida_eixo,0,0
1788471617.66,1079.12,0.01,0.00,ABORT,saida_eixo,0,0
1788471617.77,1079.22,0.00,0.00,ABORT,saida_eixo,0,0
1788471617.87,1079.32,0.00,0.00,ABORT,saida_eixo,0,0
1788471617.97,1079.42,-0.00,0.00,ABORT,saida_eixo,0,0
1788471618.08,1079.52,0.00,0.00,ABORT,saida_eixo,0,0
1788471618.18,1079.62,-0.01,0.00,ABORT,saida_eixo,0,0
1788471618.28,1079.72,-0.00,0.00,ABORT,saida_eixo,0,0
1788471618.38,1079.82,0.00,0.00,ABORT,saida_eixo,0,0
1788471618.48,1079.92,0.00,0.00,ABORT,saida_eixo,0,0
1788471618.58,1080.02,0.01,0.00,ABORT,saida_eixo,0,0
1788471618.69,1080.12,0.00,0.00,ABORT,saida_eixo,0,0
1788471618.79,1080.22,0.00,0.00,ABORT,saida_eixo,0,0
1788471618.89,1080.32,-0.00,0.00,ABORT,saida_eixo,0,0
1788471618.99,1080.42,0.01,0.00,ABORT,saida_eixo,0,0
1788471619.09,1080.52,-0.00,0.00,ABORT,saida_eixo,0,0
1788471619.20,1080.62,-0.00,0.00,ABORT,saida_eixo,0,0
1788471619.30,1080.72,0.00,0.00,ABORT,saida_eixo,0,0
1788471619.40,1080.82,0.01,0.00,ABORT,saida_eixo,0,0
1788471619.50,1080.92,-0.00,0.00,ABORT,saida_eixo,0,0
1788471619.61,1081.02,0.01,0.00,ABORT,saida_eixo,0,0
1788471619.71,1081.12,0.01,0.00,ABORT,saida_eixo,0,0
1788471619.81,1081.22,0.00,0.00,ABORT,saida_eixo,0,0
1788471619.91,1081.32,-0.00,0.00,ABORT,saida_eixo,0,0
1788471620.01,1081.42,0.01,0.00,ABORT,saida_eixo,0,0
1788471620.12,1081.52,-0.00,0.00,ABORT,saida_eixo,0,0
1788471620.22,1081.62,0.00,0.00,ABORT,saida_eixo,0,0
1788471620.32,1081.72,0.01,0.00,ABORT,saida_eixo,0,0
1788471620.42,1081.82,0.00,0.00,ABORT,saida_eixo,0,0
1788471620.52,1081.92,0.00,0.00,ABORT,saida_eixo,0,0
1788471620.62,1082.02,-0.00,0.00,ABORT,saida_eixo,0,0
1788471620.72,1082.12,-0.00,0.00,ABORT,saida_eixo,0,0
1788471620.83,1082.22,0.01,0.00,ABORT,saida_eixo,0,0
1788471620.93,1082.32,0.01,0.00,ABORT,saida_eixo,0,0
1788471621.03,1082.42,-0.00,0.00,ABORT,saida_eixo,0,0
1788471621.13,1082.52,0.00,0.00,ABORT,saida_eixo,0,0
1788471621.24,1082.62,0.00,0.00,ABORT,saida_eixo,0,0
1788471621.34,1082.72,-0.00,0.00,ABORT,saida_eixo,0,0
1788471621.44,1082.82,-0.00,0.00,ABORT,saida_eixo,0,0
1788471621.54,1082.92,0.01,0.00,ABORT,saida_eixo,0,0
1788471621.64,1083.02,0.00,0.00,ABORT,saida_eixo,0,0
1788471621.74,1083.12,0.00,0.00,ABORT,saida_eixo,0,0
1788471621.85,1083.22,0.01,0.00,ABORT,saida_eixo,0,0
1788471621.95,1083.32,0.01,0.00,ABORT,saida_eixo,0,0
1788471622.05,1083.42,0.00,0.00,ABORT,saida_eixo,0,0
1788471622.15,1083.52,0.00,0.00,ABORT,saida_eixo,0,0
1788471622.25,1083.62,0.00,0.00,ABORT,saida_eixo,0,0
1788471622.36,1083.72,0.00,0.00,ABORT,saida_eixo,0,0
1788471622.46,1083.82,0.00,0.00,ABORT,saida_eixo,0,0
1788471622.56,1083.92,0.00,0.00,ABORT,saida_eixo,0,0
1788471622.66,1084.02,0.00,0.00,ABORT,saida_eixo,0,0
1788471622.76,1084.12,-0.00,0.00,ABORT,saida_eixo,0,0
1788471622.87,1084.22,-0.00,0.00,ABORT,saida_eixo,0,0
1788471622.97,1084.32,0.01,0.00,ABORT,saida_eixo,0,0
1788471623.07,1084.42,0.00,0.00,ABORT,saida_eixo,0,0
1788471623.17,1084.52,-0.00,0.00,ABORT,saida_eixo,0,0
1788471623.27,1084.62,0.01,0.00,ABORT,saida_eixo,0,0
1788471623.37,1084.72,0.01,0.00,ABORT,saida_eixo,0,0
1788471623.48,1084.82,0.00,0.00,ABORT,saida_eixo,0,0
1788471623.58,1084.92,-0.00,0.00,ABORT,saida_eixo,0,0
1788471623.68,1085.02,-0.01,0.00,ABORT,saida_eixo,0,0
1788471623.78,1085.12,-0.00,0.00,ABORT,saida_eixo,0,0
1788471623.88,1085.22,-0.00,0.00,ABORT,saida_eixo,0,0
1788471623.98,1085.32,0.00,0.00,ABORT,saida_eixo,0,0
1788471624.09,1085.42,0.00,0.00,ABORT,saida_eixo,0,0
1788471624.19,1085.52,0.00,0.00,ABORT,saida_eixo,0,0
1788471624.30,1085.62,0.01,0.00,ABORT,saida_eixo,0,0
1788471624.40,1085.72,0.00,0.00,ABORT,saida_eixo,0,0
1788471624.50,1085.82,-0.00,0.00,ABORT,saida_eixo,0,0
1788471624.60,1085.92,-0.00,0.00,ABORT,saida_eixo,0,0
1788471624.71,1086.02,0.00,0.00,ABORT,saida_eixo,0,0
1788471624.81,1086.12,0.00,0.00,ABORT,saida_eixo,0,0
1788471624.91,1086.22,-0.00,0.00,ABORT,saida_eixo,0,0
1788471625.02,1086.32,0.01,0.00,ABORT,saida_eixo,0,0
1788471625.12,1086.42,0.01,0.00,ABORT,saida_eixo,0,0
1788471625.22,1086.52,-0.00,0.00,ABORT,saida_eixo,0,0
1788471625.32,1086.62,0.01,0.00,ABORT,saida_eixo,0,0
1788471625.42,1086.72,0.01,0.00,ABORT,saida_eixo,0,0
1788471625.52,1086.82,0.00,0.00,ABORT,saida_eixo,0,0
1788471625.63,1086.92,-0.00,0.00,ABORT,saida_eixo,0,0
1788471625.73,1087.02,0.01,0.00,ABORT,saida_eixo,0,0
1788471625.83,1087.12,-0.00,0.00,ABORT,saida_eixo,0,0
1788471625.93,1087.22,0.01,0.00,ABORT,saida_eixo,0,0
1788471626.03,1087.32,-0.01,0.00,ABORT,saida_eixo,0,0
1788471626.13,1087.42,-0.00,0.00,ABORT,saida_eixo,0,0
1788471626.23,1087.52,0.01,0.00,ABORT,saida_eixo,0,0
1788471626.34,1087.62,0.00,0.00,ABORT,saida_eixo,0,0
1788471626.44,1087.72,0.00,0.00,ABORT,saida_eixo,0,0
1788471626.54,1087.82,0.01,0.00,ABORT,saida_eixo,0,0
1788471626.64,1087.92,0.01,0.00,ABORT,saida_eixo,0,0
1788471626.75,1088.02,0.00,0.00,ABORT,saida_eixo,0,0
1788471626.84,1088.12,0.00,0.00,ABORT,saida_eixo,0,0
1788471626.94,1088.22,0.00,0.00,ABORT,saida_eixo,0,0
1788471627.05,1088.32,-0.00,0.00,ABORT,saida_eixo,0,0
1788471627.15,1088.42,0.00,0.00,ABORT,saida_eixo,0,0
1788471627.25,1088.52,0.01,0.00,ABORT,saida_eixo,0,0
1788471627.36,1088.62,0.00,0.00,ABORT,saida_eixo,0,0
1788471627.46,1088.72,0.00,0.00,ABORT,saida_eixo,0,0
1788471627.56,1088.82,0.00,0.00,ABORT,saida_eixo,0,0
1788471627.67,1088.92,0.00,0.00,ABORT,saida_eixo,0,0
1788471627.77,1089.02,0.00,0.00,ABORT,saida_eixo,0,0
1788471627.87,1089.12,0.01,0.00,ABORT,saida_eixo,0,0
1788471627.98,1089.22,0.00,0.00,ABORT,saida_eixo,0,0
1788471628.08,1089.32,0.01,0.00,ABORT,saida_eixo,0,0
1788471628.18,1089.42,0.00,0.00,ABORT,saida_eixo,0,0
1788471628.28,1089.52,0.01,0.00,ABORT,saida_eixo,0,0
1788471628.38,1089.62,0.00,0.00,ABORT,saida_eixo,0,0
1788471628.49,1089.72,-0.00,0.00,ABORT,saida_eixo,0,0
1788471628.59,1089.82,0.00,0.00,ABORT,saida_eixo,0,0
1788471628.69,1089.92,0.01,0.00,ABORT,saida_eixo,0,0
1788471628.79,1090.02,-0.00,0.00,ABORT,saida_eixo,0,0
1788471628.89,1090.12,-0.00,0.00,ABORT,saida_eixo,0,0
1788471629.00,1090.22,0.01,0.00,ABORT,saida_eixo,0,0
1788471629.10,1090.32,-0.00,0.00,ABORT,saida_eixo,0,0
1788471629.20,1090.42,0.01,0.00,ABORT,saida_eixo,0,0
1788471629.30,1090.52,-0.01,0.00,ABORT,saida_eixo,0,0
1788471629.41,1090.62,-0.00,0.00,ABORT,saida_eixo,0,0
1788471629.51,1090.72,0.00,0.00,ABORT,saida_eixo,0,0
1788471629.61,1090.82,0.01,0.00,ABORT,saida_eixo,0,0
1788471629.71,1090.92,-0.00,0.00,ABORT,saida_eixo,0,0
1788471629.81,1091.02,0.00,0.00,ABORT,saida_eixo,0,0
1788471629.91,1091.12,0.01,0.00,ABORT,saida_eixo,0,0
1788471630.01,1091.22,0.01,0.00,ABORT,saida_eixo,0,0
1788471630.12,1091.32,-0.00,0.00,ABORT,saida_eixo,0,0
1788471630.22,1091.42,-0.00,0.00,ABORT,saida_eixo,0,0
1788471630.33,1091.52,-0.00,0.00,ABORT,saida_eixo,0,0
1788471630.42,1091.62,-0.00,0.00,ABORT,saida_eixo,0,0
1788471630.53,1091.72,0.00,0.00,ABORT,saida_eixo,0,0
1788471630.63,1091.82,0.00,0.00,ABORT,saida_eixo,0,0
1788471630.73,1091.92,-0.00,0.00,ABORT,saida_eixo,0,0
1788471630.83,1092.02,-0.00,0.00,ABORT,saida_eixo,0,0
1788471630.93,1092.12,0.01,0.00,ABORT,saida_eixo,0,0
1788471631.04,1092.22,0.01,0.00,ABORT,saida_eixo,0,0
1788471631.14,1092.32,-0.00,0.00,ABORT,saida_eixo,0,0
1788471631.24,1092.42,0.00,0.00,ABORT,saida_eixo,0,0
1788471631.34,1092.52,-0.00,0.00,ABORT,saida_eixo,0,0
1788471631.45,1092.62,0.01,0.00,ABORT,saida_eixo,0,0
1788471631.55,1092.72,0.01,0.00,ABORT,saida_eixo,0,0
1788471631.65,1092.82,0.00,0.00,ABORT,saida_eixo,0,0
1788471631.76,1092.92,-0.00,0.00,ABORT,saida_eixo,0,0
1788471631.86,1093.02,0.00,0.00,ABORT,saida_eixo,0,0
1788471631.96,1093.12,-0.00,0.00,ABORT,saida_eixo,0,0
1788471632.06,1093.22,-0.00,0.00,ABORT,saida_eixo,0,0
1788471632.16,1093.32,0.00,0.00,ABORT,saida_eixo,0,0
1788471632.26,1093.42,0.00,0.00,ABORT,saida_eixo,0,0
1788471632.36,1093.52,0.00,0.00,ABORT,saida_eixo,0,0
1788471632.46,1093.62,0.00,0.00,ABORT,saida_eixo,0,0
1788471632.57,1093.72,0.00,0.00,ABORT,saida_eixo,0,0
1788471632.67,1093.82,0.01,0.00,ABORT,saida_eixo,0,0
1788471632.77,1093.92,0.01,0.00,ABORT,saida_eixo,0,0
1788471632.87,1094.02,0.00,0.00,ABORT,saida_eixo,0,0
1788471632.98,1094.12,0.00,0.00,ABORT,saida_eixo,0,0
1788471633.08,1094.22,0.01,0.00,ABORT,saida_eixo,0,0
1788471633.18,1094.32,0.01,0.00,ABORT,saida_eixo,0,0
1788471633.28,1094.42,0.00,0.00,ABORT,saida_eixo,0,0
1788471633.39,1094.52,0.01,0.00,ABORT,saida_eixo,0,0
1788471633.49,1094.62,0.01,0.00,ABORT,saida_eixo,0,0
1788471633.59,1094.72,-0.00,0.00,ABORT,saida_eixo,0,0
1788471633.69,1094.82,0.00,0.00,ABORT,saida_eixo,0,0
1788471633.79,1094.92,-0.00,0.00,ABORT,saida_eixo,0,0
1788471633.90,1095.02,0.01,0.00,ABORT,saida_eixo,0,0
1788471634.00,1095.12,0.01,0.00,ABORT,saida_eixo,0,0
1788471634.10,1095.22,0.00,0.00,ABORT,saida_eixo,0,0
1788471634.20,1095.32,0.00,0.00,ABORT,saida_eixo,0,0
1788471634.30,1095.42,0.01,0.00,ABORT,saida_eixo,0,0
1788471634.41,1095.52,0.01,0.00,ABORT,saida_eixo,0,0
1788471634.51,1095.62,-0.00,0.00,ABORT,saida_eixo,0,0
1788471634.61,1095.72,0.00,0.00,ABORT,saida_eixo,0,0
1788471634.71,1095.82,0.01,0.00,ABORT,saida_eixo,0,0
1788471634.82,1095.92,-0.00,0.00,ABORT,saida_eixo,0,0
1788471634.92,1096.02,0.00,0.00,ABORT,saida_eixo,0,0
1788471635.03,1096.12,-0.00,0.00,ABORT,saida_eixo,0,2
1788471635.13,1096.22,0.00,0.00,ABORT,saida_eixo,0,2
1788471635.23,1096.32,0.00,0.00,ABORT,saida_eixo,0,2
1788471635.34,1096.42,0.00,0.00,ABORT,saida_eixo,0,2
1788471635.44,1096.52,-0.00,0.00,ABORT,saida_eixo,0,2
1788471635.55,1096.62,0.00,0.00,ABORT,saida_eixo,0,2
1788471635.65,1096.72,-0.00,0.00,ABORT,saida_eixo,0,2
1788471635.76,1096.82,0.00,0.00,ABORT,saida_eixo,0,2
1788471635.86,1096.92,0.00,0.00,ABORT,saida_eixo,0,2
1788471635.96,1097.02,0.01,0.00,ABORT,saida_eixo,0,2
1788471636.07,1097.12,0.00,0.00,ABORT,saida_eixo,0,2
1788471636.17,1097.22,-0.00,0.00,ABORT,saida_eixo,0,2
1788471636.27,1097.32,-0.00,0.00,ABORT,saida_eixo,0,2
1788471636.38,1097.42,0.01,0.00,ABORT,saida_eixo,0,2
1788471636.48,1097.52,0.00,0.00,ABORT,saida_eixo,0,2
1788471636.58,1097.62,0.00,0.00,ABORT,saida_eixo,0,2
1788471636.69,1097.72,0.01,0.00,ABORT,saida_eixo,0,2
1788471636.80,1097.82,0.01,0.00,ABORT,saida_eixo,0,2
1788471636.90,1097.92,0.00,0.00,ABORT,saida_eixo,0,2
1788471637.00,1098.02,0.01,0.00,ABORT,saida_eixo,0,2
1788471637.10,1098.12,0.00,0.00,ABORT,saida_eixo,0,2
1788471637.21,1098.22,0.00,0.00,ABORT,saida_eixo,0,2
1788471637.31,1098.32,0.01,0.00,ABORT,saida_eixo,0,2
1788471637.42,1098.42,0.01,0.00,ABORT,saida_eixo,0,2
1788471637.52,1098.52,0.01,0.00,ABORT,saida_eixo,0,2
1788471637.63,1098.62,0.01,0.00,ABORT,saida_eixo,0,2
1788471637.73,1098.72,0.00,0.00,ABORT,saida_eixo,0,2
1788471637.84,1098.82,0.00,0.00,ABORT,saida_eixo,0,2
1788471637.94,1098.92,0.01,0.00,ABORT,saida_eixo,0,2
1788471638.04,1099.02,-0.00,0.00,ABORT,saida_eixo,0,2
1788471638.15,1099.12,-0.00,0.00,ABORT,saida_eixo,0,2
1788471638.25,1099.22,0.00,0.00,ABORT,saida_eixo,0,2
1788471638.35,1099.32,0.01,0.00,ABORT,saida_eixo,0,2
1788471638.45,1099.42,-0.00,0.00,ABORT,saida_eixo,0,2
1788471638.55,1099.52,-0.00,0.00,ABORT,saida_eixo,0,2
1788471638.65,1099.62,0.01,0.00,ABORT,saida_eixo,0,2
1788471638.76,1099.72,-0.00,0.00,ABORT,saida_eixo,0,2
1788471638.86,1099.82,0.01,0.00,ABORT,saida_eixo,0,2
1788471638.96,1099.92,0.01,0.00,ABORT,saida_eixo,0,2
1788471639.06,1100.02,-0.00,0.00,ABORT,saida_eixo,0,2
1788471639.16,1100.12,0.01,0.00,ABORT,saida_eixo,0,2
1788471639.27,1100.22,-0.00,0.00,ABORT,saida_eixo,0,2
1788471639.37,1100.32,0.01,0.00,ABORT,saida_eixo,0,2
1788471639.47,1100.42,-0.00,0.00,ABORT,saida_eixo,0,2
1788471639.58,1100.52,0.01,0.00,ABORT,saida_eixo,0,2
1788471639.68,1100.62,0.01,0.00,ABORT,saida_eixo,0,2
1788471639.79,1100.72,0.00,0.00,ABORT,saida_eixo,0,2
1788471639.89,1100.82,-0.00,0.00,ABORT,saida_eixo,0,2
1788471640.00,1100.92,0.01,0.00,ABORT,saida_eixo,0,2
1788471640.10,1101.02,0.01,0.00,ABORT,saida_eixo,0,2
1788471640.21,1101.12,-0.00,0.00,ABORT,saida_eixo,0,2
1788471640.31,1101.22,0.00,0.00,ABORT,saida_eixo,0,2
1788471640.41,1101.32,0.00,0.00,ABORT,saida_eixo,0,2
1788471640.51,1101.42,-0.00,0.00,ABORT,saida_eixo,0,2
1788471640.62,1101.52,-0.00,0.00,ABORT,saida_eixo,0,2
1788471640.72,1101.62,-0.00,0.00,ABORT,saida_eixo,0,2
1788471640.83,1101.72,0.00,0.00,ABORT,saida_eixo,0,2
1788471640.93,1101.82,0.00,0.00,ABORT,saida_eixo,0,2
1788471641.04,1101.92,-0.00,0.00,ABORT,saida_eixo,0,2
1788471641.13,1102.02,-0.00,0.00,ABORT,saida_eixo,0,2
1788471641.24,1102.12,-0.00,0.00,ABORT,saida_eixo,0,2
1788471641.34,1102.22,0.00,0.00,ABORT,saida_eixo,0,2
1788471641.44,1102.32,0.01,0.00,ABORT,saida_eixo,0,2
1788471641.55,1102.42,0.00,0.00,ABORT,saida_eixo,0,2
1788471641.65,1102.52,0.01,0.00,ABORT,saida_eixo,0,2
1788471641.75,1102.62,0.00,0.00,ABORT,saida_eixo,0,2
1788471641.85,1102.72,-0.00,0.00,ABORT,saida_eixo,0,2
1788471641.96,1102.82,0.01,0.00,ABORT,saida_eixo,0,2
1788471642.06,1102.92,-0.00,0.00,ABORT,saida_eixo,0,2
1788471642.17,1103.02,0.00,0.00,ABORT,saida_eixo,0,2
1788471642.27,1103.12,-0.00,0.00,ABORT,saida_eixo,0,2
1788471642.37,1103.22,0.01,0.00,ABORT,saida_eixo,0,2
1788471642.48,1103.32,-0.00,0.00,ABORT,saida_eixo,0,2
1788471642.58,1103.42,-0.00,0.00,ABORT,saida_eixo,0,2
1788471642.68,1103.52,0.00,0.00,ABORT,saida_eixo,0,2
1788471642.79,1103.62,0.01,0.00,ABORT,saida_eixo,0,2
1788471642.88,1103.72,0.00,0.00,ABORT,saida_eixo,0,2
1788471642.99,1103.82,0.00,0.00,ABORT,saida_eixo,0,2
1788471643.09,1103.92,0.00,0.00,ABORT,saida_eixo,0,2
1788471643.19,1104.02,-0.00,0.00,ABORT,saida_eixo,0,2
1788471643.29,1104.12,-0.00,0.00,ABORT,saida_eixo,0,2
1788471643.40,1104.22,0.00,0.00,ABORT,saida_eixo,0,2
1788471643.50,1104.32,0.00,0.00,ABORT,saida_eixo,0,2
1788471643.60,1104.42,-0.00,0.00,ABORT,saida_eixo,0,2
1788471643.70,1104.52,0.00,0.00,ABORT,saida_eixo,0,2
1788471643.81,1104.62,0.00,0.00,ABORT,saida_eixo,0,2
1788471643.91,1104.72,0.01,0.00,ABORT,saida_eixo,0,2
1788471644.01,1104.82,0.01,0.00,ABORT,saida_eixo,0,2
1788471644.12,1104.92,0.00,0.00,ABORT,saida_eixo,0,2
1788471644.22,1105.02,0.01,0.00,ABORT,saida_eixo,0,2
1788471644.33,1105.12,0.00,0.00,ABORT,saida_eixo,0,2
1788471644.43,1105.22,0.01,0.00,ABORT,saida_eixo,0,2
1788471644.53,1105.32,0.00,0.00,ABORT,saida_eixo,0,2
1788471644.64,1105.42,0.00,0.00,ABORT,saida_eixo,0,2
1788471644.74,1105.52,0.01,0.00,ABORT,saida_eixo,0,2
1788471644.84,1105.62,-0.01,0.00,ABORT,saida_eixo,0,2
1788471644.95,1105.72,0.00,0.00,ABORT,saida_eixo,0,2
1788471645.05,1105.82,-0.01,0.00,ABORT,saida_eixo,0,2
1788471645.16,1105.92,-0.00,0.00,ABORT,saida_eixo,0,2
1788471645.26,1106.02,0.01,0.00,ABORT,saida_eixo,0,2
1788471645.36,1106.12,0.01,0.00,ABORT,saida_eixo,0,2
1788471645.47,1106.22,0.01,0.00,ABORT,saida_eixo,0,2
1788471645.57,1106.32,0.00,0.00,ABORT,saida_eixo,0,2
1788471645.68,1106.42,0.00,0.00,ABORT,saida_eixo,0,2
1788471645.78,1106.52,0.00,0.00,ABORT,saida_eixo,0,2
1788471645.88,1106.62,0.01,0.00,ABORT,saida_eixo,0,2
1788471645.99,1106.72,0.01,0.00,ABORT,saida_eixo,0,2
1788471646.10,1106.82,-0.00,0.00,ABORT,saida_eixo,0,2
1788471646.20,1106.92,-0.00,0.00,ABORT,saida_eixo,0,2
1788471646.30,1107.02,-0.00,0.00,ABORT,saida_eixo,0,2
1788471646.41,1107.12,-0.00,0.00,ABORT,saida_eixo,0,2
1788471646.51,1107.22,0.01,0.00,ABORT,saida_eixo,0,2
1788471646.61,1107.32,0.00,0.00,ABORT,saida_eixo,0,2
1788471646.72,1107.42,0.00,0.00,ABORT,saida_eixo,0,2
1788471646.82,1107.52,-0.00,0.00,ABORT,saida_eixo,0,2
1788471646.93,1107.62,0.00,0.00,ABORT,saida_eixo,0,2
1788471647.03,1107.72,-0.00,0.00,ABORT,saida_eixo,0,2
1788471647.14,1107.82,0.01,0.00,ABORT,saida_eixo,0,2
1788471647.24,1107.92,-0.01,0.00,ABORT,saida_eixo,0,2
1788471647.35,1108.02,0.01,0.00,ABORT,saida_eixo,0,2
1788471647.45,1108.12,0.01,0.00,ABORT,saida_eixo,0,2
1788471647.56,1108.22,0.00,0.00,ABORT,saida_eixo,0,2
1788471647.66,1108.32,0.01,0.00,ABORT,saida_eixo,0,2
1788471647.77,1108.42,0.01,0.00,ABORT,saida_eixo,0,2
1788471647.87,1108.52,0.00,0.00,ABORT,saida_eixo,0,2
1788471647.98,1108.62,0.00,0.00,ABORT,saida_eixo,0,2
1788471648.08,1108.72,0.00,0.00,ABORT,saida_eixo,0,2
1788471648.19,1108.82,0.01,0.00,ABORT,saida_eixo,0,2
1788471648.29,1108.92,0.00,0.00,ABORT,saida_eixo,0,2
1788471648.40,1109.02,0.00,0.00,ABORT,saida_eixo,0,2
1788471648.50,1109.12,-0.00,0.00,ABORT,saida_eixo,0,2
1788471648.60,1109.22,0.01,0.00,ABORT,saida_eixo,0,2
1788471648.70,1109.32,0.00,0.00,ABORT,saida_eixo,0,2
1788471648.80,1109.42,0.01,0.00,ABORT,saida_eixo,0,2
1788471648.90,1109.52,0.01,0.00,ABORT,saida_eixo,0,2
1788471649.00,1109.62,0.00,0.00,ABORT,saida_eixo,0,2
1788471649.10,1109.72,-0.00,0.00,ABORT,saida_eixo,0,2
1788471649.21,1109.82,0.01,0.00,ABORT,saida_eixo,0,2
1788471649.30,1109.92,0.00,0.00,ABORT,saida_eixo,0,2
1788471649.40,1110.02,0.00,0.00,ABORT,saida_eixo,0,2
1788471649.50,1110.12,0.01,0.00,ABORT,saida_eixo,0,2
1788471649.60,1110.22,0.01,0.00,ABORT,saida_eixo,0,2
1788471649.70,1110.32,0.00,0.00,ABORT,saida_eixo,0,2
1788471649.80,1110.42,0.00,0.00,ABORT,saida_eixo,0,2
1788471649.90,1110.52,0.00,0.00,ABORT,saida_eixo,0,2
1788471650.00,1110.62,0.00,0.00,ABORT,saida_eixo,0,2
1788471650.10,1110.72,0.00,0.00,ABORT,saida_eixo,0,2
1788471650.21,1110.82,0.01,0.00,ABORT,saida_eixo,0,2
1788471650.30,1110.92,0.01,0.00,ABORT,saida_eixo,0,2
1788471650.41,1111.02,0.01,0.00,ABORT,saida_eixo,0,2
1788471650.50,1111.12,-0.00,0.00,ABORT,saida_eixo,0,2
1788471650.60,1111.22,-0.01,0.00,ABORT,saida_eixo,0,2
1788471650.70,1111.32,-0.00,0.00,ABORT,saida_eixo,0,2
1788471650.81,1111.42,-0.00,0.00,ABORT,saida_eixo,0,2
1788471650.91,1111.52,-0.00,0.00,ABORT,saida_eixo,0,2
1788471651.01,1111.62,0.01,0.00,ABORT,saida_eixo,0,2
1788471651.11,1111.72,0.01,0.00,ABORT,saida_eixo,0,2
1788471651.21,1111.82,-0.00,0.00,ABORT,saida_eixo,0,2
1788471651.31,1111.92,-0.00,0.00,ABORT,saida_eixo,0,2
1788471651.41,1112.02,0.00,0.00,ABORT,saida_eixo,0,2
1788471651.51,1112.12,0.00,0.00,ABORT,saida_eixo,0,2
1788471651.61,1112.22,0.01,0.00,ABORT,saida_eixo,0,2
1788471651.71,1112.32,0.01,0.00,ABORT,saida_eixo,0,2
1788471651.81,1112.42,0.00,0.00,ABORT,saida_eixo,0,2
1788471651.91,1112.52,0.00,0.00,ABORT,saida_eixo,0,2
1788471652.01,1112.62,0.00,0.00,ABORT,saida_eixo,0,2
1788471652.11,1112.72,0.01,0.00,ABORT,saida_eixo,0,2
1788471652.21,1112.82,0.00,0.00,ABORT,saida_eixo,0,2
1788471652.31,1112.92,0.00,0.00,ABORT,saida_eixo,0,2
1788471652.41,1113.02,0.00,0.00,ABORT,saida_eixo,0,2
1788471652.51,1113.12,-0.00,0.00,ABORT,saida_eixo,0,2
1788471652.61,1113.22,0.00,0.00,ABORT,saida_eixo,0,2
1788471652.71,1113.32,-0.00,0.00,ABORT,saida_eixo,0,2
1788471652.81,1113.42,-0.00,0.00,ABORT,saida_eixo,0,2
1788471652.91,1113.52,-0.01,0.00,ABORT,saida_eixo,0,2
1788471653.01,1113.62,0.01,0.00,ABORT,saida_eixo,0,2
1788471653.11,1113.72,0.01,0.00,ABORT,saida_eixo,0,2
1788471653.21,1113.82,0.00,0.00,ABORT,saida_eixo,0,2
1788471653.31,1113.92,0.01,0.00,ABORT,saida_eixo,0,2
1788471653.41,1114.02,0.01,0.00,ABORT,saida_eixo,0,2
1788471653.51,1114.12,0.00,0.00,ABORT,saida_eixo,0,2
1788471653.61,1114.22,0.01,0.00,ABORT,saida_eixo,0,2
1788471653.71,1114.32,0.00,0.00,ABORT,saida_eixo,0,2
1788471653.81,1114.42,0.00,0.00,ABORT,saida_eixo,0,2
1788471653.91,1114.52,-0.00,0.00,ABORT,saida_eixo,0,2
1788471654.01,1114.62,0.00,0.00,ABORT,saida_eixo,0,2
1788471654.11,1114.72,-0.00,0.00,ABORT,saida_eixo,0,2
1788471654.21,1114.82,0.01,0.00,ABORT,saida_eixo,0,2
1788471654.31,1114.92,0.01,0.00,ABORT,saida_eixo,0,2
1788471654.41,1115.02,0.00,0.00,ABORT,saida_eixo,0,2
1788471654.51,1115.12,0.00,0.00,ABORT,saida_eixo,0,2
1788471654.61,1115.22,-0.00,0.00,ABORT,saida_eixo,0,2
1788471654.71,1115.32,-0.00,0.00,ABORT,saida_eixo,0,2
1788471654.81,1115.42,0.01,0.00,ABORT,saida_eixo,0,2
1788471654.91,1115.52,0.00,0.00,ABORT,saida_eixo,0,2
1788471655.01,1115.62,0.00,0.00,ABORT,saida_eixo,0,2
1788471655.11,1115.72,0.01,0.00,ABORT,saida_eixo,0,2
1788471655.21,1115.82,-0.00,0.00,ABORT,saida_eixo,0,2
1788471655.31,1115.92,-0.00,0.00,ABORT,saida_eixo,0,2
1788471655.41,1116.02,0.00,0.00,ABORT,saida_eixo,0,2
1788471655.51,1116.12,0.01,0.00,ABORT,saida_eixo,0,2
1788471655.61,1116.22,-0.00,0.00,ABORT,saida_eixo,0,2
1788471655.71,1116.32,0.00,0.00,ABORT,saida_eixo,0,2
1788471655.81,1116.42,0.01,0.00,ABORT,saida_eixo,0,2
1788471655.91,1116.52,-0.00,0.00,ABORT,saida_eixo,0,2
1788471656.01,1116.62,0.00,0.00,ABORT,saida_eixo,0,2
1788471656.11,1116.72,-0.00,0.00,ABORT,saida_eixo,0,2
1788471656.21,1116.82,-0.00,0.00,ABORT,saida_eixo,0,2
1788471656.31,1116.92,0.00,0.00,ABORT,saida_eixo,0,2
1788471656.41,1117.02,0.01,0.00,ABORT,saida_eixo,0,2
1788471656.51,1117.12,-0.00,0.00,ABORT,saida_eixo,0,2
1788471656.61,1117.22,-0.00,0.00,ABORT,saida_eixo,0,2
1788471656.72,1117.32,0.00,0.00,ABORT,saida_eixo,0,2
1788471656.81,1117.42,0.01,0.00,ABORT,saida_eixo,0,2
1788471656.91,1117.52,-0.01,0.00,ABORT,saida_eixo,0,2
1788471657.02,1117.62,0.00,0.00,ABORT,saida_eixo,0,2
1788471657.11,1117.72,0.01,0.00,ABORT,saida_eixo,0,2
1788471657.21,1117.82,0.00,0.00,ABORT,saida_eixo,0,2
1788471657.31,1117.92,0.01,0.00,ABORT,saida_eixo,0,2
1788471657.42,1118.02,0.01,0.00,ABORT,saida_eixo,0,2
1788471657.51,1118.12,-0.00,0.00,ABORT,saida_eixo,0,2
1788471657.61,1118.22,-0.00,0.00,ABORT,saida_eixo,0,2
1788471657.72,1118.32,0.01,0.00,ABORT,saida_eixo,0,2
1788471657.82,1118.42,0.01,0.00,ABORT,saida_eixo,0,2
1788471657.92,1118.52,0.01,0.00,ABORT,saida_eixo,0,2
1788471658.02,1118.62,0.00,0.00,ABORT,saida_eixo,0,2
1788471658.12,1118.72,-0.00,0.00,ABORT,saida_eixo,0,2
1788471658.22,1118.82,0.01,0.00,ABORT,saida_eixo,0,2
1788471658.32,1118.92,0.01,0.00,ABORT,saida_eixo,0,2
1788471658.42,1119.02,-0.00,0.00,ABORT,saida_eixo,0,2
1788471658.52,1119.12,-0.00,0.00,ABORT,saida_eixo,0,2
1788471658.62,1119.22,0.01,0.00,ABORT,saida_eixo,0,2
1788471658.72,1119.32,-0.00,0.00,ABORT,saida_eixo,0,2
1788471658.82,1119.42,0.00,0.00,ABORT,saida_eixo,0,2
1788471658.92,1119.52,0.01,0.00,ABORT,saida_eixo,0,2
1788471659.02,1119.62,0.00,0.00,ABORT,saida_eixo,0,2
1788471659.12,1119.72,-0.00,0.00,ABORT,saida_eixo,0,2
1788471659.22,1119.82,0.01,0.00,ABORT,saida_eixo,0,2
1788471659.32,1119.92,0.00,0.00,ABORT,saida_eixo,0,2
1788471659.42,1120.02,0.01,0.00,ABORT,saida_eixo,0,2
1788471659.52,1120.12,0.01,0.00,ABORT,saida_eixo,0,2
1788471659.62,1120.22,0.00,0.00,ABORT,saida_eixo,0,2
1788471659.72,1120.32,0.00,0.00,ABORT,saida_eixo,0,2
1788471659.82,1120.42,0.00,0.00,ABORT,saida_eixo,0,2
1788471659.92,1120.52,0.00,0.00,ABORT,saida_eixo,0,2
1788471660.02,1120.62,0.00,0.00,ABORT,saida_eixo,0,2
1788471660.12,1120.72,0.01,0.00,ABORT,saida_eixo,0,2
1788471660.22,1120.82,0.00,0.00,ABORT,saida_eixo,0,2
1788471660.32,1120.92,0.01,0.00,ABORT,saida_eixo,0,2
1788471660.42,1121.02,0.01,0.00,ABORT,saida_eixo,0,2
1788471660.52,1121.12,0.00,0.00,ABORT,saida_eixo,0,2
1788471660.62,1121.22,0.01,0.00,ABORT,saida_eixo,0,2
1788471660.72,1121.32,0.01,0.00,ABORT,saida_eixo,0,2
1788471660.82,1121.42,-0.00,0.00,ABORT,saida_eixo,0,2
1788471660.92,1121.52,0.00,0.00,ABORT,saida_eixo,0,2
1788471661.02,1121.62,-0.00,0.00,ABORT,saida_eixo,0,2
1788471661.12,1121.72,0.00,0.00,ABORT,saida_eixo,0,2
1788471661.22,1121.82,-0.00,0.00,ABORT,saida_eixo,0,2
1788471661.32,1121.92,0.00,0.00,ABORT,saida_eixo,0,2
1788471661.42,1122.02,0.00,0.00,ABORT,saida_eixo,0,2
1788471661.52,1122.12,-0.00,0.00,ABORT,saida_eixo,0,2
1788471661.62,1122.22,0.00,0.00,ABORT,saida_eixo,0,2
1788471661.72,1122.32,0.00,0.00,ABORT,saida_eixo,0,2
1788471661.82,1122.42,0.00,0.00,ABORT,saida_eixo,0,2
1788471661.92,1122.52,0.00,0.00,ABORT,saida_eixo,0,2
1788471662.02,1122.62,0.01,0.00,ABORT,saida_eixo,0,2
1788471662.12,1122.72,0.00,0.00,ABORT,saida_eixo,0,2
1788471662.22,1122.82,-0.01,0.00,ABORT,saida_eixo,0,2
1788471662.32,1122.92,0.00,0.00,ABORT,saida_eixo,0,2
1788471662.42,1123.02,0.01,0.00,ABORT,saida_eixo,0,2
1788471662.52,1123.12,-0.00,0.00,ABORT,saida_eixo,0,2
1788471662.62,1123.22,0.01,0.00,ABORT,saida_eixo,0,2
1788471662.72,1123.32,0.01,0.00,ABORT,saida_eixo,0,2
1788471662.82,1123.42,0.00,0.00,ABORT,saida_eixo,0,2
1788471662.92,1123.52,-0.00,0.00,ABORT,saida_eixo,0,2
1788471663.02,1123.62,0.00,0.00,ABORT,saida_eixo,0,2
1788471663.12,1123.72,-0.00,0.00,ABORT,saida_eixo,0,2
1788471663.22,1123.82,-0.00,0.00,ABORT,saida_eixo,0,2
1788471663.32,1123.92,-0.00,0.00,ABORT,saida_eixo,0,2
1788471663.42,1124.02,0.00,0.00,ABORT,saida_eixo,0,2
1788471663.52,1124.12,0.01,0.00,ABORT,saida_eixo,0,2
1788471663.62,1124.22,0.00,0.00,ABORT,saida_eixo,0,2
1788471663.72,1124.32,0.00,0.00,ABORT,saida_eixo,0,2
1788471663.82,1124.42,0.00,0.00,ABORT,saida_eixo,0,2
1788471663.92,1124.52,0.00,0.00,ABORT,saida_eixo,0,2
1788471664.02,1124.62,0.00,0.00,ABORT,saida_eixo,0,2
1788471664.12,1124.72,0.00,0.00,ABORT,saida_eixo,0,2
1788471664.22,1124.82,0.01,0.00,ABORT,saida_eixo,0,2
1788471664.32,1124.92,-0.00,0.00,ABORT,saida_eixo,0,2
1788471664.42,1125.02,0.00,0.00,ABORT,saida_eixo,0,2
1788471664.52,1125.12,-0.00,0.00,ABORT,saida_eixo,0,2
1788471664.62,1125.22,-0.00,0.00,ABORT,saida_eixo,0,2
1788471664.72,1125.32,-0.00,0.00,ABORT,saida_eixo,0,2
1788471664.82,1125.42,0.01,0.00,ABORT,saida_eixo,0,2
1788471664.92,1125.52,0.01,0.00,ABORT,saida_eixo,0,2
1788471665.02,1125.62,0.00,0.00,ABORT,saida_eixo,0,2
1788471665.12,1125.72,0.01,0.00,ABORT,saida_eixo,0,2
1788471665.22,1125.82,0.01,0.00,ABORT,saida_eixo,0,2
1788471665.32,1125.92,0.01,0.00,ABORT,saida_eixo,0,2
1788471665.42,1126.02,-0.00,0.00,ABORT,saida_eixo,0,2
1788471665.52,1126.12,0.01,0.00,ABORT,saida_eixo,0,2
1788471665.62,1126.22,0.00,0.00,ABORT,saida_eixo,0,2
1788471665.72,1126.32,-0.00,0.00,ABORT,saida_eixo,0,2
1788471665.83,1126.42,0.00,0.00,ABORT,saida_eixo,0,2
1788471665.92,1126.52,0.01,0.00,ABORT,saida_eixo,0,2
1788471666.02,1126.62,-0.00,0.00,ABORT,saida_eixo,0,2
1788471666.12,1126.72,-0.00,0.00,ABORT,saida_eixo,0,2
1788471666.23,1126.82,0.00,0.00,ABORT,saida_eixo,0,2
1788471666.32,1126.92,0.01,0.00,ABORT,saida_eixo,0,2
1788471666.42,1127.02,0.00,0.00,ABORT,saida_eixo,0,2
1788471666.52,1127.12,-0.00,0.00,ABORT,saida_eixo,0,2
1788471666.63,1127.22,-0.00,0.00,ABORT,saida_eixo,0,2
1788471666.73,1127.32,0.00,0.00,ABORT,saida_eixo,0,2
1788471666.83,1127.42,0.00,0.00,ABORT,saida_eixo,0,2
1788471666.93,1127.52,-0.00,0.00,ABORT,saida_eixo,0,2
1788471667.03,1127.62,-0.00,0.00,ABORT,saida_eixo,0,2
1788471667.13,1127.72,-0.00,0.00,ABORT,saida_eixo,0,2
1788471667.23,1127.82,0.01,0.00,ABORT,saida_eixo,0,2
1788471667.33,1127.92,-0.00,0.00,ABORT,saida_eixo,0,2
1788471667.43,1128.02,0.00,0.00,ABORT,saida_eixo,0,2
1788471667.53,1128.12,0.00,0.00,ABORT,saida_eixo,0,2
1788471667.63,1128.22,-0.00,0.00,ABORT,saida_eixo,0,2
1788471667.73,1128.32,-0.00,0.00,ABORT,saida_eixo,0,2
1788471667.83,1128.42,-0.00,0.00,ABORT,saida_eixo,0,2
1788471667.93,1128.52,0.00,0.00,ABORT,saida_eixo,0,2
1788471668.03,1128.62,0.00,0.00,ABORT,saida_eixo,0,2
1788471668.13,1128.72,0.01,0.00,ABORT,saida_eixo,0,2
1788471668.23,1128.82,0.01,0.00,ABORT,saida_eixo,0,2
1788471668.33,1128.92,-0.00,0.00,ABORT,saida_eixo,0,2
1788471668.43,1129.02,-0.00,0.00,ABORT,saida_eixo,0,2
1788471668.53,1129.12,-0.00,0.00,ABORT,saida_eixo,0,2
1788471668.63,1129.22,0.00,0.00,ABORT,saida_eixo,0,2
1788471668.73,1129.32,-0.00,0.00,ABORT,saida_eixo,0,2
1788471668.83,1129.42,0.01,0.00,ABORT,saida_eixo,0,2
1788471668.93,1129.52,-0.00,0.00,ABORT,saida_eixo,0,2
1788471669.03,1129.62,0.00,0.00,ABORT,saida_eixo,0,2
1788471669.13,1129.72,-0.00,0.00,ABORT,saida_eixo,0,2
1788471669.23,1129.82,-0.00,0.00,ABORT,saida_eixo,0,2
1788471669.33,1129.92,0.00,0.00,ABORT,saida_eixo,0,2
1788471669.43,1130.02,0.00,0.00,ABORT,saida_eixo,0,2
1788471669.53,1130.12,0.01,0.00,ABORT,saida_eixo,0,2
1788471669.63,1130.22,0.01,0.00,ABORT,saida_eixo,0,2
1788471669.73,1130.32,0.00,0.00,ABORT,saida_eixo,0,2
1788471669.83,1130.42,0.01,0.00,ABORT,saida_eixo,0,2
1788471669.93,1130.52,0.00,0.00,ABORT,saida_eixo,0,2
1788471670.03,1130.62,-0.00,0.00,ABORT,saida_eixo,0,2
1788471670.13,1130.72,-0.00,0.00,ABORT,saida_eixo,0,2
1788471670.23,1130.82,-0.00,0.00,ABORT,saida_eixo,0,2
1788471670.33,1130.92,0.01,0.00,ABORT,saida_eixo,0,2
1788471670.43,1131.02,0.01,0.00,ABORT,saida_eixo,0,2
1788471670.53,1131.12,0.01,0.00,ABORT,saida_eixo,0,2
1788471670.63,1131.22,0.01,0.00,ABORT,saida_eixo,0,2
1788471670.73,1131.32,-0.00,0.00,ABORT,saida_eixo,0,2
1788471670.83,1131.42,0.00,0.00,ABORT,saida_eixo,0,2
1788471670.93,1131.52,0.01,0.00,ABORT,saida_eixo,0,2
1788471671.03,1131.62,0.00,0.00,ABORT,saida_eixo,0,2
1788471671.13,1131.72,0.01,0.00,ABORT,saida_eixo,0,2
1788471671.23,1131.82,0.00,0.00,ABORT,saida_eixo,0,2
1788471671.33,1131.92,-0.00,0.00,ABORT,saida_eixo,0,2
1788471671.43,1132.02,0.01,0.00,ABORT,saida_eixo,0,2
1788471671.53,1132.12,0.00,0.00,ABORT,saida_eixo,0,2
1788471671.63,1132.22,-0.00,0.00,ABORT,saida_eixo,0,2
1788471671.73,1132.32,-0.00,0.00,ABORT,saida_eixo,0,2
1788471671.83,1132.42,0.01,0.00,ABORT,saida_eixo,0,2
1788471671.93,1132.52,-0.00,0.00,ABORT,saida_eixo,0,2
1788471672.03,1132.62,0.01,0.00,ABORT,saida_eixo,0,2
1788471672.13,1132.72,-0.00,0.00,ABORT,saida_eixo,0,2
1788471672.23,1132.82,0.00,0.00,ABORT,saida_eixo,0,2
1788471672.33,1132.92,-0.00,0.00,ABORT,saida_eixo,0,2
1788471672.43,1133.02,0.00,0.00,ABORT,saida_eixo,0,2
1788471672.53,1133.12,-0.00,0.00,ABORT,saida_eixo,0,2
1788471672.63,1133.22,0.00,0.00,ABORT,saida_eixo,0,2
1788471672.73,1133.32,0.01,0.00,ABORT,saida_eixo,0,2
1788471672.83,1133.42,0.01,0.00,ABORT,saida_eixo,0,2
1788471672.93,1133.52,0.00,0.00,ABORT,saida_eixo,0,2
1788471673.03,1133.62,0.01,0.00,ABORT,saida_eixo,0,2
1788471673.13,1133.72,0.00,0.00,ABORT,saida_eixo,0,2
1788471673.23,1133.82,-0.00,0.00,ABORT,saida_eixo,0,2
1788471673.33,1133.92,0.00,0.00,ABORT,saida_eixo,0,2
1788471673.44,1134.02,0.00,0.00,ABORT,saida_eixo,0,2
1788471673.54,1134.12,0.00,0.00,ABORT,saida_eixo,0,2
1788471673.64,1134.22,0.00,0.00,ABORT,saida_eixo,0,2
1788471673.74,1134.32,0.01,0.00,ABORT,saida_eixo,0,2
1788471673.84,1134.42,-0.00,0.00,ABORT,saida_eixo,0,2
1788471673.94,1134.52,-0.01,0.00,ABORT,saida_eixo,0,2
1788471674.04,1134.62,-0.00,0.00,ABORT,saida_eixo,0,2
1788471674.14,1134.72,-0.00,0.00,ABORT,saida_eixo,0,2
1788471674.24,1134.82,0.01,0.00,ABORT,saida_eixo,0,2
1788471674.34,1134.92,0.01,0.00,ABORT,saida_eixo,0,2
1788471674.44,1135.02,0.00,0.00,ABORT,saida_eixo,0,2
1788471674.54,1135.12,0.00,0.00,ABORT,saida_eixo,0,2
1788471674.64,1135.22,-0.00,0.00,ABORT,saida_eixo,0,2
1788471674.74,1135.32,-0.00,0.00,ABORT,saida_eixo,0,2
1788471674.84,1135.42,-0.00,0.00,ABORT,saida_eixo,0,2
1788471674.94,1135.52,0.01,0.00,ABORT,saida_eixo,0,2
1788471675.04,1135.62,0.01,0.00,ABORT,saida_eixo,0,2
1788471675.14,1135.72,0.00,0.00,ABORT,saida_eixo,0,2
1788471675.24,1135.82,0.01,0.00,ABORT,saida_eixo,0,2
1788471675.34,1135.92,0.01,0.00,ABORT,saida_eixo,0,2
1788471675.44,1136.02,0.00,0.00,ABORT,saida_eixo,0,2
1788471675.54,1136.12,0.00,0.00,ABORT,saida_eixo,0,2
1788471675.64,1136.22,-0.00,0.00,ABORT,saida_eixo,0,2
1788471675.74,1136.32,0.00,0.00,ABORT,saida_eixo,0,2
1788471675.84,1136.42,0.01,0.00,ABORT,saida_eixo,0,2
1788471675.94,1136.52,0.00,0.00,ABORT,saida_eixo,0,2
1788471676.04,1136.62,0.01,0.00,ABORT,saida_eixo,0,2
1788471676.14,1136.72,-0.00,0.00,ABORT,saida_eixo,0,2
1788471676.24,1136.82,-0.00,0.00,ABORT,saida_eixo,0,2
1788471676.34,1136.92,-0.01,0.00,ABORT,saida_eixo,0,2
1788471676.44,1137.02,0.00,0.00,ABORT,saida_eixo,0,2
1788471676.54,1137.12,-0.00,0.00,ABORT,saida_eixo,0,2
1788471676.64,1137.22,0.01,0.00,ABORT,saida_eixo,0,2
1788471676.74,1137.32,0.01,0.00,ABORT,saida_eixo,0,2
1788471676.84,1137.42,0.00,0.00,ABORT,saida_eixo,0,2
1788471676.94,1137.52,0.00,0.00,ABORT,saida_eixo,0,2
1788471677.04,1137.62,0.00,0.00,ABORT,saida_eixo,0,2
1788471677.14,1137.72,0.00,0.00,ABORT,saida_eixo,0,2
1788471677.24,1137.82,-0.00,0.00,ABORT,saida_eixo,0,2
1788471677.34,1137.92,0.00,0.00,ABORT,saida_eixo,0,2
1788471677.44,1138.02,0.00,0.00,ABORT,saida_eixo,0,2
1788471677.54,1138.12,-0.00,0.00,ABORT,saida_eixo,0,2
1788471677.64,1138.22,-0.00,0.00,ABORT,saida_eixo,0,2
1788471677.74,1138.32,0.01,0.00,ABORT,saida_eixo,0,2
1788471677.84,1138.42,-0.00,0.00,ABORT,saida_eixo,0,2
1788471677.94,1138.52,-0.00,0.00,ABORT,saida_eixo,0,2
1788471678.04,1138.62,0.00,0.00,ABORT,saida_eixo,0,2
1788471678.14,1138.72,0.01,0.00,ABORT,saida_eixo,0,2
1788471678.24,1138.82,-0.00,0.00,ABORT,saida_eixo,0,2
1788471678.34,1138.92,0.01,0.00,ABORT,saida_eixo,0,2
1788471678.44,1139.02,-0.00,0.00,ABORT,saida_eixo,0,2
1788471678.54,1139.12,0.01,0.00,ABORT,saida_eixo,0,2
1788471678.64,1139.22,0.01,0.00,ABORT,saida_eixo,0,2
1788471678.74,1139.32,-0.00,0.00,ABORT,saida_eixo,0,2
1788471678.84,1139.42,-0.00,0.00,ABORT,saida_eixo,0,2
1788471678.94,1139.52,0.01,0.00,ABORT,saida_eixo,0,2
1788471679.04,1139.62,-0.00,0.00,ABORT,saida_eixo,0,2
1788471679.14,1139.72,0.00,0.00,ABORT,saida_eixo,0,2
1788471679.24,1139.82,0.00,0.00,ABORT,saida_eixo,0,2
1788471679.34,1139.92,0.00,0.00,ABORT,saida_eixo,0,2
1788471679.44,1140.02,-0.00,0.00,ABORT,saida_eixo,0,2
1788471679.54,1140.12,-0.00,0.00,ABORT,saida_eixo,0,2
1788471679.64,1140.22,0.00,0.00,ABORT,saida_eixo,0,2
1788471679.74,1140.32,0.01,0.00,ABORT,saida_eixo,0,2
1788471679.84,1140.42,0.00,0.00,ABORT,saida_eixo,0,2
1788471679.94,1140.52,0.01,0.00,ABORT,saida_eixo,0,2
1788471680.04,1140.62,0.01,0.00,ABORT,saida_eixo,0,2
1788471680.14,1140.72,-0.00,0.00,ABORT,saida_eixo,0,2
1788471680.24,1140.82,-0.00,0.00,ABORT,saida_eixo,0,2
1788471680.34,1140.92,-0.00,0.00,ABORT,saida_eixo,0,2
1788471680.44,1141.02,0.00,0.00,ABORT,saida_eixo,0,2
1788471680.54,1141.12,0.00,0.00,ABORT,saida_eixo,0,2
1788471680.64,1141.22,0.01,0.00,ABORT,saida_eixo,0,2
1788471680.74,1141.32,0.01,0.00,ABORT,saida_eixo,0,2
1788471680.84,1141.42,0.00,0.00,ABORT,saida_eixo,0,2
1788471680.94,1141.52,0.00,0.00,ABORT,saida_eixo,0,2
1788471681.05,1141.62,0.00,0.00,ABORT,saida_eixo,0,2
1788471681.14,1141.72,0.00,0.00,ABORT,saida_eixo,0,2
1788471681.24,1141.82,0.00,0.00,ABORT,saida_eixo,0,2
1788471681.34,1141.92,0.01,0.00,ABORT,saida_eixo,0,2
1788471681.44,1142.02,0.01,0.00,ABORT,saida_eixo,0,2
1788471681.54,1142.12,0.01,0.00,ABORT,saida_eixo,0,2
1788471681.64,1142.22,-0.00,0.00,ABORT,saida_eixo,0,2
1788471681.74,1142.32,-0.01,0.00,ABORT,saida_eixo,0,2
1788471681.84,1142.42,-0.00,0.00,ABORT,saida_eixo,0,2
1788471681.94,1142.52,-0.00,0.00,ABORT,saida_eixo,0,2
1788471682.05,1142.62,-0.00,0.00,ABORT,saida_eixo,0,2
1788471682.14,1142.72,0.01,0.00,ABORT,saida_eixo,0,2
1788471682.25,1142.82,0.01,0.00,ABORT,saida_eixo,0,2
1788471682.34,1142.92,-0.00,0.00,ABORT,saida_eixo,0,2
1788471682.45,1143.02,-0.00,0.00,ABORT,saida_eixo,0,2
1788471682.54,1143.12,0.00,0.00,ABORT,saida_eixo,0,2
1788471682.65,1143.22,0.00,0.00,ABORT,saida_eixo,0,2
1788471682.75,1143.32,0.01,0.00,ABORT,saida_eixo,0,2
1788471682.85,1143.42,0.01,0.00,ABORT,saida_eixo,0,2
1788471682.95,1143.52,0.00,0.00,ABORT,saida_eixo,0,2
1788471683.05,1143.62,0.00,0.00,ABORT,saida_eixo,0,2
1788471683.15,1143.72,0.00,0.00,ABORT,saida_eixo,0,2
1788471683.25,1143.82,0.01,0.00,ABORT,saida_eixo,0,2
1788471683.35,1143.92,0.00,0.00,ABORT,saida_eixo,0,2
1788471683.45,1144.02,0.00,0.00,ABORT,saida_eixo,0,2
1788471683.55,1144.12,0.00,0.00,ABORT,saida_eixo,0,2
1788471683.65,1144.22,-0.00,0.00,ABORT,saida_eixo,0,2
1788471683.75,1144.32,0.00,0.00,ABORT,saida_eixo,0,2
1788471683.85,1144.42,-0.00,0.00,ABORT,saida_eixo,0,2
1788471683.95,1144.52,-0.00,0.00,ABORT,saida_eixo,0,2
1788471684.05,1144.62,-0.01,0.00,ABORT,saida_eixo,0,2
1788471684.15,1144.72,0.01,0.00,ABORT,saida_eixo,0,2
1788471684.25,1144.82,0.01,0.00,ABORT,saida_eixo,0,2
1788471684.35,1144.92,0.00,0.00,ABORT,saida_eixo,0,2
1788471684.45,1145.02,0.01,0.00,ABORT,saida_eixo,0,2
1788471684.55,1145.12,0.01,0.00,ABORT,saida_eixo,0,2
1788471684.65,1145.22,0.00,0.00,ABORT,saida_eixo,0,2
1788471684.75,1145.32,0.01,0.00,ABORT,saida_eixo,0,2
1788471684.85,1145.42,0.00,0.00,ABORT,saida_eixo,0,2
1788471684.95,1145.52,0.00,0.00,ABORT,saida_eixo,0,2
1788471685.05,1145.62,-0.00,0.00,ABORT,saida_eixo,0,2
1788471685.15,1145.72,0.00,0.00,ABORT,saida_eixo,0,2
1788471685.25,1145.82,-0.00,0.00,ABORT,saida_eixo,0,2
1788471685.35,1145.92,0.01,0.00,ABORT,saida_eixo,0,2
1788471685.45,1146.02,0.01,0.00,ABORT,saida_eixo,0,2
1788471685.55,1146.12,0.00,0.00,ABORT,saida_eixo,0,2
1788471685.65,1146.22,0.00,0.00,ABORT,saida_eixo,0,2
1788471685.75,1146.32,-0.00,0.00,ABORT,saida_eixo,0,2
1788471685.85,1146.42,-0.00,0.00,ABORT,saida_eixo,0,2
1788471685.95,1146.52,0.01,0.00,ABORT,saida_eixo,0,2
1788471686.05,1146.62,0.00,0.00,ABORT,saida_eixo,0,2
1788471686.15,1146.72,0.00,0.00,ABORT,saida_eixo,0,2
1788471686.25,1146.82,0.01,0.00,ABORT,saida_eixo,0,2
1788471686.35,1146.92,-0.00,0.00,ABORT,saida_eixo,0,2
1788471686.45,1147.02,-0.00,0.00,ABORT,saida_eixo,0,2
1788471686.55,1147.12,0.00,0.00,ABORT,saida_eixo,0,2
1788471686.65,1147.22,0.01,0.00,ABORT,saida_eixo,0,2
1788471686.75,1147.32,-0.00,0.00,ABORT,saida_eixo,0,2
1788471686.85,1147.42,0.00,0.00,ABORT,saida_eixo,0,2
1788471686.95,1147.52,0.01,0.00,ABORT,saida_eixo,0,2
1788471687.05,1147.62,-0.00,0.00,ABORT,saida_eixo,0,2
1788471687.15,1147.72,0.00,0.00,ABORT,saida_eixo,0,2
1788471687.25,1147.82,-0.00,0.00,ABORT,saida_eixo,0,2
1788471687.35,1147.92,-0.00,0.00,ABORT,saida_eixo,0,2
1788471687.45,1148.02,0.00,0.00,ABORT,saida_eixo,0,2
1788471687.55,1148.12,0.01,0.00,ABORT,saida_eixo,0,2
1788471687.65,1148.22,-0.00,0.00,ABORT,saida_eixo,0,2
1788471687.75,1148.32,-0.00,0.00,ABORT,saida_eixo,0,2
1788471687.85,1148.42,0.00,0.00,ABORT,saida_eixo,0,2
1788471687.95,1148.52,0.01,0.00,ABORT,saida_eixo,0,2
1788471688.05,1148.62,-0.01,0.00,ABORT,saida_eixo,0,2
1788471688.15,1148.72,0.00,0.00,ABORT,saida_eixo,0,2
1788471688.25,1148.82,0.01,0.00,ABORT,saida_eixo,0,2
1788471688.35,1148.92,0.00,0.00,ABORT,saida_eixo,0,2
1788471688.45,1149.02,0.01,0.00,ABORT,saida_eixo,0,2
1788471688.55,1149.12,0.01,0.00,ABORT,saida_eixo,0,2
1788471688.65,1149.22,-0.00,0.00,ABORT,saida_eixo,0,2
1788471688.75,1149.32,-0.00,0.00,ABORT,saida_eixo,0,2
1788471688.85,1149.42,0.01,0.00,ABORT,saida_eixo,0,2
1788471688.95,1149.52,0.01,0.00,ABORT,saida_eixo,0,2
1788471689.05,1149.62,0.01,0.00,ABORT,saida_eixo,0,2
1788471689.15,1149.72,0.00,0.00,ABORT,saida_eixo,0,2
1788471689.25,1149.82,-0.00,0.00,ABORT,saida_eixo,0,2
1788471689.35,1149.92,0.01,0.00,ABORT,saida_eixo,0,2
1788471689.45,1150.02,0.01,0.00,ABORT,saida_eixo,0,2
1788471689.55,1150.12,-0.00,0.00,ABORT,saida_eixo,0,2
1788471689.65,1150.22,-0.00,0.00,ABORT,saida_eixo,0,2
1788471689.75,1150.32,0.01,0.00,ABORT,saida_eixo,0,2
1788471689.85,1150.42,-0.00,0.00,ABORT,saida_eixo,0,2
1788471689.95,1150.52,0.00,0.00,ABORT,saida_eixo,0,2
1788471690.05,1150.62,0.01,0.00,ABORT,saida_eixo,0,2
1788471690.15,1150.72,-0.00,0.00,ABORT,saida_eixo,0,2
1788471690.25,1150.82,-0.00,0.00,ABORT,saida_eixo,0,2
1788471690.35,1150.92,0.01,0.00,ABORT,saida_eixo,0,2
1788471690.45,1151.02,0.00,0.00,ABORT,saida_eixo,0,2
1788471690.55,1151.12,0.01,0.00,ABORT,saida_eixo,0,2
1788471690.65,1151.22,0.01,0.00,ABORT,saida_eixo,0,2
1788471690.75,1151.32,0.00,0.00,ABORT,saida_eixo,0,2
1788471690.86,1151.42,0.01,0.00,ABORT,saida_eixo,0,2
1788471690.95,1151.52,0.00,0.00,ABORT,saida_eixo,0,2
1788471691.05,1151.62,0.00,0.00,ABORT,saida_eixo,0,2
1788471691.15,1151.72,0.00,0.00,ABORT,saida_eixo,0,2
1788471691.25,1151.82,0.01,0.00,ABORT,saida_eixo,0,2
1788471691.35,1151.92,0.00,0.00,ABORT,saida_eixo,0,2
1788471691.45,1152.02,0.01,0.00,ABORT,saida_eixo,0,2
1788471691.55,1152.12,0.01,0.00,ABORT,saida_eixo,0,2
1788471691.65,1152.22,0.00,0.00,ABORT,saida_eixo,0,2
1788471691.75,1152.32,0.01,0.00,ABORT,saida_eixo,0,2
1788471691.85,1152.42,0.01,0.00,ABORT,saida_eixo,0,2
1788471691.95,1152.52,-0.00,0.00,ABORT,saida_eixo,0,2
1788471692.06,1152.62,-0.00,0.00,ABORT,saida_eixo,0,2
1788471692.15,1152.72,-0.00,0.00,ABORT,saida_eixo,0,2
1788471692.25,1152.82,0.00,0.00,ABORT,saida_eixo,0,2
1788471692.35,1152.92,-0.00,0.00,ABORT,saida_eixo,0,2
1788471692.46,1153.02,0.00,0.00,ABORT,saida_eixo,0,2
1788471692.56,1153.12,0.00,0.00,ABORT,saida_eixo,0,2
1788471692.65,1153.22,-0.00,0.00,ABORT,saida_eixo,0,2
1788471692.76,1153.32,0.00,0.00,ABORT,saida_eixo,0,2
1788471692.86,1153.42,0.00,0.00,ABORT,saida_eixo,0,2
1788471692.96,1153.52,0.00,0.00,ABORT,saida_eixo,0,2
1788471693.06,1153.62,0.00,0.00,ABORT,saida_eixo,0,2
1788471693.16,1153.72,0.01,0.00,ABORT,saida_eixo,0,2
1788471693.26,1153.82,0.00,0.00,ABORT,saida_eixo,0,2
1788471693.36,1153.92,-0.01,0.00,ABORT,saida_eixo,0,2
1788471693.46,1154.02,0.00,0.00,ABORT,saida_eixo,0,2
1788471693.56,1154.12,0.01,0.00,ABORT,saida_eixo,0,2
1788471693.66,1154.22,-0.00,0.00,ABORT,saida_eixo,0,2
1788471693.76,1154.32,0.01,0.00,ABORT,saida_eixo,0,2
1788471693.86,1154.42,0.01,0.00,ABORT,saida_eixo,0,2
1788471693.96,1154.52,0.00,0.00,ABORT,saida_eixo,0,2
1788471694.06,1154.62,-0.00,0.00,ABORT,saida_eixo,0,2
1788471694.16,1154.72,0.00,0.00,ABORT,saida_eixo,0,2
1788471694.26,1154.82,-0.00,0.00,ABORT,saida_eixo,0,2
1788471694.36,1154.92,-0.00,0.00,ABORT,saida_eixo,0,2
1788471694.46,1155.02,-0.00,0.00,ABORT,saida_eixo,0,2
1788471694.56,1155.12,0.00,0.00,ABORT,saida_eixo,0,2
1788471694.66,1155.22,0.01,0.00,ABORT,saida_eixo,0,2
1788471694.76,1155.32,0.00,0.00,ABORT,saida_eixo,0,2
1788471694.86,1155.42,0.00,0.00,ABORT,saida_eixo,0,2
1788471694.96,1155.52,0.00,0.00,ABORT,saida_eixo,0,2
1788471695.06,1155.62,0.00,0.00,ABORT,saida_eixo,0,2
1788471695.16,1155.72,0.00,0.00,ABORT,saida_eixo,0,2
1788471695.26,1155.82,0.00,0.00,ABORT,saida_eixo,0,2
1788471695.36,1155.92,0.01,0.00,ABORT,saida_eixo,0,2
1788471695.46,1156.02,-0.00,0.00,ABORT,saida_eixo,0,2
1788471695.56,1156.12,0.00,0.00,ABORT,saida_eixo,0,2
1788471695.66,1156.22,-0.00,0.00,ABORT,saida_eixo,0,2
1788471695.76,1156.32,-0.00,0.00,ABORT,saida_eixo,0,2
1788471695.86,1156.42,-0.00,0.00,ABORT,saida_eixo,0,2
1788471695.96,1156.52,0.01,0.00,ABORT,saida_eixo,0,2
1788471696.06,1156.62,0.01,0.00,ABORT,saida_eixo,0,2
1788471696.16,1156.72,0.00,0.00,ABORT,saida_eixo,0,2
1788471696.26,1156.82,0.01,0.00,ABORT,saida_eixo,0,2
1788471696.36,1156.92,0.01,0.00,ABORT,saida_eixo,0,2
1788471696.46,1157.02,0.01,0.00,ABORT,saida_eixo,0,2
1788471696.56,1157.12,-0.00,0.00,ABORT,saida_eixo,0,2
1788471696.66,1157.22,0.00,0.00,ABORT,saida_eixo,0,2
1788471696.76,1157.32,0.00,0.00,ABORT,saida_eixo,0,2
1788471696.86,1157.42,-0.00,0.00,ABORT,saida_eixo,0,2
1788471696.96,1157.52,0.00,0.00,ABORT,saida_eixo,0,2
1788471697.06,1157.62,0.01,0.00,ABORT,saida_eixo,0,2
1788471697.16,1157.72,-0.00,0.00,ABORT,saida_eixo,0,2
1788471697.26,1157.82,-0.00,0.00,ABORT,saida_eixo,0,2
1788471697.36,1157.92,0.00,0.00,ABORT,saida_eixo,0,2
1788471697.46,1158.02,0.01,0.00,ABORT,saida_eixo,0,2
1788471697.56,1158.12,0.00,0.00,ABORT,saida_eixo,0,2
1788471697.66,1158.22,-0.00,0.00,ABORT,saida_eixo,0,2
1788471697.76,1158.32,-0.00,0.00,ABORT,saida_eixo,0,2
1788471697.86,1158.42,0.00,0.00,ABORT,saida_eixo,0,2
1788471697.96,1158.52,0.00,0.00,ABORT,saida_eixo,0,2
1788471698.06,1158.62,-0.00,0.00,ABORT,saida_eixo,0,2
1788471698.16,1158.72,-0.00,0.00,ABORT,saida_eixo,0,2
1788471698.26,1158.82,-0.00,0.00,ABORT,saida_eixo,0,2
1788471698.36,1158.92,0.01,0.00,ABORT,saida_eixo,0,2
1788471698.46,1159.02,-0.00,0.00,ABORT,saida_eixo,0,2
1788471698.56,1159.12,0.00,0.00,ABORT,saida_eixo,0,2
1788471698.66,1159.22,0.00,0.00,ABORT,saida_eixo,0,2
1788471698.76,1159.32,-0.00,0.00,ABORT,saida_eixo,0,2
1788471698.86,1159.42,-0.00,0.00,ABORT,saida_eixo,0,2
1788471698.96,1159.52,-0.00,0.00,ABORT,saida_eixo,0,2
1788471699.06,1159.62,0.00,0.00,ABORT,saida_eixo,0,2
1788471699.16,1159.72,0.00,0.00,ABORT,saida_eixo,0,2
1788471699.26,1159.82,0.01,0.00,ABORT,saida_eixo,0,2
1788471699.36,1159.92,0.01,0.00,ABORT,saida_eixo,0,2
1788471699.46,1160.02,-0.00,0.00,ABORT,saida_eixo,0,2
1788471699.56,1160.12,-0.00,0.00,ABORT,saida_eixo,0,2
1788471699.66,1160.22,-0.00,0.00,ABORT,saida_eixo,0,2
1788471699.76,1160.32,0.00,0.00,ABORT,saida_eixo,0,2
1788471699.86,1160.42,0.01,0.00,ABORT,saida_eixo,0,2
1788471699.96,1160.52,0.01,0.00,ABORT,saida_eixo,0,2
1788471700.06,1160.62,-0.00,0.00,ABORT,saida_eixo,0,2
1788471700.16,1160.72,0.00,0.00,ABORT,saida_eixo,0,2
1788471700.26,1160.82,-0.00,0.00,ABORT,saida_eixo,0,2
1788471700.36,1160.92,-0.00,0.00,ABORT,saida_eixo,0,2
1788471700.46,1161.02,0.00,0.00,ABORT,saida_eixo,0,2
1788471700.56,1161.12,0.00,0.00,ABORT,saida_eixo,0,2
1788471700.66,1161.22,0.01,0.00,ABORT,saida_eixo,0,2
1788471700.76,1161.32,0.01,0.00,ABORT,saida_eixo,0,2
1788471700.86,1161.42,0.00,0.00,ABORT,saida_eixo,0,2
1788471700.96,1161.52,0.01,0.00,ABORT,saida_eixo,0,2
1788471701.06,1161.62,0.00,0.00,ABORT,saida_eixo,0,2
1788471701.16,1161.72,-0.00,0.00,ABORT,saida_eixo,0,2
1788471701.26,1161.82,-0.00,0.00,ABORT,saida_eixo,0,2
1788471701.36,1161.92,-0.00,0.00,ABORT,saida_eixo,0,2
1788471701.46,1162.02,0.01,0.00,ABORT,saida_eixo,0,2
1788471701.56,1162.12,0.01,0.00,ABORT,saida_eixo,0,2
1788471701.66,1162.22,0.01,0.00,ABORT,saida_eixo,0,2
1788471701.76,1162.32,0.01,0.00,ABORT,saida_eixo,0,2
1788471701.86,1162.42,-0.00,0.00,ABORT,saida_eixo,0,2
1788471701.96,1162.52,0.00,0.00,ABORT,saida_eixo,0,2
1788471702.06,1162.62,0.01,0.00,ABORT,saida_eixo,0,2
1788471702.16,1162.72,0.00,0.00,ABORT,saida_eixo,0,2
1788471702.27,1162.82,0.01,0.00,ABORT,saida_eixo,0,2
1788471702.36,1162.92,0.00,0.00,ABORT,saida_eixo,0,2
1788471702.46,1163.02,-0.00,0.00,ABORT,saida_eixo,0,2
1788471702.56,1163.12,0.01,0.00,ABORT,saida_eixo,0,2
1788471702.67,1163.22,0.01,0.00,ABORT,saida_eixo,0,2
1788471702.77,1163.32,-0.00,0.00,ABORT,saida_eixo,0,2
1788471702.87,1163.42,-0.00,0.00,ABORT,saida_eixo,0,2
1788471702.97,1163.52,0.01,0.00,ABORT,saida_eixo,0,2
1788471703.07,1163.62,-0.00,0.00,ABORT,saida_eixo,0,2
1788471703.17,1163.72,0.01,0.00,ABORT,saida_eixo,0,2
1788471703.27,1163.82,-0.00,0.00,ABORT,saida_eixo,0,2
1788471703.37,1163.92,0.00,0.00,ABORT,saida_eixo,0,2
1788471703.47,1164.02,-0.00,0.00,ABORT,saida_eixo,0,2
1788471703.57,1164.12,0.00,0.00,ABORT,saida_eixo,0,2
1788471703.67,1164.22,-0.00,0.00,ABORT,saida_eixo,0,2
1788471703.77,1164.32,0.00,0.00,ABORT,saida_eixo,0,2
1788471703.87,1164.42,0.01,0.00,ABORT,saida_eixo,0,2
1788471703.97,1164.52,0.01,0.00,ABORT,saida_eixo,0,2
1788471704.07,1164.62,0.00,0.00,ABORT,saida_eixo,0,2
1788471704.17,1164.72,0.01,0.00,ABORT,saida_eixo,0,2
1788471704.27,1164.82,-0.00,0.00,ABORT,saida_eixo,0,2
1788471704.37,1164.92,-0.00,0.00,ABORT,saida_eixo,0,2
1788471704.47,1165.02,0.00,0.00,ABORT,saida_eixo,0,2
1788471704.57,1165.12,0.00,0.00,ABORT,saida_eixo,0,2
1788471704.67,1165.22,0.00,0.00,ABORT,saida_eixo,0,2
1788471704.77,1165.32,0.00,0.00,ABORT,saida_eixo,0,2
1788471704.87,1165.42,0.01,0.00,ABORT,saida_eixo,0,2
1788471704.97,1165.52,-0.00,0.00,ABORT,saida_eixo,0,2
1788471705.07,1165.62,-0.01,0.00,ABORT,saida_eixo,0,2
1788471705.17,1165.72,-0.00,0.00,ABORT,saida_eixo,0,2
1788471705.27,1165.82,-0.00,0.00,ABORT,saida_eixo,0,2
1788471705.37,1165.92,0.01,0.00,ABORT,saida_eixo,0,2
1788471705.47,1166.02,0.01,0.00,ABORT,saida_eixo,0,2
1788471705.57,1166.12,0.00,0.00,ABORT,saida_eixo,0,2
1788471705.67,1166.22,0.00,0.00,ABORT,saida_eixo,0,2
1788471705.77,1166.32,-0.00,0.00,ABORT,saida_eixo,0,2
1788471705.87,1166.42,-0.00,0.00,ABORT,saida_eixo,0,2
1788471705.97,1166.52,-0.00,0.00,ABORT,saida_eixo,0,2
1788471706.07,1166.62,0.01,0.00,ABORT,saida_eixo,0,2
1788471706.17,1166.72,0.01,0.00,ABORT,saida_eixo,0,2
1788471706.27,1166.82,0.00,0.00,ABORT,saida_eixo,0,2
1788471706.37,1166.92,0.01,0.00,ABORT,saida_eixo,0,2
1788471706.47,1167.02,0.01,0.00,ABORT,saida_eixo,0,2
1788471706.57,1167.12,0.00,0.00,ABORT,saida_eixo,0,2
1788471706.67,1167.22,0.00,0.00,ABORT,saida_eixo,0,2
1788471706.77,1167.32,-0.00,0.00,ABORT,saida_eixo,0,2
1788471706.87,1167.42,0.00,0.00,ABORT,saida_eixo,0,2
1788471706.97,1167.52,0.01,0.00,ABORT,saida_eixo,0,2
1788471707.07,1167.62,0.00,0.00,ABORT,saida_eixo,0,2
1788471707.17,1167.72,0.01,0.00,ABORT,saida_eixo,0,2
1788471707.27,1167.82,-0.00,0.00,ABORT,saida_eixo,0,2
1788471707.37,1167.92,-0.00,0.00,ABORT,saida_eixo,0,2
1788471707.47,1168.02,-0.01,0.00,ABORT,saida_eixo,0,2
1788471707.57,1168.12,0.00,0.00,ABORT,saida_eixo,0,2
1788471707.67,1168.22,-0.00,0.00,ABORT,saida_eixo,0,2
1788471707.77,1168.32,0.01,0.00,ABORT,saida_eixo,0,2
1788471707.87,1168.42,0.01,0.00,ABORT,saida_eixo,0,2
1788471707.97,1168.52,0.00,0.00,ABORT,saida_eixo,0,2
1788471708.07,1168.62,0.00,0.00,ABORT,saida_eixo,0,2
1788471708.17,1168.72,0.00,0.00,ABORT,saida_eixo,0,2
1788471708.27,1168.82,0.00,0.00,ABORT,saida_eixo,0,2
1788471708.37,1168.92,-0.00,0.00,ABORT,saida_eixo,0,2
1788471708.47,1169.02,0.00,0.00,ABORT,saida_eixo,0,2
1788471708.57,1169.12,0.00,0.00,ABORT,saida_eixo,0,2
1788471708.67,1169.22,-0.00,0.00,ABORT,saida_eixo,0,2
1788471708.77,1169.32,-0.00,0.00,ABORT,saida_eixo,0,2
1788471708.87,1169.42,0.01,0.00,ABORT,saida_eixo,0,2
1788471708.97,1169.52,-0.00,0.00,ABORT,saida_eixo,0,2
1788471709.07,1169.62,-0.00,0.00,ABORT,saida_eixo,0,2
1788471709.17,1169.72,0.00,0.00,ABORT,saida_eixo,0,2
1788471709.27,1169.82,0.01,0.00,ABORT,saida_eixo,0,2
1788471709.37,1169.92,-0.00,0.00,ABORT,saida_eixo,0,2
1788471709.47,1170.02,0.01,0.00,ABORT,saida_eixo,0,2
1788471709.57,1170.12,-0.00,0.00,ABORT,saida_eixo,0,2
1788471709.67,1170.22,0.01,0.00,ABORT,saida_eixo,0,2
1788471709.77,1170.32,0.00,0.00,ABORT,saida_eixo,0,2
1788471709.87,1170.42,-0.00,0.00,ABORT,saida_eixo,0,2
1788471709.97,1170.52,-0.00,0.00,ABORT,saida_eixo,0,2
1788471710.08,1170.62,0.01,0.00,ABORT,saida_eixo,0,2
1788471710.17,1170.72,-0.00,0.00,ABORT,saida_eixo,0,2
1788471710.27,1170.82,0.00,0.00,ABORT,saida_eixo,0,2
1788471710.37,1170.92,0.00,0.00,ABORT,saida_eixo,0,2
1788471710.47,1171.02,0.00,0.00,ABORT,saida_eixo,0,2
1788471710.57,1171.12,-0.00,0.00,ABORT,saida_eixo,0,2
1788471710.67,1171.22,-0.00,0.00,ABORT,saida_eixo,0,2
1788471710.78,1171.32,0.00,0.00,ABORT,saida_eixo,0,2
1788471710.88,1171.42,0.01,0.00,ABORT,saida_eixo,0,2
1788471710.98,1171.52,0.00,0.00,ABORT,saida_eixo,0,2
1788471711.08,1171.62,0.01,0.00,ABORT,saida_eixo,0,2
1788471711.18,1171.72,0.01,0.00,ABORT,saida_eixo,0,2
1788471711.28,1171.82,-0.00,0.00,ABORT,saida_eixo,0,2
1788471711.38,1171.92,-0.00,0.00,ABORT,saida_eixo,0,2
1788471711.48,1172.02,-0.00,0.00,ABORT,saida_eixo,0,2
1788471711.58,1172.12,0.00,0.00,ABORT,saida_eixo,0,2
1788471711.68,1172.22,0.00,0.00,ABORT,saida_eixo,0,2
1788471711.78,1172.32,0.01,0.00,ABORT,saida_eixo,0,2
1788471711.88,1172.42,0.01,0.00,ABORT,saida_eixo,0,2
1788471711.98,1172.52,0.00,0.00,ABORT,saida_eixo,0,2
1788471712.08,1172.62,0.00,0.00,ABORT,saida_eixo,0,2
1788471712.18,1172.72,0.00,0.00,ABORT,saida_eixo,0,2
1788471712.28,1172.82,0.00,0.00,ABORT,saida_eixo,0,2
1788471712.38,1172.92,0.00,0.00,ABORT,saida_eixo,0,2
1788471712.48,1173.02,0.01,0.00,ABORT,saida_eixo,0,2
1788471712.58,1173.12,0.01,0.00,ABORT,saida_eixo,0,2
1788471712.68,1173.22,0.01,0.00,ABORT,saida_eixo,0,2
1788471712.78,1173.32,-0.00,0.00,ABORT,saida_eixo,0,2
1788471712.88,1173.42,-0.01,0.00,ABORT,saida_eixo,0,2
1788471712.98,1173.52,-0.00,0.00,ABORT,saida_eixo,0,2
1788471713.08,1173.62,0.00,0.00,ABORT,saida_eixo,0,2
1788471713.18,1173.72,-0.00,0.00,ABORT,saida_eixo,0,2
1788471713.28,1173.82,0.01,0.00,ABORT,saida_eixo,0,2
1788471713.38,1173.92,0.01,0.00,ABORT,saida_eixo,0,2
1788471713.48,1174.02,-0.00,0.00,ABORT,saida_eixo,0,2
1788471713.58,1174.12,-0.00,0.00,ABORT,saida_eixo,0,2
1788471713.68,1174.22,0.00,0.00,ABORT,saida_eixo,0,2
1788471713.78,1174.32,0.00,0.00,ABORT,saida_eixo,0,2
1788471713.88,1174.42,0.01,0.00,ABORT,saida_eixo,0,2
1788471713.98,1174.52,0.01,0.00,ABORT,saida_eixo,0,2
1788471714.08,1174.62,0.00,0.00,ABORT,saida_eixo,0,2
1788471714.18,1174.72,0.00,0.00,ABORT,saida_eixo,0,2
1788471714.28,1174.82,0.00,0.00,ABORT,saida_eixo,0,2
1788471714.38,1174.92,0.01,0.00,ABORT,saida_eixo,0,2
1788471714.48,1175.02,0.00,0.00,ABORT,saida_eixo,0,2
1788471714.58,1175.12,0.00,0.00,ABORT,saida_eixo,0,2
1788471714.68,1175.22,0.00,0.00,ABORT,saida_eixo,0,2
1788471714.78,1175.32,-0.00,0.00,ABORT,saida_eixo,0,2
1788471714.88,1175.42,0.00,0.00,ABORT,saida_eixo,0,2
1788471714.98,1175.52,-0.00,0.00,ABORT,saida_eixo,0,2
1788471715.08,1175.62,-0.00,0.00,ABORT,saida_eixo,0,2
1788471715.18,1175.72,-0.01,0.00,ABORT,saida_eixo,0,2
1788471715.28,1175.82,0.01,0.00,ABORT,saida_eixo,0,2
1788471715.38,1175.92,0.01,0.00,ABORT,saida_eixo,0,2
1788471715.48,1176.02,0.00,0.00,ABORT,saida_eixo,0,2
1788471715.58,1176.12,0.01,0.00,ABORT,saida_eixo,0,2
1788471715.68,1176.22,0.01,0.00,ABORT,saida_eixo,0,2
1788471715.78,1176.32,0.00,0.00,ABORT,saida_eixo,0,2
1788471715.88,1176.42,0.01,0.00,ABORT,saida_eixo,0,2
1788471715.98,1176.52,0.00,0.00,ABORT,saida_eixo,0,2
1788471716.08,1176.62,0.00,0.00,ABORT,saida_eixo,0,2
1788471716.18,1176.72,-0.00,0.00,ABORT,saida_eixo,0,2
1788471716.28,1176.82,0.00,0.00,ABORT,saida_eixo,0,2
1788471716.38,1176.92,-0.00,0.00,ABORT,saida_eixo,0,2
1788471716.48,1177.02,0.01,0.00,ABORT,saida_eixo,0,2
1788471716.58,1177.12,0.01,0.00,ABORT,saida_eixo,0,2
1788471716.68,1177.22,0.00,0.00,ABORT,saida_eixo,0,2
1788471716.78,1177.32,0.00,0.00,ABORT,saida_eixo,0,2
1788471716.88,1177.42,-0.00,0.00,ABORT,saida_eixo,0,2
1788471716.98,1177.52,-0.00,0.00,ABORT,saida_eixo,0,2
1788471717.08,1177.62,0.01,0.00,ABORT,saida_eixo,0,2
1788471717.18,1177.72,0.00,0.00,ABORT,saida_eixo,0,2
1788471717.28,1177.82,0.00,0.00,ABORT,saida_eixo,0,2
1788471717.38,1177.92,0.01,0.00,ABORT,saida_eixo,0,2
1788471717.48,1178.02,-0.00,0.00,ABORT,saida_eixo,0,2
1788471717.58,1178.12,-0.00,0.00,ABORT,saida_eixo,0,2
1788471717.69,1178.22,-0.00,0.00,ABORT,saida_eixo,0,2
1788471717.79,1178.32,0.01,0.00,ABORT,saida_eixo,0,2
1788471717.89,1178.42,-0.00,0.00,ABORT,saida_eixo,0,2
1788471717.99,1178.52,0.00,0.00,ABORT,saida_eixo,0,2
1788471718.09,1178.62,0.01,0.00,ABORT,saida_eixo,0,2
1788471718.19,1178.72,-0.00,0.00,ABORT,saida_eixo,0,2
1788471718.29,1178.82,0.00,0.00,ABORT,saida_eixo,0,2
1788471718.39,1178.92,-0.00,0.00,ABORT,saida_eixo,0,2
1788471718.49,1179.02,-0.00,0.00,ABORT,saida_eixo,0,2
1788471718.59,1179.12,0.00,0.00,ABORT,saida_eixo,0,2
1788471718.69,1179.22,0.01,0.00,ABORT,saida_eixo,0,2
1788471718.79,1179.32,-0.00,0.00,ABORT,saida_eixo,0,2
1788471718.89,1179.42,-0.00,0.00,ABORT,saida_eixo,0,2
1788471718.99,1179.52,0.00,0.00,ABORT,saida_eixo,0,2
1788471719.09,1179.62,0.01,0.00,ABORT,saida_eixo,0,2
1788471719.19,1179.72,-0.01,0.00,ABORT,saida_eixo,0,2
1788471719.29,1179.82,0.00,0.00,ABORT,saida_eixo,0,2
1788471719.39,1179.92,0.01,0.00,ABORT,saida_eixo,0,2
1788471719.49,1180.02,0.00,0.00,ABORT,saida_eixo,0,2
1788471719.59,1180.12,0.01,0.00,ABORT,saida_eixo,0,2
1788471719.69,1180.22,0.01,0.00,ABORT,saida_eixo,0,2
1788471719.79,1180.32,-0.00,0.00,ABORT,saida_eixo,0,2
1788471719.89,1180.42,-0.00,0.00,ABORT,saida_eixo,0,2
1788471719.99,1180.52,0.01,0.00,ABORT,saida_eixo,0,2
1788471720.09,1180.62,0.01,0.00,ABORT,saida_eixo,0,2
1788471720.19,1180.72,0.01,0.00,ABORT,saida_eixo,0,2
1788471720.29,1180.82,0.00,0.00,ABORT,saida_eixo,0,2
1788471720.39,1180.92,-0.00,0.00,ABORT,saida_eixo,0,2
1788471720.49,1181.02,0.01,0.00,ABORT,saida_eixo,0,2
1788471720.59,1181.12,0.01,0.00,ABORT,saida_eixo,0,2
1788471720.69,1181.22,-0.00,0.00,ABORT,saida_eixo,0,2
1788471720.79,1181.32,-0.00,0.00,ABORT,saida_eixo,0,2
1788471720.89,1181.42,0.01,0.00,ABORT,saida_eixo,0,2
1788471720.99,1181.52,-0.00,0.00,ABORT,saida_eixo,0,2
1788471721.09,1181.62,0.00,0.00,ABORT,saida_eixo,0,2
1788471721.19,1181.72,0.01,0.00,ABORT,saida_eixo,0,2
1788471721.29,1181.82,-0.00,0.00,ABORT,saida_eixo,0,2
1788471721.39,1181.92,-0.00,0.00,ABORT,saida_eixo,0,2
1788471721.49,1182.02,0.01,0.00,ABORT,saida_eixo,0,2
1788471721.59,1182.12,0.00,0.00,ABORT,saida_eixo,0,2
1788471721.69,1182.22,0.01,0.00,ABORT,saida_eixo,0,2
1788471721.79,1182.32,0.01,0.00,ABORT,saida_eixo,0,2
1788471721.89,1182.42,0.00,0.00,ABORT,saida_eixo,0,2
1788471721.99,1182.52,0.00,0.00,ABORT,saida_eixo,0,2
1788471722.09,1182.62,0.00,0.00,ABORT,saida_eixo,0,2
1788471722.19,1182.72,0.00,0.00,ABORT,saida_eixo,0,2
1788471722.29,1182.82,0.00,0.00,ABORT,saida_eixo,0,2
1788471722.39,1182.92,0.01,0.00,ABORT,saida_eixo,0,2
1788471722.49,1183.02,0.00,0.00,ABORT,saida_eixo,0,2
1788471722.59,1183.12,0.01,0.00,ABORT,saida_eixo,0,2
1788471722.69,1183.22,0.01,0.00,ABORT,saida_eixo,0,2
1788471722.79,1183.32,0.00,0.00,ABORT,saida_eixo,0,2
1788471722.89,1183.42,0.01,0.00,ABORT,saida_eixo,0,2
1788471722.99,1183.52,0.01,0.00,ABORT,saida_eixo,0,2
1788471723.10,1183.62,0.00,0.00,ABORT,saida_eixo,0,2
1788471723.19,1183.72,0.00,0.00,ABORT,saida_eixo,0,2
1788471723.29,1183.82,-0.00,0.00,ABORT,saida_eixo,0,2
1788471723.39,1183.92,0.00,0.00,ABORT,saida_eixo,0,2
1788471723.50,1184.02,-0.00,0.00,ABORT,saida_eixo,0,2
1788471723.60,1184.12,0.00,0.00,ABORT,saida_eixo,0,2
1788471723.70,1184.22,0.00,0.00,ABORT,saida_eixo,0,2
1788471723.80,1184.32,-0.00,0.00,ABORT,saida_eixo,0,2
1788471723.90,1184.42,0.00,0.00,ABORT,saida_eixo,0,2
1788471724.00,1184.52,0.00,0.00,ABORT,saida_eixo,0,2
1788471724.10,1184.62,0.00,0.00,ABORT,saida_eixo,0,2
1788471724.20,1184.72,0.00,0.00,ABORT,saida_eixo,0,2
1788471724.30,1184.82,0.01,0.00,ABORT,saida_eixo,0,2
1788471724.40,1184.92,0.00,0.00,ABORT,saida_eixo,0,2
1788471724.50,1185.02,-0.01,0.00,ABORT,saida_eixo,0,2
1788471724.60,1185.12,0.00,0.00,ABORT,saida_eixo,0,2
1788471724.70,1185.22,0.01,0.00,ABORT,saida_eixo,0,2
1788471724.80,1185.32,-0.00,0.00,ABORT,saida_eixo,0,2
1788471724.90,1185.42,0.01,0.00,ABORT,saida_eixo,0,2
1788471725.00,1185.52,0.01,0.00,ABORT,saida_eixo,0,2
1788471725.10,1185.62,0.00,0.00,ABORT,saida_eixo,0,2
1788471725.20,1185.72,-0.00,0.00,ABORT,saida_eixo,0,2
1788471725.30,1185.82,0.00,0.00,ABORT,saida_eixo,0,2
1788471725.40,1185.92,-0.00,0.00,ABORT,saida_eixo,0,2
1788471725.50,1186.02,-0.00,0.00,ABORT,saida_eixo,0,2
1788471725.60,1186.12,-0.00,0.00,ABORT,saida_eixo,0,2
1788471725.70,1186.22,0.00,0.00,ABORT,saida_eixo,0,2
1788471725.80,1186.32,0.01,0.00,ABORT,saida_eixo,0,2
1788471725.90,1186.42,0.00,0.00,ABORT,saida_eixo,0,2
1788471726.00,1186.52,0.00,0.00,ABORT,saida_eixo,0,2
1788471726.10,1186.62,0.00,0.00,ABORT,saida_eixo,0,2
1788471726.20,1186.72,0.00,0.00,ABORT,saida_eixo,0,2
1788471726.30,1186.82,0.00,0.00,ABORT,saida_eixo,0,2
1788471726.40,1186.92,0.00,0.00,ABORT,saida_eixo,0,2
1788471726.50,1187.02,0.01,0.00,ABORT,saida_eixo,0,2
1788471726.60,1187.12,-0.00,0.00,ABORT,saida_eixo,0,2
1788471726.70,1187.22,0.00,0.00,ABORT,saida_eixo,0,2
1788471726.80,1187.32,-0.00,0.00,ABORT,saida_eixo,0,2
1788471726.90,1187.42,-0.00,0.00,ABORT,saida_eixo,0,2
1788471727.00,1187.52,-0.00,0.00,ABORT,saida_eixo,0,2
1788471727.10,1187.62,0.01,0.00,ABORT,saida_eixo,0,2
1788471727.20,1187.72,0.01,0.00,ABORT,saida_eixo,0,2
1788471727.30,1187.82,0.00,0.00,ABORT,saida_eixo,0,2
1788471727.40,1187.92,0.01,0.00,ABORT,saida_eixo,0,2
1788471727.50,1188.02,0.01,0.00,ABORT,saida_eixo,0,2
1788471727.60,1188.12,0.01,0.00,ABORT,saida_eixo,0,2
1788471727.70,1188.22,-0.00,0.00,ABORT,saida_eixo,0,2
1788471727.80,1188.32,0.00,0.00,ABORT,saida_eixo,0,2
1788471727.90,1188.42,0.00,0.00,ABORT,saida_eixo,0,2
1788471728.00,1188.52,-0.00,0.00,ABORT,saida_eixo,0,2
1788471728.10,1188.62,0.00,0.00,ABORT,saida_eixo,0,2
1788471728.20,1188.72,0.01,0.00,ABORT,saida_eixo,0,2
1788471728.30,1188.82,-0.00,0.00,ABORT,saida_eixo,0,2
1788471728.40,1188.92,-0.00,0.00,ABORT,saida_eixo,0,2
1788471728.50,1189.02,0.00,0.00,ABORT,saida_eixo,0,2
1788471728.60,1189.12,0.01,0.00,ABORT,saida_eixo,0,2
1788471728.70,1189.22,0.00,0.00,ABORT,saida_eixo,0,2
1788471728.80,1189.32,-0.00,0.00,ABORT,saida_eixo,0,2
1788471728.90,1189.42,-0.00,0.00,ABORT,saida_eixo,0,2
1788471729.00,1189.52,0.00,0.00,ABORT,saida_eixo,0,2
1788471729.10,1189.62,0.00,0.00,ABORT,saida_eixo,0,2
1788471729.20,1189.72,-0.00,0.00,ABORT,saida_eixo,0,2
1788471729.30,1189.82,-0.00,0.00,ABORT,saida_eixo,0,2
1788471729.40,1189.92,-0.00,0.00,ABORT,saida_eixo,0,2
1788471729.50,1190.02,0.01,0.00,ABORT,saida_eixo,0,2
1788471729.60,1190.12,-0.00,0.00,ABORT,saida_eixo,0,2
1788471729.70,1190.22,0.00,0.00,ABORT,saida_eixo,0,2
1788471729.80,1190.32,0.00,0.00,ABORT,saida_eixo,0,2
1788471729.90,1190.42,-0.00,0.00,ABORT,saida_eixo,0,2
1788471730.00,1190.52,-0.00,0.00,ABORT,saida_eixo,0,2
1788471730.10,1190.62,-0.00,0.00,ABORT,saida_eixo,0,2
1788471730.20,1190.72,0.00,0.00,ABORT,saida_eixo,0,2
1788471730.30,1190.82,0.00,0.00,ABORT,saida_eixo,0,2
1788471730.40,1190.92,0.01,0.00,ABORT,saida_eixo,0,2
1788471730.50,1191.02,0.01,0.00,ABORT,saida_eixo,0,2
1788471730.60,1191.12,-0.00,0.00,ABORT,saida_eixo,0,2
1788471730.70,1191.22,-0.00,0.00,ABORT,saida_eixo,0,2
1788471730.80,1191.32,-0.00,0.00,ABORT,saida_eixo,0,2
1788471730.90,1191.42,0.00,0.00,ABORT,saida_eixo,0,2
1788471731.00,1191.52,-0.00,0.00,ABORT,saida_eixo,0,2
1788471731.11,1191.62,0.01,0.00,ABORT,saida_eixo,0,2
1788471731.20,1191.72,-0.00,0.00,ABORT,saida_eixo,0,2
1788471731.31,1191.82,0.00,0.00,ABORT,saida_eixo,0,2
1788471731.40,1191.92,-0.00,0.00,ABORT,saida_eixo,0,2
1788471731.51,1192.02,-0.00,0.00,ABORT,saida_eixo,0,2
1788471731.61,1192.12,0.00,0.00,ABORT,saida_eixo,0,2
1788471731.71,1192.22,0.00,0.00,ABORT,saida_eixo,0,2
1788471731.81,1192.32,0.01,0.00,ABORT,saida_eixo,0,2
1788471731.91,1192.42,0.01,0.00,ABORT,saida_eixo,0,2
1788471732.01,1192.52,0.00,0.00,ABORT,saida_eixo,0,2
1788471732.11,1192.62,0.01,0.00,ABORT,saida_eixo,0,2
1788471732.21,1192.72,0.00,0.00,ABORT,saida_eixo,0,2
1788471732.31,1192.82,-0.00,0.00,ABORT,saida_eixo,0,2
1788471732.41,1192.92,-0.00,0.00,ABORT,saida_eixo,0,2
1788471732.51,1193.02,-0.00,0.00,ABORT,saida_eixo,0,2
1788471732.61,1193.12,0.01,0.00,ABORT,saida_eixo,0,2
1788471732.71,1193.22,0.01,0.00,ABORT,saida_eixo,0,2
1788471732.81,1193.32,0.01,0.00,ABORT,saida_eixo,0,2
1788471732.91,1193.42,0.01,0.00,ABORT,saida_eixo,0,2
1788471733.01,1193.52,-0.00,0.00,ABORT,saida_eixo,0,2
1788471733.11,1193.62,0.00,0.00,ABORT,saida_eixo,0,2
1788471733.21,1193.72,0.01,0.00,ABORT,saida_eixo,0,2
1788471733.31,1193.82,0.00,0.00,ABORT,saida_eixo,0,2
1788471733.41,1193.92,0.01,0.00,ABORT,saida_eixo,0,2
1788471733.51,1194.02,0.00,0.00,ABORT,saida_eixo,0,2
1788471733.61,1194.12,-0.00,0.00,ABORT,saida_eixo,0,2
1788471733.71,1194.22,0.01,0.00,ABORT,saida_eixo,0,2
1788471733.81,1194.32,0.00,0.00,ABORT,saida_eixo,0,2
1788471733.91,1194.42,-0.00,0.00,ABORT,saida_eixo,0,2
1788471734.01,1194.52,-0.00,0.00,ABORT,saida_eixo,0,2
1788471734.11,1194.62,0.01,0.00,ABORT,saida_eixo,0,2
1788471734.21,1194.72,-0.00,0.00,ABORT,saida_eixo,0,2
1788471734.31,1194.82,0.01,0.00,ABORT,saida_eixo,0,2
1788471734.41,1194.92,-0.00,0.00,ABORT,saida_eixo,0,2
1788471734.51,1195.02,0.00,0.00,ABORT,saida_eixo,0,2
1788471734.61,1195.12,-0.00,0.00,ABORT,saida_eixo,0,2
1788471734.71,1195.22,0.00,0.00,ABORT,saida_eixo,0,2
1788471734.81,1195.32,0.01,0.00,ABORT,saida_eixo,0,2
1788471734.91,1195.42,0.00,0.00,ABORT,saida_eixo,0,2
1788471735.01,1195.52,0.01,0.00,ABORT,saida_eixo,0,2
1788471735.11,1195.62,0.01,0.00,ABORT,saida_eixo,0,2
1788471735.21,1195.72,0.00,0.00,ABORT,saida_eixo,0,2
1788471735.31,1195.82,0.01,0.00,ABORT,saida_eixo,0,2
1788471735.41,1195.92,-0.00,0.00,ABORT,saida_eixo,0,2
1788471735.51,1196.02,-0.00,0.00,ABORT,saida_eixo,0,2
1788471735.61,1196.12,0.00,0.00,ABORT,saida_eixo,0,2
1788471735.71,1196.22,0.00,0.00,ABORT,saida_eixo,0,2
1788471735.81,1196.32,0.00,0.00,ABORT,saida_eixo,0,2
1788471735.91,1196.42,0.00,0.00,ABORT,saida_eixo,0,2
1788471736.01,1196.52,0.01,0.00,ABORT,saida_eixo,0,2
1788471736.11,1196.62,-0.00,0.00,ABORT,saida_eixo,0,2
1788471736.21,1196.72,-0.01,0.00,ABORT,saida_eixo,0,2
1788471736.31,1196.82,-0.00,0.00,ABORT,saida_eixo,0,2
1788471736.41,1196.92,-0.00,0.00,ABORT,saida_eixo,0,2
1788471736.51,1197.02,0.01,0.00,ABORT,saida_eixo,0,2
1788471736.61,1197.12,0.01,0.00,ABORT,saida_eixo,0,2
1788471736.71,1197.22,0.00,0.00,ABORT,saida_eixo,0,2
1788471736.81,1197.32,0.00,0.00,ABORT,saida_eixo,0,2
1788471736.92,1197.42,-0.00,0.00,ABORT,saida_eixo,0,2
1788471737.01,1197.52,-0.00,0.00,ABORT,saida_eixo,0,2
1788471737.11,1197.62,-0.00,0.00,ABORT,saida_eixo,0,2
1788471737.21,1197.72,0.01,0.00,ABORT,saida_eixo,0,2
1788471737.32,1197.82,0.00,0.00,ABORT,saida_eixo,0,2
1788471737.41,1197.92,0.00,0.00,ABORT,saida_eixo,0,2
1788471737.52,1198.02,0.01,0.00,ABORT,saida_eixo,0,2
1788471737.61,1198.12,0.01,0.00,ABORT,saida_eixo,0,2
1788471737.72,1198.22,0.00,0.00,ABORT,saida_eixo,0,2
1788471737.82,1198.32,0.00,0.00,ABORT,saida_eixo,0,2
1788471737.92,1198.42,-0.00,0.00,ABORT,saida_eixo,0,2
1788471738.01,1198.52,0.00,0.00,ABORT,saida_eixo,0,2
1788471738.12,1198.62,0.01,0.00,ABORT,saida_eixo,0,2
1788471738.22,1198.72,0.00,0.00,ABORT,saida_eixo,0,2
1788471738.32,1198.82,0.01,0.00,ABORT,saida_eixo,0,2
1788471738.42,1198.92,-0.00,0.00,ABORT,saida_eixo,0,2
1788471738.52,1199.02,-0.00,0.00,ABORT,saida_eixo,0,2
1788471738.62,1199.12,-0.01,0.00,ABORT,saida_eixo,0,2
1788471738.72,1199.22,-0.00,0.00,ABORT,saida_eixo,0,2
1788471738.82,1199.32,-0.00,0.00,ABORT,saida_eixo,0,2
1788471738.92,1199.42,0.01,0.00,ABORT,saida_eixo,0,2
1788471739.02,1199.52,0.01,0.00,ABORT,saida_eixo,0,2
1788471739.12,1199.62,0.00,0.00,ABORT,saida_eixo,0,2
1788471739.22,1199.72,0.00,0.00,ABORT,saida_eixo,0,2
1788471739.32,1199.82,0.00,0.00,ABORT,saida_eixo,0,2
1788471739.42,1199.92,0.00,0.00,ABORT,saida_eixo,0,2
1788471739.52,1200.02,-0.00,0.00,ABORT,saida_eixo,0,2
1788471739.62,1200.12,0.00,0.00,ABORT,saida_eixo,0,2
1788471739.72,1200.22,0.00,0.00,ABORT,saida_eixo,0,2
1788471739.82,1200.32,-0.00,0.00,ABORT,saida_eixo,0,2
1788471739.92,1200.42,-0.00,0.00,ABORT,saida_eixo,0,2
1788471740.02,1200.52,0.01,0.00,ABORT,saida_eixo,0,2
1788471740.12,1200.62,-0.00,0.00,ABORT,saida_eixo,0,2
1788471740.22,1200.72,-0.00,0.00,ABORT,saida_eixo,0,2
1788471740.32,1200.82,0.00,0.00,ABORT,saida_eixo,0,2
1788471740.42,1200.92,0.01,0.00,ABORT,saida_eixo,0,2
1788471740.52,1201.02,-0.00,0.00,ABORT,saida_eixo,0,2
1788471740.62,1201.12,0.01,0.00,ABORT,saida_eixo,0,2
1788471740.72,1201.22,-0.00,0.00,ABORT,saida_eixo,0,2
1788471740.82,1201.32,0.01,0.00,ABORT,saida_eixo,0,2
1788471740.92,1201.42,0.00,0.00,ABORT,saida_eixo,0,2
1788471741.02,1201.52,-0.00,0.00,ABORT,saida_eixo,0,2
1788471741.12,1201.62,-0.00,0.00,ABORT,saida_eixo,0,2
1788471741.22,1201.72,0.01,0.00,ABORT,saida_eixo,0,2
1788471741.32,1201.82,-0.00,0.00,ABORT,saida_eixo,0,2
1788471741.42,1201.92,0.00,0.00,ABORT,saida_eixo,0,2
1788471741.52,1202.02,0.00,0.00,ABORT,saida_eixo,0,2
1788471741.62,1202.12,0.00,0.00,ABORT,saida_eixo,0,2
1788471741.72,1202.22,-0.00,0.00,ABORT,saida_eixo,0,2
1788471741.82,1202.32,-0.00,0.00,ABORT,saida_eixo,0,2
1788471741.92,1202.42,0.00,0.00,ABORT,saida_eixo,0,2
1788471742.02,1202.52,0.01,0.00,ABORT,saida_eixo,0,2
1788471742.12,1202.62,0.00,0.00,ABORT,saida_eixo,0,2
1788471742.22,1202.72,0.01,0.00,ABORT,saida_eixo,0,2
1788471742.32,1202.82,0.01,0.00,ABORT,saida_eixo,0,2
1788471742.42,1202.92,-0.00,0.00,ABORT,saida_eixo,0,2
1788471742.52,1203.02,-0.00,0.00,ABORT,saida_eixo,0,2
1788471742.62,1203.12,-0.00,0.00,ABORT,saida_eixo,0,2
1788471742.72,1203.22,0.00,0.00,ABORT,saida_eixo,0,2
1788471742.82,1203.32,0.00,0.00,ABORT,saida_eixo,0,2
1788471742.92,1203.42,0.01,0.00,ABORT,saida_eixo,0,2
1788471743.02,1203.52,0.01,0.00,ABORT,saida_eixo,0,2
1788471743.12,1203.62,0.00,0.00,ABORT,saida_eixo,0,2
1788471743.22,1203.72,0.00,0.00,ABORT,saida_eixo,0,2
1788471743.32,1203.82,0.00,0.00,ABORT,saida_eixo,0,2
1788471743.42,1203.92,0.00,0.00,ABORT,saida_eixo,0,2
1788471743.52,1204.02,0.00,0.00,ABORT,saida_eixo,0,2
1788471743.62,1204.12,0.01,0.00,ABORT,saida_eixo,0,2
1788471743.72,1204.22,0.01,0.00,ABORT,saida_eixo,0,2
1788471743.82,1204.32,0.01,0.00,ABORT,saida_eixo,0,2
1788471743.92,1204.42,-0.00,0.00,ABORT,saida_eixo,0,2
1788471744.02,1204.52,-0.01,0.00,ABORT,saida_eixo,0,2
1788471744.12,1204.62,-0.00,0.00,ABORT,saida_eixo,0,2
1788471744.22,1204.72,-0.00,0.00,ABORT,saida_eixo,0,2
1788471744.32,1204.82,-0.00,0.00,ABORT,saida_eixo,0,2
1788471744.42,1204.92,0.01,0.00,ABORT,saida_eixo,0,2
1788471744.52,1205.02,0.01,0.00,ABORT,saida_eixo,0,2
1788471744.62,1205.12,-0.00,0.00,ABORT,saida_eixo,0,2
1788471744.72,1205.22,-0.00,0.00,ABORT,saida_eixo,0,2
1788471744.82,1205.32,0.00,0.00,ABORT,saida_eixo,0,2
1788471744.92,1205.42,0.00,0.00,ABORT,saida_eixo,0,2
1788471745.02,1205.52,0.01,0.00,ABORT,saida_eixo,0,2
1788471745.12,1205.62,0.01,0.00,ABORT,saida_eixo,0,2
1788471745.22,1205.72,0.00,0.00,ABORT,saida_eixo,0,2
1788471745.32,1205.82,0.00,0.00,ABORT,saida_eixo,0,2
1788471745.42,1205.92,0.00,0.00,ABORT,saida_eixo,0,2
1788471745.52,1206.02,0.01,0.00,ABORT,saida_eixo,0,2
1788471745.62,1206.12,0.00,0.00,ABORT,saida_eixo,0,2
1788471745.72,1206.22,0.00,0.00,ABORT,saida_eixo,0,2
1788471745.82,1206.32,-0.00,0.00,ABORT,saida_eixo,0,2
1788471745.92,1206.42,-0.00,0.00,ABORT,saida_eixo,0,2
1788471746.02,1206.52,0.00,0.00,ABORT,saida_eixo,0,2
1788471746.12,1206.62,-0.00,0.00,ABORT,saida_eixo,0,2
1788471746.22,1206.72,-0.00,0.00,ABORT,saida_eixo,0,2
1788471746.32,1206.82,-0.01,0.00,ABORT,saida_eixo,0,2
1788471746.42,1206.92,0.01,0.00,ABORT,saida_eixo,0,2
1788471746.52,1207.02,0.01,0.00,ABORT,saida_eixo,0,2
1788471746.62,1207.12,0.00,0.00,ABORT,saida_eixo,0,2
1788471746.72,1207.22,0.01,0.00,ABORT,saida_eixo,0,2
1788471746.82,1207.32,0.01,0.00,ABORT,saida_eixo,0,2
1788471746.92,1207.42,0.00,0.00,ABORT,saida_eixo,0,2
1788471747.02,1207.52,0.01,0.00,ABORT,saida_eixo,0,2
1788471747.13,1207.62,0.00,0.00,ABORT,saida_eixo,0,2
1788471747.22,1207.72,0.00,0.00,ABORT,saida_eixo,0,2
1788471747.32,1207.82,-0.00,0.00,ABORT,saida_eixo,0,2
1788471747.43,1207.92,0.00,0.00,ABORT,saida_eixo,0,2
1788471747.53,1208.02,-0.00,0.00,ABORT,saida_eixo,0,2
1788471747.62,1208.12,0.01,0.00,ABORT,saida_eixo,0,2
1788471747.73,1208.22,0.01,0.00,ABORT,saida_eixo,0,2
1788471747.82,1208.32,0.00,0.00,ABORT,saida_eixo,0,2
1788471747.93,1208.42,0.00,0.00,ABORT,saida_eixo,0,2
1788471748.03,1208.52,-0.00,0.00,ABORT,saida_eixo,0,2
1788471748.13,1208.62,-0.00,0.00,ABORT,saida_eixo,0,2
1788471748.23,1208.72,0.01,0.00,ABORT,saida_eixo,0,2
1788471748.33,1208.82,0.00,0.00,ABORT,saida_eixo,0,2
1788471748.43,1208.92,0.00,0.00,ABORT,saida_eixo,0,2
1788471748.53,1209.02,0.01,0.00,ABORT,saida_eixo,0,2
1788471748.63,1209.12,-0.00,0.00,ABORT,saida_eixo,0,2
1788471748.73,1209.22,-0.00,0.00,ABORT,saida_eixo,0,2
1788471748.83,1209.32,0.00,0.00,ABORT,saida_eixo,0,2
1788471748.93,1209.42,0.01,0.00,ABORT,saida_eixo,0,2
1788471749.03,1209.52,-0.00,0.00,ABORT,saida_eixo,0,2
1788471749.13,1209.62,0.00,0.00,ABORT,saida_eixo,0,2
1788471749.23,1209.72,0.01,0.00,ABORT,saida_eixo,0,2
1788471749.33,1209.82,-0.00,0.00,ABORT,saida_eixo,0,2
1788471749.43,1209.92,0.00,0.00,ABORT,saida_eixo,0,2
1788471749.53,1210.02,-0.00,0.00,ABORT,saida_eixo,0,2
1788471749.63,1210.12,-0.00,0.00,ABORT,saida_eixo,0,2
1788471749.73,1210.22,0.00,0.00,ABORT,saida_eixo,0,2
1788471749.83,1210.32,0.01,0.00,ABORT,saida_eixo,0,2
1788471749.93,1210.42,-0.00,0.00,ABORT,saida_eixo,0,2
1788471750.03,1210.52,-0.00,0.00,ABORT,saida_eixo,0,2
1788471750.13,1210.62,0.00,0.00,ABORT,saida_eixo,0,2
1788471750.23,1210.72,0.01,0.00,ABORT,saida_eixo,0,2
1788471750.33,1210.82,-0.01,0.00,ABORT,saida_eixo,0,2
1788471750.43,1210.92,0.00,0.00,ABORT,saida_eixo,0,2
1788471750.53,1211.02,0.01,0.00,ABORT,saida_eixo,0,2
1788471750.63,1211.12,0.00,0.00,ABORT,saida_eixo,0,2
1788471750.73,1211.22,0.01,0.00,ABORT,saida_eixo,0,2
1788471750.83,1211.32,0.01,0.00,ABORT,saida_eixo,0,2
1788471750.93,1211.42,-0.00,0.00,ABORT,saida_eixo,0,2
1788471751.03,1211.52,-0.00,0.00,ABORT,saida_eixo,0,2
1788471751.13,1211.62,0.01,0.00,ABORT,saida_eixo,0,2
1788471751.23,1211.72,0.01,0.00,ABORT,saida_eixo,0,2
1788471751.33,1211.82,0.01,0.00,ABORT,saida_eixo,0,2
1788471751.43,1211.91,0.00,0.00,ABORT,saida_eixo,0,2
1788471751.53,1212.02,-0.00,0.00,ABORT,saida_eixo,0,2
1788471751.63,1212.12,0.01,0.00,ABORT,saida_eixo,0,2
1788471751.73,1212.22,0.01,0.00,ABORT,saida_eixo,0,2
1788471751.83,1212.32,-0.00,0.00,ABORT,saida_eixo,0,2
1788471751.93,1212.42,-0.00,0.00,ABORT,saida_eixo,0,2
1788471752.03,1212.52,0.01,0.00,ABORT,saida_eixo,0,2
1788471752.13,1212.62,-0.00,0.00,ABORT,saida_eixo,0,2
1788471752.23,1212.72,0.00,0.00,ABORT,saida_eixo,0,2
1788471752.33,1212.82,0.01,0.00,ABORT,saida_eixo,0,2
1788471752.43,1212.92,-0.00,0.00,ABORT,saida_eixo,0,2
1788471752.53,1213.02,-0.00,0.00,ABORT,saida_eixo,0,2
1788471752.63,1213.12,0.01,0.00,ABORT,saida_eixo,0,2
1788471752.73,1213.22,0.00,0.00,ABORT,saida_eixo,0,2
1788471752.83,1213.32,0.01,0.00,ABORT,saida_eixo,0,2
1788471752.93,1213.42,0.00,0.00,ABORT,saida_eixo,0,2
1788471753.03,1213.52,0.00,0.00,ABORT,saida_eixo,0,2
1788471753.13,1213.62,0.00,0.00,ABORT,saida_eixo,0,2
1788471753.23,1213.72,0.00,0.00,ABORT,saida_eixo,0,2
1788471753.33,1213.82,0.00,0.00,ABORT,saida_eixo,0,2
1788471753.43,1213.92,0.00,0.00,ABORT,saida_eixo,0,2
1788471753.53,1214.02,0.01,0.00,ABORT,saida_eixo,0,2
1788471753.63,1214.12,0.00,0.00,ABORT,saida_eixo,0,2
1788471753.73,1214.22,0.01,0.00,ABORT,saida_eixo,0,2
1788471753.83,1214.32,0.01,0.00,ABORT,saida_eixo,0,2
1788471753.93,1214.42,0.00,0.00,ABORT,saida_eixo,0,2
1788471754.03,1214.52,0.01,0.00,ABORT,saida_eixo,0,2
1788471754.13,1214.62,0.01,0.00,ABORT,saida_eixo,0,2
1788471754.23,1214.72,-0.00,0.00,ABORT,saida_eixo,0,2
1788471754.33,1214.82,0.00,0.00,ABORT,saida_eixo,0,2
1788471754.43,1214.92,-0.00,0.00,ABORT,saida_eixo,0,2
1788471754.53,1215.02,0.00,0.00,ABORT,saida_eixo,0,2
1788471754.63,1215.12,-0.00,0.00,ABORT,saida_eixo,0,2
1788471754.73,1215.22,0.00,0.00,ABORT,saida_eixo,0,2
1788471754.83,1215.32,0.00,0.00,ABORT,saida_eixo,0,2
1788471754.93,1215.42,-0.00,0.00,ABORT,saida_eixo,0,2
1788471755.03,1215.52,0.00,0.00,ABORT,saida_eixo,0,2
1788471755.13,1215.62,0.00,0.00,ABORT,saida_eixo,0,2
1788471755.23,1215.72,0.00,0.00,ABORT,saida_eixo,0,2
1788471755.33,1215.82,0.00,0.00,ABORT,saida_eixo,0,2
1788471755.43,1215.92,0.01,0.00,ABORT,saida_eixo,0,2
1788471755.54,1216.02,0.00,0.00,ABORT,saida_eixo,0,2
1788471755.63,1216.12,-0.01,0.00,ABORT,saida_eixo,0,2
1788471755.73,1216.22,0.00,0.00,ABORT,saida_eixo,0,2
1788471755.83,1216.32,0.01,0.00,ABORT,saida_eixo,0,2
1788471755.93,1216.42,-0.00,0.00,ABORT,saida_eixo,0,2
1788471756.03,1216.52,0.01,0.00,ABORT,saida_eixo,0,2
1788471756.14,1216.62,0.01,0.00,ABORT,saida_eixo,0,2
1788471756.24,1216.72,0.00,0.00,ABORT,saida_eixo,0,2
1788471756.34,1216.82,-0.00,0.00,ABORT,saida_eixo,0,2
1788471756.43,1216.92,0.00,0.00,ABORT,saida_eixo,0,2
1788471756.54,1217.02,-0.00,0.00,ABORT,saida_eixo,0,2
1788471756.64,1217.12,-0.00,0.00,ABORT,saida_eixo,0,2
1788471756.74,1217.22,-0.00,0.00,ABORT,saida_eixo,0,2
1788471756.84,1217.32,0.00,0.00,ABORT,saida_eixo,0,2
1788471756.94,1217.42,0.01,0.00,ABORT,saida_eixo,0,2
1788471757.04,1217.52,0.00,0.00,ABORT,saida_eixo,0,2
1788471757.14,1217.62,0.00,0.00,ABORT,saida_eixo,0,2
1788471757.24,1217.72,0.00,0.00,ABORT,saida_eixo,0,2
1788471757.34,1217.82,0.00,0.00,ABORT,saida_eixo,0,2
1788471757.44,1217.92,0.00,0.00,ABORT,saida_eixo,0,2
1788471757.54,1218.02,0.00,0.00,ABORT,saida_eixo,0,2
1788471757.64,1218.12,0.01,0.00,ABORT,saida_eixo,0,2
1788471757.74,1218.22,-0.00,0.00,ABORT,saida_eixo,0,2
1788471757.84,1218.32,0.00,0.00,ABORT,saida_eixo,0,2
1788471757.94,1218.42,-0.00,0.00,ABORT,saida_eixo,0,2
1788471758.04,1218.52,-0.00,0.00,ABORT,saida_eixo,0,2
1788471758.14,1218.62,-0.00,0.00,ABORT,saida_eixo,0,2
1788471758.24,1218.72,0.01,0.00,ABORT,saida_eixo,0,2
1788471758.34,1218.82,0.00,0.00,ABORT,saida_eixo,0,2
1788471758.44,1218.92,0.00,0.00,ABORT,saida_eixo,0,2
1788471758.54,1219.02,0.01,0.00,ABORT,saida_eixo,0,2
1788471758.64,1219.12,0.01,0.00,ABORT,saida_eixo,0,2
1788471758.74,1219.22,0.01,0.00,ABORT,saida_eixo,0,2
1788471758.84,1219.32,-0.00,0.00,ABORT,saida_eixo,0,2
1788471758.94,1219.42,0.00,0.00,ABORT,saida_eixo,0,2
1788471759.04,1219.52,0.00,0.00,ABORT,saida_eixo,0,2
1788471759.14,1219.62,-0.00,0.00,ABORT,saida_eixo,0,2
1788471759.24,1219.72,0.00,0.00,ABORT,saida_eixo,0,2
1788471759.34,1219.82,0.01,0.00,ABORT,saida_eixo,0,2
1788471759.44,1219.92,-0.00,0.00,ABORT,saida_eixo,0,2
