wall,sim,lingueta_mm,lamina_deg,estado,fase,armvel_nz,armvel_n
1788466900.49,0.00,0.00,30.44,,,0,0
1788466900.81,718.60,0.00,30.44,,,0,0
1788466900.82,718.61,-0.00,30.44,,,0,0
1788466900.92,718.71,0.00,30.44,,,0,0
1788466901.02,718.81,0.01,30.44,,,0,0
1788466901.12,718.91,0.01,30.44,,,0,0
1788466901.22,719.01,0.00,30.44,,,0,0
1788466901.32,719.11,-0.00,30.44,,,0,0
1788466901.42,719.21,0.00,30.44,,,0,0
1788466901.52,719.31,0.00,30.44,,,0,0
1788466901.62,719.41,-0.00,30.44,,,0,0
1788466901.73,719.51,-0.00,0.00,,,0,0
1788466901.83,719.61,0.00,0.00,,,0,0
1788466901.93,719.71,0.00,0.00,,,0,0
1788466902.03,719.81,0.01,0.00,,,0,0
1788466902.13,719.91,0.01,0.00,,,0,0
1788466902.23,720.01,-0.00,0.00,,,0,0
1788466902.33,720.11,0.01,0.00,,,0,0
1788466902.43,720.21,0.01,0.00,,,0,0
1788466902.53,720.31,0.00,0.00,,,0,0
1788466902.63,720.41,0.01,0.00,,,0,0
1788466902.73,720.51,0.00,0.00,,,0,0
1788466902.83,720.61,0.01,0.00,,,0,0
1788466902.93,720.71,-0.00,0.00,,,0,0
1788466903.03,720.81,-0.00,0.00,,,0,0
1788466903.14,720.91,0.00,0.00,,,0,0
1788466903.24,721.01,-0.00,0.00,,,0,0
1788466903.34,721.11,-0.00,0.00,,,0,0
1788466903.44,721.21,0.01,0.00,,,0,0
1788466903.54,721.31,0.01,0.00,,,0,0
1788466903.64,721.41,-0.00,0.00,,,0,0
1788466903.74,721.51,0.00,0.00,,,0,0
1788466903.84,721.61,0.00,0.00,,,0,0
1788466903.94,721.71,0.00,0.00,,,0,0
1788466904.05,721.81,0.01,0.00,,,0,0
1788466904.15,721.91,0.01,0.00,,,0,0
1788466904.25,722.01,-0.00,0.00,,,0,0
1788466904.35,722.11,0.00,0.00,,,0,0
1788466904.45,722.21,0.00,0.00,,,0,0
1788466904.55,722.31,0.01,0.00,,,0,0
1788466904.66,722.41,0.01,0.00,,,0,0
1788466904.76,722.51,0.01,0.00,,,0,0
1788466904.86,722.61,0.00,0.00,,,0,0
1788466904.96,722.71,-0.00,0.00,,,0,0
1788466905.06,722.81,0.00,0.00,,,0,0
1788466905.16,722.91,-0.00,0.00,,,0,0
1788466905.26,723.01,0.01,0.00,,,0,0
1788466905.36,723.11,-0.00,0.00,,,0,0
1788466905.46,723.21,0.01,0.00,,,0,0
1788466905.56,723.31,0.01,0.00,,,0,0
1788466905.66,723.41,0.00,0.00,,,0,0
1788466905.76,723.51,0.01,0.00,,,0,0
1788466905.86,723.61,0.01,0.00,,,0,0
1788466905.96,723.71,0.00,0.00,,,0,0
1788466906.06,723.81,0.01,0.00,,,0,0
1788466906.16,723.91,0.00,0.00,,,0,0
1788466906.26,724.01,0.00,0.00,,,0,0
1788466906.37,724.11,-0.00,0.00,,,0,0
1788466906.47,724.21,0.00,0.00,,,0,0
1788466906.57,724.31,-0.00,0.00,,,0,0
1788466906.67,724.41,0.01,0.00,,,0,0
1788466906.77,724.51,0.01,0.00,,,0,0
1788466906.87,724.61,0.00,0.00,,,0,0
1788466906.98,724.71,0.01,0.00,,,0,0
1788466907.08,724.81,0.00,0.00,,,0,0
1788466907.18,724.91,0.01,0.00,,,0,0
1788466907.28,725.01,0.00,0.00,,,0,0
1788466907.38,725.11,-0.00,0.00,,,0,0
1788466907.48,725.21,-0.00,0.00,,,0,0
1788466907.58,725.31,0.01,0.00,,,0,0
1788466907.68,725.41,0.00,0.00,,,0,0
1788466907.78,725.51,-0.00,0.00,,,0,0
1788466907.88,725.61,0.00,0.00,,,0,0
1788466907.98,725.71,0.01,0.00,,,0,0
1788466908.08,725.81,-0.00,0.00,,,0,0
1788466908.19,725.91,-0.00,0.00,,,0,0
1788466908.29,726.01,0.01,0.00,,,0,0
1788466908.39,726.11,0.00,0.00,,,0,0
1788466908.49,726.21,0.00,0.00,,,0,0
1788466908.59,726.31,-0.00,0.00,,,0,0
1788466908.69,726.41,-0.00,0.00,,,0,0
1788466908.79,726.51,0.00,0.00,,,0,0
1788466908.89,726.61,0.00,0.00,,,0,0
1788466908.99,726.71,-0.00,0.00,,,0,0
1788466909.09,726.81,-0.00,0.00,,,0,0
1788466909.20,726.91,0.00,0.00,,,0,0
1788466909.30,727.01,-0.00,0.00,,,0,0
1788466909.40,727.11,-0.00,0.00,,,0,0
1788466909.50,727.21,0.00,0.00,,,0,0
1788466909.63,727.31,0.01,0.00,,,0,0
1788466909.73,727.41,0.00,0.00,,,0,0
1788466909.81,727.51,0.00,0.00,,,0,0
1788466909.91,727.61,-0.00,0.00,,,0,0
1788466910.01,727.71,0.00,0.00,,,0,0
1788466910.13,727.81,0.00,0.00,,,0,0
1788466910.22,727.91,0.01,0.00,,,0,0
1788466910.32,728.01,0.01,0.00,,,0,0
1788466910.42,728.11,0.01,0.00,,,0,0
1788466910.52,728.21,-0.00,0.00,,,0,0
1788466910.62,728.31,-0.00,0.00,STOW_INIT,,0,0
1788466910.73,728.41,0.01,0.00,STOW_INIT,,0,1
1788466910.82,728.51,-0.00,0.00,STOW_INIT,,0,0
1788466910.92,728.61,0.00,0.00,SEARCH,,0,0
1788466911.03,728.71,-0.00,0.00,SEARCH,,0,0
1788466911.13,728.81,0.01,0.00,SEARCH,,0,0
1788466911.22,728.91,-0.00,0.00,SEARCH,,0,0
1788466911.33,729.01,0.00,0.00,SEARCH,,0,0
1788466911.42,729.11,0.00,0.00,SEARCH,,0,0
1788466911.53,729.21,0.01,0.00,SEARCH,,0,0
1788466911.63,729.31,0.00,0.00,SEARCH,,0,0
1788466911.73,729.41,0.01,0.00,SEARCH,,0,0
1788466911.83,729.51,0.00,0.00,SEARCH,,0,0
1788466911.93,729.61,0.01,0.00,SEARCH,,0,0
1788466912.03,729.71,0.00,0.00,SEARCH,,0,0
1788466912.13,729.81,0.00,0.00,SEARCH,,0,0
1788466912.23,729.91,-0.00,0.00,SEARCH,,0,0
1788466912.33,730.01,0.00,0.00,SEARCH,,0,0
1788466912.43,730.11,0.00,0.00,SEARCH,,0,0
1788466912.54,730.21,0.00,0.00,SEARCH,,0,0
1788466912.64,730.31,-0.00,0.00,SEARCH,,0,0
1788466912.74,730.41,0.00,0.00,SEARCH,,0,0
1788466912.84,730.51,0.01,0.00,SEARCH,,0,0
1788466912.94,730.61,0.01,0.00,SEARCH,,0,0
1788466913.04,730.71,-0.00,0.00,SEARCH,,0,0
1788466913.14,730.81,0.01,0.00,SEARCH,,0,0
1788466913.24,730.91,0.01,0.00,SEARCH,,0,0
1788466913.34,731.01,0.00,0.00,SEARCH,,0,0
1788466913.44,731.11,0.00,0.00,SEARCH,,0,0
1788466913.54,731.21,-0.00,0.00,SEARCH,,0,0
1788466913.64,731.31,0.00,0.00,SEARCH,,0,0
1788466913.74,731.41,-0.01,0.00,SEARCH,,0,0
1788466913.84,731.51,-0.00,0.00,SEARCH,,0,0
1788466913.95,731.61,0.00,0.00,SEARCH,,0,0
1788466914.05,731.71,-0.00,0.00,SEARCH,,0,0
1788466914.15,731.81,0.00,0.00,SEARCH,,0,0
1788466914.25,731.91,0.00,0.00,SEARCH,,0,0
1788466914.35,732.01,0.00,0.00,SEARCH,,0,0
1788466914.45,732.11,0.00,0.00,SEARCH,,0,0
1788466914.55,732.21,0.00,0.00,SEARCH,,0,0
1788466914.65,732.31,0.00,0.00,SEARCH,,0,0
1788466914.76,732.41,-0.01,0.00,SEARCH,,0,0
1788466914.86,732.51,0.00,0.00,SEARCH,,0,0
1788466914.96,732.61,0.01,0.00,SEARCH,,0,0
1788466915.06,732.71,-0.00,0.00,SEARCH,,0,0
1788466915.16,732.81,0.01,0.00,SEARCH,,0,0
1788466915.26,732.91,0.01,0.00,SEARCH,,0,0
1788466915.36,733.01,0.00,0.00,SEARCH,,0,0
1788466915.46,733.11,-0.00,0.00,SEARCH,,0,0
1788466915.56,733.21,0.00,0.00,SEARCH,,0,0
1788466915.66,733.31,-0.00,0.00,SEARCH,,0,0
1788466915.76,733.41,-0.00,0.00,SEARCH,,0,0
1788466915.86,733.51,-0.00,0.00,SEARCH,,0,0
1788466915.97,733.61,0.00,0.00,SEARCH,,0,0
1788466916.07,733.71,0.01,0.00,SEARCH,,0,0
1788466916.17,733.81,0.00,0.00,SEARCH,,0,0
1788466916.27,733.91,-0.00,0.00,SEARCH,,0,0
1788466916.37,734.01,0.00,0.00,SEARCH,,0,0
1788466916.47,734.11,0.01,0.00,SEARCH,,0,0
1788466916.57,734.21,0.00,0.00,SEARCH,,0,0
1788466916.67,734.31,0.00,0.00,SEARCH,,0,0
1788466916.77,734.41,0.01,0.00,SEARCH,,0,0
1788466916.87,734.51,-0.00,0.00,SEARCH,,0,0
1788466916.97,734.61,0.00,0.00,SEARCH,,0,0
1788466917.08,734.71,0.00,0.00,SEARCH,,0,0
1788466917.18,734.81,-0.00,0.00,SEARCH,,0,0
1788466917.28,734.91,0.01,0.00,SEARCH,,0,0
1788466917.38,735.01,0.00,0.00,SEARCH,,0,0
1788466917.49,735.11,0.01,0.00,SEARCH,,0,0
1788466917.59,735.21,0.00,0.00,SEARCH,,0,0
1788466917.69,735.31,0.00,0.00,SEARCH,,0,0
1788466917.79,735.41,0.01,0.00,SEARCH,,0,0
1788466917.89,735.51,0.01,0.00,SEARCH,,0,0
1788466917.99,735.61,-0.00,0.00,SEARCH,,0,0
1788466918.09,735.71,0.00,0.00,SEARCH,,0,0
1788466918.19,735.81,0.00,0.00,SEARCH,,0,0
1788466918.29,735.91,-0.00,0.00,SEARCH,,0,0
1788466918.39,736.01,0.00,0.00,SEARCH,,0,0
1788466918.49,736.11,0.01,0.00,SEARCH,,0,0
1788466918.60,736.21,-0.00,0.00,SEARCH,,0,0
1788466918.69,736.31,0.00,0.00,SEARCH,,0,0
1788466918.79,736.41,0.00,0.00,SEARCH,,0,0
1788466918.90,736.51,0.01,0.00,SEARCH,,0,0
1788466919.00,736.61,0.01,0.00,SEARCH,,0,0
1788466919.10,736.71,-0.00,0.00,SEARCH,,0,0
1788466919.20,736.81,-0.00,0.00,SEARCH,,0,0
1788466919.30,736.91,0.00,0.00,SEARCH,,0,0
1788466919.40,737.01,0.00,0.00,SEARCH,,0,0
1788466919.50,737.11,-0.00,0.00,SEARCH,,0,0
1788466919.60,737.21,0.00,0.00,SEARCH,,0,0
1788466919.70,737.31,-0.00,0.00,SEARCH,,0,0
1788466919.80,737.41,0.01,0.00,SEARCH,,0,0
1788466919.91,737.51,-0.00,0.00,SEARCH,,0,0
1788466920.01,737.61,0.00,0.00,SEARCH,,0,0
1788466920.11,737.71,0.00,0.00,SEARCH,,0,0
1788466920.21,737.81,-0.00,0.00,SEARCH,,0,0
1788466920.31,737.91,-0.00,0.00,SEARCH,,0,0
1788466920.41,738.01,0.00,0.00,SEARCH,,0,0
1788466920.51,738.11,0.00,0.00,SEARCH,,0,0
1788466920.61,738.21,0.00,0.00,SEARCH,,0,0
1788466920.71,738.31,0.01,0.00,SEARCH,,0,0
1788466920.81,738.41,0.01,0.00,SEARCH,,0,0
1788466920.91,738.51,-0.00,0.00,SEARCH,,0,0
1788466921.01,738.61,0.00,0.00,SEARCH,,0,0
1788466921.11,738.71,-0.00,0.00,SEARCH,,0,0
1788466921.21,738.81,0.00,0.00,SEARCH,,0,0
1788466921.32,738.91,-0.00,0.00,SEARCH,,0,0
1788466921.42,739.01,0.01,0.00,SEARCH,,0,0
1788466921.51,739.11,-0.00,0.00,SEARCH,,0,0
1788466921.62,739.21,0.00,0.00,SEARCH,,0,0
1788466921.72,739.31,-0.00,0.00,SEARCH,,0,0
1788466921.82,739.41,-0.00,0.00,SEARCH,,0,0
1788466921.92,739.51,0.01,0.00,SEARCH,,0,0
1788466922.02,739.61,0.00,0.00,SEARCH,,0,0
1788466922.12,739.71,0.01,0.00,SEARCH,,0,0
1788466922.23,739.81,0.01,0.00,SEARCH,,0,0
1788466922.33,739.91,0.00,0.00,SEARCH,,0,0
1788466922.43,740.01,0.01,0.00,SEARCH,,0,0
1788466922.53,740.11,0.00,0.00,SEARCH,,0,0
1788466922.63,740.21,-0.00,0.00,SEARCH,,0,0
1788466922.73,740.31,-0.00,0.00,SEARCH,,0,0
1788466922.83,740.41,-0.00,0.00,SEARCH,,0,0
1788466922.93,740.51,0.01,0.00,SEARCH,,0,0
1788466923.03,740.61,0.00,0.00,SEARCH,,0,0
1788466923.13,740.71,0.00,0.00,SEARCH,,0,0
1788466923.24,740.81,-0.00,0.00,SEARCH,,0,0
1788466923.34,740.91,-0.01,0.00,SEARCH,,0,0
1788466923.44,741.01,0.00,0.00,SEARCH,,0,0
1788466923.54,741.11,0.01,0.00,SEARCH,,0,0
1788466923.64,741.21,0.01,0.00,SEARCH,,0,0
1788466923.74,741.31,0.01,0.00,SEARCH,,0,0
1788466923.84,741.41,0.00,0.00,SEARCH,,0,0
1788466923.94,741.51,-0.00,0.00,SEARCH,,0,0
1788466924.04,741.61,0.01,0.00,SEARCH,,0,0
1788466924.15,741.71,0.01,0.00,SEARCH,,0,0
1788466924.25,741.81,-0.00,0.00,SEARCH,,0,0
1788466924.35,741.91,-0.00,0.00,SEARCH,,0,0
1788466924.45,742.01,0.00,0.00,SEARCH,,0,0
1788466924.55,742.11,-0.00,0.00,SEARCH,,0,0
1788466924.65,742.21,0.01,0.00,SEARCH,,0,0
1788466924.75,742.31,-0.00,0.00,SEARCH,,0,0
1788466924.85,742.41,0.00,0.00,SEARCH,,0,0
1788466924.95,742.51,-0.00,0.00,SEARCH,,0,0
1788466925.05,742.61,0.00,0.00,SEARCH,,0,0
1788466925.15,742.71,0.01,0.00,SEARCH,,0,0
1788466925.25,742.81,0.00,0.00,SEARCH,,0,0
1788466925.35,742.91,0.01,0.00,SEARCH,,0,0
1788466925.46,743.01,0.01,0.00,SEARCH,,0,0
1788466925.56,743.11,0.00,0.00,SEARCH,,0,0
1788466925.66,743.21,0.01,0.00,SEARCH,,0,0
1788466925.76,743.31,-0.00,0.00,SEARCH,,0,0
1788466925.86,743.41,-0.00,0.00,SEARCH,,0,0
1788466925.96,743.51,0.00,0.00,SEARCH,,0,0
1788466926.06,743.61,-0.00,0.00,SEARCH,,0,0
1788466926.16,743.71,0.00,0.00,SEARCH,,0,0
1788466926.26,743.81,0.00,0.00,SEARCH,,0,0
1788466926.36,743.91,0.01,0.00,SEARCH,,0,0
1788466926.46,744.01,0.01,0.00,SEARCH,,0,0
1788466926.56,744.11,-0.00,0.00,SEARCH,,0,0
1788466926.67,744.21,-0.00,0.00,SEARCH,,0,0
1788466926.77,744.31,-0.00,0.00,SEARCH,,0,0
1788466926.87,744.41,0.01,0.00,SEARCH,,0,0
1788466926.97,744.51,0.01,0.00,SEARCH,,0,0
1788466927.07,744.61,0.00,0.00,SEARCH,,0,0
1788466927.17,744.71,0.00,0.00,SEARCH,,0,0
1788466927.27,744.81,0.00,0.00,SEARCH,,0,0
1788466927.37,744.91,0.00,0.00,SEARCH,,0,0
1788466927.47,745.01,0.00,0.00,SEARCH,,0,0
1788466927.57,745.11,0.01,0.00,SEARCH,,0,0
1788466927.67,745.21,0.01,0.00,SEARCH,,0,0
1788466927.77,745.31,0.00,0.00,SEARCH,,0,0
1788466927.87,745.41,0.00,0.00,SEARCH,,0,0
1788466927.97,745.51,0.00,0.00,SEARCH,,0,0
1788466928.08,745.61,0.00,0.00,SEARCH,,0,0
1788466928.18,745.71,0.00,0.00,SEARCH,,0,0
1788466928.28,745.81,0.00,0.00,SEARCH,,0,0
1788466928.38,745.91,0.00,0.00,SEARCH,,0,0
1788466928.48,746.01,0.01,0.00,SEARCH,,0,0
1788466928.58,746.11,0.00,0.00,SEARCH,,0,0
1788466928.68,746.21,0.01,0.00,SEARCH,,0,0
1788466928.78,746.31,-0.00,0.00,SEARCH,,0,0
1788466928.89,746.41,0.00,0.00,SEARCH,,0,0
1788466928.99,746.51,-0.01,0.00,SEARCH,,0,0
1788466929.09,746.61,-0.00,0.00,SEARCH,,0,0
1788466929.19,746.71,-0.00,0.00,SEARCH,,0,0
1788466929.29,746.81,0.01,0.00,SEARCH,,0,0
1788466929.39,746.91,0.01,0.00,SEARCH,,0,0
1788466929.50,747.01,0.00,0.00,SEARCH,,0,0
1788466929.60,747.11,0.00,0.00,SEARCH,,0,0
1788466929.70,747.21,0.01,0.00,SEARCH,,0,0
1788466929.80,747.31,0.00,0.00,SEARCH,,0,0
1788466929.90,747.41,0.01,0.00,SEARCH,,0,0
1788466930.00,747.51,0.00,0.00,SEARCH,,0,0
1788466930.11,747.61,0.00,0.00,SEARCH,,0,0
1788466930.21,747.71,-0.00,0.00,SEARCH,,0,0
1788466930.31,747.81,0.01,0.00,SEARCH,,0,0
1788466930.41,747.91,0.01,0.00,SEARCH,,0,0
1788466930.51,748.01,-0.00,0.00,SEARCH,,0,0
1788466930.61,748.11,-0.00,0.00,SEARCH,,0,0
1788466930.71,748.21,0.00,0.00,SEARCH,,0,0
1788466930.81,748.31,0.01,0.00,SEARCH,,0,0
1788466930.91,748.41,-0.00,0.00,SEARCH,,0,0
1788466931.01,748.51,0.00,0.00,SEARCH,,0,0
1788466931.11,748.61,0.01,0.00,SEARCH,,0,0
1788466931.21,748.71,0.00,0.00,SEARCH,,0,0
1788466931.31,748.81,0.00,0.00,SEARCH,,0,0
1788466931.41,748.91,-0.00,0.00,SEARCH,,0,0
1788466931.52,749.01,-0.00,0.00,SEARCH,,0,0
1788466931.62,749.11,0.00,0.00,SEARCH,,0,0
1788466931.72,749.21,-0.00,0.00,SEARCH,,0,0
1788466931.82,749.31,0.00,0.00,SEARCH,,0,0
1788466931.92,749.41,0.00,0.00,SEARCH,,0,0
1788466932.02,749.51,0.00,0.00,SEARCH,,0,0
1788466932.12,749.61,0.00,0.00,SEARCH,,0,0
1788466932.22,749.71,-0.00,0.00,SEARCH,,0,0
1788466932.32,749.81,-0.00,0.00,SEARCH,,0,0
1788466932.42,749.91,0.01,0.00,SEARCH,,0,0
1788466932.52,750.01,0.00,0.00,SEARCH,,0,0
1788466932.63,750.11,0.01,0.00,SEARCH,,0,0
1788466932.73,750.21,0.01,0.00,SEARCH,,0,0
1788466932.83,750.31,0.00,0.00,SEARCH,,0,0
1788466932.93,750.41,-0.00,0.00,APPROACH,,0,0
1788466933.03,750.51,0.01,0.00,APPROACH,,0,0
1788466933.13,750.61,0.00,0.00,APPROACH,,0,0
1788466933.23,750.71,-0.00,0.00,APPROACH,,0,0
1788466933.33,750.81,0.01,0.00,APPROACH,,0,0
1788466933.43,750.91,0.00,0.00,APPROACH,,0,0
1788466933.54,751.01,0.00,0.00,APPROACH,,0,0
1788466933.63,751.11,0.01,0.00,APPROACH,,0,0
1788466933.73,751.21,0.00,0.00,APPROACH,,0,0
1788466933.84,751.31,0.00,0.00,APPROACH,,0,0
1788466933.94,751.41,0.00,0.00,APPROACH,,0,0
1788466934.04,751.51,0.01,0.00,APPROACH,,0,0
1788466934.14,751.61,0.01,0.00,APPROACH,,0,0
1788466934.24,751.71,0.01,0.00,APPROACH,,0,0
1788466934.34,751.81,-0.00,0.00,APPROACH,,0,0
1788466934.44,751.91,-0.00,0.00,APPROACH,,0,0
1788466934.54,752.01,0.00,0.00,APPROACH,,0,0
1788466934.64,752.11,-0.00,0.00,APPROACH,,0,0
1788466934.74,752.21,-0.00,0.00,APPROACH,,0,0
1788466934.84,752.31,0.01,0.00,APPROACH,,0,0
1788466934.94,752.41,0.01,0.00,APPROACH,,0,0
1788466935.04,752.51,-0.00,0.00,APPROACH,,0,0
1788466935.14,752.61,-0.00,0.00,APPROACH,,0,0
1788466935.25,752.71,0.00,0.00,APPROACH,,0,0
1788466935.34,752.81,0.01,0.00,APPROACH,,0,0
1788466935.44,752.91,0.01,0.00,APPROACH,,0,0
1788466935.55,753.01,0.00,0.00,APPROACH,,0,0
1788466935.65,753.11,0.01,0.00,APPROACH,,0,0
1788466935.75,753.21,0.00,0.00,APPROACH,,0,0
1788466935.85,753.31,0.00,0.00,APPROACH,,0,0
1788466935.95,753.41,0.01,0.00,APPROACH,,0,0
1788466936.05,753.51,0.01,0.00,APPROACH,,0,0
1788466936.15,753.61,0.00,0.00,APPROACH,,0,0
1788466936.25,753.71,0.00,0.00,APPROACH,,0,0
1788466936.36,753.81,-0.00,0.00,APPROACH,,0,0
1788466936.46,753.91,0.00,0.00,APPROACH,,0,0
1788466936.56,754.01,-0.00,0.00,APPROACH,,0,0
1788466936.66,754.11,-0.00,0.00,APPROACH,,0,0
1788466936.76,754.21,-0.01,0.00,APPROACH,,0,0
1788466936.86,754.31,0.01,0.00,APPROACH,,0,0
1788466936.96,754.41,-0.00,0.00,APPROACH,,0,0
1788466937.06,754.51,-0.00,0.00,APPROACH,,0,0
1788466937.16,754.61,0.01,0.00,APPROACH,,0,0
1788466937.26,754.71,0.01,0.00,APPROACH,,0,0
1788466937.37,754.81,0.00,0.00,APPROACH,,0,0
1788466937.47,754.91,0.01,0.00,APPROACH,,0,0
1788466937.57,755.01,0.00,0.00,APPROACH,,0,0
1788466937.67,755.11,0.00,0.00,APPROACH,,0,0
1788466937.77,755.21,-0.00,0.00,APPROACH,,0,0
1788466937.87,755.31,-0.00,0.00,APPROACH,,0,0
1788466937.97,755.41,-0.00,0.00,APPROACH,,0,0
1788466938.07,755.51,0.00,0.00,APPROACH,,0,0
1788466938.18,755.61,0.01,0.00,APPROACH,,0,0
1788466938.28,755.71,0.00,0.00,APPROACH,,0,0
1788466938.38,755.81,0.00,0.00,APPROACH,,0,0
1788466938.47,755.91,0.00,0.00,APPROACH,,0,0
1788466938.58,756.01,-0.00,0.00,APPROACH,,0,0
1788466938.68,756.11,0.01,0.00,APPROACH,,0,0
1788466938.78,756.21,0.00,0.00,APPROACH,,0,0
1788466938.89,756.31,-0.00,0.00,APPROACH,,0,0
1788466938.99,756.41,0.01,0.00,APPROACH,,0,0
1788466939.08,756.51,-0.00,0.00,APPROACH,,0,0
1788466939.19,756.61,0.00,0.00,APPROACH,,0,0
1788466939.29,756.71,0.00,0.00,APPROACH,,0,0
1788466939.39,756.81,0.01,0.00,APPROACH,,0,0
1788466939.49,756.91,-0.01,0.00,APPROACH,,0,0
1788466939.59,757.01,-0.00,0.00,APPROACH,,0,0
1788466939.69,757.11,0.01,0.00,APPROACH,,0,0
1788466939.79,757.21,-0.00,0.00,APPROACH,,0,0
1788466939.89,757.31,0.01,0.00,APPROACH,,0,0
1788466939.99,757.41,-0.00,0.00,APPROACH,,0,0
1788466940.10,757.51,0.00,0.00,APPROACH,,0,0
1788466940.20,757.61,0.00,0.00,APPROACH,,0,0
1788466940.30,757.71,0.01,0.00,APPROACH,,0,0
1788466940.40,757.81,-0.00,0.00,APPROACH,,0,0
1788466940.50,757.91,-0.00,0.00,APPROACH,,0,0
1788466940.60,758.01,0.00,0.00,APPROACH,,0,0
1788466940.70,758.11,0.01,0.00,APPROACH,,0,0
1788466940.80,758.21,-0.01,0.00,APPROACH,,0,0
1788466940.91,758.31,0.01,0.00,APPROACH,,0,0
1788466941.01,758.41,0.01,0.00,APPROACH,,0,0
1788466941.10,758.51,0.00,0.00,APPROACH,,0,0
1788466941.21,758.61,0.01,0.00,APPROACH,,0,0
1788466941.31,758.71,0.01,0.00,APPROACH,,0,0
1788466941.41,758.81,-0.00,0.00,APPROACH,,0,0
1788466941.51,758.91,-0.00,0.00,APPROACH,,0,0
1788466941.61,759.01,-0.00,0.00,APPROACH,,0,0
1788466941.71,759.11,0.01,0.00,APPROACH,,0,0
1788466941.82,759.21,0.00,0.00,APPROACH,,0,0
1788466941.91,759.31,-0.00,0.00,APPROACH,,0,0
1788466942.02,759.41,-0.00,0.00,APPROACH,,0,0
1788466942.12,759.51,0.00,0.00,APPROACH,,0,0
1788466942.22,759.61,0.01,0.00,APPROACH,,0,0
1788466942.32,759.71,-0.00,0.00,APPROACH,,0,0
1788466942.42,759.81,0.00,0.00,APPROACH,,0,0
1788466942.52,759.91,0.01,0.00,APPROACH,,0,0
1788466942.62,760.01,-0.00,0.00,APPROACH,,0,0
1788466942.72,760.11,-0.00,0.00,APPROACH,,0,0
1788466942.82,760.21,0.01,0.00,APPROACH,,0,0
1788466942.93,760.31,0.00,0.00,APPROACH,,0,0
1788466943.02,760.41,-0.00,0.00,APPROACH,,0,0
1788466943.13,760.51,0.01,0.00,APPROACH,,0,0
1788466943.23,760.61,0.00,0.00,APPROACH,,0,0
1788466943.33,760.71,0.01,0.00,APPROACH,,0,0
1788466943.42,760.81,0.01,0.00,APPROACH,,0,0
1788466943.53,760.91,0.00,0.00,APPROACH,,0,0
1788466943.63,761.01,0.00,0.00,APPROACH,,0,0
1788466943.73,761.11,0.00,0.00,APPROACH,,0,0
1788466943.83,761.21,0.00,0.00,APPROACH,,0,0
1788466943.93,761.31,0.00,0.00,APPROACH,,0,0
1788466944.03,761.41,0.01,0.00,APPROACH,,0,0
1788466944.13,761.51,0.00,0.00,APPROACH,,0,0
1788466944.23,761.61,0.01,0.00,APPROACH,,0,0
1788466944.34,761.71,0.01,0.00,APPROACH,,0,0
1788466944.44,761.81,-0.00,0.00,APPROACH,,0,0
1788466944.54,761.91,0.01,0.00,APPROACH,,0,0
1788466944.64,762.01,0.01,0.00,APPROACH,,0,0
1788466944.74,762.11,0.00,0.00,APPROACH,,0,0
1788466944.84,762.21,0.00,0.00,APPROACH,,0,0
1788466944.94,762.31,-0.00,0.00,APPROACH,,0,0
1788466945.04,762.41,0.00,0.00,APPROACH,,0,0
1788466945.14,762.51,-0.00,0.00,APPROACH,,0,0
1788466945.24,762.61,0.00,0.00,APPROACH,,0,0
1788466945.34,762.71,0.00,0.00,APPROACH,,0,0
1788466945.44,762.81,0.00,0.00,APPROACH,,0,0
1788466945.54,762.91,0.01,0.00,APPROACH,,0,0
1788466945.64,763.01,0.00,0.00,APPROACH,,0,0
1788466945.74,763.11,0.00,0.00,APPROACH,,0,0
1788466945.84,763.21,0.00,0.00,APPROACH,,0,0
1788466945.94,763.31,0.01,0.00,APPROACH,,0,0
1788466946.05,763.41,0.00,0.00,APPROACH,,0,0
1788466946.15,763.51,-0.01,0.00,APPROACH,,0,0
1788466946.25,763.61,0.00,0.00,APPROACH,,0,0
1788466946.35,763.71,0.00,0.00,APPROACH,,0,0
1788466946.45,763.81,0.01,0.00,APPROACH,,0,0
1788466946.55,763.91,0.01,0.00,APPROACH,,0,0
1788466946.66,764.01,0.01,0.00,APPROACH,,0,0
1788466946.76,764.11,-0.00,0.00,APPROACH,,0,0
1788466946.86,764.21,-0.00,0.00,APPROACH,,0,0
1788466946.96,764.31,0.01,0.00,APPROACH,,0,0
1788466947.06,764.41,-0.00,0.00,APPROACH,,0,0
1788466947.16,764.51,0.00,0.00,APPROACH,,0,0
1788466947.26,764.61,-0.00,0.00,APPROACH,,0,0
1788466947.36,764.71,-0.00,0.00,APPROACH,,0,0
1788466947.46,764.81,0.01,0.00,APPROACH,,0,0
1788466947.56,764.91,-0.00,0.00,APPROACH,,0,0
1788466947.66,765.01,0.00,0.00,APPROACH,,0,0
1788466947.76,765.11,0.01,0.00,APPROACH,,0,0
1788466947.86,765.21,0.01,0.00,APPROACH,,0,0
1788466947.96,765.31,0.00,0.00,APPROACH,,0,0
1788466948.07,765.41,-0.00,0.00,APPROACH,,0,0
1788466948.17,765.51,0.01,0.00,APPROACH,,0,0
1788466948.27,765.61,-0.00,0.00,APPROACH,,0,0
1788466948.37,765.71,0.00,0.00,APPROACH,,0,0
1788466948.47,765.81,0.01,0.00,APPROACH,,0,0
1788466948.57,765.91,-0.00,0.00,APPROACH,,0,0
1788466948.67,766.01,-0.00,0.00,APPROACH,,0,0
1788466948.77,766.11,0.00,0.00,APPROACH,,0,0
1788466948.87,766.21,0.01,0.00,APPROACH,,0,0
1788466948.97,766.31,0.00,0.00,APPROACH,,0,0
1788466949.07,766.41,0.01,0.00,APPROACH,,0,0
1788466949.17,766.51,0.01,0.00,APPROACH,,0,0
1788466949.28,766.61,0.01,0.00,APPROACH,,0,0
1788466949.38,766.71,0.00,0.00,APPROACH,,0,0
1788466949.48,766.81,0.01,0.00,APPROACH,,0,0
1788466949.58,766.91,0.00,0.00,APPROACH,,0,0
1788466949.68,767.01,-0.00,0.00,APPROACH,,0,0
1788466949.78,767.11,0.00,0.00,APPROACH,,0,0
1788466949.88,767.21,0.01,0.00,APPROACH,,0,0
1788466949.98,767.31,-0.00,0.00,APPROACH,,0,0
1788466950.08,767.41,0.00,0.00,APPROACH,,0,0
1788466950.19,767.51,0.01,0.00,APPROACH,,0,0
1788466950.29,767.61,-0.00,0.00,APPROACH,,0,0
1788466950.39,767.71,0.01,0.00,APPROACH,,0,0
1788466950.49,767.81,-0.00,0.00,APPROACH,,0,0
1788466950.59,767.91,-0.00,0.00,APPROACH,,0,0
1788466950.69,768.01,0.00,0.00,APPROACH,,0,0
1788466950.79,768.11,0.01,0.00,APPROACH,,0,0
1788466950.89,768.21,-0.00,0.00,APPROACH,,0,0
1788466950.99,768.31,0.00,0.00,APPROACH,,0,0
1788466951.09,768.41,-0.00,0.00,APPROACH,,0,0
1788466951.19,768.51,0.01,0.00,APPROACH,,0,0
1788466951.30,768.61,-0.00,0.00,APPROACH,,0,0
1788466951.40,768.71,0.00,0.00,APPROACH,,0,0
1788466951.50,768.81,0.00,0.00,APPROACH,,0,0
1788466951.60,768.91,-0.00,0.00,APPROACH,,0,0
1788466951.70,769.01,-0.00,0.00,APPROACH,,0,0
1788466951.80,769.11,-0.00,0.00,APPROACH,,0,0
1788466951.90,769.21,0.00,0.00,APPROACH,,0,0
1788466952.01,769.31,-0.00,0.00,APPROACH,,0,0
1788466952.11,769.41,0.01,0.00,APPROACH,,0,0
1788466952.21,769.51,0.01,0.00,APPROACH,,0,0
1788466952.31,769.61,-0.00,0.00,APPROACH,,0,0
1788466952.41,769.71,-0.00,0.00,APPROACH,,0,0
1788466952.51,769.81,-0.00,0.00,APPROACH,,0,0
1788466952.62,769.91,0.01,0.00,APPROACH,,0,0
1788466952.72,770.01,-0.00,0.00,APPROACH,,0,0
1788466952.82,770.11,0.00,0.00,APPROACH,,0,0
1788466952.92,770.21,-0.00,0.00,APPROACH,,0,0
1788466953.02,770.31,0.00,0.00,APPROACH,,0,0
1788466953.12,770.41,0.00,0.00,APPROACH,,0,0
1788466953.22,770.51,-0.00,0.00,APPROACH,,0,0
1788466953.32,770.61,0.00,0.00,APPROACH,,0,0
1788466953.43,770.71,0.00,0.00,APPROACH,,0,0
1788466953.53,770.81,0.01,0.00,APPROACH,,0,0
1788466953.63,770.91,0.01,0.00,APPROACH,,0,0
1788466953.73,771.01,0.00,0.00,APPROACH,,0,0
1788466953.83,771.11,0.01,0.00,APPROACH,,0,0
1788466953.93,771.21,0.00,0.00,APPROACH,,0,0
1788466954.03,771.31,0.00,0.00,APPROACH,,0,0
1788466954.13,771.41,-0.00,0.00,APPROACH,,0,0
1788466954.23,771.51,-0.00,0.00,APPROACH,,0,0
1788466954.34,771.61,0.00,0.00,APPROACH,,0,0
1788466954.43,771.71,0.01,0.00,APPROACH,,0,0
1788466954.53,771.81,0.00,0.00,APPROACH,,0,0
1788466954.63,771.91,0.00,0.00,APPROACH,,0,0
1788466954.74,772.01,-0.00,0.00,APPROACH,,0,0
1788466954.84,772.11,0.00,0.00,APPROACH,,0,0
1788466954.94,772.21,0.01,0.00,APPROACH,,0,0
1788466955.04,772.31,0.00,0.00,APPROACH,,0,0
1788466955.14,772.41,0.01,0.00,APPROACH,,0,0
1788466955.24,772.51,0.00,0.00,APPROACH,,0,0
1788466955.34,772.61,-0.00,0.00,APPROACH,,0,0
1788466955.44,772.71,0.01,0.00,APPROACH,,0,0
1788466955.54,772.81,0.01,0.00,APPROACH,,0,0
1788466955.64,772.91,-0.00,0.00,APPROACH,,0,0
1788466955.74,773.01,0.00,0.00,APPROACH,,0,0
1788466955.84,773.11,0.00,0.00,APPROACH,,0,0
1788466955.95,773.21,-0.01,0.00,APPROACH,,0,0
1788466956.05,773.31,0.01,0.00,APPROACH,,0,0
1788466956.15,773.41,-0.00,0.00,APPROACH,,0,0
1788466956.25,773.51,-0.00,0.00,APPROACH,,0,0
1788466956.35,773.61,0.00,0.00,APPROACH,,0,0
1788466956.45,773.71,0.00,0.00,APPROACH,,0,0
1788466956.55,773.81,-0.00,0.00,APPROACH,,0,0
1788466956.65,773.91,0.00,0.00,APPROACH,,0,0
1788466956.75,774.01,0.01,0.00,APPROACH,,0,0
1788466956.85,774.11,0.01,0.00,APPROACH,,0,0
1788466956.95,774.21,0.00,0.00,APPROACH,,0,0
1788466957.05,774.31,0.01,0.00,APPROACH,,0,0
1788466957.15,774.41,-0.00,0.00,APPROACH,,0,0
1788466957.25,774.51,-0.00,0.00,APPROACH,,0,0
1788466957.35,774.61,0.00,0.00,APPROACH,,0,0
1788466957.46,774.71,-0.00,0.00,APPROACH,,0,0
1788466957.56,774.81,0.00,0.00,APPROACH,,0,0
1788466957.65,774.91,-0.00,0.00,APPROACH,,0,0
1788466957.76,775.01,0.01,0.00,APPROACH,,0,0
1788466957.86,775.11,-0.00,0.00,APPROACH,,0,0
1788466957.96,775.21,-0.01,0.00,APPROACH,,0,0
1788466958.06,775.31,0.00,0.00,APPROACH,,0,0
1788466958.16,775.41,0.01,0.00,APPROACH,,0,0
1788466958.26,775.51,0.01,0.00,APPROACH,,0,0
1788466958.37,775.61,0.00,0.00,APPROACH,,0,0
1788466958.47,775.71,0.00,0.00,APPROACH,,0,0
1788466958.57,775.81,0.00,0.00,APPROACH,,0,0
1788466958.67,775.91,-0.00,0.00,APPROACH,,0,0
1788466958.77,776.01,0.00,0.00,APPROACH,,0,0
1788466958.87,776.11,-0.00,0.00,APPROACH,,0,0
1788466958.97,776.21,0.01,0.00,APPROACH,,0,0
1788466959.07,776.31,0.01,0.00,APPROACH,,0,0
1788466959.17,776.41,0.00,0.00,APPROACH,,0,0
1788466959.27,776.51,0.00,0.00,APPROACH,,0,0
1788466959.38,776.61,0.01,0.00,APPROACH,,0,0
1788466959.48,776.71,0.00,0.00,APPROACH,,0,0
1788466959.58,776.81,0.00,0.00,APPROACH,,0,0
1788466959.68,776.91,-0.00,0.00,APPROACH,,0,0
1788466959.78,777.01,0.01,0.00,APPROACH,,0,0
1788466959.88,777.11,0.00,0.00,APPROACH,,0,0
1788466959.98,777.21,0.00,0.00,APPROACH,,0,0
1788466960.08,777.31,0.01,0.00,APPROACH,,0,0
1788466960.18,777.41,-0.00,0.00,APPROACH,,0,0
1788466960.29,777.51,0.00,0.00,APPROACH,,0,0
1788466960.39,777.61,-0.00,0.00,APPROACH,,0,0
1788466960.49,777.71,-0.00,0.00,APPROACH,,0,0
1788466960.59,777.81,0.01,0.00,APPROACH,,0,0
1788466960.69,777.91,0.01,0.00,APPROACH,,0,0
1788466960.79,778.01,0.01,0.00,APPROACH,,0,0
1788466960.89,778.11,-0.00,0.00,APPROACH,,0,0
1788466960.99,778.21,0.00,0.00,APPROACH,,0,0
1788466961.09,778.31,0.01,0.00,APPROACH,,0,0
1788466961.19,778.41,0.01,0.00,APPROACH,,0,0
1788466961.30,778.51,0.01,0.00,APPROACH,,0,0
1788466961.40,778.61,0.00,0.00,APPROACH,,0,0
1788466961.50,778.71,0.00,0.00,APPROACH,,0,0
1788466961.60,778.81,-0.00,0.00,APPROACH,,0,0
1788466961.70,778.91,-0.00,0.00,APPROACH,,0,0
1788466961.80,779.01,0.01,0.00,APPROACH,,0,0
1788466961.90,779.11,-0.00,0.00,APPROACH,,0,0
1788466962.00,779.21,-0.00,0.00,APPROACH,,0,0
1788466962.10,779.31,0.00,0.00,APPROACH,,0,0
1788466962.21,779.41,0.00,0.00,APPROACH,,0,0
1788466962.31,779.51,-0.00,0.00,APPROACH,,0,0
1788466962.41,779.61,0.01,0.00,APPROACH,,0,0
1788466962.51,779.71,0.01,0.00,APPROACH,,0,0
1788466962.61,779.81,0.01,0.00,APPROACH,,0,0
1788466962.72,779.91,0.01,0.00,APPROACH,,0,0
1788466962.82,780.01,0.00,0.00,APPROACH,,0,0
1788466962.92,780.11,-0.00,0.00,REFINE,,0,0
1788466963.02,780.21,0.01,0.00,REFINE,,0,0
1788466963.12,780.31,-0.00,0.00,REFINE,,0,0
1788466963.23,780.41,0.00,0.00,REFINE,,0,0
1788466963.32,780.51,0.00,0.00,REFINE,,0,0
1788466963.42,780.61,0.00,0.00,REFINE,,0,0
1788466963.52,780.71,-0.00,0.00,REFINE,,0,0
1788466963.62,780.81,-0.00,0.00,REFINE,,0,0
1788466963.73,780.91,-0.00,0.00,REFINE,,0,0
1788466963.83,781.01,0.01,0.00,REFINE,,0,0
1788466963.93,781.11,0.00,0.00,DEPLOY,,0,0
1788466964.03,781.21,0.00,0.00,DEPLOY,,0,0
1788466964.13,781.31,0.00,0.00,DEPLOY,,0,0
1788466964.23,781.41,0.00,0.00,DEPLOY,,0,0
1788466964.33,781.51,-0.00,0.00,DEPLOY,,0,0
1788466964.43,781.61,0.00,0.00,DEPLOY,,0,0
1788466964.53,781.71,0.00,0.00,DEPLOY,,0,0
1788466964.63,781.81,-0.00,0.00,DEPLOY,,0,0
1788466964.73,781.91,0.00,0.00,DEPLOY,,0,0
1788466964.83,782.01,0.00,0.00,DEPLOY,,0,0
1788466964.93,782.11,0.01,0.00,DEPLOY,,0,0
1788466965.03,782.21,0.01,0.00,DEPLOY,,0,0
1788466965.13,782.31,0.00,0.00,DEPLOY,,0,0
1788466965.23,782.41,0.01,0.00,DEPLOY,,0,0
1788466965.33,782.51,0.00,0.00,DEPLOY,,0,0
1788466965.43,782.61,0.01,0.00,DEPLOY,,0,0
1788466965.53,782.71,0.00,0.00,DEPLOY,,0,0
1788466965.63,782.81,0.00,0.00,DEPLOY,,0,0
1788466965.73,782.91,-0.00,0.00,DEPLOY,,0,0
1788466965.83,783.01,-0.00,0.00,DEPLOY,,0,0
1788466965.93,783.11,0.00,0.00,DEPLOY,,0,0
1788466966.03,783.21,-0.00,0.00,DEPLOY,,0,0
1788466966.13,783.31,-0.00,0.00,DEPLOY,,0,0
1788466966.23,783.41,0.01,0.00,DEPLOY,,0,0
1788466966.33,783.51,0.01,0.00,DEPLOY,,0,0
1788466966.43,783.61,0.01,0.00,DEPLOY,,0,0
1788466966.53,783.71,0.00,0.00,DEPLOY,,0,0
1788466966.63,783.81,0.00,0.00,DEPLOY,,0,0
1788466966.73,783.91,0.01,0.00,DEPLOY,,0,0
1788466966.83,784.01,0.01,0.00,DEPLOY,,0,0
1788466966.93,784.11,0.01,0.00,DEPLOY,,0,0
1788466967.03,784.21,-0.00,0.00,DEPLOY,,0,0
1788466967.13,784.31,-0.00,0.00,DEPLOY,,0,0
1788466967.23,784.41,-0.00,0.00,DEPLOY,,0,0
1788466967.33,784.51,-0.00,0.00,DEPLOY,,0,0
1788466967.43,784.61,0.01,0.00,DEPLOY,,0,0
1788466967.53,784.71,0.00,0.00,DEPLOY,,0,0
1788466967.63,784.81,0.00,0.00,DEPLOY,,0,0
1788466967.73,784.91,-0.00,0.00,DEPLOY,,0,0
1788466967.83,785.01,0.00,0.00,DEPLOY,,0,0
1788466967.93,785.11,-0.00,0.00,DEPLOY,,0,0
1788466968.03,785.21,0.01,0.00,DEPLOY,,0,0
1788466968.13,785.31,-0.00,0.00,DEPLOY,,0,0
1788466968.23,785.41,0.01,0.00,DEPLOY,,0,0
1788466968.33,785.50,0.01,0.00,DEPLOY,,0,0
1788466968.43,785.61,0.00,0.00,DEPLOY,,0,0
1788466968.53,785.71,0.01,0.00,DEPLOY,,0,0
1788466968.63,785.81,0.00,0.00,DEPLOY,,0,0
1788466968.74,785.91,0.00,0.00,DEPLOY,,0,0
1788466968.84,786.01,0.01,0.00,DEPLOY,,0,0
1788466968.94,786.11,0.00,0.00,DEPLOY,,0,0
1788466969.04,786.21,0.01,0.00,DEPLOY,,0,0
1788466969.14,786.31,0.01,0.00,DEPLOY,,0,0
1788466969.24,786.41,0.00,0.00,DEPLOY,,0,0
1788466969.34,786.51,-0.00,0.00,DEPLOY,,0,0
1788466969.44,786.61,0.01,0.00,DEPLOY,,0,0
1788466969.55,786.71,0.01,0.00,DEPLOY,,0,0
1788466969.65,786.81,0.00,0.00,DEPLOY,,0,0
1788466969.75,786.91,0.01,0.00,DEPLOY,,0,0
1788466969.85,787.01,-0.00,0.00,DEPLOY,,0,0
1788466969.95,787.11,-0.00,0.00,DEPLOY,,0,0
1788466970.05,787.21,0.00,0.00,DEPLOY,,0,0
1788466970.16,787.31,-0.00,0.00,DEPLOY,,0,0
1788466970.25,787.41,-0.00,0.00,DEPLOY,,0,0
1788466970.36,787.51,0.01,0.00,DEPLOY,,0,0
1788466970.46,787.61,-0.00,0.00,DEPLOY,,0,0
1788466970.56,787.71,0.00,0.00,DEPLOY,,0,0
1788466970.66,787.81,0.01,0.00,DEPLOY,,0,0
1788466970.76,787.91,0.00,0.00,DEPLOY,,0,0
1788466970.86,788.01,-0.00,0.00,DEPLOY,,0,0
1788466970.96,788.11,-0.00,0.00,DEPLOY,,0,0
1788466971.06,788.21,0.01,0.00,DEPLOY,,0,0
1788466971.17,788.31,-0.00,0.00,DEPLOY,,0,0
1788466971.26,788.41,0.01,0.00,DEPLOY,,0,0
1788466971.36,788.51,0.00,0.00,DEPLOY,,0,0
1788466971.46,788.61,-0.00,0.00,DEPLOY,,0,0
1788466971.56,788.71,0.00,0.00,DEPLOY,,0,0
1788466971.66,788.81,0.01,0.00,DEPLOY,,0,0
1788466971.76,788.91,-0.00,0.00,DEPLOY,,0,0
1788466971.86,789.01,0.01,0.00,DEPLOY,,0,0
1788466971.97,789.11,0.00,0.00,DEPLOY,,0,0
1788466972.07,789.21,0.01,0.00,DEPLOY,,0,0
1788466972.17,789.31,-0.01,0.00,DEPLOY,,0,0
1788466972.27,789.41,0.00,0.00,DEPLOY,,0,0
1788466972.37,789.51,0.01,0.00,DEPLOY,,0,0
1788466972.46,789.61,0.00,0.00,DEPLOY,,0,0
1788466972.57,789.71,0.00,0.00,DEPLOY,,0,0
1788466972.67,789.81,0.01,0.00,DEPLOY,,0,0
1788466972.77,789.91,-0.00,0.00,DEPLOY,,0,0
1788466972.87,790.01,-0.00,0.00,DEPLOY,,0,0
1788466972.97,790.11,0.01,0.00,DEPLOY,,0,0
1788466973.07,790.21,0.01,0.00,DEPLOY,,0,0
1788466973.17,790.31,0.00,0.00,DEPLOY,,0,0
1788466973.28,790.41,-0.00,0.00,DEPLOY,,0,0
1788466973.38,790.51,-0.00,0.00,DEPLOY,,0,0
1788466973.48,790.61,0.01,0.00,DEPLOY,,0,0
1788466973.58,790.71,0.01,0.00,DEPLOY,,0,0
1788466973.68,790.81,-0.00,0.00,DEPLOY,,0,0
1788466973.78,790.91,-0.00,0.00,DEPLOY,,0,0
1788466973.88,791.01,0.01,0.00,DEPLOY,,0,0
1788466973.98,791.11,-0.00,0.00,DEPLOY,,0,0
1788466974.09,791.21,-0.00,0.00,DEPLOY,,0,0
1788466974.19,791.31,0.01,0.00,DEPLOY,,0,0
1788466974.29,791.41,-0.00,0.00,DEPLOY,,0,0
1788466974.39,791.51,-0.00,0.00,DEPLOY,,0,0
1788466974.49,791.61,0.01,0.00,DEPLOY,,0,0
1788466974.59,791.71,0.00,0.00,DEPLOY,,0,0
1788466974.69,791.81,0.01,0.00,DEPLOY,,0,0
1788466974.80,791.91,0.00,0.00,DEPLOY,,0,0
1788466974.90,792.01,0.00,0.00,DEPLOY,,0,0
1788466975.00,792.11,-0.00,0.00,DEPLOY,,0,0
1788466975.10,792.21,0.00,0.00,DEPLOY,,0,0
1788466975.20,792.31,0.01,0.00,DEPLOY,,0,0
1788466975.30,792.41,0.00,0.00,DEPLOY,,0,0
1788466975.40,792.51,0.01,0.00,DEPLOY,,0,0
1788466975.50,792.61,-0.00,0.00,DEPLOY,,0,0
1788466975.60,792.71,0.01,0.00,DEPLOY,,0,1
1788466975.70,792.81,0.00,0.00,DEPLOY,,0,0
1788466975.81,792.91,-0.00,0.00,DEPLOY,,0,0
1788466975.90,793.01,0.01,0.00,DEPLOY,,0,0
1788466976.01,793.11,0.01,0.00,DEPLOY,,0,0
1788466976.11,793.21,0.00,0.00,DEPLOY,,0,0
1788466976.21,793.31,-0.00,0.00,DEPLOY,,0,0
1788466976.31,793.41,-0.01,0.00,DEPLOY,,0,0
1788466976.42,793.51,0.00,0.00,DEPLOY,,0,0
1788466976.52,793.61,-0.00,0.00,DEPLOY,,0,0
1788466976.61,793.71,0.00,0.00,DEPLOY,,0,0
1788466976.72,793.81,0.00,0.00,DEPLOY,,0,0
1788466976.82,793.91,-0.00,0.00,DEPLOY,,0,0
1788466976.92,794.01,0.00,0.00,DEPLOY,,0,0
1788466977.02,794.11,0.00,0.00,DEPLOY,,0,0
1788466977.12,794.21,0.00,0.00,DEPLOY,,0,0
1788466977.22,794.31,-0.00,0.00,DEPLOY,,0,0
1788466977.32,794.41,-0.00,0.00,DEPLOY,,0,0
1788466977.42,794.51,-0.00,0.00,DEPLOY,,0,0
1788466977.52,794.61,-0.01,0.00,DEPLOY,,0,0
1788466977.62,794.71,0.00,0.00,DEPLOY,,0,0
1788466977.73,794.81,0.00,0.00,DEPLOY,,0,0
1788466977.82,794.91,-0.00,0.00,DEPLOY,,0,0
1788466977.93,795.01,0.01,0.00,DEPLOY,,0,0
1788466978.03,795.11,0.01,0.00,DEPLOY,,0,0
1788466978.13,795.21,0.00,0.00,DEPLOY,,0,0
1788466978.23,795.31,-0.00,0.00,DEPLOY,,0,0
1788466978.33,795.41,0.00,0.00,DEPLOY,,0,0
1788466978.43,795.51,-0.00,0.00,DEPLOY,,0,0
1788466978.53,795.61,-0.00,0.00,DEPLOY,,0,0
1788466978.64,795.71,-0.00,0.00,DEPLOY,,0,0
1788466978.73,795.81,0.00,0.00,DEPLOY,,0,0
1788466978.84,795.91,0.01,0.00,DEPLOY,,0,0
1788466978.94,796.01,0.00,0.00,DEPLOY,,0,0
1788466979.04,796.11,0.01,0.00,DEPLOY,,0,0
1788466979.14,796.21,0.00,0.00,DEPLOY,,0,0
1788466979.24,796.31,0.01,0.00,DEPLOY,,0,0
1788466979.34,796.41,0.01,0.00,DEPLOY,,0,0
1788466979.44,796.51,0.00,0.00,DEPLOY,,0,0
1788466979.54,796.61,0.00,0.00,DEPLOY,,0,0
1788466979.64,796.71,0.00,0.00,DEPLOY,,0,0
1788466979.75,796.81,0.00,0.00,DEPLOY,,0,0
1788466979.85,796.91,0.00,0.00,DEPLOY,,0,0
1788466979.95,797.01,0.00,0.00,DEPLOY,,0,0
1788466980.05,797.11,-0.00,0.00,DEPLOY,,0,0
1788466980.15,797.21,0.01,0.00,DEPLOY,,0,0
1788466980.25,797.31,0.01,0.00,DEPLOY,,0,0
1788466980.35,797.41,0.00,0.00,DEPLOY,,0,0
1788466980.45,797.51,0.00,0.00,DEPLOY,,0,0
1788466980.55,797.61,0.01,0.00,DEPLOY,,0,0
1788466980.65,797.71,0.01,0.00,DEPLOY,,0,0
1788466980.75,797.81,-0.00,0.00,DEPLOY,,0,0
1788466980.85,797.91,0.01,0.00,DEPLOY,,0,0
1788466980.95,798.01,0.00,0.00,DEPLOY,,0,0
1788466981.06,798.11,-0.00,0.00,DEPLOY,,0,0
1788466981.16,798.21,0.00,0.00,DEPLOY,,0,0
1788466981.26,798.31,0.01,0.00,DEPLOY,,0,0
1788466981.36,798.41,-0.00,0.00,DEPLOY,,0,0
1788466981.46,798.51,-0.00,0.00,DEPLOY,,0,0
1788466981.56,798.61,0.01,0.00,DEPLOY,,0,0
1788466981.66,798.71,-0.00,0.00,DEPLOY,,0,0
1788466981.76,798.81,0.01,0.00,DEPLOY,,0,0
1788466981.86,798.91,-0.00,0.00,DEPLOY,,0,0
1788466981.97,799.01,-0.00,0.00,DEPLOY,,0,0
1788466982.07,799.11,0.00,0.00,DEPLOY,,0,0
1788466982.17,799.21,0.01,0.00,DEPLOY,,0,0
1788466982.27,799.31,-0.00,0.00,DEPLOY,,0,0
1788466982.37,799.41,-0.00,0.00,DEPLOY,,0,0
1788466982.47,799.51,-0.00,0.00,DEPLOY,,0,0
1788466982.58,799.61,0.01,0.00,DEPLOY,,0,0
1788466982.68,799.71,-0.00,0.00,DEPLOY,,0,0
1788466982.78,799.81,0.00,0.00,DEPLOY,,0,0
1788466982.88,799.91,0.00,0.00,DEPLOY,,0,0
1788466982.98,800.01,-0.00,0.00,DEPLOY,,0,0
1788466983.08,800.11,-0.00,0.00,DEPLOY,,0,0
1788466983.18,800.21,0.00,0.00,DEPLOY,,0,0
1788466983.29,800.31,0.00,0.00,DEPLOY,,0,0
1788466983.39,800.41,0.00,0.00,DEPLOY,,0,0
1788466983.49,800.51,0.01,0.00,DEPLOY,,0,0
1788466983.59,800.61,-0.00,0.00,DEPLOY,,0,0
1788466983.69,800.71,-0.00,0.00,DEPLOY,,0,0
1788466983.79,800.81,-0.00,0.00,DEPLOY,,0,0
1788466983.90,800.91,-0.00,0.00,DEPLOY,,0,0
1788466984.00,801.01,0.01,0.00,DEPLOY,,0,0
1788466984.10,801.11,0.01,0.00,DEPLOY,,0,0
1788466984.20,801.21,0.00,0.00,DEPLOY,,0,0
1788466984.30,801.31,-0.00,0.00,DEPLOY,,0,0
1788466984.40,801.41,0.00,0.00,DEPLOY,,0,0
1788466984.50,801.51,0.00,0.00,DEPLOY,,0,0
1788466984.60,801.61,-0.00,0.00,DEPLOY,,0,0
1788466984.71,801.71,0.01,0.00,DEPLOY,,0,0
1788466984.80,801.81,0.00,0.00,DEPLOY,,0,0
1788466984.91,801.91,0.00,0.00,DEPLOY,,0,0
1788466985.01,802.01,0.00,0.00,DEPLOY,,0,0
1788466985.11,802.11,0.00,0.00,DEPLOY,,0,0
1788466985.21,802.21,0.00,0.00,DEPLOY,,0,0
1788466985.31,802.31,0.01,0.00,DEPLOY,,0,0
1788466985.41,802.41,0.00,0.00,DEPLOY,,0,0
1788466985.51,802.51,0.00,0.00,DEPLOY,,0,0
1788466985.61,802.61,-0.00,0.00,DEPLOY,,0,0
1788466985.71,802.71,0.01,0.00,DEPLOY,,0,0
1788466985.81,802.81,0.01,0.00,DEPLOY,,0,0
1788466985.92,802.91,0.01,0.00,DEPLOY,,0,0
1788466986.01,803.01,0.01,0.00,DEPLOY,,0,0
1788466986.12,803.11,-0.00,0.00,DEPLOY,,0,0
1788466986.22,803.21,0.00,0.00,DEPLOY,,0,0
1788466986.32,803.31,0.01,0.00,DEPLOY,,0,0
1788466986.42,803.41,0.00,0.00,DEPLOY,,0,0
1788466986.52,803.51,0.01,0.00,DEPLOY,,0,0
1788466986.62,803.61,-0.00,0.00,DEPLOY,,0,0
1788466986.73,803.71,-0.00,0.00,DEPLOY,,0,0
1788466986.83,803.81,0.01,0.00,DEPLOY,,0,0
1788466986.93,803.91,0.01,0.00,DEPLOY,,0,0
1788466987.03,804.01,-0.00,0.00,DEPLOY,,0,0
1788466987.13,804.11,-0.00,0.00,DEPLOY,,0,0
1788466987.23,804.21,0.01,0.00,DEPLOY,,0,0
1788466987.33,804.31,-0.00,0.00,DEPLOY,,0,0
1788466987.43,804.41,0.01,0.00,DEPLOY,,0,0
1788466987.53,804.51,-0.00,0.00,DEPLOY,,0,0
1788466987.63,804.61,0.00,0.00,DEPLOY,,0,0
1788466987.74,804.71,-0.00,0.00,DEPLOY,,0,0
1788466987.84,804.81,0.00,0.00,DEPLOY,,0,0
1788466987.94,804.91,0.01,0.00,DEPLOY,,0,0
1788466988.04,805.01,-0.00,0.00,DEPLOY,,0,0
1788466988.14,805.11,0.01,0.00,DEPLOY,,0,0
1788466988.24,805.21,0.01,0.00,DEPLOY,,0,0
1788466988.34,805.31,0.00,0.00,DEPLOY,,0,0
1788466988.44,805.41,0.00,0.00,DEPLOY,,0,0
1788466988.54,805.51,0.00,0.00,DEPLOY,,0,0
1788466988.64,805.61,-0.00,0.00,DEPLOY,,0,0
1788466988.74,805.71,0.00,0.00,DEPLOY,,0,0
1788466988.84,805.81,0.00,0.00,DEPLOY,,0,0
1788466988.94,805.91,-0.00,0.00,DEPLOY,,0,0
1788466989.04,806.01,0.00,0.00,DEPLOY,,0,0
1788466989.15,806.11,0.01,0.00,DEPLOY,,0,0
1788466989.25,806.21,-0.00,0.00,DEPLOY,,0,0
1788466989.35,806.31,-0.00,0.00,DEPLOY,,0,0
1788466989.45,806.41,0.00,0.00,DEPLOY,,0,0
1788466989.55,806.51,0.01,0.00,DEPLOY,,0,0
1788466989.65,806.61,0.01,0.00,DEPLOY,,0,0
1788466989.75,806.71,0.00,0.00,DEPLOY,,0,0
1788466989.86,806.81,0.00,0.00,DEPLOY,,0,0
1788466989.96,806.91,0.00,0.00,DEPLOY,,0,0
1788466990.06,807.01,-0.00,0.00,DEPLOY,,0,0
1788466990.16,807.11,0.00,0.00,DEPLOY,,0,0
1788466990.26,807.21,0.00,0.00,DEPLOY,,0,0
1788466990.36,807.31,0.01,0.00,DEPLOY,,0,0
1788466990.46,807.41,0.01,0.00,DEPLOY,,0,0
1788466990.56,807.51,0.00,0.00,DEPLOY,,0,0
1788466990.66,807.61,0.01,0.00,MANIPULATE,,0,0
1788466990.76,807.71,0.00,0.00,MANIPULATE,,0,0
1788466990.86,807.81,0.00,0.00,MANIPULATE,,0,0
1788466990.96,807.91,0.00,0.00,MANIPULATE,,0,0
1788466991.07,808.01,0.00,0.00,MANIPULATE,,0,0
1788466991.17,808.11,0.01,0.00,MANIPULATE,,0,0
1788466991.28,808.21,0.01,0.00,MANIPULATE,,0,0
1788466991.37,808.31,0.00,0.00,MANIPULATE,,0,0
1788466991.48,808.41,0.01,0.00,MANIPULATE,,0,0
1788466991.58,808.51,-0.00,0.00,MANIPULATE,,0,0
1788466991.68,808.61,-0.00,0.00,MANIPULATE,,0,0
1788466991.78,808.71,-0.01,0.00,MANIPULATE,,0,0
1788466991.88,808.81,-0.00,0.00,MANIPULATE,,0,0
1788466991.98,808.91,-0.00,0.00,MANIPULATE,,0,0
1788466992.08,809.01,0.01,0.00,MANIPULATE,,0,0
1788466992.18,809.11,0.01,0.00,MANIPULATE,,0,0
1788466992.28,809.21,0.00,0.00,MANIPULATE,,0,0
1788466992.38,809.31,0.00,0.00,MANIPULATE,,0,0
1788466992.49,809.41,0.01,0.00,MANIPULATE,,0,0
1788466992.58,809.51,0.01,0.00,MANIPULATE,,0,0
1788466992.69,809.61,-0.00,0.00,MANIPULATE,,0,0
1788466992.79,809.71,-0.00,0.00,MANIPULATE,,0,0
1788466992.89,809.81,-0.00,0.00,MANIPULATE,,0,0
1788466992.99,809.91,0.00,0.00,MANIPULATE,,0,0
1788466993.09,810.01,-0.00,0.00,MANIPULATE,,0,0
1788466993.19,810.11,0.01,0.00,MANIPULATE,,0,0
1788466993.29,810.21,-0.00,0.00,MANIPULATE,,0,0
1788466993.39,810.31,-0.00,0.00,MANIPULATE,,0,0
1788466993.50,810.41,0.00,0.00,MANIPULATE,,0,0
1788466993.60,810.51,0.00,0.00,MANIPULATE,,0,0
1788466993.70,810.61,-0.00,0.00,MANIPULATE,,0,0
1788466993.80,810.71,0.01,0.00,MANIPULATE,,0,0
1788466993.90,810.81,-0.00,0.00,MANIPULATE,,0,0
1788466994.00,810.91,0.01,0.00,MANIPULATE,,0,0
1788466994.10,811.01,0.00,0.00,MANIPULATE,,0,0
1788466994.20,811.11,-0.00,0.00,MANIPULATE,,0,0
1788466994.31,811.21,0.01,0.00,MANIPULATE,,0,0
1788466994.41,811.31,0.00,0.00,MANIPULATE,,0,0
1788466994.51,811.41,-0.00,0.00,MANIPULATE,,0,0
1788466994.62,811.51,0.01,0.00,MANIPULATE,,0,0
1788466994.72,811.61,0.00,0.00,MANIPULATE,,0,0
1788466994.82,811.71,0.01,0.00,MANIPULATE,,0,0
1788466994.92,811.81,-0.00,0.00,MANIPULATE,,0,0
1788466995.02,811.91,0.00,0.00,MANIPULATE,,0,0
1788466995.12,812.01,-0.00,0.00,MANIPULATE,orienta,0,0
1788466995.22,812.11,0.00,0.00,MANIPULATE,orienta,0,0
1788466995.32,812.21,0.00,0.00,MANIPULATE,orienta,0,0
1788466995.42,812.31,0.01,0.00,MANIPULATE,orienta,0,0
1788466995.52,812.41,0.01,0.00,MANIPULATE,orienta,0,0
1788466995.62,812.51,0.00,0.00,MANIPULATE,orienta,0,0
1788466995.72,812.61,-0.00,0.00,MANIPULATE,orienta,0,0
1788466995.82,812.71,-0.00,0.00,MANIPULATE,orienta,0,0
1788466995.92,812.81,0.00,0.00,MANIPULATE,orienta,0,0
1788466996.02,812.91,-0.00,0.00,MANIPULATE,orienta,0,0
1788466996.13,813.01,0.01,0.00,MANIPULATE,orienta,0,0
1788466996.22,813.11,0.01,0.00,MANIPULATE,orienta,0,0
1788466996.32,813.21,0.00,0.00,MANIPULATE,orienta,0,0
1788466996.43,813.31,0.01,0.00,MANIPULATE,orienta,0,0
1788466996.53,813.41,0.00,0.00,MANIPULATE,orienta,0,0
1788466996.63,813.51,0.00,0.00,MANIPULATE,orienta,0,0
1788466996.73,813.61,0.00,0.00,MANIPULATE,orienta,0,0
1788466996.83,813.71,0.01,0.00,MANIPULATE,orienta,0,0
1788466996.93,813.81,0.01,0.00,MANIPULATE,orienta,0,0
1788466997.04,813.91,0.00,0.00,MANIPULATE,orienta,0,0
1788466997.14,814.01,-0.00,0.00,MANIPULATE,orienta,0,0
1788466997.24,814.11,-0.00,0.00,MANIPULATE,orienta,0,0
1788466997.34,814.21,0.00,0.00,MANIPULATE,orienta,0,0
1788466997.44,814.31,-0.00,0.00,MANIPULATE,orienta,0,0
1788466997.54,814.41,-0.01,0.00,MANIPULATE,orienta,0,0
1788466997.64,814.51,0.01,0.00,MANIPULATE,orienta,0,0
1788466997.75,814.61,0.01,0.00,MANIPULATE,orienta,0,0
1788466997.85,814.71,0.01,0.00,MANIPULATE,orienta,0,0
1788466997.95,814.81,-0.00,0.00,MANIPULATE,orienta,0,0
1788466998.05,814.91,0.00,0.00,MANIPULATE,orienta,0,0
1788466998.15,815.01,0.00,0.00,MANIPULATE,orienta,0,0
1788466998.25,815.11,0.01,0.00,MANIPULATE,orienta,0,0
1788466998.35,815.21,0.01,0.00,MANIPULATE,orienta,0,0
1788466998.45,815.31,0.00,0.00,MANIPULATE,orienta,0,0
1788466998.56,815.41,0.00,0.00,MANIPULATE,orienta,0,0
1788466998.65,815.51,-0.00,0.00,MANIPULATE,aproxima_lateral,0,0
1788466998.76,815.61,0.01,0.00,MANIPULATE,aproxima_lateral,0,0
1788466998.86,815.71,0.01,0.00,MANIPULATE,aproxima_lateral,0,0
1788466998.96,815.81,0.00,0.00,MANIPULATE,aproxima_lateral,0,0
1788466999.06,815.91,0.00,0.00,MANIPULATE,aproxima_lateral,0,0
1788466999.16,816.01,-0.00,0.00,MANIPULATE,aproxima_lateral,0,0
1788466999.27,816.11,0.00,0.00,MANIPULATE,aproxima_lateral,0,0
1788466999.37,816.21,-0.00,0.00,MANIPULATE,aproxima_lateral,0,0
1788466999.47,816.31,-0.00,0.00,MANIPULATE,aproxima_lateral,0,0
1788466999.57,816.41,-0.01,0.00,MANIPULATE,aproxima_lateral,0,0
1788466999.67,816.51,0.01,0.00,MANIPULATE,aproxima_lateral,0,0
1788466999.77,816.61,0.01,0.00,MANIPULATE,aproxima_lateral,0,0
1788466999.87,816.71,0.00,0.00,MANIPULATE,aproxima_lateral,0,0
1788466999.97,816.81,0.00,0.00,MANIPULATE,aproxima_lateral,0,0
1788467000.07,816.91,0.00,0.00,MANIPULATE,aproxima_lateral,0,0
1788467000.17,817.01,-0.00,0.00,MANIPULATE,aproxima_lateral,0,0
1788467000.27,817.11,0.00,0.00,MANIPULATE,aproxima_lateral,0,0
1788467000.37,817.21,0.00,0.00,MANIPULATE,aproxima_lateral,0,0
1788467000.47,817.31,0.00,0.00,MANIPULATE,aproxima_lateral,0,0
1788467000.58,817.41,-0.00,0.00,MANIPULATE,aproxima_lateral,0,0
1788467000.68,817.51,-0.00,0.00,MANIPULATE,aproxima_lateral,0,0
1788467000.78,817.61,-0.00,0.00,MANIPULATE,aproxima_lateral,0,0
1788467000.88,817.71,0.00,0.00,MANIPULATE,aproxima_lateral,0,0
1788467000.98,817.81,0.01,0.00,MANIPULATE,aproxima_lateral,0,0
1788467001.08,817.91,0.00,0.00,MANIPULATE,aproxima_lateral,0,0
1788467001.18,818.01,0.00,0.00,MANIPULATE,aproxima_lateral,0,0
1788467001.28,818.11,0.00,0.00,MANIPULATE,aproxima_lateral,0,0
1788467001.39,818.21,0.00,0.00,MANIPULATE,aproxima_lateral,0,0
1788467001.48,818.31,0.00,0.01,MANIPULATE,aproxima_lateral,0,0
1788467001.59,818.41,-0.00,0.01,MANIPULATE,aproxima_lateral,0,0
1788467001.69,818.51,0.00,0.00,MANIPULATE,aproxima_lateral,0,0
1788467001.79,818.61,-0.01,0.00,MANIPULATE,aproxima_lateral,0,0
1788467001.89,818.71,0.00,-0.00,MANIPULATE,aproxima_lateral,0,0
1788467001.99,818.81,-0.01,0.00,MANIPULATE,aproxima_lateral,0,0
1788467002.09,818.91,-0.01,-0.00,MANIPULATE,aproxima_lateral,0,0
1788467002.20,819.01,-0.01,-0.00,MANIPULATE,aproxima_lateral,0,0
1788467002.30,819.11,-0.01,-0.00,MANIPULATE,aproxima_lateral,0,0
1788467002.40,819.21,-0.00,0.00,MANIPULATE,aproxima_lateral,0,0
1788467002.50,819.31,-0.00,0.00,MANIPULATE,aproxima_lateral,0,0
1788467002.60,819.41,0.01,-0.00,MANIPULATE,atravessa,0,0
1788467002.70,819.51,0.00,0.00,MANIPULATE,atravessa,0,0
1788467002.81,819.61,0.01,0.00,MANIPULATE,atravessa,0,0
1788467002.91,819.71,0.00,0.01,MANIPULATE,atravessa,0,0
1788467003.01,819.81,0.00,0.00,MANIPULATE,atravessa,0,0
1788467003.11,819.91,0.00,0.00,MANIPULATE,atravessa,0,0
1788467003.21,820.01,0.00,0.00,MANIPULATE,atravessa,0,0
1788467003.31,820.11,0.00,0.00,MANIPULATE,atravessa,0,0
1788467003.41,820.21,0.00,0.00,MANIPULATE,atravessa,0,0
1788467003.51,820.31,-0.00,0.01,MANIPULATE,atravessa,0,0
1788467003.62,820.41,-0.00,0.01,MANIPULATE,atravessa,0,0
1788467003.72,820.51,0.00,0.02,MANIPULATE,atravessa,0,0
1788467003.82,820.61,-0.00,0.02,MANIPULATE,atravessa,0,0
1788467003.92,820.71,-0.00,0.03,MANIPULATE,atravessa,0,0
1788467004.03,820.81,-0.00,0.05,MANIPULATE,atravessa,0,0
1788467004.13,820.91,-0.00,0.06,MANIPULATE,atravessa,0,0
1788467004.23,821.01,-0.00,0.06,MANIPULATE,atravessa,0,0
1788467004.33,821.11,0.00,0.06,MANIPULATE,atravessa,0,0
1788467004.43,821.21,0.00,0.07,MANIPULATE,atravessa,0,0
1788467004.53,821.31,-0.00,0.06,MANIPULATE,atravessa,0,0
1788467004.63,821.41,-0.00,0.02,MANIPULATE,atravessa,0,0
1788467004.73,821.51,0.01,0.01,MANIPULATE,atravessa,0,0
1788467004.83,821.61,-0.00,0.01,MANIPULATE,atravessa,0,0
1788467004.93,821.71,2.58,0.00,MANIPULATE,atravessa,0,0
1788467005.03,821.81,0.55,0.00,MANIPULATE,atravessa,0,0
1788467005.13,821.91,0.01,0.00,MANIPULATE,atravessa,0,0
1788467005.23,822.01,0.00,0.01,MANIPULATE,atravessa,0,0
1788467005.33,822.11,0.01,0.01,MANIPULATE,atravessa,0,0
1788467005.44,822.21,-0.00,0.02,MANIPULATE,atravessa,0,0
1788467005.54,822.31,0.00,0.02,MANIPULATE,atravessa,0,0
1788467005.65,822.41,0.01,0.03,MANIPULATE,atravessa,0,0
1788467005.74,822.51,0.01,0.03,MANIPULATE,atravessa,0,0
1788467005.85,822.61,-0.00,0.03,MANIPULATE,atravessa,0,0
1788467005.94,822.71,0.01,0.04,MANIPULATE,atravessa,0,0
1788467006.05,822.81,0.01,0.04,MANIPULATE,atravessa,0,0
1788467006.15,822.91,0.01,0.04,MANIPULATE,captura,0,0
1788467006.25,823.01,0.01,0.04,MANIPULATE,captura,0,0
1788467006.35,823.11,-0.00,0.04,MANIPULATE,captura,0,0
1788467006.45,823.21,-0.00,0.04,MANIPULATE,captura,0,0
1788467006.55,823.31,-0.00,0.04,MANIPULATE,captura,0,0
1788467006.65,823.41,0.01,0.04,MANIPULATE,destrava,0,0
1788467006.75,823.51,0.00,0.03,MANIPULATE,destrava,0,0
1788467006.86,823.61,0.00,0.03,MANIPULATE,destrava,0,0
1788467006.95,823.71,0.76,0.03,MANIPULATE,destrava,2,2
1788467007.05,823.81,2.31,0.04,MANIPULATE,destrava,2,2
1788467007.15,823.91,2.99,0.03,MANIPULATE,destrava,2,2
1788467007.25,824.01,3.50,0.03,MANIPULATE,destrava,2,2
1788467007.36,824.11,4.07,0.02,MANIPULATE,destrava,2,2
1788467007.46,824.21,4.65,0.01,MANIPULATE,destrava,2,2
1788467007.56,824.31,5.24,0.01,MANIPULATE,destrava,2,2
1788467007.66,824.41,5.78,-0.00,MANIPULATE,destrava,2,2
1788467007.76,824.51,6.33,0.00,MANIPULATE,destrava,2,2
1788467007.86,824.61,6.72,-0.00,MANIPULATE,destrava,2,2
1788467007.96,824.71,7.03,-0.00,MANIPULATE,destrava,2,2
1788467008.06,824.81,7.24,-0.00,MANIPULATE,destrava,2,2
1788467008.16,824.91,7.55,0.00,MANIPULATE,destrava,2,2
1788467008.26,825.01,7.93,-0.00,MANIPULATE,destrava,2,2
1788467008.37,825.11,8.46,0.00,MANIPULATE,destrava,2,2
1788467008.46,825.21,9.35,0.00,MANIPULATE,destrava,2,2
1788467008.56,825.31,10.13,0.00,MANIPULATE,destrava,2,2
1788467008.67,825.41,10.50,0.00,MANIPULATE,destrava,2,2
1788467008.77,825.51,11.05,0.00,MANIPULATE,destrava,2,2
1788467008.87,825.61,11.46,0.01,MANIPULATE,destrava,2,2
1788467008.97,825.71,11.20,0.00,MANIPULATE,destrava,2,2
1788467009.07,825.81,10.35,0.00,MANIPULATE,destrava,2,2
1788467009.17,825.91,9.64,0.00,MANIPULATE,destrava,2,2
1788467009.28,826.01,9.59,0.00,MANIPULATE,destrava,2,2
1788467009.38,826.11,10.93,0.00,MANIPULATE,destrava,2,2
1788467009.48,826.21,11.41,0.00,MANIPULATE,destrava,2,2
1788467009.58,826.31,10.39,0.01,MANIPULATE,destrava,2,2
1788467009.68,826.41,9.85,0.01,MANIPULATE,destrava,2,2
1788467009.78,826.51,10.33,0.00,MANIPULATE,destrava,2,2
1788467009.88,826.61,11.73,0.00,MANIPULATE,destrava,2,2
1788467009.98,826.71,11.72,0.00,MANIPULATE,destrava,2,2
1788467010.08,826.81,11.03,0.00,MANIPULATE,destrava,2,2
1788467010.18,826.91,11.77,0.00,MANIPULATE,destrava,2,2
1788467010.28,827.01,12.78,0.00,MANIPULATE,destrava,2,2
1788467010.38,827.11,12.37,-0.00,MANIPULATE,destrava,2,2
1788467010.48,827.21,12.35,-0.00,MANIPULATE,destrava,2,2
1788467010.59,827.31,12.50,0.00,MANIPULATE,destrava,2,2
1788467010.69,827.41,12.71,-0.00,MANIPULATE,destrava,2,2
1788467010.79,827.51,12.84,-0.00,MANIPULATE,destrava,2,2
1788467010.89,827.61,13.12,0.00,MANIPULATE,destrava,2,2
1788467010.99,827.71,13.05,-0.00,MANIPULATE,destrava,2,2
1788467011.09,827.81,12.87,-0.00,MANIPULATE,destrava,2,2
1788467011.19,827.91,12.66,-0.00,MANIPULATE,destrava,2,2
1788467011.30,828.01,12.49,0.00,MANIPULATE,destrava,2,2
1788467011.40,828.11,12.62,0.02,MANIPULATE,destrava,2,2
1788467011.50,828.21,12.52,-0.00,MANIPULATE,destrava,2,2
1788467011.61,828.31,12.37,0.00,MANIPULATE,destrava,2,2
1788467011.71,828.41,12.51,0.02,MANIPULATE,destrava,2,2
1788467011.81,828.51,12.47,0.00,MANIPULATE,destrava,2,2
1788467011.91,828.61,12.64,0.01,MANIPULATE,destrava,2,2
1788467012.02,828.71,12.54,-0.01,MANIPULATE,destrava,2,2
1788467012.12,828.81,12.59,0.01,MANIPULATE,destrava,2,2
1788467012.22,828.91,12.75,0.01,MANIPULATE,destrava,2,2
1788467012.32,829.01,12.66,-0.00,MANIPULATE,destrava,2,2
1788467012.42,829.11,12.63,0.00,MANIPULATE,destrava,2,2
1788467012.52,829.21,12.58,-0.00,MANIPULATE,destrava,2,2
1788467012.62,829.31,12.43,0.00,MANIPULATE,destrava,2,2
1788467012.73,829.41,12.51,0.02,MANIPULATE,destrava,2,2
1788467012.83,829.51,12.53,0.03,MANIPULATE,destrava,2,2
1788467012.93,829.61,12.31,-0.00,MANIPULATE,destrava,2,2
1788467013.03,829.71,12.38,0.03,MANIPULATE,destrava,2,2
1788467013.13,829.81,12.45,0.07,MANIPULATE,destrava,2,2
1788467013.23,829.91,12.29,-0.00,MANIPULATE,destrava,2,2
1788467013.34,830.01,12.29,0.04,MANIPULATE,destrava,2,2
1788467013.43,830.11,12.38,0.08,MANIPULATE,destrava,2,2
1788467013.54,830.21,12.27,-0.01,MANIPULATE,destrava,2,2
1788467013.64,830.31,12.27,0.04,MANIPULATE,destrava,2,2
1788467013.74,830.41,12.38,0.10,MANIPULATE,destrava,2,2
1788467013.85,830.51,12.23,-0.01,MANIPULATE,destrava,2,2
1788467013.95,830.61,12.12,0.00,MANIPULATE,destrava,2,2
1788467014.05,830.71,12.25,0.09,MANIPULATE,destrava,2,2
1788467014.15,830.81,12.19,-0.00,MANIPULATE,destrava,2,2
1788467014.25,830.91,12.03,0.00,MANIPULATE,destrava,2,2
1788467014.35,831.01,12.16,0.07,MANIPULATE,destrava,2,2
1788467014.45,831.11,12.06,-0.00,MANIPULATE,destrava,2,2
1788467014.56,831.21,12.09,0.04,MANIPULATE,destrava,2,2
1788467014.66,831.31,12.16,0.09,MANIPULATE,destrava,2,2
1788467014.76,831.41,12.03,-0.00,MANIPULATE,destrava,2,2
1788467014.86,831.51,12.14,0.08,MANIPULATE,destrava,2,2
1788467014.96,831.61,12.03,-0.01,MANIPULATE,destrava,2,2
1788467015.06,831.71,12.04,0.05,MANIPULATE,destrava,2,2
1788467015.16,831.81,12.10,0.05,MANIPULATE,destrava,2,2
1788467015.26,831.91,11.92,-0.01,MANIPULATE,destrava,2,2
1788467015.36,832.01,11.93,0.07,MANIPULATE,destrava,2,2
1788467015.46,832.11,12.00,0.05,MANIPULATE,destrava,2,2
1788467015.56,832.21,11.82,-0.01,MANIPULATE,destrava,2,2
1788467015.66,832.31,11.80,0.02,MANIPULATE,destrava,2,2
1788467015.77,832.41,11.91,0.14,MANIPULATE,destrava,2,2
1788467015.87,832.51,11.90,-0.01,MANIPULATE,destrava,2,2
1788467015.97,832.61,11.78,0.00,MANIPULATE,destrava,2,2
1788467016.07,832.71,11.90,0.11,MANIPULATE,destrava,2,2
1788467016.17,832.81,11.84,-0.01,MANIPULATE,destrava,2,2
1788467016.27,832.91,11.89,0.04,MANIPULATE,destrava,2,2
1788467016.37,833.01,12.02,0.17,MANIPULATE,destrava,2,2
1788467016.47,833.11,11.99,-0.00,MANIPULATE,destrava,2,2
1788467016.57,833.21,11.91,0.01,MANIPULATE,destrava,2,2
1788467016.67,833.31,11.96,0.01,MANIPULATE,destrava,2,2
1788467016.78,833.41,11.94,-0.00,MANIPULATE,destrava,2,2
1788467016.88,833.51,11.93,0.00,MANIPULATE,destrava,2,2
1788467016.98,833.61,11.92,-0.01,MANIPULATE,destrava,2,2
1788467017.09,833.71,11.72,-0.01,MANIPULATE,destrava,2,2
1788467017.19,833.81,11.64,-0.00,MANIPULATE,destrava,2,2
1788467017.29,833.91,11.73,-0.00,MANIPULATE,destrava,2,2
1788467017.39,834.01,11.67,-0.01,MANIPULATE,destrava,2,2
1788467017.49,834.11,11.61,-0.00,MANIPULATE,destrava,2,2
1788467017.59,834.21,11.74,-0.00,MANIPULATE,destrava,2,2
1788467017.69,834.31,11.76,-0.00,MANIPULATE,destrava,2,2
1788467017.80,834.41,11.77,-0.00,MANIPULATE,destrava,2,2
1788467017.90,834.51,11.75,-0.01,MANIPULATE,destrava,2,2
1788467018.00,834.61,11.47,-0.01,MANIPULATE,destrava,2,2
1788467018.10,834.71,11.29,-0.01,MANIPULATE,destrava,2,2
1788467018.20,834.81,11.39,-0.00,MANIPULATE,destrava,2,2
1788467018.31,834.91,11.33,-0.00,MANIPULATE,destrava,2,2
1788467018.41,835.01,11.48,-0.00,MANIPULATE,destrava,2,2
1788467018.51,835.11,11.59,-0.00,MANIPULATE,destrava,2,2
1788467018.61,835.21,11.45,-0.01,MANIPULATE,destrava,2,2
1788467018.71,835.31,11.53,0.00,MANIPULATE,destrava,2,2
1788467018.81,835.41,11.65,-0.00,MANIPULATE,destrava,2,2
1788467018.91,835.51,11.61,-0.00,MANIPULATE,destrava,2,2
1788467019.01,835.61,11.63,-0.00,MANIPULATE,destrava,2,2
1788467019.11,835.71,11.64,-0.01,MANIPULATE,destrava,2,2
1788467019.22,835.81,11.67,-0.00,MANIPULATE,destrava,2,2
1788467019.32,835.91,11.66,-0.01,MANIPULATE,destrava,2,2
1788467019.42,836.01,11.32,-0.01,MANIPULATE,destrava,2,2
1788467019.52,836.11,11.00,-0.01,MANIPULATE,destrava,2,2
1788467019.62,836.21,10.69,-0.01,MANIPULATE,destrava,2,2
1788467019.72,836.31,10.84,-0.00,MANIPULATE,destrava,2,2
1788467019.82,836.41,10.86,-0.00,MANIPULATE,destrava,2,2
1788467019.92,836.51,11.02,-0.00,MANIPULATE,destrava,2,2
1788467020.02,836.61,10.93,-0.00,MANIPULATE,destrava,2,2
1788467020.13,836.71,11.03,-0.00,MANIPULATE,destrava,2,2
1788467020.23,836.81,11.22,-0.00,MANIPULATE,destrava,2,2
1788467020.33,836.91,11.31,-0.00,MANIPULATE,destrava,2,2
1788467020.43,837.01,11.39,-0.00,MANIPULATE,destrava,2,2
1788467020.53,837.11,11.39,-0.01,MANIPULATE,destrava,2,2
1788467020.63,837.21,11.18,-0.01,MANIPULATE,destrava,2,2
1788467020.73,837.31,10.95,-0.01,MANIPULATE,destrava,2,2
1788467020.84,837.41,10.70,-0.01,MANIPULATE,destrava,2,2
1788467020.93,837.51,10.78,0.00,MANIPULATE,destrava,2,2
1788467021.03,837.61,10.88,-0.00,MANIPULATE,destrava,2,2
1788467021.14,837.71,10.90,-0.00,MANIPULATE,destrava,2,2
1788467021.24,837.81,10.97,-0.00,MANIPULATE,destrava,2,2
1788467021.34,837.91,10.82,-0.01,MANIPULATE,destrava,2,2
1788467021.44,838.01,10.64,-0.01,MANIPULATE,destrava,2,2
1788467021.54,838.11,10.81,-0.00,MANIPULATE,destrava,2,2
1788467021.64,838.21,10.81,-0.01,MANIPULATE,destrava,2,2
1788467021.74,838.31,10.65,-0.01,MANIPULATE,destrava,2,2
1788467021.84,838.41,10.77,-0.01,MANIPULATE,destrava,2,2
1788467021.94,838.51,10.85,-0.01,MANIPULATE,destrava,2,2
1788467022.05,838.61,10.75,-0.01,MANIPULATE,destrava,2,2
1788467022.15,838.71,10.79,-0.01,MANIPULATE,destrava,2,2
1788467022.25,838.81,10.86,-0.01,MANIPULATE,destrava,2,2
1788467022.35,838.91,10.77,-0.01,MANIPULATE,destrava,2,2
1788467022.45,839.01,10.71,-0.01,MANIPULATE,destrava,2,2
1788467022.55,839.11,10.55,-0.01,MANIPULATE,destrava,2,2
1788467022.66,839.21,10.39,-0.01,MANIPULATE,destrava,2,2
1788467022.76,839.31,10.49,-0.01,MANIPULATE,destrava,2,2
1788467022.86,839.41,10.51,-0.01,MANIPULATE,destrava,2,2
1788467022.96,839.51,10.47,-0.00,MANIPULATE,destrava,2,2
1788467023.06,839.61,10.59,-0.01,MANIPULATE,destrava,2,2
1788467023.16,839.71,10.45,-0.02,MANIPULATE,destrava,2,2
1788467023.26,839.81,10.28,-0.01,MANIPULATE,destrava,2,2
1788467023.37,839.91,10.17,-0.01,MANIPULATE,destrava,2,2
1788467023.47,840.01,10.32,-0.01,MANIPULATE,destrava,2,2
1788467023.57,840.11,10.41,-0.01,MANIPULATE,destrava,2,2
1788467023.67,840.21,10.25,-0.01,MANIPULATE,destrava,2,2
1788467023.77,840.31,10.08,-0.01,MANIPULATE,destrava,2,2
1788467023.88,840.41,10.07,-0.00,MANIPULATE,destrava,2,2
1788467023.98,840.51,10.10,-0.01,MANIPULATE,destrava,2,2
1788467024.09,840.61,10.06,-0.02,MANIPULATE,destrava,2,2
1788467024.19,840.71,9.93,-0.02,MANIPULATE,destrava,2,2
1788467024.29,840.81,9.74,-0.01,MANIPULATE,destrava,2,2
1788467024.39,840.91,9.94,-0.01,MANIPULATE,destrava,2,2
1788467024.49,841.01,10.00,-0.01,MANIPULATE,destrava,2,2
1788467024.59,841.11,9.88,-0.01,MANIPULATE,destrava,2,2
1788467024.70,841.21,9.83,-0.01,MANIPULATE,destrava,2,2
1788467024.80,841.31,9.85,-0.00,MANIPULATE,destrava,2,2
1788467024.90,841.41,9.98,-0.01,MANIPULATE,destrava,2,2
1788467025.00,841.51,9.92,-0.01,MANIPULATE,destrava,2,2
1788467025.10,841.61,9.87,-0.02,MANIPULATE,destrava,2,2
1788467025.20,841.71,9.88,-0.01,MANIPULATE,destrava,2,2
1788467025.30,841.81,9.77,-0.01,MANIPULATE,destrava,2,2
1788467025.40,841.91,9.63,-0.01,MANIPULATE,destrava,2,2
1788467025.51,842.01,9.59,-0.01,MANIPULATE,destrava,2,2
1788467025.61,842.11,9.46,-0.01,MANIPULATE,destrava,2,2
1788467025.71,842.21,9.51,-0.01,MANIPULATE,destrava,2,2
1788467025.82,842.31,9.62,-0.01,MANIPULATE,destrava,2,2
1788467025.92,842.41,9.54,-0.00,MANIPULATE,destrava,2,2
1788467026.02,842.51,9.71,-0.00,MANIPULATE,destrava,2,2
1788467026.12,842.61,9.71,-0.01,MANIPULATE,destrava,2,2
1788467026.22,842.71,9.60,-0.01,MANIPULATE,destrava,2,2
1788467026.32,842.81,9.62,-0.00,MANIPULATE,destrava,2,2
1788467026.43,842.91,9.60,-0.02,MANIPULATE,destrava,2,2
1788467026.53,843.01,9.54,-0.01,MANIPULATE,destrava,2,2
1788467026.63,843.11,9.45,-0.01,MANIPULATE,destrava,2,2
1788467026.73,843.21,9.38,-0.02,MANIPULATE,destrava,2,2
1788467026.83,843.31,9.29,-0.01,MANIPULATE,destrava,2,2
1788467026.93,843.41,9.22,-0.01,MANIPULATE,destrava,2,2
1788467027.04,843.51,9.15,-0.01,MANIPULATE,destrava,2,2
1788467027.14,843.61,9.20,-0.02,MANIPULATE,destrava,2,2
1788467027.25,843.71,9.18,-0.01,MANIPULATE,destrava,2,2
1788467027.35,843.81,9.17,-0.01,MANIPULATE,destrava,2,2
1788467027.45,843.91,9.28,-0.01,MANIPULATE,destrava,2,2
1788467027.55,844.01,10.69,-0.01,MANIPULATE,destrava,2,2
1788467027.66,844.11,9.76,-0.02,MANIPULATE,destrava,2,2
1788467027.75,844.21,9.68,-0.02,MANIPULATE,destrava,2,2
1788467027.86,844.31,9.38,-0.03,MANIPULATE,destrava,2,2
1788467027.96,844.41,9.14,-0.03,MANIPULATE,destrava,2,2
1788467028.06,844.51,8.95,-0.02,MANIPULATE,destrava,2,2
1788467028.16,844.61,8.79,-0.03,MANIPULATE,destrava,2,2
1788467028.26,844.71,8.65,-0.03,MANIPULATE,destrava,2,2
1788467028.36,844.81,8.51,-0.02,MANIPULATE,destrava,2,2
1788467028.47,844.91,8.50,-0.02,MANIPULATE,destrava,2,2
1788467028.57,845.01,8.54,-0.01,MANIPULATE,destrava,2,2
1788467028.67,845.11,8.60,-0.02,MANIPULATE,destrava,2,2
1788467028.77,845.21,8.73,-0.02,MANIPULATE,destrava,2,2
1788467028.87,845.31,8.82,-0.02,MANIPULATE,destrava,2,2
1788467028.97,845.41,8.99,-0.01,MANIPULATE,destrava,2,2
1788467029.07,845.51,9.16,-0.01,MANIPULATE,destrava,2,2
1788467029.18,845.61,9.42,-0.02,MANIPULATE,destrava,2,2
1788467029.28,845.71,9.65,-0.02,MANIPULATE,destrava,2,2
1788467029.38,845.81,9.86,-0.01,MANIPULATE,destrava,2,2
1788467029.49,845.91,10.20,-0.01,MANIPULATE,destrava,2,2
1788467029.59,846.01,10.51,-0.01,MANIPULATE,destrava,2,2
1788467029.69,846.11,10.83,-0.01,MANIPULATE,destrava,2,2
1788467029.79,846.21,11.20,0.01,MANIPULATE,destrava,2,2
1788467029.89,846.31,11.60,-0.01,MANIPULATE,destrava,2,2
1788467029.99,846.41,11.97,-0.01,MANIPULATE,destrava,2,2
1788467030.10,846.51,12.30,-0.00,MANIPULATE,destrava,2,2
1788467030.19,846.61,12.66,-0.01,MANIPULATE,destrava,2,2
1788467030.30,846.71,13.16,-0.00,MANIPULATE,destrava,2,2
1788467030.40,846.81,13.42,-0.01,MANIPULATE,destrava,2,2
1788467030.50,846.91,13.57,-0.01,MANIPULATE,destrava,2,2
1788467030.60,847.01,13.97,-0.00,MANIPULATE,destrava,2,2
1788467030.70,847.11,14.56,-0.01,MANIPULATE,destrava,2,2
1788467030.80,847.21,15.11,-0.01,MANIPULATE,destrava,2,2
1788467030.91,847.31,15.67,-0.01,MANIPULATE,destrava,2,2
1788467031.01,847.41,16.00,-0.01,MANIPULATE,destrava,2,2
1788467031.11,847.51,16.40,-0.00,MANIPULATE,destrava,2,2
1788467031.21,847.61,16.82,-0.01,MANIPULATE,destrava,1,1
1788467031.31,847.71,17.30,-0.01,MANIPULATE,destrava,3,3
1788467031.42,847.81,17.68,-0.01,MANIPULATE,destrava,2,2
1788467031.52,847.91,17.93,-0.03,MANIPULATE,destrava,2,2
1788467031.62,848.01,18.35,-0.02,MANIPULATE,destrava,2,2
1788467031.72,848.11,18.59,-0.04,MANIPULATE,destrava,2,2
1788467031.83,848.21,18.92,-0.03,MANIPULATE,destrava,2,2
1788467031.93,848.31,19.28,-0.05,MANIPULATE,destrava,2,2
1788467032.03,848.41,19.66,-0.03,MANIPULATE,destrava,2,2
1788467032.14,848.51,20.02,-0.02,MANIPULATE,destrava,2,2
1788467032.24,848.61,20.01,-0.02,MANIPULATE,destrava,2,2
1788467032.34,848.71,20.01,-0.03,MANIPULATE,destrava,2,2
1788467032.44,848.81,20.02,-0.04,MANIPULATE,destrava,2,2
1788467032.54,848.91,20.02,-0.03,MANIPULATE,destrava,2,2
1788467032.64,849.01,20.00,-0.03,MANIPULATE,destrava,2,2
1788467032.74,849.11,19.99,-0.02,MANIPULATE,destrava,2,2
1788467032.84,849.21,20.01,-0.02,MANIPULATE,destrava,2,2
1788467032.94,849.31,20.02,-0.02,MANIPULATE,destrava,2,2
1788467033.04,849.41,20.02,-0.02,MANIPULATE,destrava,2,2
1788467033.14,849.51,20.02,-0.04,MANIPULATE,destrava,2,2
1788467033.24,849.61,20.03,-0.05,MANIPULATE,destrava,2,2
1788467033.34,849.71,20.01,-0.03,MANIPULATE,destrava,2,2
1788467033.44,849.81,20.03,-0.02,MANIPULATE,destrava,2,2
1788467033.54,849.91,20.01,-0.03,MANIPULATE,destrava,2,2
1788467033.65,850.01,20.00,-0.03,MANIPULATE,destrava,2,2
1788467033.74,850.11,20.02,-0.03,MANIPULATE,destrava,2,2
1788467033.85,850.21,20.00,-0.04,MANIPULATE,destrava,2,2
1788467033.95,850.31,20.00,-0.04,MANIPULATE,destrava,2,2
1788467034.05,850.41,20.01,-0.04,MANIPULATE,destrava,2,2
1788467034.15,850.51,20.01,-0.06,MANIPULATE,destrava,2,2
1788467034.25,850.61,20.01,-0.06,MANIPULATE,destrava,2,2
1788467034.35,850.71,20.02,-0.05,MANIPULATE,destrava,2,2
1788467034.45,850.81,20.00,-0.04,MANIPULATE,destrava,2,2
1788467034.55,850.91,20.01,-0.04,MANIPULATE,destrava,2,2
1788467034.65,851.01,20.03,-0.04,MANIPULATE,destrava,2,2
1788467034.75,851.11,20.02,-0.02,MANIPULATE,destrava,2,2
1788467034.85,851.21,20.01,-0.07,MANIPULATE,destrava,2,2
1788467034.95,851.31,20.05,-0.06,MANIPULATE,destrava,2,2
1788467035.06,851.41,20.03,-0.06,MANIPULATE,destrava,2,2
1788467035.16,851.51,20.04,-0.06,MANIPULATE,destrava,2,2
1788467035.26,851.61,19.99,-0.04,MANIPULATE,destrava,2,2
1788467035.36,851.71,20.00,-0.07,MANIPULATE,destrava,2,2
1788467035.46,851.81,20.01,-0.07,MANIPULATE,destrava,2,2
1788467035.56,851.91,20.04,-0.03,MANIPULATE,destrava,2,2
1788467035.66,852.01,20.05,0.01,MANIPULATE,destrava,2,2
1788467035.76,852.11,20.02,-0.05,MANIPULATE,destrava,2,2
1788467035.86,852.21,20.02,-0.06,MANIPULATE,destrava,2,2
1788467035.96,852.31,19.94,-0.01,MANIPULATE,destrava,2,2
1788467036.06,852.41,20.01,-0.06,MANIPULATE,destrava,2,2
1788467036.16,852.51,20.26,-0.34,MANIPULATE,destrava,2,2
1788467036.26,852.61,17.93,-0.04,MANIPULATE,destrava,2,2
1788467036.36,852.71,20.05,-0.01,MANIPULATE,destrava,2,2
1788467036.46,852.81,20.04,-0.01,MANIPULATE,destrava,2,2
1788467036.56,852.91,20.05,-0.00,MANIPULATE,destrava,2,2
1788467036.67,853.01,20.04,-0.02,MANIPULATE,destrava,2,3
1788467036.77,853.11,20.02,-0.01,MANIPULATE,destrava,0,0
1788467036.87,853.21,20.04,-0.01,MANIPULATE,destrava,0,0
1788467036.97,853.31,20.04,-0.00,MANIPULATE,destrava,0,0
1788467037.07,853.41,20.06,-0.02,MANIPULATE,destrava,0,0
1788467037.18,853.51,20.07,0.00,MANIPULATE,destrava,0,0
1788467037.28,853.61,20.05,-0.01,MANIPULATE,destrava,0,0
1788467037.38,853.71,20.04,-0.00,MANIPULATE,libera,0,0
1788467037.48,853.81,20.04,0.00,MANIPULATE,libera,0,0
1788467037.58,853.91,20.06,-0.00,MANIPULATE,libera,0,0
1788467037.68,854.01,20.02,-0.01,MANIPULATE,libera,2,2
1788467037.78,854.11,20.07,-0.00,MANIPULATE,libera,2,2
1788467037.89,854.21,20.07,-0.00,MANIPULATE,libera,2,2
1788467037.98,854.31,20.05,-0.00,MANIPULATE,libera,2,2
1788467038.09,854.41,20.05,-0.07,MANIPULATE,libera,2,2
1788467038.19,854.51,20.10,-0.03,MANIPULATE,libera,2,2
1788467038.29,854.61,20.05,-0.01,MANIPULATE,libera,2,2
1788467038.39,854.71,20.05,-0.00,MANIPULATE,libera,2,2
1788467038.49,854.81,20.07,-0.00,MANIPULATE,libera,2,2
1788467038.59,854.91,20.08,-0.01,MANIPULATE,libera,2,2
1788467038.69,855.01,20.11,-0.01,MANIPULATE,libera,2,2
1788467038.79,855.11,20.02,-0.03,MANIPULATE,libera,2,2
1788467038.89,855.21,20.07,-0.05,MANIPULATE,libera,2,2
1788467038.99,855.31,20.08,-0.00,MANIPULATE,libera,2,2
1788467039.09,855.41,20.09,-0.02,MANIPULATE,libera,2,2
1788467039.19,855.51,20.02,-0.00,MANIPULATE,libera,2,2
1788467039.29,855.61,20.04,-0.02,MANIPULATE,libera,2,2
1788467039.39,855.71,20.02,-0.02,MANIPULATE,libera,2,2
1788467039.49,855.81,20.03,-0.01,MANIPULATE,libera,2,2
1788467039.59,855.91,20.02,0.00,MANIPULATE,libera,2,2
1788467039.69,856.01,20.03,-0.01,MANIPULATE,libera,2,2
1788467039.79,856.11,20.02,-0.01,MANIPULATE,libera,2,2
1788467039.89,856.21,20.03,-0.01,MANIPULATE,libera,2,2
1788467039.99,856.31,20.02,-0.00,MANIPULATE,libera,2,2
1788467040.10,856.41,20.02,-0.02,MANIPULATE,libera,2,2
1788467040.20,856.51,20.03,-0.00,MANIPULATE,libera,2,2
1788467040.30,856.61,20.02,-0.01,MANIPULATE,libera,2,2
1788467040.40,856.71,20.02,-0.00,MANIPULATE,libera,2,2
1788467040.50,856.81,20.02,-0.01,MANIPULATE,libera,2,2
1788467040.60,856.91,20.03,-0.01,MANIPULATE,libera,2,2
1788467040.70,857.01,20.02,-0.00,MANIPULATE,libera,2,2
1788467040.80,857.11,20.02,-0.01,MANIPULATE,libera,2,2
1788467040.90,857.21,20.03,-0.01,MANIPULATE,libera,2,2
1788467041.00,857.31,20.03,-0.00,MANIPULATE,libera,2,2
1788467041.10,857.41,20.03,-0.00,MANIPULATE,libera,2,2
1788467041.20,857.51,20.03,-0.00,MANIPULATE,libera,2,2
1788467041.30,857.61,20.04,-0.01,MANIPULATE,libera,2,2
1788467041.41,857.71,20.04,0.00,MANIPULATE,libera,2,2
1788467041.51,857.81,20.04,-0.00,MANIPULATE,libera,2,2
1788467041.61,857.91,20.05,0.00,MANIPULATE,libera,2,2
1788467041.71,858.01,20.05,-0.00,MANIPULATE,libera,2,2
1788467041.81,858.11,20.05,-0.01,MANIPULATE,libera,2,2
1788467041.91,858.21,20.06,-0.01,MANIPULATE,libera,2,2
1788467042.01,858.31,20.06,-0.00,MANIPULATE,libera,2,2
1788467042.11,858.41,20.07,0.01,MANIPULATE,libera,2,2
1788467042.21,858.51,20.07,-0.00,MANIPULATE,libera,2,2
1788467042.31,858.61,20.07,0.01,MANIPULATE,libera,2,2
1788467042.41,858.71,20.07,0.05,MANIPULATE,libera,2,2
1788467042.51,858.81,20.08,0.10,MANIPULATE,libera,2,2
1788467042.61,858.91,20.08,0.15,MANIPULATE,libera,2,2
1788467042.71,859.01,20.08,0.14,MANIPULATE,libera,2,2
1788467042.81,859.11,20.08,0.18,MANIPULATE,libera,2,2
1788467042.91,859.21,20.08,0.29,MANIPULATE,libera,2,2
1788467043.01,859.31,20.08,0.55,MANIPULATE,libera,2,2
1788467043.11,859.41,20.08,1.06,MANIPULATE,libera,2,2
1788467043.21,859.51,20.08,1.64,MANIPULATE,libera,2,2
1788467043.31,859.61,20.08,2.32,MANIPULATE,libera,2,2
1788467043.41,859.71,20.08,2.94,MANIPULATE,libera,2,2
1788467043.51,859.81,20.07,3.58,MANIPULATE,libera,2,2
1788467043.61,859.91,20.08,4.16,MANIPULATE,libera,2,2
1788467043.71,860.01,20.07,4.78,MANIPULATE,libera,2,2
1788467043.81,860.11,20.07,5.36,MANIPULATE,libera,2,2
1788467043.91,860.21,20.07,5.90,MANIPULATE,libera,2,2
1788467044.01,860.31,20.08,6.43,MANIPULATE,libera,2,2
1788467044.12,860.41,20.08,6.95,MANIPULATE,libera,2,2
1788467044.22,860.51,20.07,7.43,MANIPULATE,libera,2,2
1788467044.32,860.61,20.07,7.90,MANIPULATE,libera,2,2
1788467044.42,860.71,20.07,8.33,MANIPULATE,libera,2,2
1788467044.52,860.81,20.06,8.71,MANIPULATE,libera,2,2
1788467044.62,860.91,20.07,9.10,MANIPULATE,libera,2,2
1788467044.72,861.01,20.05,9.46,MANIPULATE,libera,2,2
1788467044.82,861.11,20.05,9.78,MANIPULATE,libera,2,2
1788467044.92,861.21,20.05,10.09,MANIPULATE,libera,2,2
1788467045.02,861.31,20.06,10.13,MANIPULATE,libera,2,2
1788467045.12,861.41,20.05,10.05,MANIPULATE,libera,2,2
1788467045.23,861.51,20.05,9.97,MANIPULATE,libera,2,2
1788467045.33,861.61,20.04,9.90,MANIPULATE,libera,2,2
1788467045.42,861.71,20.04,9.83,MANIPULATE,libera,2,2
1788467045.52,861.81,20.03,9.77,MANIPULATE,libera,2,2
1788467045.63,861.91,20.03,9.69,MANIPULATE,libera,2,2
1788467045.73,862.01,20.03,9.51,MANIPULATE,libera,2,2
1788467045.83,862.11,20.03,9.19,MANIPULATE,libera,2,2
1788467045.93,862.21,20.04,9.06,MANIPULATE,libera,2,2
1788467046.03,862.31,20.04,9.02,MANIPULATE,libera,2,2
1788467046.13,862.41,20.04,8.97,MANIPULATE,libera,2,2
1788467046.23,862.51,20.04,8.92,MANIPULATE,libera,2,2
1788467046.33,862.61,20.05,8.86,MANIPULATE,libera,2,2
1788467046.44,862.71,20.05,8.80,MANIPULATE,libera,2,2
1788467046.54,862.81,20.04,8.76,MANIPULATE,libera,2,2
1788467046.64,862.91,20.04,8.77,MANIPULATE,libera,2,2
1788467046.74,863.01,20.04,8.85,MANIPULATE,libera,2,2
1788467046.84,863.11,20.04,8.96,MANIPULATE,libera,2,2
1788467046.94,863.21,20.04,9.06,MANIPULATE,libera,2,2
1788467047.04,863.31,20.01,9.30,MANIPULATE,libera,2,2
1788467047.14,863.41,20.01,9.36,MANIPULATE,libera,2,2
1788467047.24,863.51,20.02,9.31,MANIPULATE,libera,2,2
1788467047.34,863.61,20.02,9.23,MANIPULATE,libera,2,2
1788467047.44,863.71,20.02,9.15,MANIPULATE,libera,2,2
1788467047.54,863.81,20.02,9.04,MANIPULATE,libera,2,2
1788467047.64,863.91,20.03,8.85,MANIPULATE,libera,2,2
1788467047.74,864.01,20.02,8.53,MANIPULATE,libera,2,2
1788467047.84,864.11,20.03,8.42,MANIPULATE,libera,2,2
1788467047.95,864.21,20.02,8.39,MANIPULATE,libera,2,2
1788467048.05,864.31,20.02,8.35,MANIPULATE,libera,2,2
1788467048.15,864.41,20.02,8.32,MANIPULATE,libera,2,2
1788467048.25,864.51,20.01,8.28,MANIPULATE,libera,2,2
1788467048.35,864.61,20.01,8.26,MANIPULATE,libera,2,2
1788467048.45,864.71,20.01,8.24,MANIPULATE,libera,2,2
1788467048.55,864.81,20.01,8.26,MANIPULATE,libera,2,2
1788467048.65,864.91,20.01,8.24,MANIPULATE,libera,2,2
1788467048.75,865.01,20.01,8.39,MANIPULATE,libera,2,2
1788467048.85,865.11,20.01,8.58,MANIPULATE,libera,2,2
1788467048.96,865.21,20.01,8.80,MANIPULATE,libera,2,2
1788467049.05,865.31,20.01,9.02,MANIPULATE,libera,2,2
1788467049.15,865.41,20.02,9.12,MANIPULATE,libera,2,2
1788467049.25,865.51,20.02,9.07,MANIPULATE,libera,2,2
1788467049.36,865.61,20.02,9.00,MANIPULATE,libera,2,2
1788467049.46,865.71,20.00,8.95,MANIPULATE,libera,2,2
1788467049.56,865.81,20.02,8.86,MANIPULATE,libera,2,2
1788467049.66,865.91,20.03,8.74,MANIPULATE,libera,2,2
1788467049.76,866.01,20.01,8.62,MANIPULATE,libera,2,2
1788467049.86,866.11,20.01,8.58,MANIPULATE,libera,2,2
1788467049.96,866.21,20.02,8.55,MANIPULATE,libera,2,2
1788467050.06,866.31,20.02,8.53,MANIPULATE,libera,2,2
1788467050.16,866.41,20.01,8.49,MANIPULATE,libera,2,2
1788467050.26,866.51,20.01,8.46,MANIPULATE,libera,2,2
1788467050.36,866.61,20.01,8.44,MANIPULATE,libera,2,2
1788467050.46,866.71,20.00,8.43,MANIPULATE,libera,2,2
1788467050.56,866.81,20.01,8.41,MANIPULATE,libera,2,2
1788467050.66,866.91,20.01,8.38,MANIPULATE,libera,2,2
1788467050.76,867.01,20.01,8.39,MANIPULATE,libera,2,2
1788467050.86,867.11,20.01,8.45,MANIPULATE,libera,2,2
1788467050.96,867.21,20.01,8.51,MANIPULATE,libera,2,2
1788467051.06,867.31,20.01,8.58,MANIPULATE,libera,2,2
1788467051.17,867.41,20.01,8.66,MANIPULATE,libera,2,2
1788467051.26,867.51,20.01,8.73,MANIPULATE,libera,2,2
1788467051.37,867.61,20.01,8.79,MANIPULATE,libera,2,2
1788467051.47,867.71,20.01,8.87,MANIPULATE,libera,2,2
1788467051.57,867.81,20.01,8.83,MANIPULATE,libera,2,2
1788467051.67,867.91,20.01,8.78,MANIPULATE,libera,2,2
1788467051.77,868.01,20.00,8.73,MANIPULATE,libera,2,2
1788467051.87,868.11,20.01,8.70,MANIPULATE,libera,2,2
1788467051.97,868.21,20.01,8.68,MANIPULATE,libera,2,2
1788467052.07,868.31,20.01,8.67,MANIPULATE,libera,2,2
1788467052.17,868.41,20.00,8.65,MANIPULATE,libera,2,2
1788467052.27,868.51,20.01,8.66,MANIPULATE,libera,2,2
1788467052.37,868.61,20.00,8.73,MANIPULATE,libera,2,2
1788467052.48,868.71,20.01,8.83,MANIPULATE,libera,2,2
1788467052.58,868.81,20.00,8.95,MANIPULATE,libera,2,2
1788467052.68,868.91,20.00,8.96,MANIPULATE,libera,2,2
1788467052.78,869.01,19.97,8.92,MANIPULATE,libera,2,2
1788467052.88,869.11,20.00,8.86,MANIPULATE,libera,2,2
1788467052.99,869.21,19.89,8.77,MANIPULATE,libera,2,2
1788467053.09,869.31,19.97,8.77,MANIPULATE,libera,2,2
1788467053.19,869.41,20.00,8.76,MANIPULATE,libera,2,2
1788467053.29,869.51,20.00,8.75,MANIPULATE,libera,2,2
1788467053.39,869.61,20.00,8.75,MANIPULATE,libera,2,2
1788467053.49,869.71,20.00,8.77,MANIPULATE,libera,2,2
1788467053.59,869.81,20.00,8.80,MANIPULATE,libera,2,2
1788467053.69,869.91,20.00,8.85,MANIPULATE,libera,2,2
1788467053.79,870.01,19.91,8.87,MANIPULATE,libera,2,2
1788467053.89,870.11,19.72,8.80,MANIPULATE,libera,2,2
1788467054.00,870.21,19.42,8.70,MANIPULATE,libera,2,2
1788467054.09,870.31,19.10,8.59,MANIPULATE,libera,2,2
1788467054.20,870.41,18.93,8.54,MANIPULATE,libera,2,2
1788467054.30,870.51,18.75,8.50,MANIPULATE,libera,2,2
1788467054.40,870.61,18.58,8.47,MANIPULATE,libera,2,2
1788467054.50,870.71,18.34,8.47,MANIPULATE,libera,2,2
1788467054.60,870.81,18.08,8.48,MANIPULATE,libera,2,2
1788467054.70,870.91,17.75,8.52,MANIPULATE,libera,2,2
1788467054.80,871.01,17.44,8.59,MANIPULATE,libera,2,2
1788467054.90,871.11,17.12,8.67,MANIPULATE,libera,2,2
1788467055.00,871.21,16.77,8.58,MANIPULATE,libera,2,2
1788467055.10,871.31,16.38,8.48,MANIPULATE,libera,2,2
1788467055.21,871.41,16.00,8.36,MANIPULATE,libera,2,2
1788467055.31,871.51,15.64,8.29,MANIPULATE,libera,2,2
1788467055.41,871.61,13.97,8.27,MANIPULATE,libera,2,2
1788467055.51,871.71,8.80,8.38,MANIPULATE,libera,2,2
1788467055.61,871.81,6.06,8.52,MANIPULATE,libera,2,2
1788467055.72,871.91,4.84,8.65,MANIPULATE,libera,2,2
1788467055.82,872.01,4.01,8.67,MANIPULATE,libera,2,2
1788467055.92,872.11,2.91,8.67,MANIPULATE,libera,2,3
1788467056.02,872.21,2.02,8.68,MANIPULATE,libera,0,0
1788467056.12,872.31,1.28,8.69,MANIPULATE,libera,0,0
1788467056.22,872.41,1.11,8.69,MANIPULATE,libera,0,0
1788467056.32,872.51,1.10,8.70,MANIPULATE,libera,0,0
1788467056.42,872.61,1.06,8.71,MANIPULATE,libera,0,0
1788467056.52,872.71,1.00,8.72,MANIPULATE,libera,0,0
1788467056.62,872.81,0.95,8.73,MANIPULATE,libera,0,0
1788467056.72,872.91,2.66,9.13,MANIPULATE,libera,0,0
1788467056.82,873.01,3.68,9.97,MANIPULATE,libera,0,0
1788467056.92,873.11,3.73,11.40,MANIPULATE,libera,0,0
1788467057.03,873.21,2.76,13.08,MANIPULATE,libera,0,0
1788467057.13,873.31,1.89,14.00,MANIPULATE,arco1,0,0
1788467057.23,873.41,1.10,14.04,MANIPULATE,arco1,0,0
1788467057.33,873.51,0.74,14.09,MANIPULATE,arco1,0,0
1788467057.43,873.61,1.11,14.15,MANIPULATE,arco1,2,2
1788467057.54,873.71,1.99,14.22,MANIPULATE,arco1,2,2
1788467057.64,873.81,2.33,14.32,MANIPULATE,arco1,2,2
1788467057.74,873.91,2.35,14.49,MANIPULATE,arco1,2,2
1788467057.85,874.01,2.60,14.69,MANIPULATE,arco1,2,2
1788467057.95,874.11,2.77,14.90,MANIPULATE,arco1,2,2
1788467058.05,874.21,2.73,15.12,MANIPULATE,arco1,2,3
1788467058.15,874.31,2.81,15.33,MANIPULATE,arco1,0,0
1788467058.25,874.41,2.97,15.48,MANIPULATE,arco1,0,0
1788467058.35,874.51,3.29,15.49,MANIPULATE,arco1,0,0
1788467058.45,874.61,3.55,15.49,MANIPULATE,arco1,0,0
1788467058.56,874.71,3.74,15.48,MANIPULATE,arco1,0,0
1788467058.66,874.81,3.60,15.47,MANIPULATE,arco1,0,0
1788467058.76,874.91,3.90,15.56,MANIPULATE,arco1,0,0
1788467058.86,875.01,1.96,17.45,MANIPULATE,arco1,0,0
1788467058.96,875.11,0.06,19.10,MANIPULATE,arco1,0,0
1788467059.07,875.21,-0.03,20.62,MANIPULATE,arco1,0,0
1788467059.17,875.31,-0.03,22.16,MANIPULATE,arco1,0,0
1788467059.27,875.41,-0.03,23.68,MANIPULATE,arco1,0,0
1788467059.37,875.51,-0.05,25.16,MANIPULATE,arco1,0,0
1788467059.47,875.61,-0.05,26.65,MANIPULATE,arco1,0,0
1788467059.57,875.71,-0.05,28.10,MANIPULATE,arco1,0,0
1788467059.67,875.81,-0.05,29.20,MANIPULATE,arco2,0,0
1788467059.78,875.91,-0.02,29.23,MANIPULATE,arco2,0,0
1788467059.88,876.01,-0.01,29.23,MANIPULATE,arco2,0,0
1788467059.98,876.11,-0.01,29.25,MANIPULATE,arco2,2,2
1788467060.08,876.21,-0.00,29.29,MANIPULATE,arco2,2,2
1788467060.18,876.31,-0.00,29.33,MANIPULATE,arco2,2,2
1788467060.28,876.41,0.00,29.37,MANIPULATE,arco2,2,2
1788467060.38,876.51,0.01,29.40,MANIPULATE,arco2,2,2
1788467060.48,876.61,0.01,29.51,MANIPULATE,arco2,2,2
1788467060.58,876.71,-0.00,29.56,MANIPULATE,arco2,2,3
1788467060.68,876.81,-0.00,29.56,MANIPULATE,arco2,0,0
1788467060.79,876.91,-0.00,29.57,MANIPULATE,arco2,0,0
1788467060.89,877.01,0.00,29.57,MANIPULATE,arco2,0,0
1788467060.99,877.11,-0.01,29.56,MANIPULATE,arco2,0,0
1788467061.10,877.21,-0.00,29.56,MANIPULATE,arco2,0,0
1788467061.20,877.31,-0.01,29.55,MANIPULATE,arco2,0,0
1788467061.30,877.41,-0.01,29.53,MANIPULATE,arco2,0,0
1788467061.40,877.51,-0.01,29.52,MANIPULATE,arco2,0,0
1788467061.50,877.61,0.79,29.47,MANIPULATE,arco2,0,0
1788467061.60,877.71,9.95,28.98,MANIPULATE,arco2,0,0
1788467061.71,877.81,12.34,28.80,MANIPULATE,arco2,0,0
1788467061.81,877.91,12.23,28.71,MANIPULATE,arco2,0,0
1788467061.91,878.01,12.05,28.71,MANIPULATE,arco2,0,0
1788467062.01,878.11,11.81,28.72,MANIPULATE,arco2,0,0
1788467062.11,878.21,11.30,28.72,MANIPULATE,arco2,0,0
1788467062.22,878.31,10.26,28.71,MANIPULATE,arco2,0,0
1788467062.32,878.41,-0.00,28.71,MANIPULATE,arco2,0,0
1788467062.42,878.51,0.00,28.71,MANIPULATE,arco2,0,0
1788467062.52,878.61,0.00,28.71,MANIPULATE,arco2,0,0
1788467062.62,878.71,0.00,28.71,MANIPULATE,arco2,0,0
1788467062.72,878.81,-0.01,28.71,MANIPULATE,arco2,0,0
1788467062.83,878.91,0.00,28.71,MANIPULATE,arco2,0,0
1788467062.93,879.01,0.00,28.71,MANIPULATE,arco2,0,0
1788467063.03,879.11,0.00,28.71,MANIPULATE,arco2,0,0
1788467063.13,879.21,0.00,28.71,MANIPULATE,arco2,0,0
1788467063.23,879.31,0.01,28.71,MANIPULATE,arco2,0,0
1788467063.33,879.41,0.01,28.71,MANIPULATE,arco2,0,0
1788467063.43,879.51,0.01,28.71,MANIPULATE,arco2,0,0
1788467063.53,879.61,-0.00,28.71,MANIPULATE,arco2,0,0
1788467063.64,879.71,-0.01,28.71,MANIPULATE,arco2,0,0
1788467063.74,879.81,0.01,28.71,MANIPULATE,desengata,0,0
1788467063.84,879.91,-0.00,28.71,MANIPULATE,desengata,0,0
1788467063.94,880.01,0.01,28.71,MANIPULATE,desengata,0,0
1788467064.04,880.11,0.01,28.71,MANIPULATE,desengata,0,0
1788467064.14,880.21,0.01,28.71,MANIPULATE,desengata,0,0
1788467064.24,880.31,0.01,28.71,RETRACT,desengata,0,1
1788467064.34,880.41,-0.00,28.71,RETRACT,desengata,0,0
1788467064.45,880.51,0.01,28.71,RETRACT,desengata,0,0
1788467064.55,880.61,-0.00,28.71,RETRACT,desengata,0,0
1788467064.65,880.71,-0.00,28.71,RETRACT,desengata,0,0
1788467064.75,880.81,-0.01,28.71,RETRACT,desengata,0,0
1788467064.85,880.91,0.01,28.71,RETRACT,desengata,0,0
1788467064.95,881.01,0.01,28.71,RETRACT,desengata,0,0
1788467065.05,881.11,0.00,28.71,RETRACT,desengata,0,0
1788467065.15,881.21,0.00,28.71,RETRACT,desengata,0,0
1788467065.25,881.31,-0.00,28.71,RETRACT,desengata,0,0
1788467065.36,881.41,-0.00,28.71,RETRACT,desengata,0,0
1788467065.46,881.51,-0.00,28.71,RETRACT,desengata,0,0
1788467065.56,881.61,0.01,28.71,RETRACT,desengata,0,0
1788467065.66,881.71,0.01,28.71,RETRACT,desengata,0,0
1788467065.76,881.81,0.00,28.71,RETRACT,desengata,0,0
1788467065.86,881.91,-0.01,28.71,RETRACT,desengata,0,0
1788467065.96,882.01,-0.00,28.71,RETRACT,desengata,0,0
1788467066.06,882.11,-0.00,28.71,RETRACT,desengata,0,0
1788467066.16,882.21,-0.00,28.71,RETRACT,desengata,0,0
1788467066.26,882.31,0.00,28.71,RETRACT,desengata,0,0
1788467066.36,882.41,0.01,28.71,RETRACT,desengata,0,0
1788467066.46,882.51,-0.00,28.71,RETRACT,desengata,0,0
1788467066.56,882.61,-0.00,28.71,RETRACT,desengata,0,0
1788467066.67,882.71,0.01,28.71,RETRACT,saida_eixo,0,0
1788467066.77,882.81,0.00,28.71,RETRACT,saida_eixo,0,0
1788467066.87,882.91,0.00,28.71,RETRACT,saida_eixo,0,0
1788467066.97,883.01,0.00,28.71,RETRACT,saida_eixo,0,0
1788467067.07,883.11,0.01,28.71,RETRACT,saida_eixo,0,0
1788467067.17,883.21,0.01,28.71,RETRACT,saida_eixo,0,0
1788467067.28,883.31,-0.00,28.71,RETRACT,saida_eixo,0,0
1788467067.38,883.41,-0.00,28.71,RETRACT,saida_eixo,0,0
1788467067.48,883.51,0.01,28.71,RETRACT,saida_eixo,0,0
1788467067.58,883.61,0.00,28.71,RETRACT,saida_eixo,0,0
1788467067.69,883.71,0.00,28.71,RETRACT,saida_eixo,0,0
1788467067.78,883.81,0.00,28.71,RETRACT,saida_eixo,0,0
1788467067.89,883.91,0.00,28.71,RETRACT,saida_eixo,0,0
1788467067.99,884.01,-0.01,28.71,RETRACT,saida_eixo,0,0
1788467068.09,884.11,-0.00,28.71,RETRACT,saida_eixo,0,0
1788467068.19,884.21,0.00,28.71,RETRACT,saida_eixo,0,0
1788467068.29,884.31,0.00,28.71,RETRACT,saida_eixo,0,0
1788467068.39,884.41,-0.01,28.71,RETRACT,saida_eixo,0,0
1788467068.49,884.51,-0.01,28.71,RETRACT,saida_eixo,0,0
1788467068.59,884.61,0.00,28.71,RETRACT,saida_eixo,0,0
1788467068.70,884.71,0.00,28.71,RETRACT,saida_eixo,0,0
1788467068.79,884.81,0.00,28.71,RETRACT,saida_eixo,0,0
1788467068.89,884.91,-0.00,28.71,RETRACT,saida_eixo,0,0
1788467068.99,885.01,0.00,28.71,RETRACT,saida_eixo,0,0
1788467069.09,885.11,-0.01,28.71,RETRACT,saida_eixo,0,0
1788467069.20,885.21,0.00,28.71,RETRACT,saida_eixo,0,0
1788467069.29,885.31,-0.01,28.71,RETRACT,saida_eixo,0,0
1788467069.40,885.41,0.01,28.71,RETRACT,saida_eixo,0,0
1788467069.50,885.51,-0.00,28.71,RETRACT,saida_eixo,0,0
1788467069.60,885.61,0.00,28.71,RETRACT,saida_eixo,0,0
1788467069.70,885.71,0.00,28.71,RETRACT,saida_eixo,0,0
1788467069.80,885.81,0.01,28.71,RETRACT,saida_eixo,0,0
1788467069.90,885.91,0.01,28.71,RETRACT,saida_eixo,0,0
1788467070.01,886.01,0.00,28.71,RETRACT,saida_eixo,0,0
1788467070.11,886.11,-0.01,28.71,RETRACT,saida_eixo,0,0
1788467070.21,886.21,-0.00,28.71,RETRACT,saida_eixo,0,0
1788467070.31,886.31,0.01,28.71,RETRACT,saida_eixo,0,0
1788467070.41,886.41,0.01,28.71,RETRACT,saida_eixo,0,0
1788467070.51,886.51,0.01,28.71,RETRACT,saida_eixo,0,0
1788467070.61,886.61,0.00,28.71,RETRACT,saida_eixo,0,0
1788467070.72,886.71,0.00,28.71,RETRACT,saida_eixo,0,0
1788467070.82,886.81,0.01,28.71,RETRACT,saida_eixo,0,0
1788467070.92,886.91,0.00,28.71,RETRACT,saida_eixo,0,0
1788467071.02,887.01,0.00,28.71,RETRACT,saida_eixo,0,0
1788467071.12,887.11,0.00,28.71,RETRACT,saida_eixo,0,0
1788467071.22,887.21,0.01,28.71,RETRACT,saida_eixo,0,0
1788467071.32,887.31,0.00,28.71,RETRACT,saida_eixo,0,0
1788467071.42,887.41,0.00,28.71,RETRACT,saida_eixo,0,0
1788467071.52,887.51,0.00,28.71,RETRACT,saida_eixo,0,0
1788467071.62,887.61,0.01,28.71,RETRACT,saida_eixo,0,0
1788467071.72,887.71,-0.01,28.71,RETRACT,saida_eixo,0,0
1788467071.83,887.81,-0.01,28.71,RETRACT,saida_eixo,0,0
1788467071.92,887.91,0.01,28.71,RETRACT,saida_eixo,0,0
1788467072.03,888.01,0.00,28.71,RETRACT,saida_eixo,0,0
1788467072.12,888.11,0.01,28.71,RETRACT,saida_eixo,0,0
1788467072.23,888.21,0.01,28.71,RETRACT,saida_eixo,0,0
1788467072.33,888.31,-0.00,28.71,RETRACT,saida_eixo,0,0
1788467072.43,888.41,-0.01,28.71,RETRACT,saida_eixo,0,0
1788467072.53,888.51,-0.00,28.71,RETRACT,saida_eixo,0,0
1788467072.63,888.61,0.00,28.71,RETRACT,saida_eixo,0,0
1788467072.73,888.71,-0.01,28.71,RETRACT,saida_eixo,0,0
1788467072.83,888.81,-0.00,28.71,RETRACT,saida_eixo,0,0
1788467072.94,888.91,-0.00,28.71,RETRACT,saida_eixo,0,0
1788467073.04,889.01,0.00,28.71,RETRACT,saida_eixo,0,0
1788467073.14,889.11,0.01,28.71,RETRACT,saida_eixo,0,0
1788467073.24,889.21,0.01,28.71,RETRACT,saida_eixo,0,0
1788467073.34,889.31,0.01,28.71,RETRACT,saida_eixo,0,0
1788467073.44,889.41,0.00,28.71,RETRACT,saida_eixo,0,0
1788467073.54,889.51,0.01,28.71,RETRACT,saida_eixo,0,0
1788467073.64,889.61,-0.00,28.71,RETRACT,saida_eixo,0,0
1788467073.74,889.71,-0.00,28.71,RETRACT,saida_eixo,0,0
1788467073.84,889.81,0.01,28.71,RETRACT,saida_eixo,0,0
1788467073.94,889.91,0.00,28.71,RETRACT,saida_eixo,0,0
1788467074.04,890.01,0.00,28.71,RETRACT,saida_eixo,0,0
1788467074.14,890.11,0.01,28.71,RETRACT,saida_eixo,0,0
1788467074.25,890.21,0.00,28.71,RETRACT,saida_eixo,0,0
1788467074.34,890.31,-0.00,28.71,RETRACT,saida_eixo,0,0
1788467074.44,890.41,-0.00,28.71,RETRACT,saida_eixo,0,0
1788467074.54,890.51,0.00,28.71,RETRACT,saida_eixo,0,0
1788467074.65,890.61,0.00,28.71,RETRACT,saida_eixo,0,0
1788467074.75,890.71,-0.00,28.71,RETRACT,saida_eixo,0,0
1788467074.85,890.81,-0.01,28.71,RETRACT,saida_eixo,0,0
1788467074.95,890.91,-0.01,28.71,RETRACT,saida_eixo,0,0
1788467075.05,891.01,0.00,28.71,RETRACT,saida_eixo,0,0
1788467075.15,891.11,-0.00,28.71,RETRACT,saida_eixo,0,0
1788467075.25,891.21,0.01,28.71,RETRACT,saida_eixo,0,0
1788467075.35,891.31,-0.00,28.71,RETRACT,saida_eixo,0,0
1788467075.45,891.41,0.01,28.71,RETRACT,saida_eixo,0,0
1788467075.55,891.51,0.00,28.71,RETRACT,saida_eixo,0,0
1788467075.66,891.61,0.00,28.71,RETRACT,saida_eixo,0,0
1788467075.76,891.71,0.00,28.71,RETRACT,saida_eixo,0,0
1788467075.86,891.81,0.00,28.71,RETRACT,saida_eixo,0,0
1788467075.96,891.91,0.00,28.71,RETRACT,saida_eixo,0,0
1788467076.06,892.01,0.00,28.71,RETRACT,saida_eixo,0,0
1788467076.17,892.11,-0.01,28.71,RETRACT,saida_eixo,0,0
1788467076.27,892.21,0.00,28.71,RETRACT,saida_eixo,0,0
1788467076.37,892.31,0.01,28.71,RETRACT,saida_eixo,0,0
1788467076.47,892.41,0.01,28.71,RETRACT,saida_eixo,0,0
1788467076.57,892.51,0.00,28.71,RETRACT,saida_eixo,0,0
1788467076.67,892.61,0.00,28.71,RETRACT,saida_eixo,0,0
1788467076.77,892.71,0.00,28.71,RETRACT,saida_eixo,0,0
1788467076.87,892.81,0.01,28.71,RETRACT,saida_eixo,0,0
1788467076.97,892.91,0.00,28.71,RETRACT,saida_eixo,0,0
1788467077.08,893.01,-0.00,28.71,RETRACT,saida_eixo,0,0
1788467077.18,893.11,-0.01,28.71,RETRACT,saida_eixo,0,0
1788467077.28,893.21,-0.00,28.71,RETRACT,saida_eixo,0,0
1788467077.38,893.31,-0.01,28.71,RETRACT,saida_eixo,0,0
1788467077.48,893.41,-0.01,28.71,RETRACT,saida_eixo,0,0
1788467077.58,893.51,0.01,28.71,RETRACT,saida_eixo,0,0
1788467077.68,893.61,0.00,28.71,RETRACT,saida_eixo,0,0
1788467077.78,893.71,0.00,28.71,RETRACT,saida_eixo,0,0
1788467077.88,893.81,0.01,28.71,RETRACT,saida_eixo,0,0
1788467077.99,893.91,0.01,28.71,RETRACT,saida_eixo,0,0
1788467078.09,894.01,0.00,28.71,RETRACT,saida_eixo,0,0
1788467078.19,894.11,0.00,28.71,RETRACT,saida_eixo,0,0
1788467078.29,894.21,0.00,28.71,RETRACT,saida_eixo,0,0
1788467078.39,894.31,0.00,28.71,RETRACT,saida_eixo,0,0
1788467078.49,894.41,-0.01,28.71,RETRACT,saida_eixo,0,0
1788467078.60,894.51,-0.01,28.71,RETRACT,saida_eixo,0,0
1788467078.69,894.61,0.01,28.71,RETRACT,saida_eixo,0,0
1788467078.79,894.71,-0.01,28.71,RETRACT,saida_eixo,0,0
1788467078.89,894.81,-0.00,28.71,RETRACT,saida_eixo,0,0
1788467079.00,894.91,-0.00,28.71,RETRACT,saida_eixo,0,0
1788467079.10,895.01,0.01,28.71,RETRACT,saida_eixo,0,0
1788467079.20,895.11,-0.00,28.71,RETRACT,saida_eixo,0,0
1788467079.30,895.21,0.01,28.71,RETRACT,saida_eixo,0,0
1788467079.40,895.31,-0.01,28.71,RETRACT,saida_eixo,0,0
1788467079.50,895.41,-0.00,28.71,RETRACT,saida_eixo,0,0
1788467079.60,895.51,0.01,28.71,RETRACT,saida_eixo,0,0
1788467079.70,895.61,-0.00,28.71,RETRACT,saida_eixo,0,0
1788467079.80,895.71,0.01,28.71,RETRACT,saida_eixo,0,0
1788467079.91,895.81,0.01,28.71,RETRACT,saida_eixo,0,0
1788467080.01,895.91,0.00,28.71,RETRACT,saida_eixo,0,0
1788467080.11,896.01,-0.01,28.71,RETRACT,saida_eixo,0,0
1788467080.21,896.11,-0.01,28.71,RETRACT,saida_eixo,0,0
1788467080.31,896.21,0.00,28.71,RETRACT,saida_eixo,0,0
1788467080.42,896.31,-0.00,28.71,RETRACT,saida_eixo,0,0
1788467080.51,896.41,-0.01,28.71,RETRACT,saida_eixo,0,0
1788467080.61,896.51,-0.01,28.71,RETRACT,saida_eixo,0,0
1788467080.71,896.61,0.00,28.71,RETRACT,saida_eixo,0,0
1788467080.82,896.71,-0.00,28.71,RETRACT,saida_eixo,0,0
1788467080.92,896.81,-0.00,28.71,RETRACT,saida_eixo,0,0
1788467081.02,896.91,-0.01,28.71,RETRACT,saida_eixo,0,0
1788467081.12,897.01,-0.01,28.71,RETRACT,saida_eixo,0,0
1788467081.22,897.11,-0.01,28.71,RETURN,saida_eixo,0,0
1788467081.32,897.21,-0.00,28.71,RETURN,saida_eixo,0,0
1788467081.43,897.31,-0.00,28.71,RETURN,saida_eixo,0,0
1788467081.53,897.41,0.01,28.71,RETURN,saida_eixo,0,0
1788467081.63,897.51,0.01,28.71,RETURN,saida_eixo,0,0
1788467081.73,897.61,0.01,28.71,RETURN,saida_eixo,0,0
1788467081.83,897.71,0.00,28.71,RETURN,saida_eixo,0,0
1788467081.93,897.81,-0.00,28.71,RETURN,saida_eixo,0,0
1788467082.03,897.91,0.01,28.71,RETURN,saida_eixo,0,0
1788467082.13,898.01,0.00,28.71,RETURN,saida_eixo,0,0
1788467082.23,898.11,0.00,28.71,RETURN,saida_eixo,0,0
1788467082.33,898.21,0.00,28.71,RETURN,saida_eixo,0,0
1788467082.44,898.31,0.01,28.71,RETURN,saida_eixo,0,0
1788467082.54,898.41,0.00,28.71,RETURN,saida_eixo,0,0
1788467082.64,898.51,0.00,28.71,RETURN,saida_eixo,0,0
1788467082.74,898.61,-0.01,28.71,RETURN,saida_eixo,0,0
1788467082.84,898.71,-0.00,28.71,RETURN,saida_eixo,0,0
1788467082.94,898.81,0.01,28.71,RETURN,saida_eixo,0,0
1788467083.04,898.91,0.00,28.71,RETURN,saida_eixo,0,0
1788467083.14,899.01,0.00,28.71,RETURN,saida_eixo,0,0
1788467083.25,899.11,0.00,28.71,RETURN,saida_eixo,0,0
1788467083.35,899.21,0.00,28.71,RETURN,saida_eixo,0,0
1788467083.45,899.31,0.01,28.71,RETURN,saida_eixo,0,0
1788467083.55,899.41,0.01,28.71,RETURN,saida_eixo,0,0
1788467083.65,899.51,0.00,28.71,RETURN,saida_eixo,0,0
1788467083.75,899.61,0.00,28.71,RETURN,saida_eixo,0,0
1788467083.85,899.71,0.00,28.71,RETURN,saida_eixo,0,0
1788467083.95,899.81,0.01,28.71,RETURN,saida_eixo,0,0
1788467084.05,899.91,0.01,28.71,RETURN,saida_eixo,0,0
1788467084.15,900.01,0.01,28.71,RETURN,saida_eixo,0,0
1788467084.26,900.11,0.00,28.71,RETURN,saida_eixo,0,0
1788467084.36,900.21,0.01,28.71,RETURN,saida_eixo,0,0
1788467084.47,900.31,0.00,28.71,RETURN,saida_eixo,0,0
1788467084.57,900.41,-0.01,28.71,RETURN,saida_eixo,0,0
1788467084.67,900.51,-0.00,28.71,RETURN,saida_eixo,0,0
1788467084.77,900.61,-0.00,28.71,RETURN,saida_eixo,0,0
1788467084.87,900.71,0.01,28.71,RETURN,saida_eixo,0,0
1788467084.97,900.81,-0.00,28.71,RETURN,saida_eixo,0,0
1788467085.08,900.91,0.00,28.71,RETURN,saida_eixo,0,0
1788467085.17,901.01,-0.00,28.71,RETURN,saida_eixo,0,0
1788467085.27,901.11,0.01,28.71,RETURN,saida_eixo,0,0
1788467085.38,901.21,0.00,28.71,RETURN,saida_eixo,0,0
1788467085.48,901.31,0.00,28.71,RETURN,saida_eixo,0,0
1788467085.58,901.41,-0.00,28.71,RETURN,saida_eixo,0,0
1788467085.68,901.51,0.00,28.71,RETURN,saida_eixo,0,0
1788467085.79,901.61,-0.00,28.71,RETURN,saida_eixo,0,0
1788467085.89,901.71,0.00,28.71,RETURN,saida_eixo,0,0
1788467085.99,901.81,0.01,28.71,RETURN,saida_eixo,0,0
1788467086.09,901.91,0.01,28.71,RETURN,saida_eixo,0,0
1788467086.19,902.01,0.01,28.71,RETURN,saida_eixo,0,0
1788467086.29,902.11,0.00,28.71,RETURN,saida_eixo,0,0
1788467086.39,902.21,0.01,28.71,RETURN,saida_eixo,0,0
1788467086.49,902.31,0.01,28.71,RETURN,saida_eixo,0,0
1788467086.59,902.41,0.00,28.71,RETURN,saida_eixo,0,0
1788467086.69,902.51,0.00,28.71,RETURN,saida_eixo,0,0
1788467086.79,902.61,-0.01,28.71,RETURN,saida_eixo,0,0
1788467086.90,902.71,-0.00,28.71,RETURN,saida_eixo,0,0
1788467087.00,902.81,-0.01,28.71,RETURN,saida_eixo,0,0
1788467087.10,902.91,0.00,28.71,RETURN,saida_eixo,0,0
1788467087.20,903.01,0.01,28.71,RETURN,saida_eixo,0,0
1788467087.30,903.11,-0.00,28.71,RETURN,saida_eixo,0,0
1788467087.40,903.21,-0.00,28.71,RETURN,saida_eixo,0,0
1788467087.51,903.31,-0.01,28.71,RETURN,saida_eixo,0,0
1788467087.61,903.41,0.01,28.71,RETURN,saida_eixo,0,0
1788467087.71,903.51,0.00,28.71,RETURN,saida_eixo,0,0
1788467087.81,903.61,0.00,28.71,RETURN,saida_eixo,0,0
1788467087.91,903.71,0.00,28.71,RETURN,saida_eixo,0,0
1788467088.01,903.81,0.01,28.71,RETURN,saida_eixo,0,0
1788467088.11,903.91,-0.00,28.71,RETURN,saida_eixo,0,0
1788467088.21,904.01,0.00,28.71,RETURN,saida_eixo,0,0
1788467088.31,904.11,-0.00,28.71,RETURN,saida_eixo,0,0
1788467088.41,904.21,-0.00,28.71,RETURN,saida_eixo,0,0
1788467088.52,904.31,-0.01,28.71,RETURN,saida_eixo,0,0
1788467088.62,904.41,-0.00,28.71,RETURN,saida_eixo,0,0
1788467088.72,904.51,0.00,28.71,RETURN,saida_eixo,0,0
1788467088.82,904.61,0.01,28.71,RETURN,saida_eixo,0,0
1788467088.92,904.71,0.01,28.71,RETURN,saida_eixo,0,0
1788467089.02,904.81,0.00,28.71,RETURN,saida_eixo,0,0
1788467089.13,904.91,0.01,28.71,RETURN,saida_eixo,0,0
1788467089.22,905.01,-0.00,28.71,RETURN,saida_eixo,0,0
1788467089.33,905.11,-0.01,28.71,RETURN,saida_eixo,0,0
1788467089.43,905.21,0.00,28.71,RETURN,saida_eixo,0,0
1788467089.53,905.31,0.00,28.71,RETURN,saida_eixo,0,0
1788467089.63,905.41,0.00,28.71,RETURN,saida_eixo,0,0
1788467089.73,905.51,-0.00,28.71,RETURN,saida_eixo,0,0
1788467089.83,905.61,0.00,28.71,RETURN,saida_eixo,0,0
1788467089.93,905.71,0.00,28.71,RETURN,saida_eixo,0,0
1788467090.03,905.81,-0.00,28.71,RETURN,saida_eixo,0,0
1788467090.13,905.91,0.00,28.71,RETURN,saida_eixo,0,0
1788467090.23,906.01,0.00,28.71,RETURN,saida_eixo,0,0
1788467090.34,906.11,-0.00,28.71,RETURN,saida_eixo,0,0
1788467090.44,906.21,0.00,28.71,RETURN,saida_eixo,0,0
1788467090.54,906.31,0.00,28.71,RETURN,saida_eixo,0,0
1788467090.64,906.41,0.00,28.71,RETURN,saida_eixo,0,0
1788467090.74,906.51,-0.01,28.71,RETURN,saida_eixo,0,0
1788467090.85,906.61,-0.01,28.71,RETURN,saida_eixo,0,0
1788467090.94,906.71,-0.00,28.71,RETURN,saida_eixo,0,0
1788467091.05,906.81,0.00,28.71,RETURN,saida_eixo,0,0
1788467091.15,906.91,-0.01,28.71,RETURN,saida_eixo,0,0
1788467091.25,907.01,0.00,28.71,RETURN,saida_eixo,0,0
1788467091.35,907.11,0.00,28.71,RETURN,saida_eixo,0,0
1788467091.46,907.21,0.00,28.71,RETURN,saida_eixo,0,0
1788467091.55,907.31,0.01,28.71,RETURN,saida_eixo,0,0
1788467091.66,907.41,-0.01,28.71,RETURN,saida_eixo,0,0
1788467091.76,907.51,-0.00,28.71,RETURN,saida_eixo,0,0
1788467091.87,907.61,-0.00,28.71,RETURN,saida_eixo,0,0
1788467091.96,907.71,-0.00,28.71,RETURN,saida_eixo,0,0
1788467092.06,907.81,0.00,28.71,RETURN,saida_eixo,0,0
1788467092.17,907.91,0.01,28.71,RETURN,saida_eixo,0,0
1788467092.27,908.01,0.00,28.71,RETURN,saida_eixo,0,0
1788467092.37,908.11,-0.01,28.71,RETURN,saida_eixo,0,0
1788467092.47,908.21,0.01,28.71,RETURN,saida_eixo,0,0
1788467092.57,908.31,0.00,28.71,RETURN,saida_eixo,0,0
1788467092.67,908.41,-0.01,28.71,RETURN,saida_eixo,0,0
1788467092.77,908.51,-0.01,28.71,RETURN,saida_eixo,0,0
1788467092.87,908.61,0.00,28.71,RETURN,saida_eixo,0,0
1788467092.97,908.71,-0.01,28.71,RETURN,saida_eixo,0,0
1788467093.08,908.81,-0.00,28.71,RETURN,saida_eixo,0,0
1788467093.18,908.91,-0.01,28.71,RETURN,saida_eixo,0,0
1788467093.28,909.01,-0.01,28.71,RETURN,saida_eixo,0,0
1788467093.38,909.11,-0.01,28.71,RETURN,saida_eixo,0,0
1788467093.48,909.21,0.00,28.71,RETURN,saida_eixo,0,0
1788467093.58,909.31,0.01,28.71,RETURN,saida_eixo,0,0
1788467093.68,909.41,-0.01,28.71,RETURN,saida_eixo,0,0
1788467093.78,909.51,-0.01,28.71,RETURN,saida_eixo,0,0
1788467093.88,909.61,0.01,28.71,RETURN,saida_eixo,0,0
1788467093.99,909.71,0.01,28.71,RETURN,saida_eixo,0,0
1788467094.09,909.81,-0.00,28.71,RETURN,saida_eixo,0,0
1788467094.19,909.91,0.01,28.71,RETURN,saida_eixo,0,0
1788467094.29,910.01,0.00,28.71,RETURN,saida_eixo,0,0
1788467094.39,910.11,0.00,28.71,RETURN,saida_eixo,0,0
1788467094.49,910.21,0.01,28.71,RETURN,saida_eixo,0,0
1788467094.59,910.31,0.00,28.71,RETURN,saida_eixo,0,0
1788467094.70,910.41,0.00,28.71,RETURN,saida_eixo,0,0
1788467094.80,910.51,0.00,28.71,RETURN,saida_eixo,0,0
1788467094.90,910.61,0.01,28.71,RETURN,saida_eixo,0,0
1788467095.00,910.71,0.00,28.71,RETURN,saida_eixo,0,0
1788467095.10,910.81,0.00,28.71,RETURN,saida_eixo,0,0
1788467095.20,910.91,-0.00,28.71,RETURN,saida_eixo,0,0
1788467095.30,911.01,0.01,28.71,RETURN,saida_eixo,0,0
1788467095.40,911.11,0.01,28.71,RETURN,saida_eixo,0,0
1788467095.51,911.21,0.00,28.71,RETURN,saida_eixo,0,0
1788467095.61,911.31,-0.01,28.71,RETURN,saida_eixo,0,0
1788467095.71,911.41,-0.00,28.71,RETURN,saida_eixo,0,0
1788467095.81,911.51,0.00,28.71,RETURN,saida_eixo,0,0
1788467095.91,911.61,0.01,28.71,RETURN,saida_eixo,0,0
1788467096.01,911.71,-0.00,28.71,RETURN,saida_eixo,0,0
1788467096.12,911.81,0.00,28.71,RETURN,saida_eixo,0,0
1788467096.22,911.91,-0.00,28.71,RETURN,saida_eixo,0,0
1788467096.31,912.01,0.01,28.71,RETURN,saida_eixo,0,0
1788467096.42,912.11,-0.00,28.71,RETURN,saida_eixo,0,0
1788467096.52,912.21,-0.00,28.71,RETURN,saida_eixo,0,0
1788467096.62,912.31,-0.00,28.71,RETURN,saida_eixo,0,0
1788467096.73,912.41,0.01,28.71,RETURN,saida_eixo,0,0
1788467096.83,912.51,0.00,28.71,RETURN,saida_eixo,0,0
1788467096.93,912.61,0.01,28.71,RETURN,saida_eixo,0,0
1788467097.03,912.71,0.00,28.71,RETURN,saida_eixo,0,0
1788467097.14,912.81,0.01,28.71,RETURN,saida_eixo,0,0
1788467097.23,912.91,-0.01,28.71,RETURN,saida_eixo,0,0
1788467097.33,913.01,0.00,28.71,RETURN,saida_eixo,0,0
1788467097.44,913.11,-0.00,28.71,RETURN,saida_eixo,0,0
1788467097.54,913.21,0.00,28.71,RETURN,saida_eixo,0,0
1788467097.64,913.31,-0.00,28.71,RETURN,saida_eixo,0,0
1788467097.74,913.41,0.01,28.71,RETURN,saida_eixo,0,0
1788467097.84,913.51,0.00,28.71,RETURN,saida_eixo,0,0
1788467097.94,913.61,0.00,28.71,RETURN,saida_eixo,0,0
1788467098.04,913.71,0.01,28.71,RETURN,saida_eixo,0,0
1788467098.14,913.81,-0.00,28.71,RETURN,saida_eixo,0,0
1788467098.24,913.91,-0.00,28.71,RETURN,saida_eixo,0,0
1788467098.34,914.01,-0.01,28.71,RETURN,saida_eixo,0,0
1788467098.44,914.11,-0.00,28.71,RETURN,saida_eixo,0,0
1788467098.54,914.21,0.01,28.71,RETURN,saida_eixo,0,0
1788467098.64,914.31,-0.00,28.71,RETURN,saida_eixo,0,0
1788467098.74,914.41,-0.00,28.71,RETURN,saida_eixo,0,0
1788467098.84,914.51,0.01,28.71,RETURN,saida_eixo,0,0
1788467098.95,914.61,0.01,28.71,RETURN,saida_eixo,0,0
1788467099.04,914.71,-0.00,28.71,RETURN,saida_eixo,0,0
1788467099.15,914.81,-0.00,28.71,RETURN,saida_eixo,0,0
1788467099.25,914.91,0.00,28.71,RETURN,saida_eixo,0,0
1788467099.35,915.01,0.00,28.71,RETURN,saida_eixo,0,0
1788467099.45,915.11,0.00,28.71,RETURN,saida_eixo,0,0
1788467099.55,915.21,-0.01,28.71,RETURN,saida_eixo,0,0
1788467099.65,915.31,-0.00,28.71,RETURN,saida_eixo,0,0
1788467099.75,915.41,0.00,28.71,RETURN,saida_eixo,0,0
1788467099.85,915.51,0.01,28.71,RETURN,saida_eixo,0,0
1788467099.95,915.61,0.00,28.71,RETURN,saida_eixo,0,0
1788467100.05,915.71,-0.00,28.71,RETURN,saida_eixo,0,0
1788467100.15,915.81,-0.01,28.71,RETURN,saida_eixo,0,0
1788467100.26,915.91,0.00,28.71,RETURN,saida_eixo,0,0
1788467100.36,916.01,-0.01,28.71,RETURN,saida_eixo,0,0
1788467100.46,916.11,-0.01,28.71,RETURN,saida_eixo,0,0
1788467100.56,916.21,-0.00,28.71,RETURN,saida_eixo,0,0
1788467100.66,916.31,-0.00,28.71,RETURN,saida_eixo,0,0
1788467100.76,916.41,-0.00,28.71,RETURN,saida_eixo,0,0
1788467100.86,916.51,0.00,28.71,RETURN,saida_eixo,0,0
1788467100.96,916.61,0.00,28.71,RETURN,saida_eixo,0,0
1788467101.06,916.71,-0.00,28.71,RETURN,saida_eixo,0,0
1788467101.16,916.81,0.01,28.71,RETURN,saida_eixo,0,0
1788467101.26,916.91,-0.00,28.71,RETURN,saida_eixo,0,0
1788467101.36,917.01,-0.00,28.71,RETURN,saida_eixo,0,0
1788467101.46,917.11,0.00,28.71,RETURN,saida_eixo,0,0
1788467101.57,917.21,0.01,28.71,RETURN,saida_eixo,0,0
1788467101.67,917.31,0.00,28.71,RETURN,saida_eixo,0,0
1788467101.77,917.41,0.00,28.71,RETURN,saida_eixo,0,0
1788467101.87,917.51,0.00,28.71,RETURN,saida_eixo,0,0
1788467101.97,917.61,-0.00,28.71,RETURN,saida_eixo,0,0
1788467102.07,917.71,-0.01,28.71,RETURN,saida_eixo,0,0
1788467102.17,917.81,0.00,28.71,RETURN,saida_eixo,0,0
1788467102.27,917.91,0.01,28.71,RETURN,saida_eixo,0,0
1788467102.37,918.01,-0.00,28.71,RETURN,saida_eixo,0,0
1788467102.47,918.11,0.00,28.71,RETURN,saida_eixo,0,0
1788467102.57,918.21,0.00,28.71,RETURN,saida_eixo,0,0
1788467102.67,918.31,0.00,28.71,RETURN,saida_eixo,0,0
1788467102.78,918.41,0.00,28.71,RETURN,saida_eixo,0,0
1788467102.87,918.51,-0.01,28.71,RETURN,saida_eixo,0,0
1788467102.98,918.61,0.00,28.71,RETURN,saida_eixo,0,0
1788467103.08,918.71,0.00,28.71,RETURN,saida_eixo,0,0
1788467103.18,918.81,0.00,28.71,RETURN,saida_eixo,0,0
1788467103.28,918.91,0.00,28.71,RETURN,saida_eixo,0,0
1788467103.38,919.01,-0.01,28.71,RETURN,saida_eixo,0,0
1788467103.48,919.11,0.00,28.71,RETURN,saida_eixo,0,0
1788467103.58,919.21,0.01,28.71,RETURN,saida_eixo,0,0
1788467103.68,919.31,0.00,28.71,RETURN,saida_eixo,0,0
1788467103.79,919.41,0.01,28.71,RETURN,saida_eixo,0,0
1788467103.89,919.51,0.00,28.71,RETURN,saida_eixo,0,0
1788467103.99,919.61,0.00,28.71,RETURN,saida_eixo,0,0
1788467104.09,919.71,0.00,28.71,RETURN,saida_eixo,0,0
1788467104.19,919.81,-0.00,28.71,RETURN,saida_eixo,0,0
1788467104.30,919.91,-0.00,28.71,RETURN,saida_eixo,0,0
1788467104.40,920.01,0.00,28.71,RETURN,saida_eixo,0,0
1788467104.50,920.11,0.00,28.71,RETURN,saida_eixo,0,0
1788467104.60,920.21,0.01,28.71,RETURN,saida_eixo,0,0
1788467104.70,920.31,0.00,28.71,RETURN,saida_eixo,0,0
1788467104.80,920.41,-0.00,28.71,RETURN,saida_eixo,0,0
1788467104.90,920.51,0.00,28.71,RETURN,saida_eixo,0,0
1788467105.00,920.61,0.00,28.71,RETURN,saida_eixo,0,0
1788467105.11,920.71,0.00,28.71,RETURN,saida_eixo,0,0
1788467105.21,920.81,0.00,28.71,RETURN,saida_eixo,0,0
1788467105.31,920.91,0.01,28.71,RETURN,saida_eixo,0,0
1788467105.41,921.01,0.00,28.71,RETURN,saida_eixo,0,0
1788467105.51,921.11,0.00,28.71,RETURN,saida_eixo,0,0
1788467105.61,921.21,0.00,28.71,RETURN,saida_eixo,0,0
1788467105.71,921.31,0.00,28.71,RETURN,saida_eixo,0,0
1788467105.81,921.41,0.00,28.71,RETURN,saida_eixo,0,0
1788467105.91,921.51,0.00,28.71,RETURN,saida_eixo,0,0
1788467106.01,921.61,0.00,28.71,RETURN,saida_eixo,0,0
1788467106.11,921.71,0.00,28.71,RETURN,saida_eixo,0,0
1788467106.22,921.81,0.00,28.71,RETURN,saida_eixo,0,0
1788467106.32,921.91,0.00,28.71,RETURN,saida_eixo,0,0
1788467106.42,922.01,-0.01,28.71,RETURN,saida_eixo,0,0
1788467106.52,922.11,0.01,28.71,RETURN,saida_eixo,0,0
1788467106.62,922.21,0.01,28.71,RETURN,saida_eixo,0,0
1788467106.72,922.31,0.01,28.71,RETURN,saida_eixo,0,0
1788467106.83,922.41,0.01,28.71,RETURN,saida_eixo,0,0
1788467106.93,922.51,-0.00,28.71,RETURN,saida_eixo,0,0
1788467107.03,922.61,0.00,28.71,RETURN,saida_eixo,0,0
1788467107.13,922.71,0.00,28.71,RETURN,saida_eixo,0,0
1788467107.23,922.81,-0.01,28.71,RETURN,saida_eixo,0,0
1788467107.33,922.91,0.00,28.71,RETURN,saida_eixo,0,0
1788467107.43,923.01,-0.01,28.71,RETURN,saida_eixo,0,0
1788467107.53,923.11,0.00,28.71,RETURN,saida_eixo,0,0
1788467107.63,923.21,-0.00,28.71,RETURN,saida_eixo,0,0
1788467107.74,923.31,0.00,28.71,RETURN,saida_eixo,0,0
1788467107.83,923.41,-0.00,28.71,RETURN,saida_eixo,0,0
1788467107.93,923.51,-0.01,28.71,RETURN,saida_eixo,0,0
1788467108.04,923.61,0.00,28.71,RETURN,saida_eixo,0,0
1788467108.14,923.71,0.00,28.71,RETURN,saida_eixo,0,0
1788467108.24,923.81,0.00,28.71,RETURN,saida_eixo,0,0
1788467108.34,923.91,0.00,28.71,RETURN,saida_eixo,0,0
1788467108.44,924.01,0.00,28.71,RETURN,saida_eixo,0,0
1788467108.54,924.11,0.00,28.71,RETURN,saida_eixo,0,0
1788467108.65,924.21,-0.01,28.71,RETURN,saida_eixo,0,0
1788467108.75,924.31,0.01,28.71,RETURN,saida_eixo,0,0
1788467108.85,924.41,-0.01,28.71,RETURN,saida_eixo,0,0
1788467108.95,924.51,-0.01,28.71,RETURN,saida_eixo,0,0
1788467109.05,924.61,-0.00,28.71,RETURN,saida_eixo,0,0
1788467109.15,924.71,-0.00,28.71,RETURN,saida_eixo,0,0
1788467109.25,924.81,-0.00,28.71,RETURN,saida_eixo,0,0
1788467109.35,924.91,0.01,28.71,RETURN,saida_eixo,0,0
1788467109.45,925.01,-0.01,28.71,RETURN,saida_eixo,0,0
1788467109.55,925.11,0.00,28.71,RETURN,saida_eixo,0,0
1788467109.65,925.21,-0.00,28.71,RETURN,saida_eixo,0,0
1788467109.75,925.31,0.00,28.71,RETURN,saida_eixo,0,0
1788467109.85,925.41,-0.00,28.71,RETURN,saida_eixo,0,0
1788467109.95,925.51,-0.01,28.71,RETURN,saida_eixo,0,0
1788467110.06,925.61,-0.00,28.71,RETURN,saida_eixo,0,0
1788467110.15,925.71,0.00,28.71,RETURN,saida_eixo,0,0
1788467110.25,925.81,0.00,28.71,RETURN,saida_eixo,0,0
1788467110.35,925.91,-0.00,28.71,RETURN,saida_eixo,0,0
1788467110.46,926.01,-0.00,28.71,RETURN,saida_eixo,0,0
1788467110.56,926.11,-0.01,28.71,RETURN,saida_eixo,0,0
1788467110.66,926.21,-0.00,28.71,RETURN,saida_eixo,0,0
1788467110.76,926.31,-0.01,28.71,RETURN,saida_eixo,0,0
1788467110.86,926.41,-0.01,28.71,RETURN,saida_eixo,0,0
1788467110.96,926.51,-0.01,28.71,RETURN,saida_eixo,0,0
1788467111.06,926.61,-0.01,28.71,RETURN,saida_eixo,0,0
1788467111.16,926.71,0.00,28.71,RETURN,saida_eixo,0,0
1788467111.26,926.81,0.00,28.71,RETURN,saida_eixo,0,0
1788467111.37,926.91,-0.01,28.71,RETURN,saida_eixo,0,0
1788467111.46,927.01,0.00,28.71,RETURN,saida_eixo,0,0
1788467111.56,927.11,0.01,28.71,RETURN,saida_eixo,0,0
1788467111.67,927.21,-0.00,28.71,RETURN,saida_eixo,0,0
1788467111.77,927.31,0.00,28.71,RETURN,saida_eixo,0,0
1788467111.87,927.41,0.00,28.71,RETURN,saida_eixo,0,0
1788467111.97,927.51,-0.00,28.71,RETURN,saida_eixo,0,0
1788467112.07,927.61,0.01,28.71,RETURN,saida_eixo,0,0
1788467112.17,927.71,0.00,28.71,RETURN,saida_eixo,0,0
1788467112.27,927.81,0.01,28.71,RETURN,saida_eixo,0,0
1788467112.37,927.91,0.01,28.71,RETURN,saida_eixo,0,0
1788467112.48,928.01,-0.00,28.71,RETURN,saida_eixo,0,0
1788467112.58,928.11,0.00,28.71,RETURN,saida_eixo,0,0
1788467112.68,928.21,-0.00,28.71,RETURN,saida_eixo,0,0
