wall,sim,lingueta_mm,lamina_deg,estado,fase,armvel_nz,armvel_n
1788466241.73,0.00,0.00,0.00,,,0,0
1788466242.17,69.47,0.00,0.00,,,0,0
1788466242.17,69.47,-0.00,0.00,,,0,0
1788466242.27,69.58,0.00,0.00,,,0,0
1788466242.37,69.67,0.00,0.00,,,0,0
1788466242.47,69.77,-0.00,0.00,,,0,0
1788466242.57,69.87,0.01,0.00,,,0,0
1788466242.67,69.97,-0.00,0.00,,,0,0
1788466242.77,70.07,0.00,0.00,,,0,0
1788466242.87,70.17,0.00,0.00,,,0,0
1788466242.97,70.27,0.00,0.00,,,0,0
1788466243.07,70.37,-0.00,0.00,,,0,0
1788466243.17,70.47,0.01,0.00,,,0,0
1788466243.27,70.57,0.01,0.00,,,0,0
1788466243.37,70.67,0.00,0.00,,,0,0
1788466243.47,70.77,0.00,0.00,,,0,0
1788466243.58,70.87,0.00,0.00,,,0,0
1788466243.67,70.97,0.00,0.00,,,0,0
1788466243.78,71.07,0.00,0.00,,,0,0
1788466243.88,71.17,-0.00,0.00,,,0,0
1788466243.98,71.27,0.00,0.00,,,0,0
1788466244.08,71.37,0.00,0.00,,,0,0
1788466244.18,71.47,0.01,0.00,,,0,0
1788466244.28,71.57,-0.00,0.00,,,0,0
1788466244.38,71.67,-0.00,0.00,,,0,0
1788466244.48,71.77,0.00,0.00,,,0,0
1788466244.58,71.87,0.00,0.00,,,0,0
1788466244.69,71.97,-0.00,0.00,,,0,0
1788466244.78,72.07,-0.01,0.00,,,0,0
1788466244.89,72.17,0.00,0.00,,,0,0
1788466244.99,72.27,0.00,0.00,,,0,0
1788466245.09,72.37,0.01,0.00,,,0,0
1788466245.19,72.47,0.01,0.00,,,0,0
1788466245.29,72.58,-0.00,0.00,,,0,0
1788466245.39,72.67,0.00,0.00,,,0,0
1788466245.50,72.77,-0.00,0.00,,,0,0
1788466245.60,72.87,0.00,0.00,,,0,0
1788466245.70,72.97,-0.00,0.00,,,0,0
1788466245.80,73.07,-0.00,0.00,,,0,0
1788466245.90,73.17,-0.00,0.00,,,0,0
1788466246.00,73.27,0.00,0.00,,,0,0
1788466246.10,73.37,0.01,0.00,,,0,0
1788466246.20,73.47,0.00,0.00,,,0,0
1788466246.30,73.57,0.00,0.00,,,0,0
1788466246.40,73.67,0.01,0.00,,,0,0
1788466246.50,73.77,0.00,0.00,,,0,0
1788466246.60,73.87,0.00,0.00,,,0,0
1788466246.71,73.97,-0.00,0.00,,,0,0
1788466246.81,74.07,0.01,0.00,,,0,0
1788466246.91,74.17,0.00,0.00,,,0,0
1788466247.01,74.27,0.00,0.00,,,0,0
1788466247.12,74.38,-0.00,0.00,,,0,0
1788466247.22,74.47,-0.00,0.00,,,0,0
1788466247.31,74.57,0.01,0.00,,,0,0
1788466247.42,74.67,0.01,0.00,,,0,0
1788466247.52,74.77,0.00,0.00,,,0,0
1788466247.62,74.87,0.00,0.00,,,0,0
1788466247.72,74.97,0.00,0.00,,,0,0
1788466247.82,75.07,0.01,0.00,,,0,0
1788466247.92,75.17,0.01,0.00,,,0,0
1788466248.02,75.27,0.00,0.00,,,0,0
1788466248.12,75.37,0.01,0.00,,,0,0
1788466248.22,75.47,0.00,0.00,,,0,0
1788466248.33,75.57,-0.00,0.00,,,0,0
1788466248.43,75.67,0.00,0.00,,,0,0
1788466248.53,75.77,0.01,0.00,,,0,0
1788466248.63,75.87,-0.00,0.00,,,0,0
1788466248.73,75.97,-0.00,0.00,,,0,0
1788466248.83,76.07,0.00,0.00,,,0,0
1788466248.93,76.17,-0.00,0.00,,,0,0
1788466249.03,76.27,0.01,0.00,,,0,0
1788466249.13,76.37,-0.00,0.00,,,0,0
1788466249.23,76.47,-0.00,0.00,,,0,0
1788466249.33,76.57,0.00,0.00,,,0,0
1788466249.43,76.67,0.00,0.00,,,0,0
1788466249.53,76.77,0.00,0.00,,,0,0
1788466249.63,76.87,0.00,0.00,,,0,0
1788466249.73,76.97,-0.00,0.00,,,0,0
1788466249.83,77.07,0.01,0.00,,,0,0
1788466249.93,77.17,-0.00,0.00,,,0,0
1788466250.04,77.27,0.01,0.00,,,0,0
1788466250.14,77.37,0.00,0.00,,,0,0
1788466250.24,77.47,-0.00,0.00,,,0,0
1788466250.34,77.58,0.00,0.00,,,0,0
1788466250.44,77.67,0.00,0.00,,,0,0
1788466250.54,77.77,-0.00,0.00,,,0,0
1788466250.64,77.87,-0.00,0.00,,,0,0
1788466250.74,77.97,0.01,0.00,,,0,0
1788466250.85,78.07,0.01,0.00,,,0,0
1788466250.95,78.17,-0.00,0.00,,,0,0
1788466251.05,78.27,0.00,0.00,,,0,0
1788466251.15,78.37,0.00,0.00,,,0,0
1788466251.25,78.47,0.01,0.00,,,0,0
1788466251.35,78.57,0.01,0.00,,,0,0
1788466251.45,78.67,0.00,0.00,,,0,0
1788466251.55,78.77,-0.00,0.00,,,0,0
1788466251.65,78.88,-0.00,0.00,,,0,0
1788466251.76,78.97,-0.00,0.00,,,0,0
1788466251.86,79.07,-0.00,0.00,,,0,0
1788466251.96,79.17,0.01,0.00,,,0,0
1788466252.06,79.27,0.01,0.00,,,0,0
1788466252.16,79.37,0.00,0.00,,,0,0
1788466252.26,79.47,0.00,0.00,,,0,0
1788466252.36,79.57,0.00,0.00,,,0,0
1788466252.47,79.67,0.00,0.00,,,0,0
1788466252.56,79.77,0.01,0.00,,,0,0
1788466252.67,79.87,0.00,0.00,,,0,0
1788466252.77,79.97,0.00,0.00,,,0,0
1788466252.86,80.07,-0.00,0.00,,,0,0
1788466252.97,80.17,0.00,0.00,,,0,0
1788466253.11,80.27,0.01,0.00,,,0,0
1788466253.20,80.37,0.01,0.00,,,0,0
1788466253.30,80.47,0.01,0.00,,,0,0
1788466253.43,80.58,-0.00,0.00,,,0,0
1788466253.51,80.67,0.00,0.00,,,0,0
1788466253.61,80.77,0.01,0.00,,,0,0
1788466253.71,80.87,0.00,0.00,,,0,0
1788466253.81,80.97,0.01,0.00,,,0,0
1788466253.91,81.07,-0.00,0.00,STOW_INIT,,0,0
1788466254.01,81.17,-0.00,0.00,STOW_INIT,,0,1
1788466254.11,81.27,0.01,0.00,STOW_INIT,,0,0
1788466254.21,81.37,0.00,0.00,STOW_INIT,,0,0
1788466254.31,81.47,-0.00,0.00,SEARCH,,0,0
1788466254.41,81.57,-0.00,0.00,SEARCH,,0,0
1788466254.51,81.67,0.00,0.00,SEARCH,,0,0
1788466254.62,81.77,-0.01,0.00,SEARCH,,0,0
1788466254.72,81.87,0.01,0.00,SEARCH,,0,0
1788466254.82,81.97,-0.00,0.00,SEARCH,,0,0
1788466254.92,82.07,0.00,0.00,SEARCH,,0,0
1788466255.02,82.17,-0.00,0.00,SEARCH,,0,0
1788466255.12,82.27,0.00,0.00,SEARCH,,0,0
1788466255.22,82.37,0.01,0.00,SEARCH,,0,0
1788466255.33,82.47,-0.00,0.00,SEARCH,,0,0
1788466255.43,82.57,0.01,0.00,SEARCH,,0,0
1788466255.53,82.67,0.01,0.00,SEARCH,,0,0
1788466255.63,82.77,0.00,0.00,SEARCH,,0,0
1788466255.73,82.87,0.01,0.00,SEARCH,,0,0
1788466255.83,82.97,0.00,0.00,SEARCH,,0,0
1788466255.93,83.07,-0.00,0.00,SEARCH,,0,0
1788466256.03,83.17,0.01,0.00,SEARCH,,0,0
1788466256.13,83.27,-0.00,0.00,SEARCH,,0,0
1788466256.24,83.37,0.00,0.00,SEARCH,,0,0
1788466256.34,83.47,0.00,0.00,SEARCH,,0,0
1788466256.44,83.57,0.00,0.00,SEARCH,,0,0
1788466256.54,83.67,-0.00,0.00,SEARCH,,0,0
1788466256.64,83.77,-0.00,0.00,SEARCH,,0,0
1788466256.74,83.87,0.00,0.00,SEARCH,,0,0
1788466256.84,83.97,0.01,0.00,SEARCH,,0,0
1788466256.94,84.07,0.00,0.00,SEARCH,,0,0
1788466257.04,84.17,0.01,0.00,SEARCH,,0,0
1788466257.15,84.28,0.01,0.00,SEARCH,,0,0
1788466257.25,84.37,-0.00,0.00,SEARCH,,0,0
1788466257.35,84.47,-0.00,0.00,SEARCH,,0,0
1788466257.45,84.57,0.00,0.00,SEARCH,,0,0
1788466257.55,84.67,0.00,0.00,SEARCH,,0,0
1788466257.65,84.77,0.00,0.00,SEARCH,,0,0
1788466257.75,84.87,0.01,0.00,SEARCH,,0,0
1788466257.85,84.97,0.01,0.00,SEARCH,,0,0
1788466257.96,85.07,0.00,0.00,SEARCH,,0,0
1788466258.05,85.17,0.01,0.00,SEARCH,,0,0
1788466258.15,85.27,0.00,0.00,SEARCH,,0,0
1788466258.26,85.37,0.01,0.00,SEARCH,,0,0
1788466258.36,85.47,0.00,0.00,SEARCH,,0,0
1788466258.46,85.57,0.01,0.00,SEARCH,,0,0
1788466258.56,85.67,0.00,0.00,SEARCH,,0,0
1788466258.66,85.77,0.00,0.00,SEARCH,,0,0
1788466258.76,85.87,-0.00,0.00,SEARCH,,0,0
1788466258.87,85.97,-0.00,0.00,SEARCH,,0,0
1788466258.97,86.07,-0.00,0.00,SEARCH,,0,0
1788466259.06,86.17,-0.01,0.00,SEARCH,,0,0
1788466259.17,86.28,-0.00,0.00,SEARCH,,0,0
1788466259.27,86.38,0.01,0.00,SEARCH,,0,0
1788466259.37,86.47,0.01,0.00,SEARCH,,0,0
1788466259.47,86.57,0.01,0.00,SEARCH,,0,0
1788466259.57,86.67,0.00,0.00,SEARCH,,0,0
1788466259.67,86.77,0.00,0.00,SEARCH,,0,0
1788466259.77,86.87,0.01,0.00,SEARCH,,0,0
1788466259.87,86.97,0.01,0.00,SEARCH,,0,0
1788466259.97,87.07,0.01,0.00,SEARCH,,0,0
1788466260.07,87.17,0.00,0.00,SEARCH,,0,0
1788466260.17,87.27,-0.00,0.00,SEARCH,,0,0
1788466260.28,87.37,-0.00,0.00,SEARCH,,0,0
1788466260.38,87.47,-0.00,0.00,SEARCH,,0,0
1788466260.48,87.57,0.01,0.00,SEARCH,,0,0
1788466260.58,87.67,-0.00,0.00,SEARCH,,0,0
1788466260.68,87.77,0.00,0.00,SEARCH,,0,0
1788466260.78,87.87,-0.00,0.00,SEARCH,,0,0
1788466260.88,87.97,0.00,0.00,SEARCH,,0,0
1788466260.98,88.07,-0.00,0.00,SEARCH,,0,0
1788466261.08,88.17,0.01,0.00,SEARCH,,0,0
1788466261.19,88.27,-0.00,0.00,SEARCH,,0,0
1788466261.29,88.37,0.01,0.00,SEARCH,,0,0
1788466261.39,88.47,0.01,0.00,SEARCH,,0,0
1788466261.49,88.57,0.00,0.00,SEARCH,,0,0
1788466261.59,88.67,0.01,0.00,SEARCH,,0,0
1788466261.69,88.77,0.00,0.00,SEARCH,,0,0
1788466261.79,88.88,0.00,0.00,SEARCH,,0,0
1788466261.89,88.97,0.00,0.00,SEARCH,,0,0
1788466261.99,89.07,0.00,0.00,SEARCH,,0,0
1788466262.09,89.17,0.01,0.00,SEARCH,,0,0
1788466262.19,89.27,-0.00,0.00,SEARCH,,0,0
1788466262.29,89.37,0.00,0.00,SEARCH,,0,0
1788466262.39,89.47,-0.00,0.00,SEARCH,,0,0
1788466262.49,89.57,0.01,0.00,SEARCH,,0,0
1788466262.59,89.67,0.00,0.00,SEARCH,,0,0
1788466262.70,89.77,0.00,0.00,SEARCH,,0,0
1788466262.80,89.87,0.01,0.00,SEARCH,,0,0
1788466262.90,89.97,-0.00,0.00,SEARCH,,0,0
1788466263.00,90.07,0.00,0.00,SEARCH,,0,0
1788466263.10,90.17,0.01,0.00,SEARCH,,0,0
1788466263.20,90.28,0.00,0.00,SEARCH,,0,0
1788466263.30,90.37,-0.00,0.00,SEARCH,,0,0
1788466263.41,90.47,0.01,0.00,SEARCH,,0,0
1788466263.51,90.58,-0.00,0.00,SEARCH,,0,0
1788466263.61,90.67,0.00,0.00,SEARCH,,0,0
1788466263.71,90.77,0.01,0.00,SEARCH,,0,0
1788466263.81,90.87,0.01,0.00,SEARCH,,0,0
1788466263.91,90.97,-0.00,0.00,SEARCH,,0,0
1788466264.01,91.07,-0.00,0.00,SEARCH,,0,0
1788466264.11,91.17,0.01,0.00,SEARCH,,0,0
1788466264.21,91.27,0.01,0.00,SEARCH,,0,0
1788466264.31,91.38,0.00,0.00,SEARCH,,0,0
1788466264.41,91.47,-0.00,0.00,SEARCH,,0,0
1788466264.51,91.57,-0.00,0.00,SEARCH,,0,0
1788466264.61,91.67,0.00,0.00,SEARCH,,0,0
1788466264.71,91.77,0.00,0.00,SEARCH,,0,0
1788466264.81,91.87,-0.01,0.00,SEARCH,,0,0
1788466264.91,91.97,0.01,0.00,SEARCH,,0,0
1788466265.02,92.07,0.01,0.00,SEARCH,,0,0
1788466265.12,92.17,-0.00,0.00,SEARCH,,0,0
1788466265.22,92.27,-0.01,0.00,SEARCH,,0,0
1788466265.32,92.37,0.00,0.00,SEARCH,,0,0
1788466265.42,92.47,0.01,0.00,SEARCH,,0,0
1788466265.52,92.57,0.00,0.00,SEARCH,,0,0
1788466265.62,92.67,0.00,0.00,SEARCH,,0,0
1788466265.72,92.77,-0.00,0.00,SEARCH,,0,0
1788466265.82,92.87,0.00,0.00,SEARCH,,0,0
1788466265.92,92.97,0.00,0.00,SEARCH,,0,0
1788466266.02,93.07,0.01,0.00,SEARCH,,0,0
1788466266.12,93.17,0.00,0.00,SEARCH,,0,0
1788466266.22,93.27,0.00,0.00,SEARCH,,0,0
1788466266.32,93.37,0.00,0.00,SEARCH,,0,0
1788466266.42,93.47,-0.01,0.00,SEARCH,,0,0
1788466266.52,93.57,0.00,0.00,SEARCH,,0,0
1788466266.62,93.67,-0.00,0.00,SEARCH,,0,0
1788466266.72,93.77,-0.00,0.00,SEARCH,,0,0
1788466266.82,93.87,-0.00,0.00,SEARCH,,0,0
1788466266.92,93.97,0.01,0.00,SEARCH,,0,0
1788466267.03,94.07,-0.00,0.00,SEARCH,,0,0
1788466267.13,94.17,-0.00,0.00,SEARCH,,0,0
1788466267.23,94.27,0.00,0.00,SEARCH,,0,0
1788466267.33,94.37,-0.00,0.00,SEARCH,,0,0
1788466267.43,94.47,0.00,0.00,SEARCH,,0,0
1788466267.53,94.57,0.01,0.00,SEARCH,,0,0
1788466267.63,94.67,0.00,0.00,SEARCH,,0,0
1788466267.73,94.77,0.01,0.00,SEARCH,,0,0
1788466267.83,94.87,0.01,0.00,SEARCH,,0,0
1788466267.93,94.97,-0.00,0.00,SEARCH,,0,0
1788466268.03,95.08,-0.00,0.00,SEARCH,,0,0
1788466268.13,95.17,0.01,0.00,SEARCH,,0,0
1788466268.23,95.27,0.01,0.00,SEARCH,,0,0
1788466268.33,95.37,0.00,0.00,SEARCH,,0,0
1788466268.43,95.47,0.01,0.00,SEARCH,,0,0
1788466268.53,95.58,0.00,0.00,SEARCH,,0,0
1788466268.63,95.67,-0.00,0.00,SEARCH,,0,0
1788466268.73,95.77,0.01,0.00,SEARCH,,0,0
1788466268.83,95.87,-0.00,0.00,SEARCH,,0,0
1788466268.93,95.97,-0.00,0.00,SEARCH,,0,0
1788466269.03,96.07,0.01,0.00,SEARCH,,0,0
1788466269.13,96.17,-0.00,0.00,SEARCH,,0,0
1788466269.24,96.27,0.00,0.00,SEARCH,,0,0
1788466269.33,96.37,-0.00,0.00,SEARCH,,0,0
1788466269.43,96.47,0.00,0.00,SEARCH,,0,0
1788466269.53,96.57,-0.00,0.00,SEARCH,,0,0
1788466269.64,96.67,0.00,0.00,SEARCH,,0,0
1788466269.74,96.77,0.01,0.00,SEARCH,,0,0
1788466269.84,96.87,0.00,0.00,SEARCH,,0,0
1788466269.94,96.97,0.00,0.00,SEARCH,,0,0
1788466270.04,97.07,0.00,0.00,SEARCH,,0,0
1788466270.14,97.17,0.00,0.00,SEARCH,,0,0
1788466270.24,97.27,0.00,0.00,SEARCH,,0,0
1788466270.34,97.37,0.01,0.00,SEARCH,,0,0
1788466270.44,97.47,-0.00,0.00,SEARCH,,0,0
1788466270.54,97.57,-0.00,0.00,SEARCH,,0,0
1788466270.64,97.67,0.00,0.00,SEARCH,,0,0
1788466270.74,97.77,0.01,0.00,SEARCH,,0,0
1788466270.85,97.87,-0.00,0.00,SEARCH,,0,0
1788466270.95,97.97,0.01,0.00,SEARCH,,0,0
1788466271.05,98.07,0.01,0.00,SEARCH,,0,0
1788466271.14,98.17,0.00,0.00,SEARCH,,0,0
1788466271.25,98.27,-0.00,0.00,SEARCH,,0,0
1788466271.35,98.37,0.01,0.00,SEARCH,,0,0
1788466271.44,98.47,-0.00,0.00,SEARCH,,0,0
1788466271.55,98.57,0.00,0.00,SEARCH,,0,0
1788466271.65,98.67,-0.00,0.00,SEARCH,,0,0
1788466271.75,98.77,0.00,0.00,SEARCH,,0,0
1788466271.85,98.87,0.00,0.00,SEARCH,,0,0
1788466271.95,98.97,-0.00,0.00,SEARCH,,0,0
1788466272.05,99.07,0.00,0.00,SEARCH,,0,0
1788466272.15,99.17,0.01,0.00,SEARCH,,0,0
1788466272.25,99.27,0.01,0.00,SEARCH,,0,0
1788466272.35,99.37,0.00,0.00,SEARCH,,0,0
1788466272.45,99.47,0.00,0.00,SEARCH,,0,0
1788466272.55,99.57,0.01,0.00,SEARCH,,0,0
1788466272.65,99.67,-0.00,0.00,SEARCH,,0,0
1788466272.75,99.77,-0.00,0.00,SEARCH,,0,0
1788466272.85,99.87,0.01,0.00,SEARCH,,0,0
1788466272.96,99.97,0.00,0.00,SEARCH,,0,0
1788466273.06,100.07,0.00,0.00,SEARCH,,0,0
1788466273.16,100.17,0.01,0.00,SEARCH,,0,0
1788466273.25,100.27,0.00,0.00,SEARCH,,0,0
1788466273.36,100.37,0.00,0.00,SEARCH,,0,0
1788466273.46,100.47,0.00,0.00,SEARCH,,0,0
1788466273.56,100.57,0.00,0.00,SEARCH,,0,0
1788466273.66,100.67,0.00,0.00,SEARCH,,0,0
1788466273.76,100.77,0.00,0.00,SEARCH,,0,0
1788466273.86,100.87,0.01,0.00,SEARCH,,0,0
1788466273.96,100.97,0.01,0.00,SEARCH,,0,0
1788466274.06,101.07,-0.00,0.00,SEARCH,,0,0
1788466274.16,101.17,-0.00,0.00,SEARCH,,0,0
1788466274.26,101.27,0.01,0.00,SEARCH,,0,0
1788466274.36,101.37,0.01,0.00,SEARCH,,0,0
1788466274.46,101.47,0.00,0.00,SEARCH,,0,0
1788466274.56,101.57,0.01,0.00,SEARCH,,0,0
1788466274.66,101.67,0.01,0.00,SEARCH,,0,0
1788466274.76,101.77,0.00,0.00,SEARCH,,0,0
1788466274.86,101.87,-0.00,0.00,SEARCH,,0,0
1788466274.97,101.97,-0.00,0.00,SEARCH,,0,0
1788466275.07,102.07,-0.00,0.00,SEARCH,,0,0
1788466275.17,102.17,0.00,0.00,SEARCH,,0,0
1788466275.27,102.27,0.00,0.00,SEARCH,,0,0
1788466275.37,102.37,-0.00,0.00,SEARCH,,0,0
1788466275.47,102.47,-0.00,0.00,SEARCH,,0,0
1788466275.57,102.57,0.01,0.00,SEARCH,,0,0
1788466275.67,102.67,-0.00,0.00,SEARCH,,0,0
1788466275.77,102.77,0.00,0.00,SEARCH,,0,0
1788466275.87,102.87,-0.00,0.00,SEARCH,,0,0
1788466275.97,102.97,0.01,0.00,SEARCH,,0,0
1788466276.08,103.07,0.00,0.00,SEARCH,,0,0
1788466276.18,103.18,0.00,0.00,SEARCH,,0,0
1788466276.28,103.27,0.01,0.00,SEARCH,,0,0
1788466276.38,103.37,0.00,0.00,SEARCH,,0,0
1788466276.48,103.47,0.01,0.00,SEARCH,,0,0
1788466276.58,103.57,0.01,0.00,SEARCH,,0,0
1788466276.69,103.67,-0.00,0.00,SEARCH,,0,0
1788466276.79,103.77,0.00,0.00,SEARCH,,0,0
1788466276.89,103.87,-0.00,0.00,SEARCH,,0,0
1788466276.99,103.97,0.00,0.00,SEARCH,,0,0
1788466277.09,104.07,-0.00,0.00,SEARCH,,0,0
1788466277.19,104.17,0.01,0.00,SEARCH,,0,0
1788466277.29,104.27,-0.01,0.00,SEARCH,,0,0
1788466277.40,104.38,-0.00,0.00,SEARCH,,0,0
1788466277.49,104.47,0.01,0.00,SEARCH,,0,0
1788466277.59,104.57,0.00,0.00,APPROACH,,0,0
1788466277.69,104.67,0.01,0.00,APPROACH,,0,0
1788466277.79,104.77,0.00,0.00,APPROACH,,0,0
1788466277.90,104.87,0.01,0.00,APPROACH,,0,0
1788466277.99,104.97,0.00,0.00,APPROACH,,0,0
1788466278.10,105.07,-0.00,0.00,APPROACH,,0,0
1788466278.20,105.17,0.00,0.00,APPROACH,,0,0
1788466278.30,105.27,-0.00,0.00,APPROACH,,0,0
1788466278.40,105.38,0.00,0.00,APPROACH,,0,0
1788466278.50,105.47,0.00,0.00,APPROACH,,0,0
1788466278.60,105.57,-0.00,0.00,APPROACH,,0,0
1788466278.70,105.67,0.01,0.00,APPROACH,,0,0
1788466278.80,105.77,0.01,0.00,APPROACH,,0,0
1788466278.90,105.87,0.00,0.00,APPROACH,,0,0
1788466279.00,105.97,0.00,0.00,APPROACH,,0,0
1788466279.11,106.07,0.00,0.00,APPROACH,,0,0
1788466279.21,106.17,0.00,0.00,APPROACH,,0,0
1788466279.31,106.27,0.01,0.00,APPROACH,,0,0
1788466279.41,106.37,0.00,0.00,APPROACH,,0,0
1788466279.51,106.47,0.01,0.00,APPROACH,,0,0
1788466279.61,106.57,-0.00,0.00,APPROACH,,0,0
1788466279.71,106.67,-0.00,0.00,APPROACH,,0,0
1788466279.81,106.77,0.01,0.00,APPROACH,,0,0
1788466279.91,106.87,0.01,0.00,APPROACH,,0,0
1788466280.01,106.97,-0.00,0.00,APPROACH,,0,0
1788466280.11,107.07,0.00,0.00,APPROACH,,0,0
1788466280.21,107.17,0.00,0.00,APPROACH,,0,0
1788466280.31,107.27,-0.00,0.00,APPROACH,,0,0
1788466280.41,107.37,0.01,0.00,APPROACH,,0,0
1788466280.51,107.47,-0.01,0.00,APPROACH,,0,0
1788466280.62,107.58,0.00,0.00,APPROACH,,0,0
1788466280.72,107.67,0.00,0.00,APPROACH,,0,0
1788466280.82,107.77,0.01,0.00,APPROACH,,0,0
1788466280.92,107.87,0.00,0.00,APPROACH,,0,0
1788466281.02,107.97,0.00,0.00,APPROACH,,0,0
1788466281.12,108.07,0.01,0.00,APPROACH,,0,0
1788466281.22,108.17,0.01,0.00,APPROACH,,0,0
1788466281.32,108.28,0.00,0.00,APPROACH,,0,0
1788466281.42,108.37,0.00,0.00,APPROACH,,0,0
1788466281.52,108.47,0.00,0.00,APPROACH,,0,0
1788466281.62,108.57,-0.00,0.00,APPROACH,,0,0
1788466281.72,108.67,0.00,0.00,APPROACH,,0,0
1788466281.83,108.77,0.00,0.00,APPROACH,,0,0
1788466281.92,108.87,0.00,0.00,APPROACH,,0,0
1788466282.03,108.97,0.00,0.00,APPROACH,,0,0
1788466282.13,109.07,0.01,0.00,APPROACH,,0,0
1788466282.23,109.17,0.01,0.00,APPROACH,,0,0
1788466282.33,109.27,-0.00,0.00,APPROACH,,0,0
1788466282.43,109.37,-0.00,0.00,APPROACH,,0,0
1788466282.53,109.47,0.00,0.00,APPROACH,,0,0
1788466282.63,109.57,0.01,0.00,APPROACH,,0,0
1788466282.73,109.67,0.01,0.00,APPROACH,,0,0
1788466282.83,109.77,0.00,0.00,APPROACH,,0,0
1788466282.93,109.87,-0.00,0.00,APPROACH,,0,0
1788466283.03,109.97,0.00,0.00,APPROACH,,0,0
1788466283.13,110.07,0.00,0.00,APPROACH,,0,0
1788466283.24,110.17,0.00,0.00,APPROACH,,0,0
1788466283.33,110.27,0.00,0.00,APPROACH,,0,0
1788466283.44,110.37,0.01,0.00,APPROACH,,0,0
1788466283.54,110.47,0.00,0.00,APPROACH,,0,0
1788466283.64,110.57,0.01,0.00,APPROACH,,0,0
1788466283.74,110.67,0.00,0.00,APPROACH,,0,0
1788466283.84,110.77,0.00,0.00,APPROACH,,0,0
1788466283.94,110.87,0.00,0.00,APPROACH,,0,0
1788466284.04,110.97,-0.00,0.00,APPROACH,,0,0
1788466284.14,111.07,0.00,0.00,APPROACH,,0,0
1788466284.24,111.17,0.01,0.00,APPROACH,,0,0
1788466284.34,111.27,0.01,0.00,APPROACH,,0,0
1788466284.45,111.37,0.00,0.00,APPROACH,,0,0
1788466284.55,111.47,0.00,0.00,APPROACH,,0,0
1788466284.65,111.57,-0.00,0.00,APPROACH,,0,0
1788466284.75,111.67,-0.00,0.00,APPROACH,,0,0
1788466284.85,111.77,0.01,0.00,APPROACH,,0,0
1788466284.95,111.87,-0.00,0.00,APPROACH,,0,0
1788466285.06,111.97,0.01,0.00,APPROACH,,0,0
1788466285.15,112.07,0.01,0.00,APPROACH,,0,0
1788466285.26,112.17,-0.00,0.00,APPROACH,,0,0
1788466285.36,112.27,0.00,0.00,APPROACH,,0,0
1788466285.46,112.37,0.01,0.00,APPROACH,,0,0
1788466285.56,112.47,0.01,0.00,APPROACH,,0,0
1788466285.66,112.57,-0.00,0.00,APPROACH,,0,0
1788466285.76,112.67,0.00,0.00,APPROACH,,0,0
1788466285.86,112.77,0.00,0.00,APPROACH,,0,0
1788466285.96,112.87,-0.01,0.00,APPROACH,,0,0
1788466286.06,112.97,0.01,0.00,APPROACH,,0,0
1788466286.17,113.07,0.01,0.00,APPROACH,,0,0
1788466286.27,113.17,-0.00,0.00,APPROACH,,0,0
1788466286.37,113.27,-0.00,0.00,APPROACH,,0,0
1788466286.47,113.37,0.00,0.00,APPROACH,,0,0
1788466286.57,113.47,0.01,0.00,APPROACH,,0,0
1788466286.67,113.58,-0.00,0.00,APPROACH,,0,0
1788466286.77,113.67,0.00,0.00,APPROACH,,0,0
1788466286.87,113.77,0.01,0.00,APPROACH,,0,0
1788466286.97,113.87,0.01,0.00,APPROACH,,0,0
1788466287.07,113.97,0.01,0.00,APPROACH,,0,0
1788466287.17,114.07,0.00,0.00,APPROACH,,0,0
1788466287.27,114.17,-0.00,0.00,APPROACH,,0,0
1788466287.38,114.27,0.01,0.00,APPROACH,,0,0
1788466287.47,114.37,0.00,0.00,APPROACH,,0,0
1788466287.58,114.47,-0.00,0.00,APPROACH,,0,0
1788466287.68,114.57,-0.00,0.00,APPROACH,,0,0
1788466287.78,114.67,0.01,0.00,APPROACH,,0,0
1788466287.89,114.77,-0.00,0.00,APPROACH,,0,0
1788466287.99,114.87,-0.00,0.00,APPROACH,,0,0
1788466288.09,114.97,0.00,0.00,APPROACH,,0,0
1788466288.19,115.07,0.01,0.00,APPROACH,,0,0
1788466288.29,115.17,0.00,0.00,APPROACH,,0,0
1788466288.39,115.27,0.00,0.00,APPROACH,,0,0
1788466288.49,115.37,0.00,0.00,APPROACH,,0,0
1788466288.59,115.47,0.00,0.00,APPROACH,,0,0
1788466288.69,115.57,-0.00,0.00,APPROACH,,0,0
1788466288.79,115.68,-0.00,0.00,APPROACH,,0,0
1788466288.89,115.77,0.00,0.00,APPROACH,,0,0
1788466288.99,115.88,0.00,0.00,APPROACH,,0,0
1788466289.09,115.97,0.01,0.00,APPROACH,,0,0
1788466289.19,116.07,0.00,0.00,APPROACH,,0,0
1788466289.30,116.17,0.00,0.00,APPROACH,,0,0
1788466289.39,116.27,0.01,0.00,APPROACH,,0,0
1788466289.50,116.37,0.00,0.00,APPROACH,,0,0
1788466289.60,116.47,0.01,0.00,APPROACH,,0,0
1788466289.70,116.57,0.00,0.00,APPROACH,,0,0
1788466289.80,116.67,0.01,0.00,APPROACH,,0,0
1788466289.90,116.77,0.00,0.00,APPROACH,,0,0
1788466290.00,116.87,0.00,0.00,APPROACH,,0,0
1788466290.10,116.97,0.01,0.00,APPROACH,,0,0
1788466290.20,117.07,-0.00,0.00,APPROACH,,0,0
1788466290.31,117.17,-0.00,0.00,APPROACH,,0,0
1788466290.40,117.27,-0.00,0.00,APPROACH,,0,0
1788466290.51,117.38,-0.00,0.00,APPROACH,,0,0
1788466290.61,117.47,0.01,0.00,APPROACH,,0,0
1788466290.71,117.57,0.01,0.00,APPROACH,,0,0
1788466290.81,117.67,0.01,0.00,APPROACH,,0,0
1788466290.91,117.77,0.00,0.00,APPROACH,,0,0
1788466291.01,117.87,0.00,0.00,APPROACH,,0,0
1788466291.11,117.97,0.00,0.00,APPROACH,,0,0
1788466291.21,118.07,0.01,0.00,APPROACH,,0,0
1788466291.31,118.17,0.01,0.00,APPROACH,,0,0
1788466291.41,118.27,-0.00,0.00,APPROACH,,0,0
1788466291.51,118.37,0.00,0.00,APPROACH,,0,0
1788466291.62,118.47,0.00,0.00,APPROACH,,0,0
1788466291.72,118.57,-0.00,0.00,APPROACH,,0,0
1788466291.82,118.67,0.01,0.00,APPROACH,,0,0
1788466291.92,118.77,0.00,0.00,APPROACH,,0,0
1788466292.02,118.87,0.00,0.00,APPROACH,,0,0
1788466292.12,118.97,-0.00,0.00,APPROACH,,0,0
1788466292.22,119.07,0.00,0.00,APPROACH,,0,0
1788466292.32,119.17,-0.00,0.00,APPROACH,,0,0
1788466292.42,119.27,0.01,0.00,APPROACH,,0,0
1788466292.52,119.37,-0.00,0.00,APPROACH,,0,0
1788466292.62,119.47,0.01,0.00,APPROACH,,0,0
1788466292.72,119.57,0.00,0.00,APPROACH,,0,0
1788466292.83,119.67,0.00,0.00,APPROACH,,0,0
1788466292.92,119.77,-0.00,0.00,APPROACH,,0,0
1788466293.03,119.87,0.00,0.00,APPROACH,,0,0
1788466293.12,119.97,-0.00,0.00,APPROACH,,0,0
1788466293.23,120.07,0.01,0.00,APPROACH,,0,0
1788466293.33,120.17,0.00,0.00,APPROACH,,0,0
1788466293.43,120.27,0.00,0.00,APPROACH,,0,0
1788466293.53,120.37,0.00,0.00,APPROACH,,0,0
1788466293.63,120.47,0.00,0.00,APPROACH,,0,0
1788466293.73,120.58,-0.00,0.00,APPROACH,,0,0
1788466293.83,120.67,0.00,0.00,APPROACH,,0,0
1788466293.93,120.77,0.00,0.00,APPROACH,,0,0
1788466294.03,120.87,0.01,0.00,APPROACH,,0,0
1788466294.13,120.97,0.01,0.00,APPROACH,,0,0
1788466294.23,121.07,-0.00,0.00,APPROACH,,0,0
1788466294.33,121.17,0.00,0.00,APPROACH,,0,0
1788466294.43,121.27,0.01,0.00,APPROACH,,0,0
1788466294.53,121.37,-0.00,0.00,APPROACH,,0,0
1788466294.63,121.47,0.00,0.00,APPROACH,,0,0
1788466294.73,121.57,0.00,0.00,APPROACH,,0,0
1788466294.84,121.67,0.00,0.00,APPROACH,,0,0
1788466294.93,121.77,0.00,0.00,APPROACH,,0,0
1788466295.04,121.87,0.00,0.00,APPROACH,,0,0
1788466295.14,121.97,0.01,0.00,APPROACH,,0,0
1788466295.24,122.07,-0.00,0.00,APPROACH,,0,0
1788466295.34,122.17,0.00,0.00,APPROACH,,0,0
1788466295.44,122.27,0.01,0.00,APPROACH,,0,0
1788466295.54,122.37,0.01,0.00,APPROACH,,0,0
1788466295.64,122.47,0.01,0.00,APPROACH,,0,0
1788466295.74,122.57,0.00,0.00,APPROACH,,0,0
1788466295.84,122.67,-0.00,0.00,APPROACH,,0,0
1788466295.94,122.77,-0.00,0.00,APPROACH,,0,0
1788466296.04,122.87,0.00,0.00,APPROACH,,0,0
1788466296.14,122.97,-0.01,0.00,APPROACH,,0,0
1788466296.25,123.07,0.01,0.00,APPROACH,,0,0
1788466296.35,123.17,0.00,0.00,APPROACH,,0,0
1788466296.45,123.27,0.01,0.00,APPROACH,,0,0
1788466296.55,123.37,-0.01,0.00,APPROACH,,0,0
1788466296.65,123.47,0.00,0.00,APPROACH,,0,0
1788466296.75,123.57,0.01,0.00,APPROACH,,0,0
1788466296.85,123.67,0.00,0.00,APPROACH,,0,0
1788466296.95,123.77,0.00,0.00,APPROACH,,0,0
1788466297.05,123.87,0.01,0.00,APPROACH,,0,0
1788466297.16,123.97,-0.00,0.00,APPROACH,,0,0
1788466297.26,124.07,0.00,0.00,APPROACH,,0,0
1788466297.36,124.17,0.01,0.00,APPROACH,,0,0
1788466297.46,124.27,0.01,0.00,APPROACH,,0,0
1788466297.56,124.37,0.01,0.00,APPROACH,,0,0
1788466297.66,124.47,-0.00,0.00,APPROACH,,0,0
1788466297.76,124.57,-0.00,0.00,APPROACH,,0,0
1788466297.86,124.67,0.00,0.00,APPROACH,,0,0
1788466297.96,124.77,-0.00,0.00,APPROACH,,0,0
1788466298.06,124.87,0.00,0.00,APPROACH,,0,0
1788466298.16,124.97,-0.00,0.00,APPROACH,,0,0
1788466298.26,125.07,0.01,0.00,APPROACH,,0,0
1788466298.37,125.17,-0.00,0.00,APPROACH,,0,0
1788466298.47,125.27,-0.00,0.00,APPROACH,,0,0
1788466298.57,125.37,0.00,0.00,APPROACH,,0,0
1788466298.67,125.47,0.01,0.00,APPROACH,,0,0
1788466298.77,125.57,0.00,0.00,APPROACH,,0,0
1788466298.87,125.67,0.01,0.00,APPROACH,,0,0
1788466298.97,125.77,0.00,0.00,APPROACH,,0,0
1788466299.07,125.87,0.01,0.00,APPROACH,,0,0
1788466299.17,125.97,0.01,0.00,APPROACH,,0,0
1788466299.27,126.07,-0.00,0.00,APPROACH,,0,0
1788466299.37,126.17,0.00,0.00,APPROACH,,0,0
1788466299.47,126.27,0.01,0.00,APPROACH,,0,0
1788466299.57,126.37,0.01,0.00,APPROACH,,0,0
1788466299.67,126.47,0.00,0.00,APPROACH,,0,0
1788466299.77,126.57,0.01,0.00,APPROACH,,0,0
1788466299.87,126.67,0.00,0.00,APPROACH,,0,0
1788466299.97,126.77,0.01,0.00,APPROACH,,0,0
1788466300.07,126.87,0.01,0.00,APPROACH,,0,0
1788466300.17,126.97,0.00,0.00,APPROACH,,0,0
1788466300.27,127.07,0.00,0.00,APPROACH,,0,0
1788466300.38,127.17,0.01,0.00,APPROACH,,0,0
1788466300.48,127.27,0.00,0.00,APPROACH,,0,0
1788466300.57,127.37,0.00,0.00,APPROACH,,0,0
1788466300.68,127.47,-0.00,0.00,APPROACH,,0,0
1788466300.78,127.57,0.00,0.00,APPROACH,,0,0
1788466300.88,127.67,-0.01,0.00,APPROACH,,0,0
1788466300.98,127.77,0.00,0.00,APPROACH,,0,0
1788466301.08,127.87,0.00,0.00,APPROACH,,0,0
1788466301.18,127.97,-0.00,0.00,APPROACH,,0,0
1788466301.28,128.07,0.00,0.00,APPROACH,,0,0
1788466301.38,128.17,0.00,0.00,APPROACH,,0,0
1788466301.48,128.27,0.00,0.00,APPROACH,,0,0
1788466301.58,128.37,0.00,0.00,APPROACH,,0,0
1788466301.69,128.47,0.01,0.00,APPROACH,,0,0
1788466301.79,128.57,-0.00,0.00,APPROACH,,0,0
1788466301.89,128.67,-0.01,0.00,APPROACH,,0,0
1788466301.99,128.77,0.00,0.00,APPROACH,,0,0
1788466302.09,128.87,0.01,0.00,APPROACH,,0,0
1788466302.19,128.97,-0.00,0.00,APPROACH,,0,0
1788466302.29,129.07,0.00,0.00,APPROACH,,0,0
1788466302.39,129.17,0.01,0.00,APPROACH,,0,0
1788466302.49,129.27,-0.00,0.00,APPROACH,,0,0
1788466302.59,129.37,0.01,0.00,APPROACH,,0,0
1788466302.69,129.47,0.00,0.00,APPROACH,,0,0
1788466302.79,129.57,-0.00,0.00,APPROACH,,0,0
1788466302.89,129.67,-0.00,0.00,APPROACH,,0,0
1788466302.99,129.77,-0.00,0.00,APPROACH,,0,0
1788466303.09,129.87,0.00,0.00,APPROACH,,0,0
1788466303.19,129.97,0.00,0.00,APPROACH,,0,0
1788466303.29,130.07,-0.00,0.00,APPROACH,,0,0
1788466303.39,130.17,0.00,0.00,APPROACH,,0,0
1788466303.49,130.27,0.01,0.00,APPROACH,,0,0
1788466303.59,130.37,0.01,0.00,APPROACH,,0,0
1788466303.70,130.47,0.00,0.00,APPROACH,,0,0
1788466303.80,130.57,0.00,0.00,APPROACH,,0,0
1788466303.89,130.67,0.01,0.00,APPROACH,,0,0
1788466304.00,130.78,-0.00,0.00,APPROACH,,0,0
1788466304.10,130.87,-0.00,0.00,APPROACH,,0,0
1788466304.20,130.97,0.01,0.00,APPROACH,,0,0
1788466304.30,131.07,0.00,0.00,APPROACH,,0,0
1788466304.40,131.17,-0.00,0.00,APPROACH,,0,0
1788466304.50,131.27,0.01,0.00,APPROACH,,0,0
1788466304.60,131.37,0.00,0.00,APPROACH,,0,0
1788466304.70,131.47,0.00,0.00,APPROACH,,0,0
1788466304.81,131.57,0.01,0.00,APPROACH,,0,0
1788466304.91,131.68,0.01,0.00,APPROACH,,0,0
1788466305.01,131.78,0.01,0.00,APPROACH,,0,0
1788466305.11,131.87,0.00,0.00,APPROACH,,0,0
1788466305.21,131.97,0.00,0.00,APPROACH,,0,0
1788466305.32,132.07,0.00,0.00,APPROACH,,0,0
1788466305.42,132.17,-0.00,0.00,APPROACH,,0,0
1788466305.52,132.27,-0.00,0.00,APPROACH,,0,0
1788466305.62,132.37,0.01,0.00,APPROACH,,0,0
1788466305.72,132.47,0.00,0.00,APPROACH,,0,0
1788466305.82,132.57,0.00,0.00,APPROACH,,0,0
1788466305.92,132.67,0.00,0.00,APPROACH,,0,0
1788466306.02,132.77,0.01,0.00,APPROACH,,0,0
1788466306.13,132.87,0.00,0.00,APPROACH,,0,0
1788466306.23,132.97,0.00,0.00,APPROACH,,0,0
1788466306.33,133.07,-0.01,0.00,APPROACH,,0,0
1788466306.43,133.17,-0.00,0.00,APPROACH,,0,0
1788466306.53,133.27,0.00,0.00,APPROACH,,0,0
1788466306.63,133.38,-0.00,0.00,APPROACH,,0,0
1788466306.73,133.47,-0.00,0.00,APPROACH,,0,0
1788466306.83,133.57,0.00,0.00,REFINE,,0,0
1788466306.93,133.67,0.00,0.00,REFINE,,0,0
1788466307.03,133.77,-0.00,0.00,REFINE,,0,0
1788466307.14,133.87,-0.00,0.00,REFINE,,0,0
1788466307.23,133.97,-0.00,0.00,REFINE,,0,0
1788466307.33,134.07,0.01,0.00,REFINE,,0,0
1788466307.44,134.17,0.00,0.00,REFINE,,0,0
1788466307.54,134.27,-0.01,0.00,REFINE,,0,0
1788466307.64,134.37,0.00,0.00,REFINE,,0,0
1788466307.74,134.47,0.00,0.00,REFINE,,0,0
1788466307.84,134.57,0.01,0.00,REFINE,,0,0
1788466307.94,134.67,0.01,0.00,REFINE,,0,0
1788466308.04,134.77,0.01,0.00,DEPLOY,,0,0
1788466308.14,134.87,0.00,0.00,DEPLOY,,0,0
1788466308.24,134.97,-0.00,0.00,DEPLOY,,0,0
1788466308.34,135.07,0.00,0.00,DEPLOY,,0,0
1788466308.44,135.17,-0.00,0.00,DEPLOY,,0,0
1788466308.54,135.27,-0.00,0.00,DEPLOY,,0,0
1788466308.64,135.37,-0.00,0.00,DEPLOY,,0,0
1788466308.74,135.47,0.00,0.00,DEPLOY,,0,0
1788466308.84,135.57,0.01,0.00,DEPLOY,,0,0
1788466308.94,135.67,0.00,0.00,DEPLOY,,0,0
1788466309.04,135.77,0.00,0.00,DEPLOY,,0,0
1788466309.14,135.87,0.00,0.00,DEPLOY,,0,0
1788466309.24,135.97,0.00,0.00,DEPLOY,,0,0
1788466309.34,136.07,0.00,0.00,DEPLOY,,0,0
1788466309.44,136.17,0.00,0.00,DEPLOY,,0,0
1788466309.54,136.27,0.01,0.00,DEPLOY,,0,0
1788466309.64,136.37,-0.00,0.00,DEPLOY,,0,0
1788466309.74,136.47,0.00,0.00,DEPLOY,,0,0
1788466309.84,136.57,-0.00,0.00,DEPLOY,,0,0
1788466309.94,136.67,-0.00,0.00,DEPLOY,,0,0
1788466310.04,136.77,-0.00,0.00,DEPLOY,,0,0
1788466310.14,136.87,0.01,0.00,DEPLOY,,0,0
1788466310.24,136.97,0.01,0.00,DEPLOY,,0,0
1788466310.34,137.07,0.00,0.00,DEPLOY,,0,0
1788466310.44,137.17,0.01,0.00,DEPLOY,,0,0
1788466310.54,137.27,0.01,0.00,DEPLOY,,0,0
1788466310.64,137.37,0.01,0.00,DEPLOY,,0,0
1788466310.74,137.47,-0.00,0.00,DEPLOY,,0,0
1788466310.84,137.57,0.00,0.00,DEPLOY,,0,0
1788466310.94,137.67,0.00,0.00,DEPLOY,,0,0
1788466311.04,137.77,-0.00,0.00,DEPLOY,,0,0
1788466311.14,137.87,0.00,0.00,DEPLOY,,0,0
1788466311.24,137.97,0.01,0.00,DEPLOY,,0,0
1788466311.34,138.07,-0.00,0.00,DEPLOY,,0,0
1788466311.44,138.17,-0.00,0.00,DEPLOY,,0,0
1788466311.54,138.27,0.00,0.00,DEPLOY,,0,0
1788466311.64,138.37,0.01,0.00,DEPLOY,,0,0
1788466311.74,138.47,0.00,0.00,DEPLOY,,0,0
1788466311.84,138.57,-0.00,0.00,DEPLOY,,0,0
1788466311.94,138.67,-0.00,0.00,DEPLOY,,0,0
1788466312.04,138.77,0.00,0.00,DEPLOY,,0,0
1788466312.14,138.87,0.00,0.00,DEPLOY,,0,0
1788466312.24,138.97,-0.00,0.00,DEPLOY,,0,0
1788466312.34,139.07,-0.00,0.00,DEPLOY,,0,0
1788466312.44,139.17,-0.00,0.00,DEPLOY,,0,0
1788466312.54,139.27,0.01,0.00,DEPLOY,,0,0
1788466312.64,139.37,-0.00,0.00,DEPLOY,,0,0
1788466312.75,139.47,0.00,0.00,DEPLOY,,0,0
1788466312.85,139.57,0.00,0.00,DEPLOY,,0,0
1788466312.95,139.67,-0.00,0.00,DEPLOY,,0,0
1788466313.05,139.77,0.00,0.00,DEPLOY,,0,0
1788466313.15,139.87,0.00,0.00,DEPLOY,,0,0
1788466313.25,139.97,-0.00,0.00,DEPLOY,,0,0
1788466313.35,140.07,-0.00,0.00,DEPLOY,,0,0
1788466313.45,140.17,0.01,0.00,DEPLOY,,0,0
1788466313.56,140.27,-0.00,0.00,DEPLOY,,0,0
1788466313.65,140.37,-0.00,0.00,DEPLOY,,0,0
1788466313.75,140.47,0.00,0.00,DEPLOY,,0,0
1788466313.86,140.57,-0.00,0.00,DEPLOY,,0,0
1788466313.96,140.67,0.01,0.00,DEPLOY,,0,0
1788466314.06,140.77,0.01,0.00,DEPLOY,,0,0
1788466314.16,140.87,0.00,0.00,DEPLOY,,0,0
1788466314.26,140.97,-0.00,0.00,DEPLOY,,0,0
1788466314.36,141.07,0.00,0.00,DEPLOY,,0,0
1788466314.46,141.17,0.00,0.00,DEPLOY,,0,0
1788466314.57,141.27,0.00,0.00,DEPLOY,,0,0
1788466314.67,141.37,0.00,0.00,DEPLOY,,0,0
1788466314.77,141.47,0.01,0.00,DEPLOY,,0,0
1788466314.87,141.57,0.00,0.00,DEPLOY,,0,0
1788466314.97,141.67,0.00,0.00,DEPLOY,,0,0
1788466315.07,141.77,0.00,0.00,DEPLOY,,0,0
1788466315.17,141.87,0.01,0.00,DEPLOY,,0,0
1788466315.27,141.97,0.00,0.00,DEPLOY,,0,0
1788466315.37,142.07,0.00,0.00,DEPLOY,,0,0
1788466315.47,142.17,-0.00,0.00,DEPLOY,,0,0
1788466315.57,142.27,0.01,0.00,DEPLOY,,0,0
1788466315.67,142.37,0.00,0.00,DEPLOY,,0,0
1788466315.77,142.47,0.00,0.00,DEPLOY,,0,0
1788466315.87,142.57,0.00,0.00,DEPLOY,,0,0
1788466315.97,142.67,0.01,0.00,DEPLOY,,0,0
1788466316.08,142.77,-0.00,0.00,DEPLOY,,0,0
1788466316.18,142.87,0.01,0.00,DEPLOY,,0,0
1788466316.28,142.97,-0.00,0.00,DEPLOY,,0,0
1788466316.38,143.07,0.01,0.00,DEPLOY,,0,0
1788466316.48,143.17,0.01,0.00,DEPLOY,,0,0
1788466316.58,143.27,-0.00,0.00,DEPLOY,,0,0
1788466316.68,143.37,0.00,0.00,DEPLOY,,0,0
1788466316.78,143.47,0.01,0.00,DEPLOY,,0,0
1788466316.88,143.57,0.01,0.00,DEPLOY,,0,0
1788466316.98,143.67,-0.00,0.00,DEPLOY,,0,0
1788466317.08,143.77,0.00,0.00,DEPLOY,,0,0
1788466317.19,143.87,0.00,0.00,DEPLOY,,0,0
1788466317.29,143.97,-0.01,0.00,DEPLOY,,0,0
1788466317.39,144.07,0.01,0.00,DEPLOY,,0,0
1788466317.49,144.17,-0.00,0.00,DEPLOY,,0,0
1788466317.59,144.27,0.00,0.00,DEPLOY,,0,0
1788466317.70,144.37,-0.00,0.00,DEPLOY,,0,0
1788466317.80,144.47,0.00,0.00,DEPLOY,,0,0
1788466317.90,144.57,0.01,0.00,DEPLOY,,0,0
1788466318.00,144.67,-0.00,0.00,DEPLOY,,0,0
1788466318.10,144.77,0.01,0.00,DEPLOY,,0,0
1788466318.20,144.87,0.01,0.00,DEPLOY,,0,0
1788466318.30,144.97,0.00,0.00,DEPLOY,,0,0
1788466318.40,145.07,0.01,0.00,DEPLOY,,0,0
1788466318.50,145.17,-0.00,0.00,DEPLOY,,0,0
1788466318.60,145.27,-0.00,0.00,DEPLOY,,0,0
1788466318.70,145.37,0.01,0.00,DEPLOY,,0,0
1788466318.80,145.47,-0.00,0.00,DEPLOY,,0,0
1788466318.90,145.57,-0.00,0.00,DEPLOY,,0,0
1788466319.01,145.67,0.00,0.00,DEPLOY,,0,0
1788466319.11,145.77,0.01,0.00,DEPLOY,,0,0
1788466319.21,145.87,0.00,0.00,DEPLOY,,0,0
1788466319.31,145.97,-0.00,0.00,DEPLOY,,0,0
1788466319.41,146.07,0.00,0.00,DEPLOY,,0,0
1788466319.51,146.17,0.01,0.00,DEPLOY,,0,0
1788466319.61,146.27,0.00,0.00,DEPLOY,,0,1
1788466319.71,146.37,0.01,0.00,DEPLOY,,0,0
1788466319.81,146.47,0.00,0.00,DEPLOY,,0,0
1788466319.91,146.57,0.00,0.00,DEPLOY,,0,0
1788466320.01,146.67,-0.00,0.00,DEPLOY,,0,0
1788466320.12,146.77,-0.00,0.00,DEPLOY,,0,0
1788466320.22,146.87,-0.00,0.00,DEPLOY,,0,0
1788466320.32,146.97,0.00,0.00,DEPLOY,,0,0
1788466320.43,147.07,0.01,0.00,DEPLOY,,0,0
1788466320.53,147.17,0.00,0.00,DEPLOY,,0,0
1788466320.63,147.28,0.00,0.00,DEPLOY,,0,0
1788466320.73,147.37,0.00,0.00,DEPLOY,,0,0
1788466320.83,147.47,0.00,0.00,DEPLOY,,0,0
1788466320.93,147.57,0.00,0.00,DEPLOY,,0,0
1788466321.03,147.67,0.00,0.00,DEPLOY,,0,0
1788466321.14,147.78,0.01,0.00,DEPLOY,,0,0
1788466321.24,147.87,0.00,0.00,DEPLOY,,0,0
1788466321.34,147.97,0.01,0.00,DEPLOY,,0,0
1788466321.44,148.07,0.01,0.00,DEPLOY,,0,0
1788466321.54,148.17,-0.00,0.00,DEPLOY,,0,0
1788466321.64,148.27,0.00,0.00,DEPLOY,,0,0
1788466321.74,148.37,-0.00,0.00,DEPLOY,,0,0
1788466321.84,148.47,-0.00,0.00,DEPLOY,,0,0
1788466321.95,148.57,0.01,0.00,DEPLOY,,0,0
1788466322.05,148.67,0.01,0.00,DEPLOY,,0,0
1788466322.15,148.77,-0.00,0.00,DEPLOY,,0,0
1788466322.25,148.87,0.00,0.00,DEPLOY,,0,0
1788466322.35,148.97,0.00,0.00,DEPLOY,,0,0
1788466322.45,149.07,0.00,0.00,DEPLOY,,0,0
1788466322.56,149.17,0.01,0.00,DEPLOY,,0,0
1788466322.66,149.27,0.01,0.00,DEPLOY,,0,0
1788466322.76,149.37,-0.00,0.00,DEPLOY,,0,0
1788466322.86,149.47,-0.00,0.00,DEPLOY,,0,0
1788466322.96,149.57,-0.00,0.00,DEPLOY,,0,0
1788466323.06,149.67,-0.00,0.00,DEPLOY,,0,0
1788466323.16,149.77,0.01,0.00,DEPLOY,,0,0
1788466323.26,149.87,0.00,0.00,DEPLOY,,0,0
1788466323.36,149.97,-0.00,0.00,DEPLOY,,0,0
1788466323.46,150.07,-0.00,0.00,DEPLOY,,0,0
1788466323.56,150.17,0.00,0.00,DEPLOY,,0,0
1788466323.66,150.27,-0.00,0.00,DEPLOY,,0,0
1788466323.76,150.37,0.01,0.00,DEPLOY,,0,0
1788466323.86,150.47,-0.00,0.00,DEPLOY,,0,0
1788466323.96,150.57,0.01,0.00,DEPLOY,,0,0
1788466324.06,150.67,0.01,0.00,DEPLOY,,0,0
1788466324.16,150.77,0.00,0.00,DEPLOY,,0,0
1788466324.26,150.87,0.01,0.00,DEPLOY,,0,0
1788466324.37,150.97,0.01,0.00,DEPLOY,,0,0
1788466324.47,151.07,-0.00,0.00,DEPLOY,,0,0
1788466324.57,151.17,0.00,0.00,DEPLOY,,0,0
1788466324.67,151.27,0.00,0.00,DEPLOY,,0,0
1788466324.77,151.37,0.01,0.00,DEPLOY,,0,0
1788466324.87,151.47,0.00,0.00,DEPLOY,,0,0
1788466324.97,151.57,0.00,0.00,DEPLOY,,0,0
1788466325.07,151.67,-0.00,0.00,DEPLOY,,0,0
1788466325.18,151.78,0.01,0.00,DEPLOY,,0,0
1788466325.28,151.87,0.00,0.00,DEPLOY,,0,0
1788466325.37,151.97,0.01,0.00,DEPLOY,,0,0
1788466325.47,152.07,0.01,0.00,DEPLOY,,0,0
1788466325.57,152.17,-0.00,0.00,DEPLOY,,0,0
1788466325.68,152.27,0.00,0.00,DEPLOY,,0,0
1788466325.78,152.37,0.01,0.00,DEPLOY,,0,0
1788466325.88,152.47,-0.00,0.00,DEPLOY,,0,0
1788466325.98,152.57,-0.00,0.00,DEPLOY,,0,0
1788466326.08,152.67,0.00,0.00,DEPLOY,,0,0
1788466326.18,152.77,0.00,0.00,DEPLOY,,0,0
1788466326.28,152.87,0.00,0.00,DEPLOY,,0,0
1788466326.38,152.97,0.00,0.00,DEPLOY,,0,0
1788466326.48,153.07,0.01,0.00,DEPLOY,,0,0
1788466326.58,153.17,-0.00,0.00,DEPLOY,,0,0
1788466326.69,153.27,-0.00,0.00,DEPLOY,,0,0
1788466326.79,153.37,0.01,0.00,DEPLOY,,0,0
1788466326.89,153.47,0.01,0.00,DEPLOY,,0,0
1788466326.99,153.57,0.01,0.00,DEPLOY,,0,0
1788466327.09,153.67,-0.00,0.00,DEPLOY,,0,0
1788466327.19,153.77,-0.00,0.00,DEPLOY,,0,0
1788466327.29,153.87,0.00,0.00,DEPLOY,,0,0
1788466327.39,153.97,0.01,0.00,DEPLOY,,0,0
1788466327.49,154.07,-0.01,0.00,DEPLOY,,0,0
1788466327.59,154.17,0.01,0.00,DEPLOY,,0,0
1788466327.70,154.27,0.01,0.00,DEPLOY,,0,0
1788466327.79,154.37,-0.00,0.00,DEPLOY,,0,0
1788466327.90,154.47,-0.00,0.00,DEPLOY,,0,0
1788466328.00,154.57,0.00,0.00,DEPLOY,,0,0
1788466328.10,154.67,0.01,0.00,DEPLOY,,0,0
1788466328.20,154.78,-0.00,0.00,DEPLOY,,0,0
1788466328.30,154.87,0.00,0.00,DEPLOY,,0,0
1788466328.40,154.97,0.01,0.00,DEPLOY,,0,0
1788466328.50,155.07,0.00,0.00,DEPLOY,,0,0
1788466328.60,155.17,0.00,0.00,DEPLOY,,0,0
1788466328.70,155.27,0.01,0.00,DEPLOY,,0,0
1788466328.81,155.38,0.01,0.00,DEPLOY,,0,0
1788466328.91,155.47,0.00,0.00,DEPLOY,,0,0
1788466329.01,155.57,0.00,0.00,DEPLOY,,0,0
1788466329.11,155.67,-0.00,0.00,DEPLOY,,0,0
1788466329.21,155.77,0.01,0.00,DEPLOY,,0,0
1788466329.31,155.87,-0.00,0.00,DEPLOY,,0,0
1788466329.41,155.97,-0.00,0.00,DEPLOY,,0,0
1788466329.51,156.07,-0.00,0.00,DEPLOY,,0,0
1788466329.62,156.18,0.00,0.00,MANIPULATE,,0,0
1788466329.72,156.27,-0.00,0.00,MANIPULATE,,0,0
1788466329.82,156.37,-0.00,0.00,MANIPULATE,,0,0
1788466329.92,156.47,0.01,0.00,MANIPULATE,,0,0
1788466330.02,156.57,0.00,0.00,MANIPULATE,,0,0
1788466330.12,156.67,0.00,0.00,MANIPULATE,,0,0
1788466330.22,156.77,0.01,0.00,MANIPULATE,,0,0
1788466330.32,156.87,0.00,0.00,MANIPULATE,,0,0
1788466330.42,156.97,0.00,0.00,MANIPULATE,,0,0
1788466330.52,157.07,0.01,0.00,MANIPULATE,,0,0
1788466330.62,157.17,-0.00,0.00,MANIPULATE,,0,0
1788466330.72,157.27,-0.00,0.00,MANIPULATE,,0,0
1788466330.82,157.37,0.01,0.00,MANIPULATE,,0,0
1788466330.93,157.47,0.01,0.00,MANIPULATE,,0,0
1788466331.02,157.57,0.00,0.00,MANIPULATE,,0,0
1788466331.13,157.67,0.01,0.00,MANIPULATE,,0,0
1788466331.23,157.77,0.00,0.00,MANIPULATE,orienta,0,0
1788466331.33,157.88,0.01,0.00,MANIPULATE,orienta,0,0
1788466331.43,157.97,0.01,0.00,MANIPULATE,orienta,0,0
1788466331.53,158.07,-0.00,0.00,MANIPULATE,orienta,0,0
1788466331.64,158.17,0.01,0.00,MANIPULATE,orienta,0,0
1788466331.73,158.27,0.01,0.00,MANIPULATE,orienta,0,0
1788466331.83,158.37,-0.00,0.00,MANIPULATE,orienta,0,0
1788466331.93,158.47,0.00,0.00,MANIPULATE,orienta,0,0
1788466332.04,158.57,-0.00,0.00,MANIPULATE,orienta,0,0
1788466332.14,158.67,0.00,0.00,MANIPULATE,orienta,0,0
1788466332.24,158.77,-0.00,0.00,MANIPULATE,orienta,0,0
1788466332.34,158.87,-0.00,0.00,MANIPULATE,orienta,0,0
1788466332.44,158.97,0.00,0.00,MANIPULATE,orienta,0,0
1788466332.54,159.07,-0.00,0.00,MANIPULATE,orienta,0,0
1788466332.65,159.17,0.01,0.00,MANIPULATE,orienta,0,0
1788466332.74,159.27,0.00,0.00,MANIPULATE,orienta,0,0
1788466332.85,159.37,0.00,0.00,MANIPULATE,orienta,0,0
1788466332.95,159.47,-0.00,0.00,MANIPULATE,orienta,0,0
1788466333.05,159.57,0.00,0.00,MANIPULATE,orienta,0,0
1788466333.15,159.67,-0.00,0.00,MANIPULATE,orienta,0,0
1788466333.25,159.77,-0.00,0.00,MANIPULATE,orienta,0,0
1788466333.35,159.87,0.00,0.00,MANIPULATE,orienta,0,0
1788466333.45,159.97,0.01,0.00,MANIPULATE,orienta,0,0
1788466333.55,160.07,-0.00,0.00,MANIPULATE,orienta,0,0
1788466333.65,160.17,0.01,0.00,MANIPULATE,orienta,0,0
1788466333.75,160.27,0.01,0.00,MANIPULATE,orienta,0,0
1788466333.85,160.37,-0.00,0.00,MANIPULATE,orienta,0,0
1788466333.95,160.47,0.01,0.00,MANIPULATE,orienta,0,0
1788466334.05,160.57,0.01,0.00,MANIPULATE,orienta,0,0
1788466334.16,160.67,-0.00,0.00,MANIPULATE,orienta,0,0
1788466334.25,160.77,0.00,0.00,MANIPULATE,orienta,0,0
1788466334.36,160.87,-0.00,0.00,MANIPULATE,orienta,0,0
1788466334.45,160.97,0.01,0.00,MANIPULATE,orienta,0,0
1788466334.56,161.07,0.00,0.00,MANIPULATE,orienta,0,0
1788466334.66,161.17,-0.00,0.00,MANIPULATE,orienta,0,0
1788466334.76,161.27,-0.00,0.00,MANIPULATE,orienta,0,0
1788466334.86,161.37,0.00,0.00,MANIPULATE,orienta,0,0
1788466334.96,161.47,0.00,0.00,MANIPULATE,orienta,0,0
1788466335.06,161.57,0.00,0.00,MANIPULATE,orienta,0,0
1788466335.17,161.67,0.00,0.00,MANIPULATE,orienta,0,0
1788466335.27,161.77,0.01,0.00,MANIPULATE,orienta,0,0
1788466335.37,161.87,-0.00,0.00,MANIPULATE,orienta,0,0
1788466335.47,161.97,0.00,0.00,MANIPULATE,orienta,0,0
1788466335.57,162.07,0.01,0.00,MANIPULATE,orienta,0,0
1788466335.67,162.17,0.00,0.00,MANIPULATE,orienta,0,0
1788466335.77,162.27,-0.00,0.00,MANIPULATE,orienta,0,0
1788466335.87,162.37,0.01,0.00,MANIPULATE,orienta,0,0
1788466335.97,162.47,0.01,0.00,MANIPULATE,orienta,0,0
1788466336.08,162.57,0.00,0.00,MANIPULATE,aproxima_lateral,0,0
1788466336.17,162.67,0.00,0.00,MANIPULATE,aproxima_lateral,0,0
1788466336.28,162.77,0.00,0.00,MANIPULATE,aproxima_lateral,0,0
1788466336.38,162.87,0.00,0.00,MANIPULATE,aproxima_lateral,0,0
1788466336.48,162.97,-0.00,0.00,MANIPULATE,aproxima_lateral,0,0
1788466336.58,163.07,0.01,0.00,MANIPULATE,aproxima_lateral,0,0
1788466336.68,163.17,0.00,0.00,MANIPULATE,aproxima_lateral,0,0
1788466336.78,163.27,-0.00,0.00,MANIPULATE,aproxima_lateral,0,0
1788466336.88,163.38,0.01,0.00,MANIPULATE,aproxima_lateral,0,0
1788466336.98,163.47,0.01,0.00,MANIPULATE,aproxima_lateral,0,0
1788466337.09,163.57,0.00,0.00,MANIPULATE,aproxima_lateral,0,0
1788466337.19,163.67,-0.01,0.00,MANIPULATE,aproxima_lateral,0,0
1788466337.29,163.77,-0.00,0.01,MANIPULATE,aproxima_lateral,0,0
1788466337.39,163.88,-0.01,-0.00,MANIPULATE,aproxima_lateral,0,0
1788466337.49,163.97,-0.01,-0.00,MANIPULATE,aproxima_lateral,0,0
1788466337.59,164.07,-0.01,-0.00,MANIPULATE,aproxima_lateral,0,0
1788466337.70,164.18,-0.00,0.00,MANIPULATE,aproxima_lateral,0,0
1788466337.79,164.27,-0.00,0.01,MANIPULATE,aproxima_lateral,0,0
1788466337.90,164.37,-0.00,0.01,MANIPULATE,aproxima_lateral,0,0
1788466338.00,164.47,-0.00,0.02,MANIPULATE,aproxima_lateral,0,0
1788466338.10,164.57,-0.00,0.03,MANIPULATE,aproxima_lateral,0,0
1788466338.20,164.67,-0.00,0.04,MANIPULATE,aproxima_lateral,0,0
1788466338.30,164.77,-0.00,0.05,MANIPULATE,aproxima_lateral,0,0
1788466338.40,164.87,0.01,0.04,MANIPULATE,atravessa,0,0
1788466338.50,164.97,-0.00,0.04,MANIPULATE,atravessa,0,0
1788466338.60,165.07,0.00,0.04,MANIPULATE,atravessa,0,0
1788466338.70,165.17,-0.00,0.03,MANIPULATE,atravessa,0,0
1788466338.80,165.27,-0.00,0.03,MANIPULATE,atravessa,0,0
1788466338.90,165.37,-0.00,0.03,MANIPULATE,atravessa,0,0
1788466339.00,165.47,-0.00,0.03,MANIPULATE,atravessa,0,0
1788466339.11,165.57,-0.00,0.03,MANIPULATE,atravessa,0,0
1788466339.21,165.67,-0.00,0.04,MANIPULATE,atravessa,0,0
1788466339.31,165.77,-0.00,0.04,MANIPULATE,atravessa,0,0
1788466339.41,165.87,-0.00,0.05,MANIPULATE,atravessa,0,0
1788466339.52,165.97,-0.00,0.05,MANIPULATE,atravessa,0,0
1788466339.62,166.07,-0.00,0.06,MANIPULATE,atravessa,0,0
1788466339.72,166.17,-0.00,0.07,MANIPULATE,atravessa,0,0
1788466339.82,166.27,-0.00,0.08,MANIPULATE,atravessa,0,0
1788466339.92,166.37,-0.00,0.09,MANIPULATE,atravessa,0,0
1788466340.02,166.47,-0.00,0.10,MANIPULATE,atravessa,0,0
1788466340.12,166.57,-0.00,0.11,MANIPULATE,atravessa,0,0
1788466340.22,166.67,-0.00,0.12,MANIPULATE,atravessa,0,0
1788466340.32,166.77,-0.00,0.13,MANIPULATE,atravessa,0,0
1788466340.42,166.87,-0.00,0.15,MANIPULATE,atravessa,0,0
1788466340.53,166.97,0.00,0.15,MANIPULATE,atravessa,0,0
1788466340.63,167.07,0.00,-0.01,MANIPULATE,atravessa,0,0
1788466340.73,167.18,0.00,-0.00,MANIPULATE,atravessa,0,0
1788466340.83,167.27,-0.00,-0.00,MANIPULATE,atravessa,0,0
1788466340.93,167.37,-0.00,-0.00,MANIPULATE,atravessa,0,0
1788466341.04,167.47,0.00,-0.00,MANIPULATE,atravessa,0,0
1788466341.14,167.57,-0.00,-0.00,MANIPULATE,atravessa,0,0
1788466341.24,167.67,0.00,-0.00,MANIPULATE,atravessa,0,0
1788466341.34,167.77,-0.00,-0.00,MANIPULATE,atravessa,0,0
1788466341.44,167.87,0.00,-0.00,MANIPULATE,atravessa,0,0
1788466341.54,167.97,0.00,-0.00,MANIPULATE,atravessa,0,0
1788466341.64,168.07,-0.00,-0.00,MANIPULATE,atravessa,0,0
1788466341.74,168.17,0.01,-0.00,MANIPULATE,atravessa,0,0
1788466341.84,168.27,-0.00,-0.00,MANIPULATE,atravessa,0,0
1788466341.94,168.37,0.01,-0.00,MANIPULATE,captura,0,0
1788466342.04,168.47,0.00,-0.00,MANIPULATE,captura,0,0
1788466342.14,168.57,0.01,-0.00,MANIPULATE,captura,0,0
1788466342.24,168.67,0.01,-0.00,MANIPULATE,captura,0,0
1788466342.34,168.77,0.00,-0.00,MANIPULATE,captura,0,0
1788466342.44,168.87,0.01,-0.00,MANIPULATE,destrava,0,0
1788466342.54,168.97,-0.00,-0.00,MANIPULATE,destrava,0,0
1788466342.64,169.07,0.00,-0.00,MANIPULATE,destrava,0,0
1788466342.75,169.18,0.27,0.00,MANIPULATE,destrava,2,2
1788466342.84,169.27,0.31,0.00,MANIPULATE,destrava,3,3
1788466342.94,169.37,0.67,-0.00,MANIPULATE,destrava,1,1
1788466343.04,169.47,1.18,-0.00,MANIPULATE,destrava,2,2
1788466343.15,169.57,1.77,-0.00,MANIPULATE,destrava,2,2
1788466343.25,169.67,2.37,0.00,MANIPULATE,destrava,2,2
1788466343.35,169.77,2.95,-0.00,MANIPULATE,destrava,2,2
1788466343.45,169.87,3.49,-0.00,MANIPULATE,destrava,2,2
1788466343.55,169.97,4.00,-0.00,MANIPULATE,destrava,2,2
1788466343.65,170.07,4.46,-0.00,MANIPULATE,destrava,2,2
1788466343.75,170.17,4.87,0.00,MANIPULATE,destrava,2,2
1788466343.85,170.27,5.25,0.00,MANIPULATE,destrava,2,2
1788466343.95,170.37,5.56,0.00,MANIPULATE,destrava,2,2
1788466344.05,170.47,5.86,-0.00,MANIPULATE,destrava,2,2
1788466344.15,170.57,6.12,-0.00,MANIPULATE,destrava,3,3
1788466344.25,170.67,6.35,-0.00,MANIPULATE,destrava,1,1
1788466344.35,170.77,6.53,0.00,MANIPULATE,destrava,2,2
1788466344.45,170.87,5.97,-0.00,MANIPULATE,destrava,3,3
1788466344.55,170.97,5.16,-0.01,MANIPULATE,destrava,1,1
1788466344.65,171.07,4.46,-0.00,MANIPULATE,destrava,2,2
1788466344.75,171.17,4.41,-0.00,MANIPULATE,destrava,2,2
1788466344.85,171.27,4.36,-0.00,MANIPULATE,destrava,2,2
1788466344.95,171.37,4.52,-0.00,MANIPULATE,destrava,2,2
1788466345.06,171.47,4.32,-0.01,MANIPULATE,destrava,2,2
1788466345.16,171.57,4.14,-0.00,MANIPULATE,destrava,2,2
1788466345.26,171.67,4.05,-0.01,MANIPULATE,destrava,2,2
1788466345.36,171.77,4.26,0.00,MANIPULATE,destrava,2,2
1788466345.46,171.87,4.14,-0.01,MANIPULATE,destrava,2,2
1788466345.56,171.97,4.07,-0.00,MANIPULATE,destrava,3,3
1788466345.66,172.07,3.92,-0.01,MANIPULATE,destrava,1,1
1788466345.76,172.17,4.00,-0.00,MANIPULATE,destrava,2,2
1788466345.86,172.27,3.87,-0.01,MANIPULATE,destrava,2,2
1788466345.96,172.37,3.97,-0.00,MANIPULATE,destrava,2,2
1788466346.06,172.47,3.88,-0.01,MANIPULATE,destrava,3,3
1788466346.17,172.57,4.01,0.00,MANIPULATE,destrava,1,1
1788466346.26,172.67,4.01,-0.01,MANIPULATE,destrava,2,2
1788466346.37,172.77,3.92,-0.01,MANIPULATE,destrava,2,2
1788466346.47,172.87,3.79,-0.01,MANIPULATE,destrava,3,3
1788466346.57,172.97,3.64,-0.00,MANIPULATE,destrava,1,1
1788466346.67,173.07,3.60,-0.01,MANIPULATE,destrava,2,2
1788466346.77,173.17,3.57,-0.00,MANIPULATE,destrava,2,2
1788466346.87,173.27,3.57,-0.01,MANIPULATE,destrava,2,2
1788466346.97,173.37,3.61,0.00,MANIPULATE,destrava,2,2
1788466347.07,173.47,3.74,-0.01,MANIPULATE,destrava,3,3
1788466347.17,173.57,3.75,-0.00,MANIPULATE,destrava,2,2
1788466347.27,173.67,3.79,-0.01,MANIPULATE,destrava,2,2
1788466347.37,173.77,3.78,-0.01,MANIPULATE,destrava,2,2
1788466347.47,173.87,3.70,-0.01,MANIPULATE,destrava,1,1
1788466347.57,173.97,3.72,-0.01,MANIPULATE,destrava,3,3
1788466347.67,174.07,3.70,-0.01,MANIPULATE,destrava,1,1
1788466347.77,174.17,3.53,-0.01,MANIPULATE,destrava,3,3
1788466347.87,174.27,3.29,-0.01,MANIPULATE,destrava,1,1
1788466347.97,174.37,3.05,-0.01,MANIPULATE,destrava,2,2
1788466348.07,174.47,2.85,-0.01,MANIPULATE,destrava,3,3
1788466348.18,174.57,2.84,-0.01,MANIPULATE,destrava,1,1
1788466348.28,174.67,2.78,-0.00,MANIPULATE,destrava,2,2
1788466348.38,174.77,2.73,-0.00,MANIPULATE,destrava,2,2
1788466348.48,174.87,2.84,-0.00,MANIPULATE,destrava,2,2
1788466348.58,174.97,2.92,-0.00,MANIPULATE,destrava,2,2
1788466348.68,175.07,2.99,-0.00,MANIPULATE,destrava,3,3
1788466348.78,175.17,3.11,-0.01,MANIPULATE,destrava,2,2
1788466348.88,175.27,3.23,-0.00,MANIPULATE,destrava,2,2
1788466348.98,175.37,3.38,-0.00,MANIPULATE,destrava,2,2
1788466349.08,175.47,3.45,-0.01,MANIPULATE,destrava,2,2
1788466349.18,175.57,3.46,-0.01,MANIPULATE,destrava,1,1
1788466349.28,175.67,3.48,-0.01,MANIPULATE,destrava,3,3
1788466349.38,175.77,3.44,-0.02,MANIPULATE,destrava,2,2
1788466349.48,175.87,3.35,-0.02,MANIPULATE,destrava,1,1
1788466349.58,175.97,3.25,-0.02,MANIPULATE,destrava,2,2
1788466349.68,176.07,3.16,-0.02,MANIPULATE,destrava,3,3
1788466349.78,176.17,3.06,-0.01,MANIPULATE,destrava,1,1
1788466349.88,176.27,2.91,-0.02,MANIPULATE,destrava,3,3
1788466349.98,176.37,2.87,-0.01,MANIPULATE,destrava,1,1
1788466350.08,176.47,2.86,-0.02,MANIPULATE,destrava,3,3
1788466350.19,176.57,2.69,-0.02,MANIPULATE,destrava,1,1
1788466350.29,176.67,2.53,-0.02,MANIPULATE,destrava,2,2
1788466350.39,176.77,2.50,-0.02,MANIPULATE,destrava,2,2
1788466350.49,176.87,2.36,-0.02,MANIPULATE,destrava,2,2
1788466350.60,176.97,2.19,-0.02,MANIPULATE,destrava,2,2
1788466350.69,177.07,2.05,-0.02,MANIPULATE,destrava,2,2
1788466350.80,177.17,1.91,-0.02,MANIPULATE,destrava,2,2
1788466350.89,177.27,1.78,-0.02,MANIPULATE,destrava,2,2
1788466350.99,177.37,1.85,-0.04,MANIPULATE,destrava,2,2
1788466351.10,177.47,1.76,-0.02,MANIPULATE,destrava,3,3
1788466351.20,177.57,1.75,-0.01,MANIPULATE,destrava,1,1
1788466351.30,177.67,1.76,-0.01,MANIPULATE,destrava,2,2
1788466351.40,177.77,1.84,-0.00,MANIPULATE,destrava,2,2
1788466351.50,177.87,1.92,-0.02,MANIPULATE,destrava,2,2
1788466351.60,177.97,1.98,-0.02,MANIPULATE,destrava,2,2
1788466351.70,178.07,2.19,-0.01,MANIPULATE,destrava,3,3
1788466351.80,178.17,2.25,-0.01,MANIPULATE,destrava,1,1
1788466351.90,178.27,2.29,-0.02,MANIPULATE,destrava,3,3
1788466352.01,178.37,2.37,-0.02,MANIPULATE,destrava,1,1
1788466352.10,178.47,2.43,-0.02,MANIPULATE,destrava,3,3
1788466352.20,178.57,2.59,-0.02,MANIPULATE,destrava,2,2
1788466352.31,178.67,2.83,-0.02,MANIPULATE,destrava,1,1
1788466352.41,178.77,3.08,-0.02,MANIPULATE,destrava,2,2
1788466352.51,178.87,3.40,-0.02,MANIPULATE,destrava,2,2
1788466352.61,178.97,3.72,-0.02,MANIPULATE,destrava,2,2
1788466352.71,179.07,4.11,-0.02,MANIPULATE,destrava,3,3
1788466352.81,179.17,4.48,-0.02,MANIPULATE,destrava,1,1
1788466352.91,179.27,4.88,-0.02,MANIPULATE,destrava,3,3
1788466353.01,179.37,5.34,-0.02,MANIPULATE,destrava,1,1
1788466353.11,179.47,5.82,-0.02,MANIPULATE,destrava,2,2
1788466353.21,179.57,6.34,-0.02,MANIPULATE,destrava,2,2
1788466353.31,179.67,7.05,-0.04,MANIPULATE,destrava,2,2
1788466353.41,179.77,7.47,-0.02,MANIPULATE,destrava,3,3
1788466353.51,179.87,8.20,-0.04,MANIPULATE,destrava,2,2
1788466353.61,179.97,8.66,-0.02,MANIPULATE,destrava,1,1
1788466353.71,180.07,9.20,-0.02,MANIPULATE,destrava,3,3
1788466353.82,180.17,9.90,-0.03,MANIPULATE,destrava,1,1
1788466353.92,180.27,10.43,-0.02,MANIPULATE,destrava,3,3
1788466354.02,180.37,11.06,-0.04,MANIPULATE,destrava,2,2
1788466354.12,180.47,11.74,-0.03,MANIPULATE,destrava,1,1
1788466354.22,180.57,12.36,-0.03,MANIPULATE,destrava,2,2
1788466354.32,180.67,12.92,-0.03,MANIPULATE,destrava,2,2
1788466354.42,180.77,13.58,-0.02,MANIPULATE,destrava,2,2
1788466354.52,180.87,14.23,-0.02,MANIPULATE,destrava,2,2
1788466354.62,180.97,14.85,-0.02,MANIPULATE,destrava,2,2
1788466354.73,181.07,15.49,-0.05,MANIPULATE,destrava,2,2
1788466354.83,181.17,16.18,-0.03,MANIPULATE,destrava,2,2
1788466354.92,181.27,16.88,-0.03,MANIPULATE,destrava,3,3
1788466355.03,181.37,17.60,-0.03,MANIPULATE,destrava,1,1
1788466355.13,181.47,18.30,-0.03,MANIPULATE,destrava,2,2
1788466355.23,181.57,19.12,-0.04,MANIPULATE,destrava,2,2
1788466355.33,181.67,19.83,-0.03,MANIPULATE,destrava,2,2
1788466355.43,181.77,20.05,-0.03,MANIPULATE,destrava,2,2
1788466355.53,181.87,20.09,-0.06,MANIPULATE,destrava,2,2
1788466355.64,181.97,20.09,-0.02,MANIPULATE,destrava,2,2
1788466355.73,182.07,20.03,-0.01,MANIPULATE,destrava,3,3
1788466355.84,182.17,20.10,-0.02,MANIPULATE,destrava,1,1
1788466355.93,182.27,20.06,-0.02,MANIPULATE,destrava,2,2
1788466356.03,182.37,20.03,0.01,MANIPULATE,destrava,2,2
1788466356.13,182.47,20.04,0.02,MANIPULATE,destrava,3,3
1788466356.23,182.57,20.05,-0.06,MANIPULATE,destrava,1,1
1788466356.33,182.67,20.04,-0.01,MANIPULATE,destrava,2,2
1788466356.43,182.77,20.03,-0.02,MANIPULATE,destrava,2,2
1788466356.53,182.87,20.04,-0.01,MANIPULATE,destrava,3,3
1788466356.63,182.97,20.03,-0.04,MANIPULATE,destrava,1,1
1788466356.74,183.07,20.10,-0.09,MANIPULATE,destrava,2,2
1788466356.84,183.17,20.06,0.02,MANIPULATE,destrava,2,2
1788466356.94,183.27,20.07,-0.02,MANIPULATE,destrava,2,2
1788466357.04,183.37,20.04,-0.03,MANIPULATE,destrava,2,2
1788466357.14,183.47,20.07,-0.04,MANIPULATE,destrava,2,2
1788466357.24,183.57,20.10,-0.07,MANIPULATE,destrava,2,2
1788466357.34,183.67,20.08,-0.05,MANIPULATE,destrava,2,2
1788466357.44,183.77,20.08,-0.04,MANIPULATE,destrava,2,2
1788466357.54,183.87,20.06,-0.01,MANIPULATE,destrava,2,2
1788466357.64,183.97,20.12,-0.05,MANIPULATE,destrava,2,2
1788466357.74,184.07,20.07,-0.05,MANIPULATE,destrava,2,2
1788466357.84,184.17,20.08,-0.02,MANIPULATE,destrava,2,2
1788466357.95,184.27,20.07,-0.05,MANIPULATE,destrava,3,3
1788466358.05,184.37,20.08,-0.01,MANIPULATE,destrava,1,1
1788466358.15,184.47,20.09,-0.05,MANIPULATE,destrava,2,2
1788466358.25,184.57,20.06,-0.06,MANIPULATE,destrava,2,2
1788466358.35,184.67,20.12,-0.07,MANIPULATE,destrava,3,3
1788466358.45,184.77,20.11,-0.04,MANIPULATE,destrava,1,1
1788466358.55,184.87,20.06,0.01,MANIPULATE,destrava,2,2
1788466358.65,184.97,20.04,-0.06,MANIPULATE,destrava,3,3
1788466358.75,185.07,20.07,-0.02,MANIPULATE,destrava,2,2
1788466358.85,185.17,20.05,-0.04,MANIPULATE,destrava,1,1
1788466358.95,185.27,20.04,-0.01,MANIPULATE,destrava,3,3
1788466359.05,185.37,20.11,-0.04,MANIPULATE,destrava,2,2
1788466359.15,185.47,20.02,-0.06,MANIPULATE,destrava,2,2
1788466359.25,185.57,20.05,-0.01,MANIPULATE,destrava,2,2
1788466359.35,185.67,20.04,-0.01,MANIPULATE,destrava,2,2
1788466359.45,185.77,20.14,-0.04,MANIPULATE,destrava,1,1
1788466359.56,185.87,20.04,-0.08,MANIPULATE,destrava,2,2
1788466359.66,185.97,20.04,-0.05,MANIPULATE,destrava,2,2
1788466359.76,186.07,20.05,-0.01,MANIPULATE,destrava,2,2
1788466359.86,186.17,20.03,-0.03,MANIPULATE,destrava,2,2
1788466359.96,186.27,20.04,0.02,MANIPULATE,destrava,3,3
1788466360.06,186.37,20.08,-0.02,MANIPULATE,destrava,1,1
1788466360.16,186.47,20.04,0.02,MANIPULATE,destrava,3,3
1788466360.26,186.57,20.07,-0.01,MANIPULATE,destrava,1,1
1788466360.37,186.67,20.04,-0.08,MANIPULATE,destrava,2,2
1788466360.47,186.77,20.03,0.02,MANIPULATE,destrava,2,2
1788466360.57,186.87,20.05,-0.01,MANIPULATE,destrava,2,2
1788466360.67,186.97,20.05,-0.01,MANIPULATE,destrava,3,3
1788466360.77,187.07,20.02,-0.01,MANIPULATE,destrava,1,1
1788466360.88,187.17,20.04,-0.03,MANIPULATE,destrava,2,2
1788466360.97,187.27,20.04,-0.04,MANIPULATE,destrava,2,2
1788466361.07,187.37,20.04,0.03,MANIPULATE,destrava,2,2
1788466361.17,187.47,20.05,0.01,MANIPULATE,destrava,3,3
1788466361.27,187.57,20.05,-0.01,MANIPULATE,destrava,1,1
1788466361.37,187.67,20.08,0.02,MANIPULATE,destrava,2,2
1788466361.47,187.77,20.05,0.01,MANIPULATE,destrava,2,2
1788466361.58,187.87,20.05,-0.08,MANIPULATE,destrava,1,1
1788466361.68,187.97,20.03,-0.01,MANIPULATE,destrava,2,2
1788466361.77,188.07,20.06,-0.02,MANIPULATE,destrava,3,3
1788466361.88,188.17,20.05,-0.02,MANIPULATE,destrava,1,1
1788466361.98,188.27,20.03,-0.01,MANIPULATE,destrava,3,3
1788466362.08,188.37,20.03,0.01,MANIPULATE,destrava,1,1
1788466362.18,188.47,20.03,0.01,MANIPULATE,destrava,3,3
1788466362.28,188.57,20.04,-0.01,MANIPULATE,destrava,1,1
1788466362.38,188.67,20.03,-0.01,MANIPULATE,destrava,2,2
1788466362.48,188.77,20.04,-0.01,MANIPULATE,destrava,3,3
1788466362.58,188.87,20.05,-0.01,MANIPULATE,destrava,1,1
1788466362.68,188.97,20.04,-0.01,MANIPULATE,destrava,3,3
1788466362.78,189.07,20.03,0.01,MANIPULATE,destrava,2,2
1788466362.88,189.17,20.04,-0.01,MANIPULATE,destrava,1,1
1788466362.98,189.27,20.05,-0.02,MANIPULATE,destrava,2,2
1788466363.08,189.37,20.05,-0.02,MANIPULATE,destrava,2,2
1788466363.18,189.47,20.03,-0.01,MANIPULATE,destrava,3,3
1788466363.28,189.57,20.04,0.01,MANIPULATE,destrava,1,1
1788466363.38,189.67,20.03,-0.01,MANIPULATE,destrava,2,2
1788466363.48,189.77,20.05,-0.01,MANIPULATE,destrava,3,3
1788466363.58,189.87,20.03,-0.01,MANIPULATE,destrava,1,1
1788466363.69,189.97,20.04,0.01,MANIPULATE,destrava,2,2
1788466363.79,190.07,20.03,-0.01,MANIPULATE,destrava,2,2
1788466363.89,190.17,20.04,-0.01,MANIPULATE,destrava,2,2
1788466363.99,190.27,20.04,-0.01,MANIPULATE,destrava,2,2
1788466364.10,190.38,20.04,-0.01,MANIPULATE,destrava,2,2
1788466364.19,190.47,20.04,0.01,MANIPULATE,destrava,2,2
1788466364.30,190.57,20.03,0.01,MANIPULATE,destrava,2,2
1788466364.40,190.67,20.04,-0.01,MANIPULATE,destrava,2,2
1788466364.50,190.77,20.04,-0.01,MANIPULATE,destrava,2,2
1788466364.60,190.87,20.03,-0.02,MANIPULATE,destrava,3,3
1788466364.70,190.97,20.02,-0.03,MANIPULATE,destrava,1,1
1788466364.80,191.07,20.03,-0.03,MANIPULATE,destrava,2,2
1788466364.90,191.17,20.01,-0.02,MANIPULATE,destrava,3,3
1788466365.00,191.27,20.01,-0.04,MANIPULATE,destrava,1,1
1788466365.11,191.37,20.02,-0.03,MANIPULATE,destrava,2,2
1788466365.21,191.47,20.03,-0.04,MANIPULATE,destrava,2,2
1788466365.31,191.57,20.02,-0.04,MANIPULATE,destrava,2,2
1788466365.41,191.67,20.01,-0.04,MANIPULATE,destrava,3,3
1788466365.51,191.77,20.01,-0.04,MANIPULATE,destrava,1,1
1788466365.61,191.87,20.02,-0.03,MANIPULATE,destrava,2,2
1788466365.71,191.97,20.02,-0.03,MANIPULATE,destrava,2,2
1788466365.81,192.07,20.03,-0.04,MANIPULATE,destrava,3,3
1788466365.91,192.17,20.02,-0.03,MANIPULATE,destrava,1,1
1788466366.01,192.27,20.01,-0.03,MANIPULATE,destrava,2,2
1788466366.11,192.37,20.02,-0.04,MANIPULATE,destrava,3,3
1788466366.21,192.47,20.02,-0.03,MANIPULATE,destrava,2,2
1788466366.31,192.57,20.02,-0.03,MANIPULATE,destrava,2,2
1788466366.41,192.67,20.02,-0.04,MANIPULATE,destrava,1,1
1788466366.51,192.77,20.02,-0.04,MANIPULATE,destrava,2,2
1788466366.61,192.87,20.02,-0.04,MANIPULATE,destrava,3,3
1788466366.71,192.97,20.01,-0.03,MANIPULATE,destrava,1,1
1788466366.81,193.07,20.01,-0.05,MANIPULATE,destrava,2,2
1788466366.91,193.17,20.02,-0.05,MANIPULATE,destrava,2,2
1788466367.02,193.27,20.01,-0.05,MANIPULATE,destrava,3,3
1788466367.12,193.37,20.02,-0.03,MANIPULATE,destrava,1,1
1788466367.22,193.47,20.02,-0.04,MANIPULATE,destrava,3,3
1788466367.32,193.57,20.01,-0.05,MANIPULATE,destrava,1,1
1788466367.42,193.67,20.02,-0.05,MANIPULATE,destrava,3,3
1788466367.53,193.77,20.02,-0.04,MANIPULATE,destrava,1,1
1788466367.63,193.87,20.02,-0.03,MANIPULATE,destrava,2,2
1788466367.73,193.97,20.02,-0.03,MANIPULATE,destrava,2,2
1788466367.83,194.07,20.02,-0.04,MANIPULATE,destrava,2,2
1788466367.93,194.17,20.02,-0.04,MANIPULATE,destrava,3,3
1788466368.04,194.27,20.01,-0.03,MANIPULATE,destrava,1,1
1788466368.13,194.37,20.02,-0.04,MANIPULATE,destrava,3,3
1788466368.23,194.47,20.02,-0.03,MANIPULATE,destrava,1,1
1788466368.33,194.57,20.01,-0.04,MANIPULATE,destrava,2,2
1788466368.44,194.67,20.02,-0.04,MANIPULATE,destrava,2,2
1788466368.54,194.77,20.01,-0.04,MANIPULATE,destrava,2,2
1788466368.64,194.87,20.02,-0.04,MANIPULATE,destrava,2,2
1788466368.74,194.97,20.02,-0.03,MANIPULATE,destrava,2,2
1788466368.84,195.07,20.02,-0.04,MANIPULATE,destrava,2,2
1788466368.95,195.17,20.02,-0.04,MANIPULATE,destrava,2,2
1788466369.05,195.27,20.02,-0.04,MANIPULATE,destrava,3,3
1788466369.15,195.37,20.02,-0.04,MANIPULATE,destrava,1,1
1788466369.25,195.47,20.02,-0.04,MANIPULATE,destrava,2,2
1788466369.35,195.57,20.02,-0.03,MANIPULATE,destrava,2,2
1788466369.45,195.67,20.02,-0.03,MANIPULATE,destrava,2,2
1788466369.55,195.77,20.02,-0.04,MANIPULATE,destrava,2,2
1788466369.65,195.87,20.02,-0.04,MANIPULATE,destrava,2,2
1788466369.76,195.97,20.02,-0.02,MANIPULATE,destrava,2,2
1788466369.86,196.07,20.02,-0.03,MANIPULATE,destrava,2,2
1788466369.96,196.17,18.42,-0.06,MANIPULATE,destrava,2,2
1788466370.06,196.27,15.93,-0.06,MANIPULATE,destrava,2,2
1788466370.16,196.37,13.67,-0.08,MANIPULATE,destrava,2,2
1788466370.26,196.47,11.62,-0.06,MANIPULATE,destrava,3,3
1788466370.36,196.57,9.69,-0.08,MANIPULATE,destrava,1,1
1788466370.46,196.67,7.92,-0.07,MANIPULATE,destrava,2,2
1788466370.56,196.77,7.21,-0.05,MANIPULATE,destrava,3,3
1788466370.66,196.87,7.12,-0.06,MANIPULATE,destrava,2,2
1788466370.76,196.97,7.05,-0.06,MANIPULATE,destrava,2,2
1788466370.86,197.07,6.99,-0.06,MANIPULATE,destrava,2,2
1788466370.96,197.17,6.94,-0.06,MANIPULATE,destrava,2,2
1788466371.07,197.27,6.92,-0.05,MANIPULATE,destrava,1,1
1788466371.17,197.37,6.91,-0.06,MANIPULATE,destrava,2,2
1788466371.27,197.47,6.94,-0.06,MANIPULATE,destrava,3,3
1788466371.37,197.57,6.96,-0.05,MANIPULATE,destrava,2,2
1788466371.47,197.67,7.01,-0.05,MANIPULATE,destrava,1,1
1788466371.57,197.77,7.10,-0.06,MANIPULATE,destrava,2,2
1788466371.67,197.87,7.17,-0.06,MANIPULATE,destrava,2,2
1788466371.77,197.97,7.25,-0.06,MANIPULATE,destrava,3,3
1788466371.88,198.07,7.34,-0.07,MANIPULATE,destrava,1,1
1788466371.98,198.17,7.40,-0.07,MANIPULATE,destrava,2,2
1788466372.08,198.27,7.53,-0.07,MANIPULATE,destrava,2,2
1788466372.18,198.37,7.64,-0.07,MANIPULATE,destrava,2,2
1788466372.28,198.47,7.80,-0.07,MANIPULATE,destrava,2,2
1788466372.39,198.57,7.84,-0.07,MANIPULATE,destrava,2,2
1788466372.49,198.67,8.01,-0.05,MANIPULATE,destrava,2,2
1788466372.59,198.77,8.14,-0.07,MANIPULATE,destrava,2,2
1788466372.69,198.87,8.29,-0.07,MANIPULATE,destrava,3,3
1788466372.79,198.97,8.43,-0.06,MANIPULATE,destrava,2,2
1788466372.89,199.07,8.57,-0.06,MANIPULATE,destrava,2,2
1788466373.00,199.17,8.70,-0.07,MANIPULATE,destrava,1,1
1788466373.10,199.27,8.83,-0.05,MANIPULATE,destrava,2,2
1788466373.20,199.37,8.91,-0.05,MANIPULATE,destrava,2,2
1788466373.30,199.47,9.04,-0.05,MANIPULATE,destrava,3,3
1788466373.41,199.57,9.17,-0.05,MANIPULATE,destrava,1,1
1788466373.51,199.67,9.30,-0.05,MANIPULATE,destrava,2,2
1788466373.61,199.77,9.41,-0.06,MANIPULATE,destrava,2,2
1788466373.71,199.87,9.53,-0.05,MANIPULATE,destrava,2,2
1788466373.81,199.97,9.68,-0.05,MANIPULATE,destrava,2,2
1788466373.91,200.07,9.92,-0.05,MANIPULATE,destrava,2,2
1788466374.01,200.17,9.96,-0.04,MANIPULATE,destrava,2,2
1788466374.11,200.27,10.10,-0.05,MANIPULATE,destrava,2,2
1788466374.21,200.37,10.14,-0.06,MANIPULATE,destrava,2,2
1788466374.31,200.47,10.24,-0.06,MANIPULATE,destrava,2,2
1788466374.41,200.57,10.33,-0.05,MANIPULATE,destrava,2,2
1788466374.51,200.67,10.42,-0.05,MANIPULATE,destrava,3,3
1788466374.62,200.77,10.51,-0.05,MANIPULATE,destrava,1,1
1788466374.72,200.87,10.60,-0.05,MANIPULATE,destrava,2,2
1788466374.82,200.97,10.66,-0.04,MANIPULATE,destrava,2,2
1788466374.92,201.07,10.74,-0.06,MANIPULATE,destrava,2,2
1788466375.03,201.17,10.82,-0.05,MANIPULATE,destrava,2,2
1788466375.13,201.27,10.87,-0.04,MANIPULATE,destrava,2,2
1788466375.23,201.37,10.93,-0.04,MANIPULATE,destrava,2,2
1788466375.33,201.47,11.00,-0.06,MANIPULATE,destrava,2,2
1788466375.44,201.57,11.06,-0.04,MANIPULATE,destrava,2,2
1788466375.54,201.67,11.11,-0.04,MANIPULATE,destrava,2,2
1788466375.64,201.77,11.16,-0.05,MANIPULATE,destrava,2,2
1788466375.75,201.87,11.22,-0.04,MANIPULATE,destrava,3,3
1788466375.85,201.97,11.26,-0.05,MANIPULATE,destrava,1,1
1788466375.95,202.07,11.30,-0.05,MANIPULATE,destrava,2,2
1788466376.05,202.17,11.34,-0.04,MANIPULATE,destrava,2,2
1788466376.15,202.27,11.38,-0.04,MANIPULATE,destrava,3,3
1788466376.25,202.37,11.40,-0.06,MANIPULATE,destrava,1,1
1788466376.35,202.47,11.43,-0.04,MANIPULATE,destrava,3,3
1788466376.45,202.57,11.46,-0.04,MANIPULATE,destrava,1,1
1788466376.55,202.67,11.49,-0.06,MANIPULATE,destrava,2,2
1788466376.66,202.77,11.51,-0.05,MANIPULATE,destrava,2,2
1788466376.76,202.87,11.54,-0.05,MANIPULATE,destrava,2,2
1788466376.86,202.97,11.55,-0.05,MANIPULATE,destrava,2,2
1788466376.96,203.07,11.56,-0.04,MANIPULATE,destrava,3,3
1788466377.06,203.17,11.58,-0.04,MANIPULATE,destrava,1,1
1788466377.16,203.27,11.60,-0.04,MANIPULATE,destrava,2,2
1788466377.26,203.37,11.63,-0.05,MANIPULATE,destrava,2,2
1788466377.37,203.47,11.63,-0.04,MANIPULATE,destrava,2,2
1788466377.47,203.57,11.64,-0.04,MANIPULATE,destrava,3,3
1788466377.57,203.67,11.64,-0.04,MANIPULATE,destrava,1,1
1788466377.67,203.77,11.65,-0.04,MANIPULATE,destrava,2,2
1788466377.77,203.87,11.66,-0.04,MANIPULATE,destrava,2,2
1788466377.87,203.97,11.65,-0.04,MANIPULATE,destrava,2,2
1788466377.97,204.07,11.66,-0.04,MANIPULATE,destrava,3,3
1788466378.08,204.17,11.67,-0.05,MANIPULATE,destrava,1,1
1788466378.18,204.27,11.66,-0.04,MANIPULATE,destrava,2,2
1788466378.28,204.37,11.65,-0.05,MANIPULATE,destrava,2,2
1788466378.38,204.47,11.64,-0.04,MANIPULATE,destrava,2,2
1788466378.48,204.57,11.62,-0.03,MANIPULATE,destrava,2,2
1788466378.59,204.67,11.60,-0.03,MANIPULATE,destrava,2,2
1788466378.69,204.77,11.58,-0.03,MANIPULATE,destrava,2,2
1788466378.79,204.87,11.57,-0.03,MANIPULATE,destrava,2,2
1788466378.89,204.97,11.63,-0.03,MANIPULATE,destrava,2,2
1788466378.99,205.07,11.64,-0.03,MANIPULATE,destrava,3,3
1788466379.09,205.17,11.45,-0.03,MANIPULATE,destrava,1,1
1788466379.20,205.27,11.35,-0.04,MANIPULATE,destrava,2,2
1788466379.29,205.37,11.22,-0.03,MANIPULATE,destrava,3,3
1788466379.40,205.47,10.91,-0.03,MANIPULATE,destrava,2,2
1788466379.50,205.57,10.58,-0.04,MANIPULATE,destrava,1,1
1788466379.60,205.67,10.42,-0.03,MANIPULATE,destrava,2,2
1788466379.70,205.77,10.15,-0.04,MANIPULATE,destrava,2,2
1788466379.80,205.87,9.85,-0.04,MANIPULATE,destrava,2,2
1788466379.91,205.97,9.54,-0.04,MANIPULATE,destrava,2,2
1788466380.01,206.07,9.30,-0.03,MANIPULATE,destrava,2,2
1788466380.11,206.17,9.00,-0.04,MANIPULATE,destrava,3,3
1788466380.21,206.27,8.52,-0.05,MANIPULATE,destrava,1,1
1788466380.32,206.37,7.95,-0.04,MANIPULATE,destrava,2,2
1788466380.42,206.47,7.42,-0.04,MANIPULATE,destrava,3,3
1788466380.52,206.57,6.64,-0.05,MANIPULATE,destrava,2,2
1788466380.62,206.67,5.70,-0.04,MANIPULATE,destrava,1,1
1788466380.72,206.77,5.25,-0.03,MANIPULATE,destrava,3,3
1788466380.82,206.87,5.18,-0.04,MANIPULATE,destrava,2,2
1788466380.92,206.97,13.68,-0.01,MANIPULATE,destrava,2,2
1788466381.02,207.07,20.02,-0.02,MANIPULATE,destrava,2,2
1788466381.12,207.17,20.01,-0.01,MANIPULATE,destrava,1,1
1788466381.22,207.27,20.00,-0.02,MANIPULATE,destrava,2,2
1788466381.33,207.37,19.96,-0.02,MANIPULATE,destrava,2,2
1788466381.43,207.47,20.02,-0.02,MANIPULATE,destrava,2,2
1788466381.53,207.57,20.01,-0.04,MANIPULATE,destrava,2,3
1788466381.64,207.67,19.62,-0.01,MANIPULATE,destrava,0,0
1788466381.74,207.77,20.02,-0.02,MANIPULATE,destrava,0,0
1788466381.85,207.87,20.01,-0.02,MANIPULATE,destrava,0,0
1788466381.95,207.97,20.01,-0.02,MANIPULATE,destrava,0,0
1788466382.06,208.07,20.01,-0.02,MANIPULATE,destrava,0,0
1788466382.16,208.17,20.00,-0.04,MANIPULATE,destrava,0,0
1788466382.27,208.27,20.02,-0.01,MANIPULATE,libera,0,0
1788466382.37,208.37,20.05,-0.03,MANIPULATE,libera,0,0
1788466382.47,208.47,20.05,-0.02,MANIPULATE,libera,0,0
1788466382.57,208.57,20.02,-0.02,MANIPULATE,libera,2,2
1788466382.68,208.67,20.02,-0.02,MANIPULATE,libera,2,2
1788466382.78,208.77,20.04,-0.03,MANIPULATE,libera,2,2
1788466382.88,208.87,20.02,-0.01,MANIPULATE,libera,3,3
1788466382.99,208.97,20.03,-0.02,MANIPULATE,libera,1,1
1788466383.09,209.07,20.06,-0.02,MANIPULATE,libera,2,2
1788466383.20,209.17,20.03,-0.02,MANIPULATE,libera,2,2
1788466383.30,209.27,20.06,0.02,MANIPULATE,libera,3,3
1788466383.40,209.37,20.01,-0.02,MANIPULATE,libera,1,1
1788466383.50,209.47,20.03,0.02,MANIPULATE,libera,2,2
1788466383.60,209.57,20.05,-0.03,MANIPULATE,libera,2,2
1788466383.71,209.67,20.02,-0.02,MANIPULATE,libera,2,2
1788466383.81,209.77,20.02,-0.02,MANIPULATE,libera,2,2
1788466383.91,209.87,20.02,0.04,MANIPULATE,libera,3,3
1788466384.02,209.97,20.05,0.02,MANIPULATE,libera,1,1
1788466384.12,210.07,20.03,-0.02,MANIPULATE,libera,2,2
1788466384.22,210.17,20.02,-0.02,MANIPULATE,libera,2,2
1788466384.32,210.27,20.02,0.01,MANIPULATE,libera,2,2
1788466384.42,210.37,20.03,-0.02,MANIPULATE,libera,2,2
1788466384.52,210.47,20.02,-0.01,MANIPULATE,libera,3,3
1788466384.62,210.57,20.01,-0.01,MANIPULATE,libera,1,1
1788466384.72,210.67,20.03,-0.02,MANIPULATE,libera,2,2
1788466384.83,210.77,20.03,-0.01,MANIPULATE,libera,2,2
1788466384.93,210.87,20.02,-0.01,MANIPULATE,libera,2,2
1788466385.03,210.97,20.02,-0.01,MANIPULATE,libera,2,2
1788466385.13,211.07,20.03,-0.01,MANIPULATE,libera,2,2
1788466385.24,211.17,20.03,-0.01,MANIPULATE,libera,2,2
1788466385.34,211.27,20.03,-0.01,MANIPULATE,libera,3,3
1788466385.44,211.37,20.03,-0.01,MANIPULATE,libera,1,1
1788466385.54,211.47,20.02,-0.01,MANIPULATE,libera,3,3
1788466385.64,211.57,20.03,-0.01,MANIPULATE,libera,2,2
1788466385.74,211.67,20.03,-0.01,MANIPULATE,libera,2,2
1788466385.84,211.77,20.02,-0.01,MANIPULATE,libera,1,1
1788466385.94,211.87,20.03,0.01,MANIPULATE,libera,3,3
1788466386.04,211.97,20.04,-0.01,MANIPULATE,libera,1,1
1788466386.14,212.07,20.05,-0.01,MANIPULATE,libera,3,3
1788466386.24,212.17,20.04,-0.02,MANIPULATE,libera,2,2
1788466386.34,212.27,20.04,-0.02,MANIPULATE,libera,2,2
1788466386.45,212.37,20.03,-0.02,MANIPULATE,libera,1,1
1788466386.55,212.47,20.03,0.01,MANIPULATE,libera,3,3
1788466386.65,212.57,20.03,-0.01,MANIPULATE,libera,2,2
1788466386.75,212.67,20.04,-0.02,MANIPULATE,libera,1,1
1788466386.85,212.77,20.04,-0.01,MANIPULATE,libera,2,2
1788466386.95,212.87,20.04,-0.02,MANIPULATE,libera,2,2
1788466387.05,212.97,20.03,0.01,MANIPULATE,libera,2,2
1788466387.16,213.07,20.04,0.02,MANIPULATE,libera,2,2
1788466387.26,213.17,20.04,-0.01,MANIPULATE,libera,2,2
1788466387.36,213.27,20.03,0.02,MANIPULATE,libera,2,2
1788466387.46,213.37,20.04,0.02,MANIPULATE,libera,3,3
1788466387.56,213.47,20.04,-0.01,MANIPULATE,libera,1,1
1788466387.66,213.57,20.04,-0.02,MANIPULATE,libera,2,2
1788466387.76,213.67,20.05,-0.02,MANIPULATE,libera,2,2
1788466387.86,213.77,20.05,-0.02,MANIPULATE,libera,2,2
1788466387.96,213.87,20.05,-0.02,MANIPULATE,libera,2,2
1788466388.07,213.97,20.05,-0.02,MANIPULATE,libera,2,2
1788466388.17,214.07,20.05,-0.02,MANIPULATE,libera,3,3
1788466388.27,214.17,20.05,-0.02,MANIPULATE,libera,1,1
1788466388.37,214.27,20.05,-0.02,MANIPULATE,libera,2,2
1788466388.48,214.37,20.06,-0.02,MANIPULATE,libera,2,2
1788466388.57,214.47,20.07,0.02,MANIPULATE,libera,2,2
1788466388.68,214.57,20.06,0.02,MANIPULATE,libera,2,2
1788466388.78,214.67,20.08,-0.02,MANIPULATE,libera,2,2
1788466388.88,214.77,20.06,-0.02,MANIPULATE,libera,2,2
1788466388.98,214.87,20.06,0.02,MANIPULATE,libera,3,3
1788466389.08,214.97,20.07,-0.02,MANIPULATE,libera,1,1
1788466389.19,215.07,20.08,-0.02,MANIPULATE,libera,2,2
1788466389.29,215.17,20.09,-0.02,MANIPULATE,libera,2,2
1788466389.39,215.27,20.10,0.03,MANIPULATE,libera,3,3
1788466389.49,215.37,20.09,0.02,MANIPULATE,libera,1,1
1788466389.59,215.47,20.10,-0.03,MANIPULATE,libera,2,2
1788466389.69,215.57,20.10,0.02,MANIPULATE,libera,2,2
1788466389.79,215.67,20.11,0.02,MANIPULATE,libera,3,3
1788466389.90,215.77,20.11,0.03,MANIPULATE,libera,1,1
1788466389.99,215.87,20.09,0.02,MANIPULATE,libera,2,2
1788466390.10,215.97,20.11,-0.01,MANIPULATE,libera,2,2
1788466390.19,216.07,20.07,0.07,MANIPULATE,libera,2,2
1788466390.29,216.17,20.11,0.15,MANIPULATE,libera,2,2
1788466390.39,216.27,20.12,0.20,MANIPULATE,libera,2,2
1788466390.49,216.37,20.07,0.33,MANIPULATE,libera,2,2
1788466390.59,216.47,20.12,0.33,MANIPULATE,libera,2,2
1788466390.69,216.57,20.11,0.48,MANIPULATE,libera,3,3
1788466390.79,216.67,20.07,0.57,MANIPULATE,libera,1,1
1788466390.90,216.77,20.12,0.68,MANIPULATE,libera,2,2
1788466390.99,216.87,20.08,0.82,MANIPULATE,libera,3,3
1788466391.09,216.97,20.12,0.88,MANIPULATE,libera,2,2
1788466391.19,217.07,20.13,0.88,MANIPULATE,libera,1,1
1788466391.30,217.17,20.13,0.93,MANIPULATE,libera,2,2
1788466391.40,217.27,20.12,0.99,MANIPULATE,libera,2,2
1788466391.50,217.37,20.12,1.05,MANIPULATE,libera,3,3
1788466391.60,217.47,20.13,1.14,MANIPULATE,libera,2,2
1788466391.70,217.57,20.13,1.17,MANIPULATE,libera,1,1
1788466391.80,217.67,20.14,1.17,MANIPULATE,libera,2,2
1788466391.90,217.77,20.14,1.20,MANIPULATE,libera,2,2
1788466392.00,217.87,20.12,1.26,MANIPULATE,libera,2,2
1788466392.11,217.97,20.06,1.60,MANIPULATE,libera,2,2
1788466392.20,218.07,20.06,2.13,MANIPULATE,libera,2,2
1788466392.30,218.17,20.05,2.74,MANIPULATE,libera,3,3
1788466392.40,218.27,20.05,3.47,MANIPULATE,libera,2,2
1788466392.50,218.37,20.05,4.30,MANIPULATE,libera,1,1
1788466392.60,218.47,20.04,5.26,MANIPULATE,libera,3,3
1788466392.70,218.57,20.04,6.44,MANIPULATE,libera,1,1
1788466392.80,218.67,20.04,7.99,MANIPULATE,libera,2,2
1788466392.91,218.77,20.03,9.97,MANIPULATE,libera,2,2
1788466393.00,218.87,20.03,11.89,MANIPULATE,libera,2,2
1788466393.11,218.97,20.02,13.72,MANIPULATE,libera,2,2
1788466393.21,219.07,20.02,15.27,MANIPULATE,libera,2,2
1788466393.31,219.17,20.04,16.92,MANIPULATE,libera,2,2
1788466393.41,219.27,20.03,18.49,MANIPULATE,libera,2,2
1788466393.51,219.37,20.05,19.07,MANIPULATE,libera,2,2
1788466393.61,219.47,20.06,19.28,MANIPULATE,libera,2,2
1788466393.71,219.57,20.06,19.03,MANIPULATE,libera,2,2
1788466393.81,219.67,20.06,18.46,MANIPULATE,libera,2,2
1788466393.91,219.77,20.08,17.37,MANIPULATE,libera,2,2
1788466394.01,219.87,20.09,15.82,MANIPULATE,libera,2,2
1788466394.12,219.97,20.06,14.12,MANIPULATE,libera,2,2
1788466394.21,220.07,20.05,12.58,MANIPULATE,libera,3,3
1788466394.32,220.17,20.05,11.13,MANIPULATE,libera,1,1
1788466394.43,220.27,20.05,9.87,MANIPULATE,libera,2,2
1788466394.52,220.37,20.05,8.82,MANIPULATE,libera,3,3
1788466394.63,220.47,20.05,8.04,MANIPULATE,libera,1,1
1788466394.73,220.57,20.06,7.80,MANIPULATE,libera,2,2
1788466394.83,220.67,20.06,7.67,MANIPULATE,libera,2,2
1788466394.93,220.77,20.06,7.59,MANIPULATE,libera,3,3
1788466395.03,220.87,20.06,7.52,MANIPULATE,libera,2,2
1788466395.14,220.97,20.07,7.45,MANIPULATE,libera,1,1
1788466395.24,221.07,20.07,7.37,MANIPULATE,libera,2,2
1788466395.34,221.17,20.06,7.30,MANIPULATE,libera,2,2
1788466395.44,221.27,20.07,7.25,MANIPULATE,libera,2,2
1788466395.54,221.37,20.07,7.23,MANIPULATE,libera,2,2
1788466395.64,221.47,20.07,7.22,MANIPULATE,libera,2,2
1788466395.74,221.57,20.07,7.22,MANIPULATE,libera,2,2
1788466395.84,221.67,20.06,7.26,MANIPULATE,libera,3,3
1788466395.94,221.77,20.07,7.30,MANIPULATE,libera,1,1
1788466396.04,221.87,20.02,7.53,MANIPULATE,libera,2,2
1788466396.14,221.97,20.02,8.00,MANIPULATE,libera,2,2
1788466396.24,222.07,20.02,8.43,MANIPULATE,libera,2,2
1788466396.34,222.17,20.02,8.84,MANIPULATE,libera,2,2
1788466396.44,222.27,20.02,9.13,MANIPULATE,libera,2,2
1788466396.54,222.37,20.02,9.16,MANIPULATE,libera,3,3
1788466396.64,222.47,20.02,8.97,MANIPULATE,libera,1,1
1788466396.75,222.57,20.02,8.63,MANIPULATE,libera,2,2
1788466396.84,222.67,20.02,8.28,MANIPULATE,libera,2,2
1788466396.95,222.77,20.02,7.94,MANIPULATE,libera,2,2
1788466397.04,222.87,20.02,7.67,MANIPULATE,libera,2,2
1788466397.14,222.97,20.02,7.43,MANIPULATE,libera,2,2
1788466397.24,223.07,20.02,7.28,MANIPULATE,libera,2,2
1788466397.35,223.17,20.02,7.22,MANIPULATE,libera,2,2
1788466397.44,223.27,20.02,7.23,MANIPULATE,libera,3,3
1788466397.54,223.37,20.01,7.28,MANIPULATE,libera,1,1
1788466397.64,223.47,20.01,7.37,MANIPULATE,libera,2,2
1788466397.74,223.57,20.01,7.47,MANIPULATE,libera,3,3
1788466397.84,223.67,20.01,7.60,MANIPULATE,libera,2,2
1788466397.94,223.77,20.01,7.73,MANIPULATE,libera,1,1
1788466398.05,223.87,20.01,7.88,MANIPULATE,libera,2,2
1788466398.15,223.97,20.01,7.97,MANIPULATE,libera,2,2
1788466398.25,224.07,20.01,7.97,MANIPULATE,libera,2,2
1788466398.35,224.17,20.01,7.84,MANIPULATE,libera,2,2
1788466398.45,224.27,20.02,7.66,MANIPULATE,libera,2,2
1788466398.55,224.37,20.01,7.53,MANIPULATE,libera,2,2
1788466398.65,224.47,20.01,7.45,MANIPULATE,libera,2,2
1788466398.75,224.57,20.01,7.44,MANIPULATE,libera,2,2
1788466398.85,224.67,20.01,7.44,MANIPULATE,libera,2,2
1788466398.95,224.77,20.01,7.50,MANIPULATE,libera,3,3
1788466399.05,224.87,20.01,7.56,MANIPULATE,libera,1,1
1788466399.15,224.97,20.01,7.67,MANIPULATE,libera,3,3
1788466399.25,225.07,20.01,7.78,MANIPULATE,libera,1,1
1788466399.35,225.17,20.01,7.89,MANIPULATE,libera,2,2
1788466399.45,225.27,20.01,7.98,MANIPULATE,libera,3,3
1788466399.55,225.37,20.01,7.92,MANIPULATE,libera,2,2
1788466399.65,225.47,20.01,7.77,MANIPULATE,libera,2,2
1788466399.75,225.57,20.01,7.61,MANIPULATE,libera,1,1
1788466399.85,225.67,20.01,7.51,MANIPULATE,libera,2,2
1788466399.95,225.77,20.01,7.44,MANIPULATE,libera,2,2
1788466400.05,225.87,20.01,7.39,MANIPULATE,libera,2,2
1788466400.16,225.97,20.01,7.36,MANIPULATE,libera,2,2
1788466400.26,226.07,20.01,7.32,MANIPULATE,libera,2,2
1788466400.36,226.17,20.02,7.28,MANIPULATE,libera,2,2
1788466400.46,226.27,20.02,7.26,MANIPULATE,libera,2,2
1788466400.56,226.37,20.03,7.24,MANIPULATE,libera,2,2
1788466400.66,226.47,20.01,7.22,MANIPULATE,libera,3,3
1788466400.76,226.57,20.01,7.25,MANIPULATE,libera,1,1
1788466400.86,226.67,20.02,7.32,MANIPULATE,libera,3,3
1788466400.97,226.77,20.02,7.37,MANIPULATE,libera,1,1
1788466401.06,226.87,20.01,7.42,MANIPULATE,libera,2,2
1788466401.17,226.97,20.02,7.47,MANIPULATE,libera,2,2
1788466401.26,227.07,20.01,7.51,MANIPULATE,libera,2,2
1788466401.36,227.17,20.01,7.54,MANIPULATE,libera,2,2
1788466401.47,227.27,20.02,7.58,MANIPULATE,libera,2,2
1788466401.57,227.38,20.01,7.60,MANIPULATE,libera,2,2
1788466401.67,227.47,20.01,7.62,MANIPULATE,libera,3,3
1788466401.77,227.57,20.01,7.66,MANIPULATE,libera,1,1
1788466401.87,227.67,20.02,7.66,MANIPULATE,libera,2,2
1788466401.97,227.77,20.01,7.60,MANIPULATE,libera,3,3
1788466402.07,227.87,20.01,7.57,MANIPULATE,libera,1,1
1788466402.17,227.97,20.02,7.55,MANIPULATE,libera,2,2
1788466402.27,228.07,20.01,7.54,MANIPULATE,libera,2,2
1788466402.37,228.17,20.01,7.52,MANIPULATE,libera,2,2
1788466402.47,228.27,20.00,7.51,MANIPULATE,libera,2,2
1788466402.58,228.37,20.01,7.50,MANIPULATE,libera,2,2
1788466402.68,228.47,20.01,7.49,MANIPULATE,libera,2,2
1788466402.78,228.57,20.00,7.48,MANIPULATE,libera,2,2
1788466402.88,228.67,20.01,7.47,MANIPULATE,libera,2,2
1788466402.98,228.77,20.01,7.46,MANIPULATE,libera,2,2
1788466403.08,228.87,20.00,7.45,MANIPULATE,libera,3,3
1788466403.18,228.97,19.97,7.44,MANIPULATE,libera,2,2
1788466403.28,229.07,20.00,7.43,MANIPULATE,libera,2,2
1788466403.38,229.17,20.00,7.41,MANIPULATE,libera,1,1
1788466403.48,229.27,20.00,7.40,MANIPULATE,libera,3,3
1788466403.58,229.37,19.89,7.38,MANIPULATE,libera,2,2
1788466403.68,229.47,19.76,7.36,MANIPULATE,libera,2,2
1788466403.78,229.57,19.53,7.34,MANIPULATE,libera,2,2
1788466403.88,229.67,19.33,7.31,MANIPULATE,libera,1,1
1788466403.98,229.77,19.03,7.27,MANIPULATE,libera,2,2
1788466404.09,229.88,18.79,7.24,MANIPULATE,libera,2,2
1788466404.18,229.97,18.51,7.20,MANIPULATE,libera,3,3
1788466404.28,230.07,18.23,7.16,MANIPULATE,libera,2,2
1788466404.39,230.18,17.91,7.11,MANIPULATE,libera,1,1
1788466404.48,230.27,17.62,7.07,MANIPULATE,libera,2,2
1788466404.58,230.37,17.32,7.02,MANIPULATE,libera,3,3
1788466404.68,230.47,17.00,6.97,MANIPULATE,libera,1,1
1788466404.78,230.57,16.67,6.92,MANIPULATE,libera,3,3
1788466404.88,230.67,16.33,6.87,MANIPULATE,libera,2,2
1788466404.98,230.77,16.01,6.81,MANIPULATE,libera,2,2
1788466405.08,230.87,15.67,6.75,MANIPULATE,libera,2,2
1788466405.18,230.97,15.33,6.70,MANIPULATE,libera,2,2
1788466405.28,231.07,14.98,6.65,MANIPULATE,libera,2,2
1788466405.38,231.17,14.58,6.61,MANIPULATE,libera,2,2
1788466405.48,231.27,14.17,6.59,MANIPULATE,libera,2,2
1788466405.58,231.37,13.76,6.57,MANIPULATE,libera,1,1
1788466405.68,231.47,13.35,6.55,MANIPULATE,libera,3,3
1788466405.79,231.57,12.89,6.54,MANIPULATE,libera,1,1
1788466405.89,231.67,12.48,6.54,MANIPULATE,libera,3,3
1788466405.99,231.77,12.03,6.54,MANIPULATE,libera,1,1
1788466406.09,231.87,11.62,6.57,MANIPULATE,libera,2,2
1788466406.19,231.97,11.25,6.61,MANIPULATE,libera,2,2
1788466406.29,232.07,10.87,6.63,MANIPULATE,libera,2,2
1788466406.40,232.17,8.91,6.80,MANIPULATE,libera,2,2
1788466406.49,232.27,5.28,6.95,MANIPULATE,libera,2,2
1788466406.59,232.37,3.75,7.09,MANIPULATE,libera,2,2
1788466406.70,232.47,3.28,7.22,MANIPULATE,libera,2,2
1788466406.79,232.57,3.19,7.33,MANIPULATE,libera,3,3
1788466406.90,232.67,3.18,7.42,MANIPULATE,libera,1,2
1788466407.00,232.77,3.10,7.52,MANIPULATE,libera,0,0
1788466407.10,232.87,3.04,7.58,MANIPULATE,libera,0,0
1788466407.20,232.97,2.79,7.58,MANIPULATE,libera,0,0
1788466407.30,233.07,2.53,7.57,MANIPULATE,libera,0,0
1788466407.40,233.17,2.32,7.56,MANIPULATE,libera,0,0
1788466407.50,233.27,2.15,7.55,MANIPULATE,libera,0,0
1788466407.61,233.37,2.10,7.55,MANIPULATE,libera,0,0
1788466407.71,233.47,1.89,8.54,MANIPULATE,libera,0,0
1788466407.82,233.57,2.10,9.56,MANIPULATE,libera,0,0
1788466407.92,233.67,2.06,10.45,MANIPULATE,libera,0,0
1788466408.02,233.77,2.06,11.06,MANIPULATE,libera,0,0
1788466408.12,233.87,2.42,11.15,MANIPULATE,libera,0,0
1788466408.22,233.97,1.13,11.15,MANIPULATE,arco1,0,0
1788466408.32,234.07,-0.01,11.15,MANIPULATE,arco1,0,0
1788466408.42,234.17,0.03,11.17,MANIPULATE,arco1,1,1
1788466408.52,234.27,0.09,11.20,MANIPULATE,arco1,2,2
1788466408.62,234.37,0.15,11.23,MANIPULATE,arco1,2,2
1788466408.72,234.47,0.31,11.26,MANIPULATE,arco1,2,2
1788466408.82,234.57,0.60,11.30,MANIPULATE,arco1,2,2
1788466408.92,234.67,1.02,11.35,MANIPULATE,arco1,2,2
1788466409.02,234.77,1.44,11.40,MANIPULATE,arco1,2,2
1788466409.12,234.87,2.03,11.43,MANIPULATE,arco1,3,3
1788466409.22,234.97,2.38,11.45,MANIPULATE,arco1,1,1
1788466409.32,235.07,2.89,11.48,MANIPULATE,arco1,2,2
1788466409.42,235.17,3.29,11.50,MANIPULATE,arco1,2,2
1788466409.52,235.27,3.75,11.53,MANIPULATE,arco1,2,2
1788466409.62,235.37,4.05,11.56,MANIPULATE,arco1,2,2
1788466409.73,235.47,4.51,11.60,MANIPULATE,arco1,2,2
1788466409.83,235.58,4.83,11.63,MANIPULATE,arco1,2,2
1788466409.93,235.67,5.22,11.66,MANIPULATE,arco1,2,2
1788466410.03,235.77,5.50,11.67,MANIPULATE,arco1,2,2
1788466410.13,235.87,5.87,11.70,MANIPULATE,arco1,1,1
1788466410.23,235.97,6.16,11.72,MANIPULATE,arco1,2,2
1788466410.33,236.07,6.42,11.75,MANIPULATE,arco1,3,3
1788466410.43,236.17,6.72,11.77,MANIPULATE,arco1,2,2
1788466410.53,236.27,6.94,11.80,MANIPULATE,arco1,1,1
1788466410.63,236.37,7.17,11.85,MANIPULATE,arco1,2,2
1788466410.73,236.47,7.25,11.90,MANIPULATE,arco1,3,3
1788466410.83,236.57,7.34,11.95,MANIPULATE,arco1,2,2
1788466410.93,236.67,7.43,12.03,MANIPULATE,arco1,1,1
1788466411.04,236.77,7.62,12.12,MANIPULATE,arco1,2,2
1788466411.13,236.87,7.78,12.20,MANIPULATE,arco1,3,3
1788466411.24,236.97,7.79,12.34,MANIPULATE,arco1,1,1
1788466411.33,237.07,7.75,12.52,MANIPULATE,arco1,2,2
1788466411.44,237.17,7.73,12.63,MANIPULATE,arco1,1,2
1788466411.54,237.27,7.56,12.77,MANIPULATE,arco1,0,0
1788466411.64,237.37,7.29,12.86,MANIPULATE,arco1,0,0
1788466411.74,237.47,7.21,12.85,MANIPULATE,arco1,0,0
1788466411.84,237.57,7.14,12.84,MANIPULATE,arco1,0,0
1788466411.95,237.67,7.05,12.83,MANIPULATE,arco1,0,0
1788466412.05,237.77,6.95,12.83,MANIPULATE,arco1,0,0
1788466412.15,237.87,6.85,13.24,MANIPULATE,arco1,0,0
1788466412.25,237.97,6.14,14.37,MANIPULATE,arco1,0,0
1788466412.35,238.07,5.26,15.56,MANIPULATE,arco1,0,0
1788466412.46,238.17,4.09,16.84,MANIPULATE,arco1,0,0
1788466412.55,238.27,2.68,18.15,MANIPULATE,arco1,0,0
1788466412.66,238.37,1.16,19.51,MANIPULATE,arco1,0,0
1788466412.76,238.47,-0.02,20.76,MANIPULATE,arco1,0,0
1788466412.86,238.57,-0.01,21.88,MANIPULATE,arco1,0,0
1788466412.96,238.67,-0.01,22.95,MANIPULATE,arco1,0,0
1788466413.06,238.77,-0.03,23.56,MANIPULATE,arco2,0,0
1788466413.16,238.87,-0.02,23.55,MANIPULATE,arco2,0,0
1788466413.26,238.97,-0.01,23.53,MANIPULATE,arco2,0,0
1788466413.36,239.07,0.02,23.79,MANIPULATE,arco2,3,3
1788466413.46,239.17,0.01,23.97,MANIPULATE,arco2,2,2
1788466413.56,239.27,0.09,24.16,MANIPULATE,arco2,2,2
1788466413.67,239.37,0.01,24.33,MANIPULATE,arco2,1,1
1788466413.77,239.47,0.07,24.63,MANIPULATE,arco2,3,3
1788466413.87,239.57,-0.00,24.87,MANIPULATE,arco2,1,1
1788466413.97,239.67,-0.00,25.13,MANIPULATE,arco2,2,2
1788466414.08,239.77,-0.00,25.39,MANIPULATE,arco2,2,2
1788466414.18,239.87,-0.00,25.66,MANIPULATE,arco2,2,2
1788466414.28,239.97,-0.01,25.93,MANIPULATE,arco2,2,2
1788466414.38,240.07,-0.00,26.20,MANIPULATE,arco2,2,2
1788466414.48,240.17,-0.01,26.47,MANIPULATE,arco2,2,2
1788466414.58,240.27,-0.00,26.72,MANIPULATE,arco2,2,2
1788466414.68,240.37,-0.00,26.99,MANIPULATE,arco2,2,2
1788466414.78,240.47,-0.01,27.24,MANIPULATE,arco2,2,2
1788466414.88,240.57,-0.00,27.45,MANIPULATE,arco2,2,3
1788466414.99,240.67,-0.00,27.60,MANIPULATE,arco2,0,0
1788466415.09,240.77,-0.00,27.70,MANIPULATE,arco2,0,0
1788466415.19,240.87,-0.00,27.74,MANIPULATE,arco2,0,0
1788466415.30,240.97,-0.00,27.75,MANIPULATE,arco2,0,0
1788466415.40,241.07,-0.00,27.76,MANIPULATE,arco2,0,0
1788466415.50,241.17,-0.00,27.78,MANIPULATE,arco2,0,0
1788466415.60,241.27,-0.00,27.83,MANIPULATE,arco2,0,0
1788466415.70,241.37,-0.01,27.86,MANIPULATE,arco2,0,0
1788466415.80,241.47,0.12,27.89,MANIPULATE,arco2,0,0
1788466415.91,241.57,2.40,27.88,MANIPULATE,arco2,0,0
1788466416.01,241.67,9.34,27.85,MANIPULATE,arco2,0,0
1788466416.11,241.77,12.38,27.85,MANIPULATE,arco2,0,0
1788466416.21,241.87,10.44,27.85,MANIPULATE,arco2,0,0
1788466416.31,241.97,-0.01,27.85,MANIPULATE,arco2,0,0
1788466416.41,242.07,0.00,27.85,MANIPULATE,arco2,0,0
1788466416.51,242.17,0.01,27.85,MANIPULATE,arco2,0,0
1788466416.62,242.27,-0.00,27.85,MANIPULATE,arco2,0,0
1788466416.72,242.37,-0.00,27.85,MANIPULATE,arco2,0,0
1788466416.82,242.47,-0.00,27.85,MANIPULATE,arco2,0,0
1788466416.92,242.57,0.00,27.85,MANIPULATE,arco2,0,0
1788466417.02,242.67,-0.01,27.85,MANIPULATE,arco2,0,0
1788466417.13,242.77,-0.00,27.85,MANIPULATE,arco2,0,0
1788466417.23,242.87,-0.00,27.85,MANIPULATE,arco2,0,0
1788466417.33,242.97,0.00,27.85,MANIPULATE,arco2,0,0
1788466417.43,243.07,-0.00,27.85,MANIPULATE,arco2,0,0
1788466417.54,243.18,-0.01,27.85,MANIPULATE,arco2,0,0
1788466417.64,243.27,-0.00,27.85,MANIPULATE,arco2,0,0
1788466417.74,243.37,0.01,27.85,MANIPULATE,arco2,0,0
1788466417.84,243.47,-0.00,27.85,MANIPULATE,arco2,0,0
1788466417.94,243.57,-0.00,27.85,MANIPULATE,arco2,0,0
1788466418.05,243.67,0.01,27.85,MANIPULATE,desengata,0,0
1788466418.14,243.77,-0.01,27.85,MANIPULATE,desengata,0,0
1788466418.25,243.87,0.00,27.85,MANIPULATE,desengata,0,0
1788466418.34,243.97,-0.00,27.85,MANIPULATE,desengata,0,0
1788466418.45,244.07,-0.00,27.85,MANIPULATE,desengata,0,0
1788466418.55,244.17,0.01,27.85,RETRACT,desengata,0,1
1788466418.65,244.27,-0.00,27.85,RETRACT,desengata,0,0
1788466418.75,244.37,-0.01,27.85,RETRACT,desengata,0,0
1788466418.85,244.47,0.00,27.85,RETRACT,desengata,0,0
1788466418.96,244.57,-0.00,27.85,RETRACT,desengata,0,0
1788466419.05,244.67,0.00,27.85,RETRACT,desengata,0,0
1788466419.16,244.77,-0.00,27.85,RETRACT,desengata,0,0
1788466419.26,244.88,-0.00,27.85,RETRACT,desengata,0,0
1788466419.36,244.97,0.01,27.85,RETRACT,desengata,0,0
1788466419.46,245.07,-0.00,27.85,RETRACT,desengata,0,0
1788466419.57,245.17,-0.00,27.85,RETRACT,desengata,0,0
1788466419.67,245.27,0.01,27.85,RETRACT,desengata,0,0
1788466419.77,245.37,-0.00,27.85,RETRACT,desengata,0,0
1788466419.87,245.47,-0.00,27.85,RETRACT,desengata,0,0
1788466419.97,245.57,0.00,27.85,RETRACT,desengata,0,0
1788466420.08,245.67,0.01,27.85,RETRACT,desengata,0,0
1788466420.18,245.77,-0.00,27.85,RETRACT,desengata,0,0
1788466420.28,245.87,-0.00,27.85,RETRACT,desengata,0,0
1788466420.38,245.97,0.01,27.85,RETRACT,desengata,0,0
1788466420.48,246.07,-0.00,27.85,RETRACT,desengata,0,0
1788466420.58,246.17,0.00,27.85,RETRACT,desengata,0,0
1788466420.68,246.27,-0.00,27.85,RETRACT,desengata,0,0
1788466420.79,246.37,0.00,27.85,RETRACT,desengata,0,0
1788466420.88,246.47,-0.00,27.85,RETRACT,desengata,0,0
1788466420.99,246.58,-0.00,27.85,RETRACT,desengata,0,0
1788466421.09,246.67,-0.00,27.85,RETRACT,saida_eixo,0,0
1788466421.19,246.78,0.01,27.85,RETRACT,saida_eixo,0,0
1788466421.29,246.87,0.00,27.85,RETRACT,saida_eixo,0,0
1788466421.39,246.97,0.01,27.85,RETRACT,saida_eixo,0,0
1788466421.50,247.07,-0.00,27.85,RETRACT,saida_eixo,0,0
1788466421.59,247.17,-0.01,27.85,RETRACT,saida_eixo,0,0
1788466421.69,247.27,0.00,27.85,RETRACT,saida_eixo,0,0
1788466421.79,247.37,0.01,27.85,RETRACT,saida_eixo,0,0
1788466421.90,247.47,0.00,27.85,RETRACT,saida_eixo,0,0
1788466422.00,247.57,-0.00,27.85,RETRACT,saida_eixo,0,0
1788466422.10,247.67,0.01,27.85,RETRACT,saida_eixo,0,0
1788466422.20,247.77,-0.00,27.85,RETRACT,saida_eixo,0,0
1788466422.30,247.87,0.00,27.85,RETRACT,saida_eixo,0,0
1788466422.41,247.97,0.01,27.85,RETRACT,saida_eixo,0,0
1788466422.50,248.07,0.01,27.85,RETRACT,saida_eixo,0,0
1788466422.61,248.17,-0.01,27.85,RETRACT,saida_eixo,0,0
1788466422.71,248.27,0.00,27.85,RETRACT,saida_eixo,0,0
1788466422.81,248.37,0.00,27.85,RETRACT,saida_eixo,0,0
1788466422.91,248.47,-0.01,27.85,RETRACT,saida_eixo,0,0
1788466423.02,248.57,-0.00,27.85,RETRACT,saida_eixo,0,0
1788466423.12,248.68,-0.00,27.85,RETRACT,saida_eixo,0,0
1788466423.22,248.77,0.01,27.85,RETRACT,saida_eixo,0,0
1788466423.32,248.87,0.00,27.85,RETRACT,saida_eixo,0,0
1788466423.42,248.97,-0.01,27.85,RETRACT,saida_eixo,0,0
1788466423.52,249.07,-0.00,27.85,RETRACT,saida_eixo,0,0
1788466423.62,249.17,-0.00,27.85,RETRACT,saida_eixo,0,0
1788466423.72,249.27,-0.00,27.85,RETRACT,saida_eixo,0,0
1788466423.82,249.37,-0.00,27.85,RETRACT,saida_eixo,0,0
1788466423.93,249.47,-0.00,27.85,RETRACT,saida_eixo,0,0
1788466424.03,249.57,-0.00,27.85,RETRACT,saida_eixo,0,0
1788466424.13,249.67,0.01,27.85,RETRACT,saida_eixo,0,0
1788466424.23,249.78,-0.00,27.85,RETRACT,saida_eixo,0,0
1788466424.33,249.87,0.00,27.85,RETRACT,saida_eixo,0,0
1788466424.43,249.97,0.00,27.85,RETRACT,saida_eixo,0,0
1788466424.53,250.07,-0.01,27.85,RETRACT,saida_eixo,0,0
1788466424.64,250.17,0.01,27.85,RETRACT,saida_eixo,0,0
1788466424.74,250.27,-0.00,27.85,RETRACT,saida_eixo,0,0
1788466424.84,250.37,-0.00,27.85,RETRACT,saida_eixo,0,0
1788466424.94,250.47,0.00,27.85,RETRACT,saida_eixo,0,0
1788466425.04,250.57,-0.01,27.85,RETRACT,saida_eixo,0,0
1788466425.15,250.68,0.01,27.85,RETRACT,saida_eixo,0,0
1788466425.24,250.77,-0.00,27.85,RETRACT,saida_eixo,0,0
1788466425.34,250.87,-0.00,27.85,RETRACT,saida_eixo,0,0
1788466425.45,250.97,-0.00,27.85,RETRACT,saida_eixo,0,0
1788466425.55,251.07,0.01,27.85,RETRACT,saida_eixo,0,0
1788466425.65,251.17,-0.01,27.85,RETRACT,saida_eixo,0,0
1788466425.75,251.27,0.01,27.85,RETRACT,saida_eixo,0,0
1788466425.86,251.38,0.00,27.85,RETRACT,saida_eixo,0,0
1788466425.96,251.47,-0.00,27.85,RETRACT,saida_eixo,0,0
1788466426.06,251.57,0.01,27.85,RETRACT,saida_eixo,0,0
1788466426.16,251.68,-0.00,27.85,RETRACT,saida_eixo,0,0
1788466426.27,251.78,-0.00,27.85,RETRACT,saida_eixo,0,0
1788466426.37,251.87,-0.00,27.85,RETRACT,saida_eixo,0,0
1788466426.46,251.97,-0.00,27.85,RETRACT,saida_eixo,0,0
1788466426.57,252.07,-0.00,27.85,RETRACT,saida_eixo,0,0
1788466426.67,252.17,0.00,27.85,RETRACT,saida_eixo,0,0
1788466426.77,252.27,-0.00,27.85,RETRACT,saida_eixo,0,0
1788466426.87,252.37,-0.00,27.85,RETRACT,saida_eixo,0,0
1788466426.98,252.47,0.01,27.85,RETRACT,saida_eixo,0,0
1788466427.08,252.57,-0.00,27.85,RETRACT,saida_eixo,0,0
1788466427.18,252.67,-0.00,27.85,RETRACT,saida_eixo,0,0
1788466427.28,252.78,0.01,27.85,RETRACT,saida_eixo,0,0
1788466427.38,252.87,-0.01,27.85,RETRACT,saida_eixo,0,0
1788466427.48,252.97,0.00,27.85,RETRACT,saida_eixo,0,0
1788466427.58,253.07,0.00,27.85,RETRACT,saida_eixo,0,0
1788466427.68,253.17,-0.01,27.85,RETRACT,saida_eixo,0,0
1788466427.78,253.27,0.01,27.85,RETRACT,saida_eixo,0,0
1788466427.88,253.37,0.00,27.85,RETRACT,saida_eixo,0,0
1788466427.98,253.47,-0.00,27.85,RETRACT,saida_eixo,0,0
1788466428.09,253.57,0.01,27.85,RETRACT,saida_eixo,0,0
1788466428.18,253.67,0.00,27.85,RETRACT,saida_eixo,0,0
1788466428.29,253.77,0.00,27.85,RETRACT,saida_eixo,0,0
1788466428.39,253.87,0.00,27.85,RETRACT,saida_eixo,0,0
1788466428.49,253.97,-0.00,27.85,RETRACT,saida_eixo,0,0
1788466428.59,254.07,-0.00,27.85,RETRACT,saida_eixo,0,0
1788466428.70,254.17,0.00,27.85,RETRACT,saida_eixo,0,0
1788466428.79,254.27,0.00,27.85,RETRACT,saida_eixo,0,0
1788466428.90,254.38,-0.00,27.85,RETRACT,saida_eixo,0,0
1788466429.00,254.47,-0.01,27.85,RETRACT,saida_eixo,0,0
1788466429.11,254.57,0.00,27.85,RETRACT,saida_eixo,0,0
1788466429.21,254.67,0.00,27.85,RETRACT,saida_eixo,0,0
1788466429.31,254.78,-0.00,27.85,RETRACT,saida_eixo,0,0
1788466429.41,254.87,0.00,27.85,RETRACT,saida_eixo,0,0
1788466429.51,254.98,-0.01,27.85,RETRACT,saida_eixo,0,0
1788466429.61,255.07,0.01,27.85,RETRACT,saida_eixo,0,0
1788466429.71,255.17,0.00,27.85,RETRACT,saida_eixo,0,0
1788466429.81,255.27,-0.00,27.85,RETRACT,saida_eixo,0,0
1788466429.91,255.37,0.00,27.85,RETRACT,saida_eixo,0,0
1788466430.01,255.47,-0.01,27.85,RETRACT,saida_eixo,0,0
1788466430.11,255.57,0.01,27.85,RETRACT,saida_eixo,0,0
1788466430.21,255.67,-0.00,27.85,RETRACT,saida_eixo,0,0
1788466430.31,255.77,0.00,27.85,RETRACT,saida_eixo,0,0
1788466430.41,255.87,-0.00,27.85,RETRACT,saida_eixo,0,0
1788466430.51,255.97,0.00,27.85,RETRACT,saida_eixo,0,0
1788466430.61,256.07,0.01,27.85,RETRACT,saida_eixo,0,0
1788466430.72,256.17,-0.01,27.85,RETRACT,saida_eixo,0,0
1788466430.82,256.27,-0.00,27.85,RETRACT,saida_eixo,0,0
1788466430.92,256.37,-0.00,27.85,RETRACT,saida_eixo,0,0
1788466431.02,256.47,-0.00,27.85,RETRACT,saida_eixo,0,0
1788466431.13,256.57,0.00,27.85,RETRACT,saida_eixo,0,0
1788466431.22,256.67,-0.00,27.85,RETRACT,saida_eixo,0,0
1788466431.33,256.77,0.01,27.85,RETRACT,saida_eixo,0,0
1788466431.43,256.87,-0.00,27.85,RETRACT,saida_eixo,0,0
1788466431.54,256.98,-0.00,27.85,RETRACT,saida_eixo,0,0
1788466431.64,257.07,0.01,27.85,RETRACT,saida_eixo,0,0
1788466431.74,257.17,0.00,27.85,RETRACT,saida_eixo,0,0
1788466431.84,257.27,-0.00,27.85,RETRACT,saida_eixo,0,0
1788466431.95,257.37,-0.00,27.85,RETRACT,saida_eixo,0,0
1788466432.05,257.47,-0.00,27.85,RETRACT,saida_eixo,0,0
1788466432.14,257.57,0.00,27.85,RETRACT,saida_eixo,0,0
1788466432.24,257.67,-0.00,27.85,RETRACT,saida_eixo,0,0
1788466432.35,257.77,0.00,27.85,RETRACT,saida_eixo,0,0
1788466432.45,257.87,0.00,27.85,RETRACT,saida_eixo,0,0
1788466432.55,257.97,0.00,27.85,RETRACT,saida_eixo,0,0
1788466432.65,258.07,0.00,27.85,RETRACT,saida_eixo,0,0
1788466432.75,258.17,-0.00,27.85,RETRACT,saida_eixo,0,0
1788466432.85,258.27,0.00,27.85,RETRACT,saida_eixo,0,0
1788466432.95,258.37,0.00,27.85,RETRACT,saida_eixo,0,0
1788466433.06,258.47,-0.00,27.85,RETRACT,saida_eixo,0,0
1788466433.16,258.57,0.01,27.85,RETRACT,saida_eixo,0,0
1788466433.26,258.67,0.00,27.85,RETRACT,saida_eixo,0,0
1788466433.36,258.77,-0.00,27.85,RETRACT,saida_eixo,0,0
1788466433.47,258.87,0.00,27.85,RETRACT,saida_eixo,0,0
1788466433.57,258.98,-0.01,27.85,RETRACT,saida_eixo,0,0
1788466433.67,259.07,-0.00,27.85,RETRACT,saida_eixo,0,0
1788466433.77,259.18,0.01,27.85,RETRACT,saida_eixo,0,0
1788466433.87,259.27,0.00,27.85,RETRACT,saida_eixo,0,0
1788466433.97,259.37,-0.00,27.85,RETRACT,saida_eixo,0,0
1788466434.07,259.47,-0.01,27.85,RETRACT,saida_eixo,0,0
1788466434.17,259.57,0.00,27.85,RETRACT,saida_eixo,0,0
1788466434.28,259.67,0.00,27.85,RETRACT,saida_eixo,0,0
1788466434.38,259.77,-0.01,27.85,RETRACT,saida_eixo,0,0
1788466434.48,259.87,-0.00,27.85,RETRACT,saida_eixo,0,0
1788466434.58,259.97,0.00,27.85,RETRACT,saida_eixo,0,0
1788466434.68,260.07,-0.00,27.85,RETRACT,saida_eixo,0,0
1788466434.78,260.17,-0.00,27.85,RETRACT,saida_eixo,0,0
1788466434.88,260.27,-0.00,27.85,RETRACT,saida_eixo,0,0
1788466434.98,260.38,-0.00,27.85,RETRACT,saida_eixo,0,0
1788466435.08,260.47,0.00,27.85,RETRACT,saida_eixo,0,0
1788466435.18,260.57,0.00,27.85,RETRACT,saida_eixo,0,0
1788466435.28,260.67,-0.00,27.85,RETRACT,saida_eixo,0,0
1788466435.38,260.77,0.00,27.85,RETRACT,saida_eixo,0,0
1788466435.49,260.87,-0.00,27.85,RETRACT,saida_eixo,0,0
1788466435.59,260.98,0.00,27.85,RETRACT,saida_eixo,0,0
1788466435.69,261.07,0.00,27.85,RETRACT,saida_eixo,0,0
1788466435.79,261.17,-0.00,27.85,RETRACT,saida_eixo,0,0
1788466435.89,261.27,0.00,27.85,RETRACT,saida_eixo,0,0
1788466435.99,261.37,0.01,27.85,RETRACT,saida_eixo,0,0
1788466436.10,261.47,-0.00,27.85,RETRACT,saida_eixo,0,0
1788466436.20,261.57,0.00,27.85,RETRACT,saida_eixo,0,0
1788466436.30,261.67,-0.01,27.85,RETRACT,saida_eixo,0,0
1788466436.40,261.77,0.00,27.85,RETRACT,saida_eixo,0,0
1788466436.50,261.87,0.00,27.85,RETRACT,saida_eixo,0,0
1788466436.60,261.97,-0.00,27.85,RETRACT,saida_eixo,0,0
1788466436.70,262.07,-0.00,27.85,RETRACT,saida_eixo,0,0
1788466436.80,262.17,-0.00,27.85,RETRACT,saida_eixo,0,0
1788466436.90,262.27,-0.00,27.85,RETURN,saida_eixo,0,0
1788466437.00,262.37,-0.00,27.85,RETURN,saida_eixo,0,0
1788466437.11,262.47,-0.01,27.85,RETURN,saida_eixo,0,0
1788466437.21,262.57,-0.00,27.85,RETURN,saida_eixo,0,0
1788466437.31,262.67,0.00,27.85,RETURN,saida_eixo,0,0
1788466437.41,262.77,-0.00,27.85,RETURN,saida_eixo,0,0
1788466437.51,262.87,-0.00,27.85,RETURN,saida_eixo,0,0
1788466437.61,262.97,-0.01,27.85,RETURN,saida_eixo,0,0
1788466437.71,263.07,0.00,27.85,RETURN,saida_eixo,0,0
1788466437.82,263.17,-0.00,27.85,RETURN,saida_eixo,0,0
1788466437.92,263.27,0.00,27.85,RETURN,saida_eixo,0,0
1788466438.02,263.38,0.01,27.85,RETURN,saida_eixo,0,0
1788466438.12,263.47,0.01,27.85,RETURN,saida_eixo,0,0
1788466438.22,263.57,-0.00,27.85,RETURN,saida_eixo,0,0
1788466438.33,263.67,0.01,27.85,RETURN,saida_eixo,0,0
1788466438.43,263.77,-0.00,27.85,RETURN,saida_eixo,0,0
1788466438.53,263.87,-0.00,27.85,RETURN,saida_eixo,0,0
1788466438.63,263.98,-0.00,27.85,RETURN,saida_eixo,0,0
1788466438.73,264.07,-0.00,27.85,RETURN,saida_eixo,0,0
1788466438.83,264.17,-0.00,27.85,RETURN,saida_eixo,0,0
1788466438.93,264.27,-0.00,27.85,RETURN,saida_eixo,0,0
1788466439.03,264.37,-0.00,27.85,RETURN,saida_eixo,0,0
1788466439.13,264.48,0.01,27.85,RETURN,saida_eixo,0,0
1788466439.23,264.57,-0.01,27.85,RETURN,saida_eixo,0,0
1788466439.33,264.67,-0.01,27.85,RETURN,saida_eixo,0,0
1788466439.43,264.77,0.00,27.85,RETURN,saida_eixo,0,0
1788466439.53,264.87,-0.00,27.85,RETURN,saida_eixo,0,0
1788466439.63,264.97,0.01,27.85,RETURN,saida_eixo,0,0
1788466439.74,265.07,-0.01,27.85,RETURN,saida_eixo,0,0
1788466439.84,265.17,-0.00,27.85,RETURN,saida_eixo,0,0
1788466439.94,265.27,-0.00,27.85,RETURN,saida_eixo,0,0
1788466440.04,265.37,0.00,27.85,RETURN,saida_eixo,0,0
1788466440.14,265.47,0.00,27.85,RETURN,saida_eixo,0,0
1788466440.24,265.57,-0.00,27.85,RETURN,saida_eixo,0,0
1788466440.34,265.67,0.00,27.85,RETURN,saida_eixo,0,0
1788466440.44,265.77,0.00,27.85,RETURN,saida_eixo,0,0
1788466440.55,265.87,-0.01,27.85,RETURN,saida_eixo,0,0
1788466440.65,265.97,0.00,27.85,RETURN,saida_eixo,0,0
1788466440.75,266.07,0.00,27.85,RETURN,saida_eixo,0,0
1788466440.85,266.17,0.00,27.85,RETURN,saida_eixo,0,0
1788466440.96,266.27,-0.00,27.85,RETURN,saida_eixo,0,0
1788466441.06,266.37,-0.00,27.85,RETURN,saida_eixo,0,0
1788466441.16,266.47,-0.00,27.85,RETURN,saida_eixo,0,0
1788466441.26,266.57,0.01,27.85,RETURN,saida_eixo,0,0
1788466441.36,266.67,0.01,27.85,RETURN,saida_eixo,0,0
1788466441.47,266.77,-0.01,27.85,RETURN,saida_eixo,0,0
1788466441.56,266.87,0.01,27.85,RETURN,saida_eixo,0,0
1788466441.66,266.97,0.00,27.85,RETURN,saida_eixo,0,0
1788466441.77,267.07,0.00,27.85,RETURN,saida_eixo,0,0
1788466441.87,267.17,0.01,27.85,RETURN,saida_eixo,0,0
1788466441.97,267.27,0.00,27.85,RETURN,saida_eixo,0,0
1788466442.07,267.37,-0.00,27.85,RETURN,saida_eixo,0,0
1788466442.17,267.47,0.01,27.85,RETURN,saida_eixo,0,0
1788466442.27,267.57,-0.01,27.85,RETURN,saida_eixo,0,0
1788466442.37,267.67,-0.00,27.85,RETURN,saida_eixo,0,0
1788466442.48,267.77,0.01,27.85,RETURN,saida_eixo,0,0
1788466442.57,267.87,-0.01,27.85,RETURN,saida_eixo,0,0
1788466442.67,267.97,0.00,27.85,RETURN,saida_eixo,0,0
1788466442.78,268.07,0.01,27.85,RETURN,saida_eixo,0,0
1788466442.88,268.17,0.01,27.85,RETURN,saida_eixo,0,0
1788466442.98,268.27,0.00,27.85,RETURN,saida_eixo,0,0
1788466443.08,268.38,-0.01,27.85,RETURN,saida_eixo,0,0
1788466443.18,268.47,-0.00,27.85,RETURN,saida_eixo,0,0
1788466443.28,268.57,0.00,27.85,RETURN,saida_eixo,0,0
1788466443.38,268.67,0.00,27.85,RETURN,saida_eixo,0,0
1788466443.49,268.77,-0.00,27.85,RETURN,saida_eixo,0,0
1788466443.59,268.87,-0.00,27.85,RETURN,saida_eixo,0,0
1788466443.69,268.97,0.00,27.85,RETURN,saida_eixo,0,0
1788466443.79,269.07,0.00,27.85,RETURN,saida_eixo,0,0
1788466443.90,269.18,0.00,27.85,RETURN,saida_eixo,0,0
1788466443.99,269.27,-0.00,27.85,RETURN,saida_eixo,0,0
1788466444.09,269.37,0.00,27.85,RETURN,saida_eixo,0,0
1788466444.20,269.47,0.01,27.85,RETURN,saida_eixo,0,0
1788466444.29,269.57,-0.01,27.85,RETURN,saida_eixo,0,0
1788466444.40,269.67,-0.01,27.85,RETURN,saida_eixo,0,0
1788466444.50,269.77,-0.00,27.85,RETURN,saida_eixo,0,0
1788466444.60,269.87,0.00,27.85,RETURN,saida_eixo,0,0
1788466444.70,269.97,0.00,27.85,RETURN,saida_eixo,0,0
1788466444.80,270.07,-0.00,27.85,RETURN,saida_eixo,0,0
1788466444.90,270.17,-0.00,27.85,RETURN,saida_eixo,0,0
1788466445.00,270.27,-0.00,27.85,RETURN,saida_eixo,0,0
1788466445.10,270.37,-0.00,27.85,RETURN,saida_eixo,0,0
1788466445.20,270.47,-0.00,27.85,RETURN,saida_eixo,0,0
1788466445.30,270.57,0.01,27.85,RETURN,saida_eixo,0,0
1788466445.40,270.67,-0.01,27.85,RETURN,saida_eixo,0,0
1788466445.51,270.77,0.01,27.85,RETURN,saida_eixo,0,0
1788466445.61,270.87,-0.00,27.85,RETURN,saida_eixo,0,0
1788466445.71,270.97,-0.01,27.85,RETURN,saida_eixo,0,0
1788466445.81,271.07,0.00,27.85,RETURN,saida_eixo,0,0
1788466445.91,271.17,-0.00,27.85,RETURN,saida_eixo,0,0
1788466446.01,271.27,0.00,27.85,RETURN,saida_eixo,0,0
1788466446.11,271.37,-0.01,27.85,RETURN,saida_eixo,0,0
1788466446.21,271.47,-0.00,27.85,RETURN,saida_eixo,0,0
1788466446.31,271.57,-0.00,27.85,RETURN,saida_eixo,0,0
1788466446.42,271.67,-0.00,27.85,RETURN,saida_eixo,0,0
1788466446.52,271.77,0.00,27.85,RETURN,saida_eixo,0,0
1788466446.62,271.87,-0.00,27.85,RETURN,saida_eixo,0,0
1788466446.72,271.98,-0.00,27.85,RETURN,saida_eixo,0,0
1788466446.82,272.07,-0.00,27.85,RETURN,saida_eixo,0,0
1788466446.92,272.18,-0.01,27.85,RETURN,saida_eixo,0,0
1788466447.02,272.27,0.01,27.85,RETURN,saida_eixo,0,0
1788466447.13,272.37,0.01,27.85,RETURN,saida_eixo,0,0
1788466447.23,272.47,0.01,27.85,RETURN,saida_eixo,0,0
1788466447.33,272.57,-0.01,27.85,RETURN,saida_eixo,0,0
1788466447.43,272.67,0.00,27.85,RETURN,saida_eixo,0,0
1788466447.53,272.77,-0.00,27.85,RETURN,saida_eixo,0,0
1788466447.63,272.87,0.00,27.85,RETURN,saida_eixo,0,0
1788466447.73,272.97,0.01,27.85,RETURN,saida_eixo,0,0
1788466447.83,273.07,-0.00,27.85,RETURN,saida_eixo,0,0
1788466447.93,273.17,0.00,27.85,RETURN,saida_eixo,0,0
1788466448.04,273.27,-0.00,27.85,RETURN,saida_eixo,0,0
1788466448.13,273.37,-0.00,27.85,RETURN,saida_eixo,0,0
1788466448.23,273.47,-0.01,27.85,RETURN,saida_eixo,0,0
1788466448.34,273.57,-0.00,27.85,RETURN,saida_eixo,0,0
1788466448.44,273.67,-0.00,27.85,RETURN,saida_eixo,0,0
1788466448.54,273.77,0.00,27.85,RETURN,saida_eixo,0,0
1788466448.64,273.87,-0.01,27.85,RETURN,saida_eixo,0,0
1788466448.74,273.97,0.01,27.85,RETURN,saida_eixo,0,0
1788466448.84,274.07,0.00,27.85,RETURN,saida_eixo,0,0
1788466448.95,274.18,0.00,27.85,RETURN,saida_eixo,0,0
1788466449.05,274.27,-0.00,27.85,RETURN,saida_eixo,0,0
1788466449.15,274.37,0.00,27.85,RETURN,saida_eixo,0,0
1788466449.25,274.47,0.00,27.85,RETURN,saida_eixo,0,0
1788466449.35,274.57,-0.01,27.85,RETURN,saida_eixo,0,0
1788466449.45,274.67,0.00,27.85,RETURN,saida_eixo,0,0
1788466449.55,274.77,0.01,27.85,RETURN,saida_eixo,0,0
1788466449.65,274.87,-0.00,27.85,RETURN,saida_eixo,0,0
1788466449.75,274.97,-0.00,27.85,RETURN,saida_eixo,0,0
1788466449.86,275.07,-0.01,27.85,RETURN,saida_eixo,0,0
1788466449.95,275.17,-0.01,27.85,RETURN,saida_eixo,0,0
1788466450.06,275.27,0.01,27.85,RETURN,saida_eixo,0,0
1788466450.16,275.37,-0.00,27.85,RETURN,saida_eixo,0,0
1788466450.26,275.47,0.00,27.85,RETURN,saida_eixo,0,0
1788466450.36,275.57,0.00,27.85,RETURN,saida_eixo,0,0
1788466450.46,275.67,-0.00,27.85,RETURN,saida_eixo,0,0
1788466450.56,275.77,-0.00,27.85,RETURN,saida_eixo,0,0
1788466450.66,275.87,0.00,27.85,RETURN,saida_eixo,0,0
1788466450.76,275.97,-0.01,27.85,RETURN,saida_eixo,0,0
1788466450.86,276.07,-0.01,27.85,RETURN,saida_eixo,0,0
1788466450.96,276.17,-0.01,27.85,RETURN,saida_eixo,0,0
1788466451.06,276.27,-0.00,27.85,RETURN,saida_eixo,0,0
1788466451.16,276.37,-0.00,27.85,RETURN,saida_eixo,0,0
1788466451.26,276.47,-0.00,27.85,RETURN,saida_eixo,0,0
1788466451.36,276.57,-0.01,27.85,RETURN,saida_eixo,0,0
1788466451.46,276.67,0.01,27.85,RETURN,saida_eixo,0,0
1788466451.56,276.77,-0.00,27.85,RETURN,saida_eixo,0,0
1788466451.67,276.87,-0.00,27.85,RETURN,saida_eixo,0,0
1788466451.76,276.97,-0.00,27.85,RETURN,saida_eixo,0,0
1788466451.87,277.07,-0.00,27.85,RETURN,saida_eixo,0,0
1788466451.97,277.17,0.01,27.85,RETURN,saida_eixo,0,0
1788466452.07,277.27,-0.01,27.85,RETURN,saida_eixo,0,0
1788466452.17,277.37,-0.00,27.85,RETURN,saida_eixo,0,0
1788466452.27,277.47,-0.00,27.85,RETURN,saida_eixo,0,0
1788466452.37,277.57,-0.00,27.85,RETURN,saida_eixo,0,0
1788466452.47,277.67,-0.00,27.85,RETURN,saida_eixo,0,0
1788466452.58,277.77,0.00,27.85,RETURN,saida_eixo,0,0
1788466452.67,277.87,-0.00,27.85,RETURN,saida_eixo,0,0
1788466452.77,277.97,0.00,27.85,RETURN,saida_eixo,0,0
1788466452.88,278.07,-0.01,27.85,RETURN,saida_eixo,0,0
1788466452.98,278.18,0.01,27.85,RETURN,saida_eixo,0,0
1788466453.08,278.27,0.00,27.85,RETURN,saida_eixo,0,0
1788466453.18,278.37,-0.01,27.85,RETURN,saida_eixo,0,0
1788466453.28,278.47,0.01,27.85,RETURN,saida_eixo,0,0
1788466453.38,278.57,0.00,27.85,RETURN,saida_eixo,0,0
1788466453.48,278.67,0.01,27.85,RETURN,saida_eixo,0,0
1788466453.58,278.77,0.00,27.85,RETURN,saida_eixo,0,0
1788466453.68,278.87,-0.00,27.85,RETURN,saida_eixo,0,0
1788466453.79,278.97,-0.00,27.85,RETURN,saida_eixo,0,0
1788466453.89,279.07,-0.00,27.85,RETURN,saida_eixo,0,0
1788466453.99,279.17,-0.00,27.85,RETURN,saida_eixo,0,0
1788466454.09,279.27,0.00,27.85,RETURN,saida_eixo,0,0
1788466454.19,279.37,0.00,27.85,RETURN,saida_eixo,0,0
1788466454.29,279.47,-0.00,27.85,RETURN,saida_eixo,0,0
1788466454.39,279.57,-0.01,27.85,RETURN,saida_eixo,0,0
1788466454.49,279.67,-0.00,27.85,RETURN,saida_eixo,0,0
1788466454.60,279.77,-0.00,27.85,RETURN,saida_eixo,0,0
1788466454.70,279.87,-0.00,27.85,RETURN,saida_eixo,0,0
1788466454.80,279.97,-0.00,27.85,RETURN,saida_eixo,0,0
1788466454.90,280.07,-0.00,27.85,RETURN,saida_eixo,0,0
1788466455.00,280.17,0.00,27.85,RETURN,saida_eixo,0,0
1788466455.10,280.27,-0.00,27.85,RETURN,saida_eixo,0,0
1788466455.20,280.37,-0.00,27.85,RETURN,saida_eixo,0,0
1788466455.31,280.48,0.01,27.85,RETURN,saida_eixo,0,0
1788466455.41,280.57,-0.01,27.85,RETURN,saida_eixo,0,0
1788466455.51,280.67,0.01,27.85,RETURN,saida_eixo,0,0
1788466455.61,280.77,-0.00,27.85,RETURN,saida_eixo,0,0
1788466455.71,280.87,0.00,27.85,RETURN,saida_eixo,0,0
1788466455.81,280.97,-0.01,27.85,RETURN,saida_eixo,0,0
1788466455.91,281.07,0.01,27.85,RETURN,saida_eixo,0,0
1788466456.01,281.17,0.00,27.85,RETURN,saida_eixo,0,0
1788466456.11,281.27,-0.00,27.85,RETURN,saida_eixo,0,0
1788466456.21,281.37,-0.00,27.85,RETURN,saida_eixo,0,0
1788466456.31,281.47,0.01,27.85,RETURN,saida_eixo,0,0
1788466456.41,281.57,-0.00,27.85,RETURN,saida_eixo,0,0
1788466456.51,281.67,0.01,27.85,RETURN,saida_eixo,0,0
1788466456.61,281.77,0.00,27.85,RETURN,saida_eixo,0,0
1788466456.71,281.87,-0.00,27.85,RETURN,saida_eixo,0,0
1788466456.81,281.97,0.01,27.85,RETURN,saida_eixo,0,0
1788466456.92,282.07,0.00,27.85,RETURN,saida_eixo,0,0
1788466457.02,282.17,-0.01,27.85,RETURN,saida_eixo,0,0
1788466457.12,282.27,0.00,27.85,RETURN,saida_eixo,0,0
1788466457.22,282.37,-0.00,27.85,RETURN,saida_eixo,0,0
1788466457.32,282.47,-0.00,27.85,RETURN,saida_eixo,0,0
1788466457.42,282.57,0.01,27.85,RETURN,saida_eixo,0,0
1788466457.52,282.67,0.00,27.85,RETURN,saida_eixo,0,0
1788466457.62,282.77,-0.00,27.85,RETURN,saida_eixo,0,0
1788466457.72,282.87,0.00,27.85,RETURN,saida_eixo,0,0
1788466457.83,282.97,-0.00,27.85,RETURN,saida_eixo,0,0
1788466457.93,283.07,-0.00,27.85,RETURN,saida_eixo,0,0
1788466458.03,283.18,-0.00,27.85,RETURN,saida_eixo,0,0
1788466458.13,283.27,-0.01,27.85,RETURN,saida_eixo,0,0
1788466458.23,283.37,0.00,27.85,RETURN,saida_eixo,0,0
1788466458.33,283.47,0.00,27.85,RETURN,saida_eixo,0,0
1788466458.43,283.57,0.00,27.85,RETURN,saida_eixo,0,0
1788466458.53,283.67,0.00,27.85,RETURN,saida_eixo,0,0
1788466458.63,283.77,-0.01,27.85,RETURN,saida_eixo,0,0
1788466458.73,283.87,-0.00,27.85,RETURN,saida_eixo,0,0
1788466458.84,283.97,0.00,27.85,RETURN,saida_eixo,0,0
1788466458.94,284.07,-0.01,27.85,RETURN,saida_eixo,0,0
1788466459.04,284.17,0.00,27.85,RETURN,saida_eixo,0,0
1788466459.14,284.27,0.00,27.85,RETURN,saida_eixo,0,0
1788466459.24,284.37,-0.00,27.85,RETURN,saida_eixo,0,0
1788466459.34,284.47,-0.00,27.85,RETURN,saida_eixo,0,0
1788466459.44,284.57,-0.00,27.85,RETURN,saida_eixo,0,0
1788466459.54,284.67,0.01,27.85,RETURN,saida_eixo,0,0
1788466459.64,284.77,-0.00,27.85,RETURN,saida_eixo,0,0
1788466459.74,284.87,-0.00,27.85,RETURN,saida_eixo,0,0
1788466459.85,284.97,0.00,27.85,RETURN,saida_eixo,0,0
1788466459.95,285.07,-0.01,27.85,RETURN,saida_eixo,0,0
1788466460.05,285.18,-0.00,27.85,RETURN,saida_eixo,0,0
1788466460.15,285.27,0.00,27.85,RETURN,saida_eixo,0,0
1788466460.25,285.38,0.00,27.85,RETURN,saida_eixo,0,0
1788466460.35,285.47,-0.01,27.85,RETURN,saida_eixo,0,0
1788466460.45,285.57,0.01,27.85,RETURN,saida_eixo,0,0
1788466460.56,285.67,-0.01,27.85,RETURN,saida_eixo,0,0
1788466460.66,285.77,-0.00,27.85,RETURN,saida_eixo,0,0
1788466460.76,285.87,-0.00,27.85,RETURN,saida_eixo,0,0
1788466460.86,285.97,0.01,27.85,RETURN,saida_eixo,0,0
1788466460.96,286.07,-0.00,27.85,RETURN,saida_eixo,0,0
1788466461.06,286.17,0.01,27.85,RETURN,saida_eixo,0,0
1788466461.16,286.27,-0.00,27.85,RETURN,saida_eixo,0,0
1788466461.27,286.38,-0.00,27.85,RETURN,saida_eixo,0,0
1788466461.37,286.47,0.01,27.85,RETURN,saida_eixo,0,0
1788466461.47,286.57,-0.00,27.85,RETURN,saida_eixo,0,0
1788466461.57,286.67,-0.01,27.85,RETURN,saida_eixo,0,0
1788466461.67,286.77,-0.00,27.85,RETURN,saida_eixo,0,0
1788466461.77,286.87,-0.00,27.85,RETURN,saida_eixo,0,0
1788466461.87,286.97,-0.00,27.85,RETURN,saida_eixo,0,0
1788466461.97,287.07,0.00,27.85,RETURN,saida_eixo,0,0
1788466462.07,287.17,0.00,27.85,RETURN,saida_eixo,0,0
1788466462.18,287.27,-0.01,27.85,RETURN,saida_eixo,0,0
1788466462.28,287.37,-0.00,27.85,RETURN,saida_eixo,0,0
1788466462.38,287.47,-0.01,27.85,RETURN,saida_eixo,0,0
1788466462.48,287.57,0.01,27.85,RETURN,saida_eixo,0,0
1788466462.58,287.67,-0.01,27.85,RETURN,saida_eixo,0,0
1788466462.68,287.77,-0.00,27.85,RETURN,saida_eixo,0,0
1788466462.78,287.87,-0.00,27.85,RETURN,saida_eixo,0,0
1788466462.88,287.97,0.00,27.85,RETURN,saida_eixo,0,0
1788466462.98,288.07,-0.00,27.85,RETURN,saida_eixo,0,0
1788466463.08,288.17,-0.00,27.85,RETURN,saida_eixo,0,0
1788466463.18,288.27,-0.00,27.85,RETURN,saida_eixo,0,0
1788466463.29,288.37,-0.01,27.85,RETURN,saida_eixo,0,0
1788466463.39,288.48,0.00,27.85,RETURN,saida_eixo,0,0
1788466463.49,288.57,-0.00,27.85,RETURN,saida_eixo,0,0
1788466463.59,288.67,0.00,27.85,RETURN,saida_eixo,0,0
1788466463.69,288.77,-0.01,27.85,RETURN,saida_eixo,0,0
1788466463.79,288.87,-0.00,27.85,RETURN,saida_eixo,0,0
1788466463.89,288.97,0.00,27.85,RETURN,saida_eixo,0,0
1788466463.99,289.07,0.01,27.85,RETURN,saida_eixo,0,0
1788466464.09,289.17,-0.00,27.85,RETURN,saida_eixo,0,0
1788466464.19,289.27,-0.00,27.85,RETURN,saida_eixo,0,0
1788466464.29,289.37,-0.00,27.85,RETURN,saida_eixo,0,0
1788466464.39,289.47,-0.00,27.85,RETURN,saida_eixo,0,0
1788466464.49,289.57,0.01,27.85,RETURN,saida_eixo,0,0
1788466464.59,289.67,-0.00,27.85,RETURN,saida_eixo,0,0
1788466464.69,289.77,-0.00,27.85,RETURN,saida_eixo,0,0
1788466464.79,289.87,-0.00,27.85,RETURN,saida_eixo,0,0
1788466464.90,289.97,-0.00,27.85,RETURN,saida_eixo,0,0
1788466465.00,290.07,-0.00,27.85,RETURN,saida_eixo,0,0
1788466465.10,290.17,0.00,27.85,RETURN,saida_eixo,0,0
1788466465.20,290.27,-0.00,27.85,RETURN,saida_eixo,0,0
1788466465.30,290.37,-0.00,27.85,RETURN,saida_eixo,0,0
1788466465.40,290.47,-0.00,27.85,RETURN,saida_eixo,0,0
1788466465.50,290.57,-0.01,27.85,RETURN,saida_eixo,0,0
1788466465.61,290.67,-0.00,27.85,RETURN,saida_eixo,0,0
1788466465.71,290.77,0.01,27.85,RETURN,saida_eixo,0,0
1788466465.81,290.87,-0.00,27.85,RETURN,saida_eixo,0,0
1788466465.91,290.97,0.00,27.85,RETURN,saida_eixo,0,0
1788466466.01,291.07,-0.00,27.85,RETURN,saida_eixo,0,0
1788466466.11,291.17,-0.00,27.85,RETURN,saida_eixo,0,0
1788466466.21,291.27,-0.00,27.85,RETURN,saida_eixo,0,0
1788466466.31,291.37,0.00,27.85,RETURN,saida_eixo,0,0
1788466466.41,291.47,-0.01,27.85,RETURN,saida_eixo,0,0
1788466466.51,291.57,-0.01,27.85,RETURN,saida_eixo,0,0
1788466466.61,291.68,0.01,27.85,RETURN,saida_eixo,0,0
1788466466.71,291.77,-0.00,27.85,RETURN,saida_eixo,0,0
1788466466.81,291.87,0.00,27.85,RETURN,saida_eixo,0,0
1788466466.91,291.97,0.01,27.85,RETURN,saida_eixo,0,0
1788466467.01,292.07,-0.00,27.85,RETURN,saida_eixo,0,0
1788466467.11,292.17,-0.00,27.85,RETURN,saida_eixo,0,0
1788466467.21,292.27,-0.00,27.85,RETURN,saida_eixo,0,0
1788466467.32,292.37,0.00,27.85,RETURN,saida_eixo,0,0
1788466467.42,292.47,-0.00,27.85,RETURN,saida_eixo,0,0
1788466467.52,292.57,0.01,27.85,RETURN,saida_eixo,0,0
1788466467.62,292.67,-0.01,27.85,RETURN,saida_eixo,0,0
1788466467.72,292.77,0.00,27.85,RETURN,saida_eixo,0,0
1788466467.82,292.87,-0.00,27.85,RETURN,saida_eixo,0,0
1788466467.92,292.97,-0.01,27.85,RETURN,saida_eixo,0,0
1788466468.02,293.07,0.00,27.85,RETURN,saida_eixo,0,0
