wall,sim,lingueta_mm,lamina_deg,estado,fase,armvel_nz,armvel_n
1788467143.41,0.00,-0.00,28.71,,,0,0
1788467143.66,957.86,-0.00,28.71,,,0,0
1788467143.66,957.87,0.00,28.71,,,0,0
1788467143.76,957.97,0.01,28.71,,,0,0
1788467143.86,958.07,0.00,28.71,,,0,0
1788467143.96,958.17,0.00,28.71,,,0,0
1788467144.06,958.27,0.00,28.71,,,0,0
1788467144.16,958.37,-0.00,28.71,,,0,0
1788467144.27,958.47,-0.01,28.71,,,0,0
1788467144.37,958.57,0.01,28.71,,,0,0
1788467144.47,958.67,-0.00,28.71,,,0,0
1788467144.57,958.77,0.01,0.00,,,0,0
1788467144.67,958.87,0.00,0.00,,,0,0
1788467144.77,958.97,0.01,0.00,,,0,0
1788467144.87,959.07,0.00,0.00,,,0,0
1788467144.97,959.17,-0.00,0.00,,,0,0
1788467145.08,959.27,0.01,0.00,,,0,0
1788467145.18,959.37,0.01,0.00,,,0,0
1788467145.28,959.47,-0.00,0.00,,,0,0
1788467145.38,959.57,-0.00,0.00,,,0,0
1788467145.48,959.67,0.01,0.00,,,0,0
1788467145.58,959.77,0.00,0.00,,,0,0
1788467145.68,959.87,0.00,0.00,,,0,0
1788467145.79,959.97,0.00,0.00,,,0,0
1788467145.89,960.07,0.00,0.00,,,0,0
1788467145.99,960.17,-0.00,0.00,,,0,0
1788467146.09,960.27,0.00,0.00,,,0,0
1788467146.19,960.37,-0.00,0.00,,,0,0
1788467146.29,960.47,-0.00,0.00,,,0,0
1788467146.39,960.57,0.00,0.00,,,0,0
1788467146.49,960.67,0.01,0.00,,,0,0
1788467146.59,960.77,-0.00,0.00,,,0,0
1788467146.69,960.87,0.01,0.00,,,0,0
1788467146.80,960.97,0.01,0.00,,,0,0
1788467146.90,961.07,-0.00,0.00,,,0,0
1788467147.00,961.17,-0.00,0.00,,,0,0
1788467147.10,961.27,0.01,0.00,,,0,0
1788467147.20,961.37,-0.00,0.00,,,0,0
1788467147.30,961.47,0.00,0.00,,,0,0
1788467147.40,961.57,-0.00,0.00,,,0,0
1788467147.50,961.67,0.00,0.00,,,0,0
1788467147.60,961.77,0.01,0.00,,,0,0
1788467147.70,961.87,-0.00,0.00,,,0,0
1788467147.81,961.97,0.00,0.00,,,0,0
1788467147.91,962.07,0.01,0.00,,,0,0
1788467148.01,962.17,0.01,0.00,,,0,0
1788467148.11,962.27,0.00,0.00,,,0,0
1788467148.21,962.37,0.00,0.00,,,0,0
1788467148.31,962.47,0.00,0.00,,,0,0
1788467148.41,962.57,-0.00,0.00,,,0,0
1788467148.51,962.67,0.00,0.00,,,0,0
1788467148.61,962.77,0.01,0.00,,,0,0
1788467148.71,962.87,0.00,0.00,,,0,0
1788467148.81,962.97,0.00,0.00,,,0,0
1788467148.91,963.07,0.01,0.00,,,0,0
1788467149.01,963.17,0.01,0.00,,,0,0
1788467149.12,963.27,0.00,0.00,,,0,0
1788467149.22,963.37,0.00,0.00,,,0,0
1788467149.32,963.47,0.00,0.00,,,0,0
1788467149.42,963.57,0.00,0.00,,,0,0
1788467149.52,963.67,0.00,0.00,,,0,0
1788467149.62,963.77,0.01,0.00,,,0,0
1788467149.72,963.87,0.00,0.00,,,0,0
1788467149.82,963.97,-0.00,0.00,,,0,0
1788467149.92,964.07,-0.00,0.00,,,0,0
1788467150.02,964.17,0.01,0.00,,,0,0
1788467150.12,964.27,-0.00,0.00,,,0,0
1788467150.22,964.37,0.00,0.00,,,0,0
1788467150.32,964.47,0.01,0.00,,,0,0
1788467150.47,964.57,-0.00,0.00,,,0,0
1788467150.54,964.67,-0.00,0.00,,,0,0
1788467150.63,964.77,0.00,0.00,,,0,0
1788467150.73,964.87,-0.00,0.00,,,0,0
1788467150.84,964.97,0.00,0.00,,,0,0
1788467150.94,965.07,-0.00,0.00,,,0,0
1788467151.04,965.17,0.00,0.00,,,0,0
1788467151.14,965.27,0.00,0.00,,,0,0
1788467151.24,965.37,0.00,0.00,,,0,0
1788467151.34,965.47,0.01,0.00,,,0,0
1788467151.44,965.57,-0.00,0.00,STOW_INIT,,0,1
1788467151.54,965.67,-0.00,0.00,STOW_INIT,,0,0
1788467151.65,965.77,-0.00,0.00,STOW_INIT,,0,0
1788467151.75,965.87,0.00,0.00,SEARCH,,0,0
1788467151.85,965.97,0.00,0.00,SEARCH,,0,0
1788467151.95,966.07,-0.00,0.00,SEARCH,,0,0
1788467152.05,966.17,0.01,0.00,SEARCH,,0,0
1788467152.15,966.27,0.00,0.00,SEARCH,,0,0
1788467152.25,966.37,0.01,0.00,SEARCH,,0,0
1788467152.35,966.47,0.01,0.00,SEARCH,,0,0
1788467152.46,966.57,-0.00,0.00,SEARCH,,0,0
1788467152.55,966.67,0.00,0.00,SEARCH,,0,0
1788467152.66,966.77,-0.00,0.00,SEARCH,,0,0
1788467152.76,966.87,0.00,0.00,SEARCH,,0,0
1788467152.86,966.97,-0.00,0.00,SEARCH,,0,0
1788467152.96,967.07,0.01,0.00,SEARCH,,0,0
1788467153.06,967.17,-0.00,0.00,SEARCH,,0,0
1788467153.16,967.27,-0.00,0.00,SEARCH,,0,0
1788467153.26,967.37,-0.00,0.00,SEARCH,,0,0
1788467153.36,967.47,0.00,0.00,SEARCH,,0,0
1788467153.46,967.57,0.01,0.00,SEARCH,,0,0
1788467153.56,967.67,0.00,0.00,SEARCH,,0,0
1788467153.66,967.77,0.01,0.00,SEARCH,,0,0
1788467153.76,967.87,0.01,0.00,SEARCH,,0,0
1788467153.87,967.97,0.00,0.00,SEARCH,,0,0
1788467153.97,968.07,0.00,0.00,SEARCH,,0,0
1788467154.07,968.17,-0.00,0.00,SEARCH,,0,0
1788467154.17,968.27,0.00,0.00,SEARCH,,0,0
1788467154.27,968.37,0.00,0.00,SEARCH,,0,0
1788467154.37,968.47,0.00,0.00,SEARCH,,0,0
1788467154.47,968.57,0.01,0.00,SEARCH,,0,0
1788467154.57,968.67,0.00,0.00,SEARCH,,0,0
1788467154.67,968.77,0.00,0.00,SEARCH,,0,0
1788467154.77,968.87,0.00,0.00,SEARCH,,0,0
1788467154.88,968.97,0.00,0.00,SEARCH,,0,0
1788467154.98,969.07,0.01,0.00,SEARCH,,0,0
1788467155.08,969.17,0.01,0.00,SEARCH,,0,0
1788467155.18,969.27,0.00,0.00,SEARCH,,0,0
1788467155.28,969.37,0.01,0.00,SEARCH,,0,0
1788467155.38,969.47,-0.00,0.00,SEARCH,,0,0
1788467155.48,969.57,-0.00,0.00,SEARCH,,0,0
1788467155.58,969.67,0.00,0.00,SEARCH,,0,0
1788467155.68,969.77,0.01,0.00,SEARCH,,0,0
1788467155.78,969.87,-0.00,0.00,SEARCH,,0,0
1788467155.88,969.97,-0.00,0.00,SEARCH,,0,0
1788467155.98,970.07,0.01,0.00,SEARCH,,0,0
1788467156.09,970.17,-0.00,0.00,SEARCH,,0,0
1788467156.19,970.27,0.01,0.00,SEARCH,,0,0
1788467156.29,970.37,-0.00,0.00,SEARCH,,0,0
1788467156.39,970.47,-0.00,0.00,SEARCH,,0,0
1788467156.49,970.57,-0.00,0.00,SEARCH,,0,0
1788467156.59,970.67,0.01,0.00,SEARCH,,0,0
1788467156.70,970.77,-0.00,0.00,SEARCH,,0,0
1788467156.79,970.87,0.00,0.00,SEARCH,,0,0
1788467156.89,970.97,-0.00,0.00,SEARCH,,0,0
1788467156.99,971.07,0.01,0.00,SEARCH,,0,0
1788467157.09,971.17,-0.00,0.00,SEARCH,,0,0
1788467157.19,971.27,0.00,0.00,SEARCH,,0,0
1788467157.30,971.37,0.00,0.00,SEARCH,,0,0
1788467157.40,971.47,-0.00,0.00,SEARCH,,0,0
1788467157.49,971.57,0.00,0.00,SEARCH,,0,0
1788467157.60,971.67,0.00,0.00,SEARCH,,0,0
1788467157.70,971.77,-0.00,0.00,SEARCH,,0,0
1788467157.79,971.87,-0.00,0.00,SEARCH,,0,0
1788467157.89,971.97,0.01,0.00,SEARCH,,0,0
1788467158.00,972.07,-0.00,0.00,SEARCH,,0,0
1788467158.10,972.17,-0.00,0.00,SEARCH,,0,0
1788467158.20,972.27,0.00,0.00,SEARCH,,0,0
1788467158.31,972.37,-0.00,0.00,SEARCH,,0,0
1788467158.40,972.47,0.01,0.00,SEARCH,,0,0
1788467158.50,972.57,-0.00,0.00,SEARCH,,0,0
1788467158.61,972.67,0.00,0.00,SEARCH,,0,0
1788467158.71,972.77,0.00,0.00,SEARCH,,0,0
1788467158.81,972.87,0.00,0.00,SEARCH,,0,0
1788467158.91,972.97,-0.00,0.00,SEARCH,,0,0
1788467159.01,973.07,0.00,0.00,SEARCH,,0,0
1788467159.11,973.17,0.01,0.00,SEARCH,,0,0
1788467159.21,973.27,0.01,0.00,SEARCH,,0,0
1788467159.31,973.37,0.00,0.00,SEARCH,,0,0
1788467159.41,973.47,0.01,0.00,SEARCH,,0,0
1788467159.52,973.57,0.01,0.00,SEARCH,,0,0
1788467159.62,973.67,0.00,0.00,SEARCH,,0,0
1788467159.72,973.77,0.01,0.00,SEARCH,,0,0
1788467159.82,973.87,0.00,0.00,SEARCH,,0,0
1788467159.92,973.97,0.00,0.00,SEARCH,,0,0
1788467160.02,974.07,0.01,0.00,SEARCH,,0,0
1788467160.12,974.17,0.00,0.00,SEARCH,,0,0
1788467160.22,974.27,0.01,0.00,SEARCH,,0,0
1788467160.33,974.37,-0.00,0.00,SEARCH,,0,0
1788467160.43,974.47,-0.00,0.00,SEARCH,,0,0
1788467160.53,974.57,-0.01,0.00,SEARCH,,0,0
1788467160.63,974.67,0.01,0.00,SEARCH,,0,0
1788467160.73,974.77,-0.00,0.00,SEARCH,,0,0
1788467160.83,974.87,0.01,0.00,SEARCH,,0,0
1788467160.93,974.97,0.01,0.00,SEARCH,,0,0
1788467161.03,975.07,0.00,0.00,SEARCH,,0,0
1788467161.13,975.17,0.00,0.00,SEARCH,,0,0
1788467161.23,975.27,0.01,0.00,SEARCH,,0,0
1788467161.33,975.37,0.00,0.00,SEARCH,,0,0
1788467161.43,975.47,-0.00,0.00,SEARCH,,0,0
1788467161.54,975.57,0.00,0.00,SEARCH,,0,0
1788467161.63,975.67,0.01,0.00,SEARCH,,0,0
1788467161.74,975.77,-0.00,0.00,SEARCH,,0,0
1788467161.84,975.87,-0.00,0.00,SEARCH,,0,0
1788467161.94,975.97,-0.00,0.00,SEARCH,,0,0
1788467162.04,976.07,0.00,0.00,SEARCH,,0,0
1788467162.14,976.17,-0.00,0.00,SEARCH,,0,0
1788467162.24,976.27,0.00,0.00,SEARCH,,0,0
1788467162.35,976.37,0.01,0.00,SEARCH,,0,0
1788467162.45,976.47,-0.00,0.00,SEARCH,,0,0
1788467162.55,976.57,0.01,0.00,SEARCH,,0,0
1788467162.65,976.67,0.01,0.00,SEARCH,,0,0
1788467162.75,976.77,0.00,0.00,SEARCH,,0,0
1788467162.85,976.87,0.01,0.00,SEARCH,,0,0
1788467162.95,976.97,-0.00,0.00,SEARCH,,0,0
1788467163.05,977.07,-0.00,0.00,SEARCH,,0,0
1788467163.16,977.17,0.01,0.00,SEARCH,,0,0
1788467163.26,977.27,-0.00,0.00,SEARCH,,0,0
1788467163.36,977.37,0.00,0.00,SEARCH,,0,0
1788467163.46,977.47,-0.00,0.00,SEARCH,,0,0
1788467163.56,977.57,0.01,0.00,SEARCH,,0,0
1788467163.66,977.67,0.00,0.00,SEARCH,,0,0
1788467163.76,977.77,-0.00,0.00,SEARCH,,0,0
1788467163.86,977.87,0.00,0.00,SEARCH,,0,0
1788467163.96,977.97,0.01,0.00,SEARCH,,0,0
1788467164.06,978.07,0.00,0.00,SEARCH,,0,0
1788467164.16,978.17,0.00,0.00,SEARCH,,0,0
1788467164.26,978.27,0.00,0.00,SEARCH,,0,0
1788467164.36,978.37,0.00,0.00,SEARCH,,0,0
1788467164.46,978.47,-0.00,0.00,SEARCH,,0,0
1788467164.56,978.57,0.00,0.00,SEARCH,,0,0
1788467164.66,978.67,0.00,0.00,SEARCH,,0,0
1788467164.77,978.77,0.00,0.00,SEARCH,,0,0
1788467164.87,978.87,0.01,0.00,SEARCH,,0,0
1788467164.97,978.97,0.00,0.00,SEARCH,,0,0
1788467165.07,979.07,0.00,0.00,SEARCH,,0,0
1788467165.17,979.17,0.01,0.00,SEARCH,,0,0
1788467165.27,979.27,0.00,0.00,SEARCH,,0,0
1788467165.37,979.37,0.01,0.00,SEARCH,,0,0
1788467165.47,979.47,0.00,0.00,SEARCH,,0,0
1788467165.58,979.57,0.01,0.00,SEARCH,,0,0
1788467165.68,979.67,0.00,0.00,SEARCH,,0,0
1788467165.78,979.77,0.00,0.00,SEARCH,,0,0
1788467165.88,979.87,-0.00,0.00,SEARCH,,0,0
1788467165.98,979.97,-0.01,0.00,SEARCH,,0,0
1788467166.08,980.07,-0.00,0.00,SEARCH,,0,0
1788467166.18,980.17,-0.00,0.00,SEARCH,,0,0
1788467166.28,980.27,-0.00,0.00,SEARCH,,0,0
1788467166.38,980.37,0.01,0.00,SEARCH,,0,0
1788467166.48,980.47,0.01,0.00,SEARCH,,0,0
1788467166.58,980.57,0.01,0.00,SEARCH,,0,0
1788467166.68,980.67,0.00,0.00,SEARCH,,0,0
1788467166.79,980.77,0.00,0.00,SEARCH,,0,0
1788467166.89,980.87,0.00,0.00,SEARCH,,0,0
1788467166.98,980.97,0.01,0.00,SEARCH,,0,0
1788467167.09,981.07,0.01,0.00,SEARCH,,0,0
1788467167.19,981.17,-0.00,0.00,SEARCH,,0,0
1788467167.29,981.27,0.00,0.00,SEARCH,,0,0
1788467167.39,981.37,0.00,0.00,SEARCH,,0,0
1788467167.49,981.47,-0.00,0.00,SEARCH,,0,0
1788467167.59,981.57,0.01,0.00,SEARCH,,0,0
1788467167.69,981.67,0.00,0.00,SEARCH,,0,0
1788467167.79,981.77,-0.00,0.00,SEARCH,,0,0
1788467167.89,981.87,-0.00,0.00,SEARCH,,0,0
1788467167.99,981.97,0.00,0.00,SEARCH,,0,0
1788467168.09,982.07,-0.00,0.00,SEARCH,,0,0
1788467168.20,982.17,-0.00,0.00,SEARCH,,0,0
1788467168.30,982.27,-0.01,0.00,SEARCH,,0,0
1788467168.40,982.37,0.01,0.00,SEARCH,,0,0
1788467168.50,982.47,0.01,0.00,SEARCH,,0,0
1788467168.60,982.57,-0.00,0.00,SEARCH,,0,0
1788467168.70,982.67,-0.00,0.00,SEARCH,,0,0
1788467168.80,982.77,0.01,0.00,SEARCH,,0,0
1788467168.90,982.87,-0.00,0.00,SEARCH,,0,0
1788467169.00,982.97,0.01,0.00,SEARCH,,0,0
1788467169.10,983.07,0.00,0.00,SEARCH,,0,0
1788467169.20,983.17,0.00,0.00,SEARCH,,0,0
1788467169.30,983.27,0.00,0.00,SEARCH,,0,0
1788467169.41,983.37,0.00,0.00,SEARCH,,0,0
1788467169.51,983.47,-0.00,0.00,SEARCH,,0,0
1788467169.61,983.57,0.01,0.00,SEARCH,,0,0
1788467169.71,983.67,0.00,0.00,SEARCH,,0,0
1788467169.81,983.77,0.01,0.00,SEARCH,,0,0
1788467169.91,983.87,0.01,0.00,SEARCH,,0,0
1788467170.01,983.97,0.00,0.00,SEARCH,,0,0
1788467170.11,984.07,0.00,0.00,SEARCH,,0,0
1788467170.22,984.17,0.00,0.00,SEARCH,,0,0
1788467170.32,984.27,0.00,0.00,SEARCH,,0,0
1788467170.42,984.37,-0.00,0.00,SEARCH,,0,0
1788467170.51,984.47,0.01,0.00,SEARCH,,0,0
1788467170.62,984.57,0.00,0.00,SEARCH,,0,0
1788467170.72,984.67,0.00,0.00,SEARCH,,0,0
1788467170.82,984.77,0.01,0.00,SEARCH,,0,0
1788467170.92,984.87,0.01,0.00,SEARCH,,0,0
1788467171.03,984.97,-0.00,0.00,SEARCH,,0,0
1788467171.12,985.07,0.00,0.00,SEARCH,,0,0
1788467171.23,985.17,0.01,0.00,SEARCH,,0,0
1788467171.33,985.27,0.01,0.00,SEARCH,,0,0
1788467171.43,985.37,0.00,0.00,SEARCH,,0,0
1788467171.53,985.47,0.00,0.00,SEARCH,,0,0
1788467171.63,985.57,-0.00,0.00,SEARCH,,0,0
1788467171.73,985.67,-0.00,0.00,SEARCH,,0,0
1788467171.83,985.77,0.01,0.00,SEARCH,,0,0
1788467171.93,985.87,-0.01,0.00,SEARCH,,0,0
1788467172.04,985.97,-0.00,0.00,SEARCH,,0,0
1788467172.13,986.07,0.01,0.00,SEARCH,,0,0
1788467172.23,986.17,-0.00,0.00,SEARCH,,0,0
1788467172.34,986.27,-0.00,0.00,SEARCH,,0,0
1788467172.44,986.37,0.01,0.00,SEARCH,,0,0
1788467172.54,986.47,0.01,0.00,SEARCH,,0,0
1788467172.64,986.57,0.00,0.00,APPROACH,,0,0
1788467172.74,986.67,0.00,0.00,APPROACH,,0,0
1788467172.84,986.77,0.01,0.00,APPROACH,,0,0
1788467172.94,986.87,-0.00,0.00,APPROACH,,0,0
1788467173.05,986.97,-0.00,0.00,APPROACH,,0,0
1788467173.15,987.07,0.01,0.00,APPROACH,,0,0
1788467173.25,987.17,0.00,0.00,APPROACH,,0,0
1788467173.35,987.27,0.01,0.00,APPROACH,,0,0
1788467173.45,987.37,-0.00,0.00,APPROACH,,0,0
1788467173.55,987.47,-0.00,0.00,APPROACH,,0,0
1788467173.65,987.57,0.00,0.00,APPROACH,,0,0
1788467173.75,987.67,0.01,0.00,APPROACH,,0,0
1788467173.85,987.77,0.00,0.00,APPROACH,,0,0
1788467173.95,987.87,-0.00,0.00,APPROACH,,0,0
1788467174.05,987.97,0.01,0.00,APPROACH,,0,0
1788467174.16,988.07,-0.00,0.00,APPROACH,,0,0
1788467174.25,988.17,-0.00,0.00,APPROACH,,0,0
1788467174.36,988.27,0.00,0.00,APPROACH,,0,0
1788467174.46,988.37,0.01,0.00,APPROACH,,0,0
1788467174.56,988.47,0.00,0.00,APPROACH,,0,0
1788467174.66,988.57,0.01,0.00,APPROACH,,0,0
1788467174.76,988.67,0.00,0.00,APPROACH,,0,0
1788467174.86,988.77,0.01,0.00,APPROACH,,0,0
1788467174.96,988.87,0.01,0.00,APPROACH,,0,0
1788467175.07,988.97,0.00,0.00,APPROACH,,0,0
1788467175.17,989.07,0.00,0.00,APPROACH,,0,0
1788467175.27,989.17,0.00,0.00,APPROACH,,0,0
1788467175.37,989.27,0.01,0.00,APPROACH,,0,0
1788467175.47,989.37,0.00,0.00,APPROACH,,0,0
1788467175.57,989.47,0.01,0.00,APPROACH,,0,0
1788467175.67,989.57,-0.00,0.00,APPROACH,,0,0
1788467175.77,989.67,0.01,0.00,APPROACH,,0,0
1788467175.88,989.77,0.01,0.00,APPROACH,,0,0
1788467175.98,989.87,0.00,0.00,APPROACH,,0,0
1788467176.08,989.97,0.01,0.00,APPROACH,,0,0
1788467176.18,990.07,0.01,0.00,APPROACH,,0,0
1788467176.28,990.17,-0.00,0.00,APPROACH,,0,0
1788467176.38,990.27,0.00,0.00,APPROACH,,0,0
1788467176.48,990.37,-0.00,0.00,APPROACH,,0,0
1788467176.59,990.47,0.00,0.00,APPROACH,,0,0
1788467176.69,990.57,-0.00,0.00,APPROACH,,0,0
1788467176.79,990.67,0.00,0.00,APPROACH,,0,0
1788467176.89,990.77,0.00,0.00,APPROACH,,0,0
1788467176.99,990.87,0.00,0.00,APPROACH,,0,0
1788467177.09,990.97,0.01,0.00,APPROACH,,0,0
1788467177.19,991.07,-0.00,0.00,APPROACH,,0,0
1788467177.30,991.17,0.00,0.00,APPROACH,,0,0
1788467177.40,991.27,0.00,0.00,APPROACH,,0,0
1788467177.50,991.37,0.00,0.00,APPROACH,,0,0
1788467177.60,991.47,-0.00,0.00,APPROACH,,0,0
1788467177.70,991.57,-0.01,0.00,APPROACH,,0,0
1788467177.80,991.67,0.00,0.00,APPROACH,,0,0
1788467177.91,991.77,0.00,0.00,APPROACH,,0,0
1788467178.01,991.87,-0.00,0.00,APPROACH,,0,0
1788467178.11,991.97,0.01,0.00,APPROACH,,0,0
1788467178.21,992.07,0.01,0.00,APPROACH,,0,0
1788467178.31,992.17,-0.00,0.00,APPROACH,,0,0
1788467178.41,992.27,0.01,0.00,APPROACH,,0,0
1788467178.51,992.37,0.00,0.00,APPROACH,,0,0
1788467178.61,992.47,-0.00,0.00,APPROACH,,0,0
1788467178.71,992.57,-0.00,0.00,APPROACH,,0,0
1788467178.81,992.67,-0.00,0.00,APPROACH,,0,0
1788467178.91,992.77,0.00,0.00,APPROACH,,0,0
1788467179.02,992.87,0.00,0.00,APPROACH,,0,0
1788467179.12,992.97,-0.00,0.00,APPROACH,,0,0
1788467179.22,993.07,-0.00,0.00,APPROACH,,0,0
1788467179.32,993.17,0.01,0.00,APPROACH,,0,0
1788467179.42,993.27,0.01,0.00,APPROACH,,0,0
1788467179.52,993.37,0.00,0.00,APPROACH,,0,0
1788467179.62,993.47,0.00,0.00,APPROACH,,0,0
1788467179.73,993.57,0.00,0.00,APPROACH,,0,0
1788467179.83,993.67,-0.00,0.00,APPROACH,,0,0
1788467179.93,993.77,0.00,0.00,APPROACH,,0,0
1788467180.03,993.87,0.01,0.00,APPROACH,,0,0
1788467180.13,993.97,0.00,0.00,APPROACH,,0,0
1788467180.23,994.07,0.00,0.00,APPROACH,,0,0
1788467180.34,994.17,0.00,0.00,APPROACH,,0,0
1788467180.44,994.27,0.01,0.00,APPROACH,,0,0
1788467180.54,994.37,0.00,0.00,APPROACH,,0,0
1788467180.64,994.47,0.00,0.00,APPROACH,,0,0
1788467180.74,994.57,0.01,0.00,APPROACH,,0,0
1788467180.84,994.67,0.00,0.00,APPROACH,,0,0
1788467180.94,994.77,0.00,0.00,APPROACH,,0,0
1788467181.04,994.87,0.01,0.00,APPROACH,,0,0
1788467181.14,994.97,0.01,0.00,APPROACH,,0,0
1788467181.24,995.07,0.01,0.00,APPROACH,,0,0
1788467181.34,995.17,-0.00,0.00,APPROACH,,0,0
1788467181.45,995.27,0.01,0.00,APPROACH,,0,0
1788467181.55,995.37,-0.00,0.00,APPROACH,,0,0
1788467181.65,995.47,0.00,0.00,APPROACH,,0,0
1788467181.74,995.57,0.01,0.00,APPROACH,,0,0
1788467181.85,995.67,0.01,0.00,APPROACH,,0,0
1788467181.95,995.77,-0.00,0.00,APPROACH,,0,0
1788467182.05,995.87,-0.00,0.00,APPROACH,,0,0
1788467182.15,995.97,-0.00,0.00,APPROACH,,0,0
1788467182.25,996.07,-0.00,0.00,APPROACH,,0,0
1788467182.36,996.17,0.00,0.00,APPROACH,,0,0
1788467182.46,996.27,0.00,0.00,APPROACH,,0,0
1788467182.56,996.37,0.00,0.00,APPROACH,,0,0
1788467182.66,996.47,0.00,0.00,APPROACH,,0,0
1788467182.76,996.57,0.01,0.00,APPROACH,,0,0
1788467182.86,996.67,-0.00,0.00,APPROACH,,0,0
1788467182.96,996.77,0.00,0.00,APPROACH,,0,0
1788467183.06,996.87,-0.00,0.00,APPROACH,,0,0
1788467183.16,996.97,0.01,0.00,APPROACH,,0,0
1788467183.26,997.07,0.00,0.00,APPROACH,,0,0
1788467183.37,997.17,-0.00,0.00,APPROACH,,0,0
1788467183.47,997.27,0.01,0.00,APPROACH,,0,0
1788467183.58,997.37,-0.00,0.00,APPROACH,,0,0
1788467183.68,997.47,0.01,0.00,APPROACH,,0,0
1788467183.78,997.57,0.01,0.00,APPROACH,,0,0
1788467183.88,997.67,0.01,0.00,APPROACH,,0,0
1788467183.98,997.77,0.00,0.00,APPROACH,,0,0
1788467184.08,997.87,-0.00,0.00,APPROACH,,0,0
1788467184.18,997.97,0.00,0.00,APPROACH,,0,0
1788467184.28,998.07,-0.00,0.00,APPROACH,,0,0
1788467184.39,998.17,0.00,0.00,APPROACH,,0,0
1788467184.49,998.27,-0.01,0.00,APPROACH,,0,0
1788467184.59,998.37,-0.00,0.00,APPROACH,,0,0
1788467184.69,998.47,0.01,0.00,APPROACH,,0,0
1788467184.79,998.57,0.00,0.00,APPROACH,,0,0
1788467184.89,998.67,0.00,0.00,APPROACH,,0,0
1788467185.00,998.77,0.01,0.00,APPROACH,,0,0
1788467185.10,998.87,0.01,0.00,APPROACH,,0,0
1788467185.20,998.97,0.00,0.00,APPROACH,,0,0
1788467185.30,999.07,0.00,0.00,APPROACH,,0,0
1788467185.40,999.17,0.01,0.00,APPROACH,,0,0
1788467185.50,999.27,-0.00,0.00,APPROACH,,0,0
1788467185.60,999.37,0.00,0.00,APPROACH,,0,0
1788467185.70,999.47,0.00,0.00,APPROACH,,0,0
1788467185.80,999.57,-0.00,0.00,APPROACH,,0,0
1788467185.90,999.67,0.01,0.00,APPROACH,,0,0
1788467186.00,999.77,0.01,0.00,APPROACH,,0,0
1788467186.10,999.87,0.00,0.00,APPROACH,,0,0
1788467186.20,999.97,0.00,0.00,APPROACH,,0,0
1788467186.31,1000.07,0.00,0.00,APPROACH,,0,0
1788467186.41,1000.17,0.01,0.00,APPROACH,,0,0
1788467186.51,1000.27,0.01,0.00,APPROACH,,0,0
1788467186.61,1000.37,0.00,0.00,APPROACH,,0,0
1788467186.71,1000.47,0.01,0.00,APPROACH,,0,0
1788467186.81,1000.57,-0.00,0.00,APPROACH,,0,0
1788467186.91,1000.67,-0.00,0.00,APPROACH,,0,0
1788467187.01,1000.77,0.01,0.00,APPROACH,,0,0
1788467187.12,1000.87,0.01,0.00,APPROACH,,0,0
1788467187.22,1000.97,-0.00,0.00,APPROACH,,0,0
1788467187.32,1001.07,0.00,0.00,APPROACH,,0,0
1788467187.42,1001.17,0.00,0.00,APPROACH,,0,0
1788467187.52,1001.27,-0.00,0.00,APPROACH,,0,0
1788467187.62,1001.37,0.00,0.00,APPROACH,,0,0
1788467187.72,1001.47,-0.01,0.00,APPROACH,,0,0
1788467187.82,1001.57,-0.00,0.00,APPROACH,,0,0
1788467187.92,1001.67,0.00,0.00,APPROACH,,0,0
1788467188.02,1001.77,0.00,0.00,APPROACH,,0,0
1788467188.12,1001.87,0.00,0.00,APPROACH,,0,0
1788467188.22,1001.97,0.00,0.00,APPROACH,,0,0
1788467188.32,1002.07,0.01,0.00,APPROACH,,0,0
1788467188.42,1002.17,0.01,0.00,APPROACH,,0,0
1788467188.52,1002.27,-0.00,0.00,APPROACH,,0,0
1788467188.63,1002.37,0.01,0.00,APPROACH,,0,0
1788467188.73,1002.47,0.00,0.00,APPROACH,,0,0
1788467188.82,1002.57,-0.00,0.00,APPROACH,,0,0
1788467188.93,1002.67,0.00,0.00,APPROACH,,0,0
1788467189.02,1002.77,-0.00,0.00,APPROACH,,0,0
1788467189.13,1002.87,-0.00,0.00,APPROACH,,0,0
1788467189.23,1002.97,0.00,0.00,APPROACH,,0,0
1788467189.33,1003.07,0.01,0.00,APPROACH,,0,0
1788467189.43,1003.17,-0.00,0.00,APPROACH,,0,0
1788467189.53,1003.27,-0.00,0.00,APPROACH,,0,0
1788467189.63,1003.37,-0.00,0.00,APPROACH,,0,0
1788467189.73,1003.47,0.00,0.00,APPROACH,,0,0
1788467189.84,1003.57,0.01,0.00,APPROACH,,0,0
1788467189.94,1003.67,0.01,0.00,APPROACH,,0,0
1788467190.04,1003.77,0.00,0.00,APPROACH,,0,0
1788467190.14,1003.87,0.00,0.00,APPROACH,,0,0
1788467190.25,1003.97,-0.00,0.00,APPROACH,,0,0
1788467190.35,1004.07,0.00,0.00,APPROACH,,0,0
1788467190.44,1004.17,-0.00,0.00,APPROACH,,0,0
1788467190.55,1004.27,0.01,0.00,APPROACH,,0,0
1788467190.65,1004.37,0.01,0.00,APPROACH,,0,0
1788467190.75,1004.47,0.00,0.00,APPROACH,,0,0
1788467190.85,1004.57,0.00,0.00,APPROACH,,0,0
1788467190.95,1004.67,0.00,0.00,APPROACH,,0,0
1788467191.05,1004.77,0.00,0.00,APPROACH,,0,0
1788467191.15,1004.87,0.01,0.00,APPROACH,,0,0
1788467191.25,1004.97,-0.00,0.00,APPROACH,,0,0
1788467191.35,1005.07,0.00,0.00,APPROACH,,0,0
1788467191.45,1005.17,0.01,0.00,APPROACH,,0,0
1788467191.55,1005.27,0.00,0.00,APPROACH,,0,0
1788467191.65,1005.37,0.00,0.00,APPROACH,,0,0
1788467191.75,1005.47,0.01,0.00,APPROACH,,0,0
1788467191.85,1005.57,0.01,0.00,APPROACH,,0,0
1788467191.95,1005.67,-0.00,0.00,APPROACH,,0,0
1788467192.06,1005.77,0.01,0.00,APPROACH,,0,0
1788467192.15,1005.87,-0.00,0.00,APPROACH,,0,0
1788467192.26,1005.97,0.01,0.00,APPROACH,,0,0
1788467192.36,1006.07,0.01,0.00,APPROACH,,0,0
1788467192.46,1006.17,0.00,0.00,APPROACH,,0,0
1788467192.56,1006.27,-0.00,0.00,APPROACH,,0,0
1788467192.67,1006.37,0.01,0.00,APPROACH,,0,0
1788467192.77,1006.47,0.01,0.00,APPROACH,,0,0
1788467192.87,1006.57,0.01,0.00,APPROACH,,0,0
1788467192.97,1006.67,0.00,0.00,APPROACH,,0,0
1788467193.07,1006.77,0.00,0.00,APPROACH,,0,0
1788467193.17,1006.87,-0.00,0.00,APPROACH,,0,0
1788467193.27,1006.97,0.01,0.00,APPROACH,,0,0
1788467193.37,1007.07,-0.00,0.00,APPROACH,,0,0
1788467193.47,1007.17,0.00,0.00,APPROACH,,0,0
1788467193.57,1007.27,0.00,0.00,APPROACH,,0,0
1788467193.68,1007.37,0.00,0.00,APPROACH,,0,0
1788467193.78,1007.47,0.01,0.00,APPROACH,,0,0
1788467193.87,1007.57,-0.00,0.00,REFINE,,0,0
1788467193.97,1007.67,0.01,0.00,REFINE,,0,0
1788467194.08,1007.77,-0.00,0.00,REFINE,,0,0
1788467194.18,1007.87,0.00,0.00,REFINE,,0,0
1788467194.28,1007.97,0.01,0.00,REFINE,,0,0
1788467194.38,1008.07,0.00,0.00,REFINE,,0,0
1788467194.48,1008.17,0.01,0.00,REFINE,,0,0
1788467194.58,1008.27,0.01,0.00,REFINE,,0,0
1788467194.68,1008.37,-0.00,0.00,REFINE,,0,0
1788467194.78,1008.47,0.00,0.00,REFINE,,0,0
1788467194.88,1008.57,-0.00,0.00,REFINE,,0,0
1788467194.98,1008.67,0.01,0.00,DEPLOY,,0,0
1788467195.08,1008.77,-0.00,0.00,DEPLOY,,0,0
1788467195.18,1008.87,-0.01,0.00,DEPLOY,,0,0
1788467195.28,1008.97,-0.00,0.00,DEPLOY,,0,0
1788467195.38,1009.07,-0.00,0.00,DEPLOY,,0,0
1788467195.48,1009.17,0.01,0.00,DEPLOY,,0,0
1788467195.58,1009.27,0.01,0.00,DEPLOY,,0,0
1788467195.68,1009.37,0.00,0.00,DEPLOY,,0,0
1788467195.78,1009.47,0.00,0.00,DEPLOY,,0,0
1788467195.88,1009.57,-0.00,0.00,DEPLOY,,0,0
1788467195.98,1009.67,-0.00,0.00,DEPLOY,,0,0
1788467196.08,1009.77,-0.00,0.00,DEPLOY,,0,0
1788467196.18,1009.87,0.01,0.00,DEPLOY,,0,0
1788467196.28,1009.97,0.01,0.00,DEPLOY,,0,0
1788467196.38,1010.07,0.00,0.00,DEPLOY,,0,0
1788467196.48,1010.17,0.01,0.00,DEPLOY,,0,0
1788467196.58,1010.27,0.01,0.00,DEPLOY,,0,0
1788467196.68,1010.37,0.00,0.00,DEPLOY,,0,0
1788467196.78,1010.47,0.00,0.00,DEPLOY,,0,0
1788467196.88,1010.57,-0.00,0.00,DEPLOY,,0,0
1788467196.98,1010.67,0.00,0.00,DEPLOY,,0,0
1788467197.08,1010.77,0.01,0.00,DEPLOY,,0,0
1788467197.18,1010.87,0.00,0.00,DEPLOY,,0,0
1788467197.28,1010.97,0.01,0.00,DEPLOY,,0,0
1788467197.38,1011.07,-0.00,0.00,DEPLOY,,0,0
1788467197.48,1011.17,-0.00,0.00,DEPLOY,,0,0
1788467197.58,1011.27,-0.01,0.00,DEPLOY,,0,0
1788467197.68,1011.37,0.00,0.00,DEPLOY,,0,0
1788467197.78,1011.47,-0.00,0.00,DEPLOY,,0,0
1788467197.88,1011.57,0.01,0.00,DEPLOY,,0,0
1788467197.98,1011.67,0.01,0.00,DEPLOY,,0,0
1788467198.08,1011.77,0.00,0.00,DEPLOY,,0,0
1788467198.18,1011.87,0.00,0.00,DEPLOY,,0,0
1788467198.28,1011.97,0.00,0.00,DEPLOY,,0,0
1788467198.38,1012.07,0.00,0.00,DEPLOY,,0,0
1788467198.48,1012.17,-0.00,0.00,DEPLOY,,0,0
1788467198.58,1012.27,0.00,0.00,DEPLOY,,0,0
1788467198.68,1012.37,0.00,0.00,DEPLOY,,0,0
1788467198.78,1012.47,-0.00,0.00,DEPLOY,,0,0
1788467198.88,1012.57,-0.00,0.00,DEPLOY,,0,0
1788467198.98,1012.67,0.01,0.00,DEPLOY,,0,0
1788467199.08,1012.77,-0.00,0.00,DEPLOY,,0,0
1788467199.18,1012.87,-0.00,0.00,DEPLOY,,0,0
1788467199.28,1012.97,0.00,0.00,DEPLOY,,0,0
1788467199.38,1013.07,0.01,0.00,DEPLOY,,0,0
1788467199.48,1013.17,-0.00,0.00,DEPLOY,,0,0
1788467199.58,1013.27,0.01,0.00,DEPLOY,,0,0
1788467199.69,1013.37,-0.00,0.00,DEPLOY,,0,0
1788467199.79,1013.47,0.01,0.00,DEPLOY,,0,0
1788467199.89,1013.57,0.01,0.00,DEPLOY,,0,0
1788467199.99,1013.67,0.00,0.00,DEPLOY,,0,0
1788467200.09,1013.77,0.01,0.00,DEPLOY,,0,0
1788467200.19,1013.87,0.00,0.00,DEPLOY,,0,0
1788467200.29,1013.97,0.00,0.00,DEPLOY,,0,0
1788467200.39,1014.07,0.00,0.00,DEPLOY,,0,0
1788467200.49,1014.17,0.00,0.00,DEPLOY,,0,0
1788467200.59,1014.27,0.01,0.00,DEPLOY,,0,0
1788467200.69,1014.37,-0.00,0.00,DEPLOY,,0,0
1788467200.79,1014.47,0.00,0.00,DEPLOY,,0,0
1788467200.89,1014.57,0.00,0.00,DEPLOY,,0,0
1788467200.99,1014.67,0.01,0.00,DEPLOY,,0,0
1788467201.09,1014.77,0.00,0.00,DEPLOY,,0,0
1788467201.19,1014.87,0.01,0.00,DEPLOY,,0,0
1788467201.29,1014.97,0.01,0.00,DEPLOY,,0,0
1788467201.39,1015.07,-0.00,0.00,DEPLOY,,0,0
1788467201.49,1015.17,-0.00,0.00,DEPLOY,,0,0
1788467201.60,1015.27,0.01,0.00,DEPLOY,,0,0
1788467201.70,1015.37,-0.00,0.00,DEPLOY,,0,0
1788467201.80,1015.47,-0.00,0.00,DEPLOY,,0,0
1788467201.90,1015.57,0.00,0.00,DEPLOY,,0,0
1788467202.00,1015.67,0.00,0.00,DEPLOY,,0,0
1788467202.10,1015.77,0.00,0.00,DEPLOY,,0,0
1788467202.20,1015.87,0.01,0.00,DEPLOY,,0,0
1788467202.31,1015.97,0.00,0.00,DEPLOY,,0,0
1788467202.41,1016.07,-0.00,0.00,DEPLOY,,0,0
1788467202.51,1016.17,0.00,0.00,DEPLOY,,0,0
1788467202.61,1016.27,0.01,0.00,DEPLOY,,0,0
1788467202.71,1016.37,0.01,0.00,DEPLOY,,0,0
1788467202.81,1016.47,0.01,0.00,DEPLOY,,0,0
1788467202.91,1016.57,0.00,0.00,DEPLOY,,0,0
1788467203.01,1016.67,-0.00,0.00,DEPLOY,,0,0
1788467203.11,1016.77,-0.00,0.00,DEPLOY,,0,0
1788467203.22,1016.87,0.00,0.00,DEPLOY,,0,0
1788467203.32,1016.97,-0.00,0.00,DEPLOY,,0,0
1788467203.42,1017.07,0.01,0.00,DEPLOY,,0,0
1788467203.52,1017.17,0.01,0.00,DEPLOY,,0,0
1788467203.62,1017.27,-0.00,0.00,DEPLOY,,0,0
1788467203.72,1017.37,-0.00,0.00,DEPLOY,,0,0
1788467203.82,1017.47,0.00,0.00,DEPLOY,,0,0
1788467203.92,1017.57,0.00,0.00,DEPLOY,,0,0
1788467204.02,1017.67,0.00,0.00,DEPLOY,,0,0
1788467204.12,1017.77,0.01,0.00,DEPLOY,,0,0
1788467204.23,1017.87,0.01,0.00,DEPLOY,,0,0
1788467204.33,1017.97,-0.00,0.00,DEPLOY,,0,0
1788467204.42,1018.07,0.00,0.00,DEPLOY,,0,0
1788467204.53,1018.17,0.01,0.00,DEPLOY,,0,0
1788467204.63,1018.27,0.00,0.00,DEPLOY,,0,0
1788467204.73,1018.37,0.01,0.00,DEPLOY,,0,0
1788467204.83,1018.47,0.00,0.00,DEPLOY,,0,0
1788467204.93,1018.57,-0.00,0.00,DEPLOY,,0,0
1788467205.03,1018.67,0.00,0.00,DEPLOY,,0,0
1788467205.14,1018.77,0.01,0.00,DEPLOY,,0,0
1788467205.24,1018.87,-0.00,0.00,DEPLOY,,0,0
1788467205.34,1018.97,-0.00,0.00,DEPLOY,,0,0
1788467205.44,1019.07,0.01,0.00,DEPLOY,,0,0
1788467205.54,1019.17,-0.00,0.00,DEPLOY,,0,0
1788467205.64,1019.27,-0.00,0.00,DEPLOY,,0,0
1788467205.74,1019.37,0.01,0.00,DEPLOY,,0,0
1788467205.84,1019.47,0.01,0.00,DEPLOY,,0,0
1788467205.94,1019.57,0.00,0.00,DEPLOY,,0,0
1788467206.04,1019.67,0.01,0.00,DEPLOY,,0,0
1788467206.14,1019.77,0.00,0.00,DEPLOY,,0,0
1788467206.24,1019.87,0.01,0.00,DEPLOY,,0,0
1788467206.35,1019.97,0.01,0.00,DEPLOY,,0,0
1788467206.45,1020.07,-0.00,0.00,DEPLOY,,0,0
1788467206.55,1020.17,0.00,0.00,DEPLOY,,0,0
1788467206.65,1020.27,0.01,0.00,DEPLOY,,0,1
1788467206.75,1020.37,0.00,0.00,DEPLOY,,0,0
1788467206.85,1020.47,0.00,0.00,DEPLOY,,0,0
1788467206.95,1020.57,0.01,0.00,DEPLOY,,0,0
1788467207.05,1020.67,0.00,0.00,DEPLOY,,0,0
1788467207.15,1020.77,0.01,0.00,DEPLOY,,0,0
1788467207.25,1020.87,0.01,0.00,DEPLOY,,0,0
1788467207.35,1020.97,-0.00,0.00,DEPLOY,,0,0
1788467207.45,1021.07,-0.00,0.00,DEPLOY,,0,0
1788467207.56,1021.17,0.01,0.00,DEPLOY,,0,0
1788467207.66,1021.27,0.00,0.00,DEPLOY,,0,0
1788467207.76,1021.37,0.00,0.00,DEPLOY,,0,0
1788467207.86,1021.47,-0.00,0.00,DEPLOY,,0,0
1788467207.96,1021.57,0.00,0.00,DEPLOY,,0,0
1788467208.06,1021.67,-0.01,0.00,DEPLOY,,0,0
1788467208.16,1021.77,-0.00,0.00,DEPLOY,,0,0
1788467208.26,1021.87,0.01,0.00,DEPLOY,,0,0
1788467208.37,1021.97,0.00,0.00,DEPLOY,,0,0
1788467208.47,1022.07,0.01,0.00,DEPLOY,,0,0
1788467208.57,1022.17,0.00,0.00,DEPLOY,,0,0
1788467208.67,1022.27,0.00,0.00,DEPLOY,,0,0
1788467208.77,1022.37,0.00,0.00,DEPLOY,,0,0
1788467208.87,1022.47,0.01,0.00,DEPLOY,,0,0
1788467208.97,1022.57,-0.00,0.00,DEPLOY,,0,0
1788467209.07,1022.67,-0.00,0.00,DEPLOY,,0,0
1788467209.17,1022.77,0.00,0.00,DEPLOY,,0,0
1788467209.27,1022.87,0.01,0.00,DEPLOY,,0,0
1788467209.37,1022.97,-0.00,0.00,DEPLOY,,0,0
1788467209.47,1023.07,0.01,0.00,DEPLOY,,0,0
1788467209.58,1023.17,0.01,0.00,DEPLOY,,0,0
1788467209.68,1023.27,-0.00,0.00,DEPLOY,,0,0
1788467209.78,1023.37,0.01,0.00,DEPLOY,,0,0
1788467209.88,1023.47,0.01,0.00,DEPLOY,,0,0
1788467209.98,1023.57,-0.00,0.00,DEPLOY,,0,0
1788467210.08,1023.67,-0.00,0.00,DEPLOY,,0,0
1788467210.18,1023.77,-0.00,0.00,DEPLOY,,0,0
1788467210.28,1023.87,0.01,0.00,DEPLOY,,0,0
1788467210.38,1023.97,0.01,0.00,DEPLOY,,0,0
1788467210.49,1024.07,0.00,0.00,DEPLOY,,0,0
1788467210.58,1024.17,-0.00,0.00,DEPLOY,,0,0
1788467210.68,1024.27,0.01,0.00,DEPLOY,,0,0
1788467210.79,1024.37,0.01,0.00,DEPLOY,,0,0
1788467210.89,1024.47,0.00,0.00,DEPLOY,,0,0
1788467210.99,1024.57,0.00,0.00,DEPLOY,,0,0
1788467211.09,1024.67,0.00,0.00,DEPLOY,,0,0
1788467211.19,1024.77,-0.00,0.00,DEPLOY,,0,0
1788467211.29,1024.87,-0.00,0.00,DEPLOY,,0,0
1788467211.39,1024.97,0.01,0.00,DEPLOY,,0,0
1788467211.49,1025.07,0.00,0.00,DEPLOY,,0,0
1788467211.59,1025.17,0.00,0.00,DEPLOY,,0,0
1788467211.69,1025.27,0.01,0.00,DEPLOY,,0,0
1788467211.79,1025.37,0.00,0.00,DEPLOY,,0,0
1788467211.89,1025.47,0.01,0.00,DEPLOY,,0,0
1788467211.99,1025.57,0.00,0.00,DEPLOY,,0,0
1788467212.09,1025.67,0.00,0.00,DEPLOY,,0,0
1788467212.20,1025.77,0.01,0.00,DEPLOY,,0,0
1788467212.30,1025.87,0.00,0.00,DEPLOY,,0,0
1788467212.40,1025.97,0.01,0.00,DEPLOY,,0,0
1788467212.50,1026.07,0.00,0.00,DEPLOY,,0,0
1788467212.60,1026.17,-0.00,0.00,DEPLOY,,0,0
1788467212.70,1026.27,-0.00,0.00,DEPLOY,,0,0
1788467212.80,1026.37,0.01,0.00,DEPLOY,,0,0
1788467212.90,1026.47,0.00,0.00,DEPLOY,,0,0
1788467213.00,1026.57,0.00,0.00,DEPLOY,,0,0
1788467213.11,1026.67,0.01,0.00,DEPLOY,,0,0
1788467213.21,1026.77,0.01,0.00,DEPLOY,,0,0
1788467213.31,1026.87,-0.00,0.00,DEPLOY,,0,0
1788467213.41,1026.97,0.00,0.00,DEPLOY,,0,0
1788467213.51,1027.07,-0.01,0.00,DEPLOY,,0,0
1788467213.61,1027.17,0.00,0.00,DEPLOY,,0,0
1788467213.71,1027.27,-0.00,0.00,DEPLOY,,0,0
1788467213.81,1027.37,-0.00,0.00,DEPLOY,,0,0
1788467213.91,1027.47,0.00,0.00,DEPLOY,,0,0
1788467214.01,1027.57,0.00,0.00,DEPLOY,,0,0
1788467214.11,1027.67,0.01,0.00,DEPLOY,,0,0
1788467214.21,1027.77,0.00,0.00,DEPLOY,,0,0
1788467214.31,1027.87,0.00,0.00,DEPLOY,,0,0
1788467214.41,1027.97,0.00,0.00,DEPLOY,,0,0
1788467214.51,1028.07,0.00,0.00,DEPLOY,,0,0
1788467214.61,1028.17,0.00,0.00,DEPLOY,,0,0
1788467214.71,1028.27,-0.00,0.00,DEPLOY,,0,0
1788467214.82,1028.37,0.00,0.00,DEPLOY,,0,0
1788467214.92,1028.47,0.00,0.00,DEPLOY,,0,0
1788467215.02,1028.57,0.01,0.00,DEPLOY,,0,0
1788467215.12,1028.67,0.01,0.00,DEPLOY,,0,0
1788467215.22,1028.77,-0.00,0.00,DEPLOY,,0,0
1788467215.32,1028.87,0.00,0.00,DEPLOY,,0,0
1788467215.42,1028.97,-0.00,0.00,DEPLOY,,0,0
1788467215.52,1029.07,0.00,0.00,DEPLOY,,0,0
1788467215.62,1029.17,-0.00,0.00,DEPLOY,,0,0
1788467215.73,1029.27,0.01,0.00,DEPLOY,,0,0
1788467215.83,1029.37,-0.01,0.00,DEPLOY,,0,0
1788467215.93,1029.47,-0.00,0.00,DEPLOY,,0,0
1788467216.03,1029.57,0.01,0.00,DEPLOY,,0,0
1788467216.13,1029.67,0.00,0.00,DEPLOY,,0,0
1788467216.23,1029.77,0.01,0.00,DEPLOY,,0,0
1788467216.33,1029.87,0.01,0.00,DEPLOY,,0,0
1788467216.43,1029.97,0.01,0.00,MANIPULATE,,0,0
1788467216.53,1030.07,0.00,0.00,MANIPULATE,,0,0
1788467216.63,1030.17,0.00,0.00,MANIPULATE,,0,0
1788467216.73,1030.27,0.00,0.00,MANIPULATE,,0,0
1788467216.84,1030.37,0.00,0.00,MANIPULATE,,0,0
1788467216.94,1030.47,-0.00,0.00,MANIPULATE,,0,0
1788467217.04,1030.57,0.00,0.00,MANIPULATE,,0,0
1788467217.14,1030.67,0.00,0.00,MANIPULATE,,0,0
1788467217.24,1030.77,0.01,0.00,MANIPULATE,,0,0
1788467217.34,1030.87,0.00,0.00,MANIPULATE,,0,0
1788467217.44,1030.97,0.00,0.00,MANIPULATE,,0,0
1788467217.54,1031.07,0.00,0.00,MANIPULATE,,0,0
1788467217.65,1031.17,0.00,0.00,MANIPULATE,,0,0
1788467217.75,1031.27,0.01,0.00,MANIPULATE,,0,0
1788467217.85,1031.37,0.01,0.00,MANIPULATE,,0,0
1788467217.95,1031.47,0.00,0.00,MANIPULATE,,0,0
1788467218.05,1031.57,0.00,0.00,MANIPULATE,,0,0
1788467218.16,1031.67,0.00,0.00,MANIPULATE,,0,0
1788467218.26,1031.77,-0.00,0.00,MANIPULATE,,0,0
1788467218.36,1031.87,0.00,0.00,MANIPULATE,,0,0
1788467218.46,1031.97,0.00,0.00,MANIPULATE,,0,0
1788467218.56,1032.07,-0.00,0.00,MANIPULATE,,0,0
1788467218.66,1032.17,-0.00,0.00,MANIPULATE,,0,0
1788467218.77,1032.27,0.01,0.00,MANIPULATE,,0,0
1788467218.87,1032.37,-0.00,0.00,MANIPULATE,,0,0
1788467218.97,1032.47,0.01,0.00,MANIPULATE,,0,0
1788467219.07,1032.57,-0.01,0.00,MANIPULATE,,0,0
1788467219.17,1032.67,-0.00,0.00,MANIPULATE,,0,0
1788467219.27,1032.77,-0.00,0.00,MANIPULATE,,0,0
1788467219.37,1032.87,0.01,0.00,MANIPULATE,,0,0
1788467219.47,1032.97,-0.00,0.00,MANIPULATE,,0,0
1788467219.57,1033.07,-0.00,0.00,MANIPULATE,,0,0
1788467219.68,1033.17,0.01,0.00,MANIPULATE,,0,0
1788467219.78,1033.27,0.01,0.00,MANIPULATE,,0,0
1788467219.88,1033.37,-0.00,0.00,MANIPULATE,,0,0
1788467219.98,1033.47,0.01,0.00,MANIPULATE,,0,0
1788467220.08,1033.57,0.00,0.00,MANIPULATE,,0,0
1788467220.18,1033.67,-0.00,0.00,MANIPULATE,,0,0
1788467220.28,1033.77,0.00,0.00,MANIPULATE,,0,0
1788467220.38,1033.87,0.00,0.00,MANIPULATE,,0,0
1788467220.49,1033.97,-0.00,0.00,MANIPULATE,orienta,0,0
1788467220.59,1034.07,-0.00,0.00,MANIPULATE,orienta,0,0
1788467220.69,1034.17,0.01,0.00,MANIPULATE,orienta,0,0
1788467220.79,1034.27,-0.00,0.00,MANIPULATE,orienta,0,0
1788467220.89,1034.37,-0.00,0.00,MANIPULATE,orienta,0,0
1788467220.99,1034.47,0.00,0.00,MANIPULATE,orienta,0,0
1788467221.09,1034.57,-0.00,0.00,MANIPULATE,orienta,0,0
1788467221.19,1034.67,0.01,0.00,MANIPULATE,orienta,0,0
1788467221.29,1034.77,-0.00,0.00,MANIPULATE,orienta,0,0
1788467221.40,1034.87,0.00,0.00,MANIPULATE,orienta,0,0
1788467221.50,1034.97,0.00,0.00,MANIPULATE,orienta,0,0
1788467221.60,1035.07,0.00,0.00,MANIPULATE,orienta,0,0
1788467221.70,1035.17,0.01,0.00,MANIPULATE,orienta,0,0
1788467221.80,1035.27,0.00,0.00,MANIPULATE,orienta,0,0
1788467221.90,1035.37,0.00,0.00,MANIPULATE,orienta,0,0
1788467222.01,1035.47,0.01,0.00,MANIPULATE,orienta,0,0
1788467222.11,1035.57,0.00,0.00,MANIPULATE,orienta,0,0
1788467222.21,1035.67,0.00,0.00,MANIPULATE,orienta,0,0
1788467222.31,1035.77,0.01,0.00,MANIPULATE,orienta,0,0
1788467222.41,1035.87,0.01,0.00,MANIPULATE,orienta,0,0
1788467222.51,1035.97,0.00,0.00,MANIPULATE,orienta,0,0
1788467222.62,1036.07,-0.00,0.00,MANIPULATE,orienta,0,0
1788467222.72,1036.17,0.00,0.00,MANIPULATE,orienta,0,0
1788467222.82,1036.27,0.00,0.00,MANIPULATE,orienta,0,0
1788467222.92,1036.37,0.00,0.00,MANIPULATE,orienta,0,0
1788467223.02,1036.47,0.00,0.00,MANIPULATE,orienta,0,0
1788467223.12,1036.57,0.00,0.00,MANIPULATE,orienta,0,0
1788467223.22,1036.67,0.01,0.00,MANIPULATE,orienta,0,0
1788467223.33,1036.77,-0.01,0.00,MANIPULATE,orienta,0,0
1788467223.43,1036.87,0.01,0.00,MANIPULATE,orienta,0,0
1788467223.53,1036.97,-0.00,0.00,MANIPULATE,orienta,0,0
1788467223.63,1037.07,0.01,0.00,MANIPULATE,orienta,0,0
1788467223.73,1037.17,0.01,0.00,MANIPULATE,orienta,0,0
1788467223.83,1037.27,0.00,0.00,MANIPULATE,orienta,0,0
1788467223.93,1037.37,0.00,0.00,MANIPULATE,orienta,0,0
1788467224.03,1037.47,0.01,0.00,MANIPULATE,aproxima_lateral,0,0
1788467224.13,1037.57,0.01,0.00,MANIPULATE,aproxima_lateral,0,0
1788467224.23,1037.67,-0.00,0.00,MANIPULATE,aproxima_lateral,0,0
1788467224.33,1037.77,0.00,0.00,MANIPULATE,aproxima_lateral,0,0
1788467224.44,1037.87,0.00,0.00,MANIPULATE,aproxima_lateral,0,0
1788467224.54,1037.97,-0.01,0.00,MANIPULATE,aproxima_lateral,0,0
1788467224.64,1038.07,-0.00,0.00,MANIPULATE,aproxima_lateral,0,0
1788467224.75,1038.17,0.01,0.00,MANIPULATE,aproxima_lateral,0,0
1788467224.84,1038.27,-0.00,0.00,MANIPULATE,aproxima_lateral,0,0
1788467224.95,1038.37,0.00,0.00,MANIPULATE,aproxima_lateral,0,0
1788467225.05,1038.47,0.00,0.00,MANIPULATE,aproxima_lateral,0,0
1788467225.15,1038.57,0.01,0.00,MANIPULATE,aproxima_lateral,0,0
1788467225.25,1038.67,-0.00,0.00,MANIPULATE,aproxima_lateral,0,0
1788467225.35,1038.77,0.00,0.00,MANIPULATE,aproxima_lateral,0,0
1788467225.46,1038.87,-0.00,0.00,MANIPULATE,aproxima_lateral,0,0
1788467225.55,1038.97,0.00,0.00,MANIPULATE,aproxima_lateral,0,0
1788467225.66,1039.07,0.00,0.00,MANIPULATE,aproxima_lateral,0,0
1788467225.76,1039.17,-0.00,0.00,MANIPULATE,aproxima_lateral,0,0
1788467225.86,1039.27,-0.00,0.00,MANIPULATE,aproxima_lateral,0,0
1788467225.96,1039.37,0.00,0.00,MANIPULATE,aproxima_lateral,0,0
1788467226.06,1039.47,0.00,0.00,MANIPULATE,aproxima_lateral,0,0
1788467226.16,1039.57,0.00,0.00,MANIPULATE,aproxima_lateral,0,0
1788467226.26,1039.67,0.00,0.00,MANIPULATE,aproxima_lateral,0,0
1788467226.36,1039.77,0.01,0.00,MANIPULATE,aproxima_lateral,0,0
1788467226.46,1039.87,0.00,0.00,MANIPULATE,aproxima_lateral,0,0
1788467226.57,1039.97,0.00,0.00,MANIPULATE,aproxima_lateral,0,0
1788467226.67,1040.07,-0.02,-0.01,MANIPULATE,aproxima_lateral,0,0
1788467226.77,1040.17,-0.01,0.00,MANIPULATE,aproxima_lateral,0,0
1788467226.87,1040.27,0.00,0.01,MANIPULATE,aproxima_lateral,0,0
1788467226.97,1040.37,-0.01,0.01,MANIPULATE,aproxima_lateral,0,0
1788467227.07,1040.47,0.01,0.02,MANIPULATE,aproxima_lateral,0,0
1788467227.17,1040.57,0.01,0.03,MANIPULATE,aproxima_lateral,0,0
1788467227.27,1040.67,0.01,0.04,MANIPULATE,aproxima_lateral,0,0
1788467227.38,1040.77,0.01,0.04,MANIPULATE,aproxima_lateral,0,0
1788467227.48,1040.87,0.00,0.05,MANIPULATE,aproxima_lateral,0,0
1788467227.58,1040.97,0.01,0.05,MANIPULATE,aproxima_lateral,0,0
1788467227.68,1041.07,0.01,0.06,MANIPULATE,aproxima_lateral,0,0
1788467227.78,1041.17,-0.00,0.00,MANIPULATE,atravessa,0,0
1788467227.88,1041.27,0.00,-0.00,MANIPULATE,atravessa,0,0
1788467227.99,1041.37,0.01,0.00,MANIPULATE,atravessa,0,0
1788467228.09,1041.47,0.01,0.00,MANIPULATE,atravessa,0,0
1788467228.19,1041.57,0.01,0.00,MANIPULATE,atravessa,0,0
1788467228.29,1041.67,0.01,0.00,MANIPULATE,atravessa,0,0
1788467228.39,1041.77,0.01,0.01,MANIPULATE,atravessa,0,0
1788467228.49,1041.87,0.01,0.01,MANIPULATE,atravessa,0,0
1788467228.59,1041.97,-0.00,0.01,MANIPULATE,atravessa,0,0
1788467228.69,1042.07,0.01,0.01,MANIPULATE,atravessa,0,0
1788467228.80,1042.17,0.00,0.02,MANIPULATE,atravessa,0,0
1788467228.90,1042.27,0.00,0.02,MANIPULATE,atravessa,0,0
1788467229.00,1042.37,0.00,0.03,MANIPULATE,atravessa,0,0
1788467229.10,1042.47,0.00,0.03,MANIPULATE,atravessa,0,0
1788467229.21,1042.57,-0.00,0.04,MANIPULATE,atravessa,0,0
1788467229.30,1042.67,-0.00,0.04,MANIPULATE,atravessa,0,0
1788467229.41,1042.77,0.00,0.05,MANIPULATE,atravessa,0,0
1788467229.51,1042.87,-0.00,0.05,MANIPULATE,atravessa,0,0
1788467229.61,1042.97,0.00,0.06,MANIPULATE,atravessa,0,0
1788467229.71,1043.07,0.00,0.06,MANIPULATE,atravessa,0,0
1788467229.81,1043.17,-0.00,0.08,MANIPULATE,atravessa,0,0
1788467229.91,1043.27,-0.00,0.08,MANIPULATE,atravessa,0,0
1788467230.02,1043.37,0.00,0.09,MANIPULATE,atravessa,0,0
1788467230.12,1043.47,2.78,0.00,MANIPULATE,atravessa,0,0
1788467230.22,1043.57,1.74,0.00,MANIPULATE,atravessa,0,0
1788467230.32,1043.67,0.29,0.00,MANIPULATE,atravessa,0,0
1788467230.43,1043.77,0.00,0.00,MANIPULATE,atravessa,0,0
1788467230.52,1043.87,0.00,0.00,MANIPULATE,atravessa,0,0
1788467230.63,1043.97,0.00,0.01,MANIPULATE,atravessa,0,0
1788467230.73,1044.07,0.00,0.01,MANIPULATE,atravessa,0,0
1788467230.83,1044.17,0.00,0.02,MANIPULATE,atravessa,0,0
1788467230.93,1044.27,0.00,0.02,MANIPULATE,atravessa,0,0
1788467231.03,1044.37,0.01,0.02,MANIPULATE,atravessa,0,0
1788467231.14,1044.47,0.01,0.02,MANIPULATE,atravessa,0,0
1788467231.24,1044.57,0.00,0.02,MANIPULATE,atravessa,0,0
1788467231.34,1044.67,0.00,0.02,MANIPULATE,captura,0,0
1788467231.44,1044.77,0.00,0.02,MANIPULATE,captura,0,0
1788467231.54,1044.87,0.01,0.02,MANIPULATE,captura,0,0
1788467231.65,1044.97,0.01,0.02,MANIPULATE,captura,0,0
1788467231.75,1045.07,-0.00,0.02,MANIPULATE,captura,0,0
1788467231.85,1045.17,0.00,0.01,MANIPULATE,destrava,0,0
1788467231.95,1045.27,-0.00,0.00,MANIPULATE,destrava,0,0
1788467232.05,1045.37,-0.00,0.00,MANIPULATE,destrava,0,0
1788467232.15,1045.47,0.27,-0.00,MANIPULATE,destrava,2,2
1788467232.25,1045.57,1.54,0.00,MANIPULATE,destrava,1,1
1788467232.35,1045.67,2.35,0.00,MANIPULATE,destrava,2,2
1788467232.45,1045.77,3.12,0.00,MANIPULATE,destrava,2,2
1788467232.55,1045.87,3.83,0.00,MANIPULATE,destrava,2,2
1788467232.65,1045.97,4.43,-0.00,MANIPULATE,destrava,2,2
1788467232.75,1046.07,4.83,-0.00,MANIPULATE,destrava,2,2
1788467232.85,1046.17,5.20,-0.00,MANIPULATE,destrava,2,2
1788467232.95,1046.27,5.39,0.00,MANIPULATE,destrava,3,3
1788467233.05,1046.37,5.59,-0.00,MANIPULATE,destrava,1,1
1788467233.15,1046.47,5.77,0.00,MANIPULATE,destrava,2,2
1788467233.25,1046.57,5.86,0.00,MANIPULATE,destrava,2,2
1788467233.35,1046.67,6.06,-0.00,MANIPULATE,destrava,2,2
1788467233.45,1046.77,6.35,-0.00,MANIPULATE,destrava,2,2
1788467233.55,1046.87,6.70,0.00,MANIPULATE,destrava,2,2
1788467233.66,1046.97,7.60,0.00,MANIPULATE,destrava,2,2
1788467233.76,1047.07,8.21,0.00,MANIPULATE,destrava,2,2
1788467233.86,1047.17,8.62,0.00,MANIPULATE,destrava,2,2
1788467233.96,1047.27,9.18,0.00,MANIPULATE,destrava,2,2
1788467234.06,1047.37,9.19,-0.00,MANIPULATE,destrava,2,2
1788467234.16,1047.47,8.36,0.00,MANIPULATE,destrava,2,2
1788467234.26,1047.57,8.37,0.00,MANIPULATE,destrava,2,2
1788467234.36,1047.67,9.44,0.00,MANIPULATE,destrava,2,2
1788467234.47,1047.77,8.83,0.01,MANIPULATE,destrava,2,2
1788467234.57,1047.87,9.70,0.00,MANIPULATE,destrava,2,2
1788467234.67,1047.97,10.55,0.00,MANIPULATE,destrava,2,2
1788467234.77,1048.07,10.32,0.01,MANIPULATE,destrava,2,2
1788467234.88,1048.17,11.27,0.00,MANIPULATE,destrava,2,2
1788467234.97,1048.27,11.00,0.01,MANIPULATE,destrava,2,2
1788467235.07,1048.37,11.26,0.01,MANIPULATE,destrava,2,2
1788467235.18,1048.47,12.12,0.00,MANIPULATE,destrava,2,2
1788467235.28,1048.57,11.63,-0.00,MANIPULATE,destrava,2,2
1788467235.38,1048.67,11.57,-0.00,MANIPULATE,destrava,2,2
1788467235.48,1048.77,11.75,-0.00,MANIPULATE,destrava,2,2
1788467235.58,1048.87,12.11,0.00,MANIPULATE,destrava,2,2
1788467235.68,1048.97,12.35,-0.00,MANIPULATE,destrava,2,2
1788467235.78,1049.07,12.11,-0.00,MANIPULATE,destrava,2,2
1788467235.89,1049.17,11.75,-0.00,MANIPULATE,destrava,2,2
1788467235.98,1049.27,11.70,0.01,MANIPULATE,destrava,2,2
1788467236.09,1049.37,11.80,0.00,MANIPULATE,destrava,2,2
1788467236.19,1049.47,11.95,0.00,MANIPULATE,destrava,2,2
1788467236.29,1049.57,12.07,-0.00,MANIPULATE,destrava,2,2
1788467236.39,1049.67,11.96,0.00,MANIPULATE,destrava,2,2
1788467236.49,1049.77,12.00,0.00,MANIPULATE,destrava,2,2
1788467236.59,1049.87,11.88,-0.00,MANIPULATE,destrava,2,2
1788467236.69,1049.97,11.87,0.01,MANIPULATE,destrava,2,2
1788467236.79,1050.07,11.89,-0.00,MANIPULATE,destrava,2,2
1788467236.90,1050.17,11.78,0.01,MANIPULATE,destrava,2,2
1788467237.00,1050.27,11.87,0.03,MANIPULATE,destrava,2,2
1788467237.10,1050.37,11.72,-0.00,MANIPULATE,destrava,2,2
1788467237.20,1050.47,11.72,0.02,MANIPULATE,destrava,2,2
1788467237.30,1050.57,11.75,-0.00,MANIPULATE,destrava,2,2
1788467237.40,1050.67,11.65,0.01,MANIPULATE,destrava,2,2
1788467237.50,1050.77,11.74,0.03,MANIPULATE,destrava,2,2
1788467237.60,1050.87,11.60,-0.00,MANIPULATE,destrava,2,2
1788467237.70,1050.97,11.71,0.03,MANIPULATE,destrava,2,2
1788467237.80,1051.07,11.80,0.04,MANIPULATE,destrava,2,2
1788467237.90,1051.17,11.67,-0.00,MANIPULATE,destrava,2,2
1788467238.00,1051.27,11.75,0.04,MANIPULATE,destrava,2,2
1788467238.10,1051.37,11.56,-0.01,MANIPULATE,destrava,2,2
1788467238.20,1051.47,11.64,0.04,MANIPULATE,destrava,2,2
1788467238.31,1051.57,11.72,0.05,MANIPULATE,destrava,2,2
1788467238.41,1051.67,11.60,-0.01,MANIPULATE,destrava,2,2
1788467238.51,1051.77,11.55,0.01,MANIPULATE,destrava,2,2
1788467238.61,1051.87,11.68,0.07,MANIPULATE,destrava,3,3
1788467238.71,1051.97,11.50,-0.01,MANIPULATE,destrava,1,1
1788467238.81,1052.07,11.57,0.05,MANIPULATE,destrava,2,2
1788467238.92,1052.17,11.48,-0.01,MANIPULATE,destrava,2,2
1788467239.01,1052.27,11.46,0.02,MANIPULATE,destrava,2,2
1788467239.11,1052.37,11.50,-0.01,MANIPULATE,destrava,2,2
1788467239.21,1052.47,11.40,0.02,MANIPULATE,destrava,2,2
1788467239.32,1052.57,11.44,-0.01,MANIPULATE,destrava,2,2
1788467239.41,1052.67,11.32,0.02,MANIPULATE,destrava,2,2
1788467239.52,1052.77,11.35,-0.01,MANIPULATE,destrava,2,2
1788467239.62,1052.87,11.23,0.01,MANIPULATE,destrava,2,2
1788467239.72,1052.97,11.34,0.09,MANIPULATE,destrava,2,2
1788467239.82,1053.07,11.31,-0.01,MANIPULATE,destrava,2,2
1788467239.92,1053.17,11.25,0.02,MANIPULATE,destrava,2,2
1788467240.02,1053.27,11.28,-0.00,MANIPULATE,destrava,2,2
1788467240.13,1053.37,11.21,0.03,MANIPULATE,destrava,2,2
1788467240.22,1053.47,11.30,0.04,MANIPULATE,destrava,2,2
1788467240.32,1053.57,11.25,0.01,MANIPULATE,destrava,3,3
1788467240.43,1053.67,11.31,0.03,MANIPULATE,destrava,1,1
1788467240.53,1053.77,11.28,0.03,MANIPULATE,destrava,2,2
1788467240.63,1053.87,11.34,0.02,MANIPULATE,destrava,2,2
1788467240.73,1053.97,11.33,0.02,MANIPULATE,destrava,2,2
1788467240.83,1054.07,11.38,0.00,MANIPULATE,destrava,2,2
1788467240.93,1054.17,11.32,-0.00,MANIPULATE,destrava,2,2
1788467241.03,1054.27,11.13,-0.01,MANIPULATE,destrava,2,2
1788467241.14,1054.37,11.12,-0.00,MANIPULATE,destrava,2,2
1788467241.23,1054.47,11.13,-0.01,MANIPULATE,destrava,2,2
1788467241.34,1054.57,11.03,0.00,MANIPULATE,destrava,2,2
1788467241.44,1054.66,11.12,-0.00,MANIPULATE,destrava,2,2
1788467241.54,1054.77,11.06,-0.00,MANIPULATE,destrava,2,2
1788467241.64,1054.87,11.12,-0.00,MANIPULATE,destrava,2,2
1788467241.74,1054.97,11.03,-0.01,MANIPULATE,destrava,2,2
1788467241.84,1055.07,11.04,-0.00,MANIPULATE,destrava,2,2
1788467241.94,1055.17,11.09,-0.01,MANIPULATE,destrava,2,2
1788467242.04,1055.27,10.97,-0.00,MANIPULATE,destrava,2,2
1788467242.15,1055.37,10.93,-0.01,MANIPULATE,destrava,2,2
1788467242.25,1055.47,10.89,-0.00,MANIPULATE,destrava,2,2
1788467242.35,1055.57,10.98,-0.01,MANIPULATE,destrava,2,2
1788467242.45,1055.67,10.91,-0.00,MANIPULATE,destrava,2,2
1788467242.55,1055.77,10.98,-0.00,MANIPULATE,destrava,2,2
1788467242.65,1055.87,10.93,-0.01,MANIPULATE,destrava,2,2
1788467242.75,1055.97,10.94,-0.00,MANIPULATE,destrava,2,2
1788467242.85,1056.07,10.91,-0.01,MANIPULATE,destrava,2,2
1788467242.95,1056.17,10.82,-0.00,MANIPULATE,destrava,2,2
1788467243.05,1056.27,10.85,-0.01,MANIPULATE,destrava,2,2
1788467243.15,1056.37,10.79,-0.00,MANIPULATE,destrava,2,2
1788467243.25,1056.47,10.90,-0.00,MANIPULATE,destrava,2,2
1788467243.36,1056.57,10.78,-0.01,MANIPULATE,destrava,2,2
1788467243.45,1056.67,10.64,-0.00,MANIPULATE,destrava,2,2
1788467243.56,1056.77,10.72,-0.00,MANIPULATE,destrava,2,2
1788467243.66,1056.87,10.63,-0.00,MANIPULATE,destrava,2,2
1788467243.76,1056.97,10.73,-0.00,MANIPULATE,destrava,2,2
1788467243.86,1057.07,10.68,-0.01,MANIPULATE,destrava,2,2
1788467243.96,1057.17,10.60,-0.00,MANIPULATE,destrava,2,2
1788467244.06,1057.27,10.71,-0.00,MANIPULATE,destrava,2,2
1788467244.16,1057.37,10.69,-0.00,MANIPULATE,destrava,2,2
1788467244.26,1057.47,10.70,-0.01,MANIPULATE,destrava,2,2
1788467244.36,1057.57,10.59,-0.00,MANIPULATE,destrava,2,2
1788467244.46,1057.67,10.46,-0.01,MANIPULATE,destrava,2,2
1788467244.56,1057.77,10.51,-0.00,MANIPULATE,destrava,2,2
1788467244.66,1057.87,10.38,-0.01,MANIPULATE,destrava,2,2
1788467244.76,1057.97,10.41,-0.00,MANIPULATE,destrava,2,2
1788467244.86,1058.07,10.53,-0.00,MANIPULATE,destrava,2,2
1788467244.96,1058.17,10.39,-0.01,MANIPULATE,destrava,2,2
1788467245.07,1058.27,10.41,-0.00,MANIPULATE,destrava,2,2
1788467245.17,1058.37,10.37,-0.01,MANIPULATE,destrava,2,2
1788467245.27,1058.47,10.31,-0.00,MANIPULATE,destrava,2,2
1788467245.37,1058.57,10.35,-0.01,MANIPULATE,destrava,2,2
1788467245.47,1058.67,10.21,-0.01,MANIPULATE,destrava,2,2
1788467245.57,1058.77,10.33,-0.00,MANIPULATE,destrava,2,2
1788467245.67,1058.87,10.39,-0.00,MANIPULATE,destrava,2,2
1788467245.77,1058.97,10.41,-0.02,MANIPULATE,destrava,2,2
1788467245.87,1059.07,10.26,-0.00,MANIPULATE,destrava,2,2
1788467245.97,1059.17,10.03,-0.01,MANIPULATE,destrava,2,2
1788467246.07,1059.27,9.99,-0.00,MANIPULATE,destrava,2,2
1788467246.17,1059.37,10.02,-0.02,MANIPULATE,destrava,2,2
1788467246.27,1059.47,9.98,-0.00,MANIPULATE,destrava,2,2
1788467246.38,1059.57,10.16,-0.00,MANIPULATE,destrava,2,2
1788467246.47,1059.67,10.25,-0.01,MANIPULATE,destrava,2,2
1788467246.58,1059.77,10.24,-0.00,MANIPULATE,destrava,2,2
1788467246.67,1059.87,10.27,-0.01,MANIPULATE,destrava,2,2
1788467246.78,1059.97,10.13,-0.01,MANIPULATE,destrava,2,2
1788467246.88,1060.07,9.95,-0.02,MANIPULATE,destrava,2,2
1788467246.99,1060.17,9.78,-0.00,MANIPULATE,destrava,2,2
1788467247.08,1060.27,9.91,-0.01,MANIPULATE,destrava,2,2
1788467247.19,1060.37,9.74,-0.01,MANIPULATE,destrava,2,2
1788467247.29,1060.47,9.71,-0.00,MANIPULATE,destrava,2,2
1788467247.39,1060.57,9.88,-0.00,MANIPULATE,destrava,2,2
1788467247.49,1060.67,9.71,-0.01,MANIPULATE,destrava,2,2
1788467247.59,1060.77,9.59,-0.01,MANIPULATE,destrava,2,2
1788467247.69,1060.87,9.72,-0.01,MANIPULATE,destrava,2,2
1788467247.79,1060.97,9.71,-0.00,MANIPULATE,destrava,2,2
1788467247.89,1061.07,9.73,0.00,MANIPULATE,destrava,2,2
1788467248.00,1061.17,9.85,-0.02,MANIPULATE,destrava,2,2
1788467248.10,1061.27,9.74,-0.02,MANIPULATE,destrava,2,2
1788467248.20,1061.37,9.68,-0.01,MANIPULATE,destrava,2,2
1788467248.30,1061.47,9.65,-0.02,MANIPULATE,destrava,3,3
1788467248.41,1061.57,9.56,-0.01,MANIPULATE,destrava,1,1
1788467248.51,1061.67,9.46,-0.01,MANIPULATE,destrava,2,2
1788467248.61,1061.77,9.52,-0.01,MANIPULATE,destrava,2,2
1788467248.71,1061.87,9.34,-0.01,MANIPULATE,destrava,2,2
1788467248.81,1061.97,9.39,-0.01,MANIPULATE,destrava,2,2
1788467248.91,1062.07,9.34,-0.02,MANIPULATE,destrava,2,2
1788467249.01,1062.17,9.37,-0.00,MANIPULATE,destrava,2,2
1788467249.11,1062.27,9.38,-0.01,MANIPULATE,destrava,2,2
1788467249.21,1062.37,9.32,-0.01,MANIPULATE,destrava,2,2
1788467249.31,1062.47,9.25,-0.00,MANIPULATE,destrava,2,2
1788467249.41,1062.57,9.22,-0.00,MANIPULATE,destrava,2,2
1788467249.52,1062.67,9.24,-0.00,MANIPULATE,destrava,2,2
1788467249.62,1062.77,9.17,-0.01,MANIPULATE,destrava,2,2
1788467249.72,1062.87,9.03,-0.01,MANIPULATE,destrava,2,2
1788467249.82,1062.97,9.01,-0.00,MANIPULATE,destrava,2,2
1788467249.92,1063.07,9.48,-0.02,MANIPULATE,destrava,2,2
1788467250.02,1063.17,9.06,-0.01,MANIPULATE,destrava,2,2
1788467250.12,1063.27,8.95,-0.01,MANIPULATE,destrava,2,2
1788467250.22,1063.37,8.92,-0.01,MANIPULATE,destrava,2,2
1788467250.32,1063.47,9.03,-0.01,MANIPULATE,destrava,2,2
1788467250.42,1063.57,9.03,-0.01,MANIPULATE,destrava,3,3
1788467250.52,1063.67,9.19,-0.01,MANIPULATE,destrava,1,1
1788467250.62,1063.77,9.14,-0.00,MANIPULATE,destrava,2,2
1788467250.72,1063.87,9.16,-0.01,MANIPULATE,destrava,2,2
1788467250.82,1063.97,9.09,-0.01,MANIPULATE,destrava,2,2
1788467250.92,1064.07,9.02,-0.01,MANIPULATE,destrava,2,2
1788467251.02,1064.17,8.95,-0.01,MANIPULATE,destrava,2,2
1788467251.13,1064.27,8.87,-0.02,MANIPULATE,destrava,2,2
1788467251.23,1064.37,8.77,-0.02,MANIPULATE,destrava,2,2
1788467251.33,1064.47,8.75,-0.01,MANIPULATE,destrava,2,2
1788467251.43,1064.57,8.98,-0.02,MANIPULATE,destrava,2,2
1788467251.53,1064.67,10.18,-0.02,MANIPULATE,destrava,2,2
1788467251.63,1064.77,8.95,-0.01,MANIPULATE,destrava,2,2
1788467251.73,1064.87,8.90,-0.01,MANIPULATE,destrava,2,2
1788467251.84,1064.97,9.15,-0.02,MANIPULATE,destrava,2,2
1788467251.94,1065.07,8.95,-0.02,MANIPULATE,destrava,2,2
1788467252.04,1065.17,9.23,-0.02,MANIPULATE,destrava,2,2
1788467252.14,1065.27,10.84,-0.00,MANIPULATE,destrava,2,2
1788467252.24,1065.37,12.36,-0.00,MANIPULATE,destrava,2,2
1788467252.34,1065.47,10.92,-0.03,MANIPULATE,destrava,2,2
1788467252.44,1065.57,9.66,-0.01,MANIPULATE,destrava,2,2
1788467252.54,1065.67,9.64,-0.02,MANIPULATE,destrava,2,2
1788467252.65,1065.77,9.73,-0.01,MANIPULATE,destrava,2,2
1788467252.75,1065.87,10.15,-0.05,MANIPULATE,destrava,2,2
1788467252.85,1065.97,9.95,-0.02,MANIPULATE,destrava,2,2
1788467252.94,1066.07,9.82,-0.02,MANIPULATE,destrava,2,2
1788467253.05,1066.17,9.78,-0.02,MANIPULATE,destrava,2,2
1788467253.14,1066.27,9.70,-0.02,MANIPULATE,destrava,2,2
1788467253.25,1066.37,9.74,-0.02,MANIPULATE,destrava,2,2
1788467253.35,1066.47,9.77,-0.02,MANIPULATE,destrava,2,2
1788467253.45,1066.57,9.98,-0.02,MANIPULATE,destrava,2,2
1788467253.55,1066.67,10.10,-0.02,MANIPULATE,destrava,2,2
1788467253.65,1066.77,10.46,-0.00,MANIPULATE,destrava,2,2
1788467253.75,1066.87,10.59,-0.01,MANIPULATE,destrava,2,2
1788467253.85,1066.97,10.89,-0.00,MANIPULATE,destrava,2,2
1788467253.95,1067.07,11.07,-0.00,MANIPULATE,destrava,2,2
1788467254.05,1067.17,11.19,-0.02,MANIPULATE,destrava,2,2
1788467254.15,1067.27,11.46,-0.01,MANIPULATE,destrava,2,2
1788467254.25,1067.37,11.75,-0.01,MANIPULATE,destrava,2,2
1788467254.35,1067.47,12.12,-0.01,MANIPULATE,destrava,2,2
1788467254.45,1067.57,12.41,-0.00,MANIPULATE,destrava,2,2
1788467254.56,1067.67,12.56,-0.01,MANIPULATE,destrava,2,2
1788467254.66,1067.77,12.77,-0.02,MANIPULATE,destrava,2,2
1788467254.76,1067.87,12.92,-0.02,MANIPULATE,destrava,2,2
1788467254.86,1067.97,13.14,-0.02,MANIPULATE,destrava,3,3
1788467254.96,1068.07,13.46,-0.02,MANIPULATE,destrava,1,1
1788467255.06,1068.17,13.88,-0.01,MANIPULATE,destrava,2,2
1788467255.16,1068.27,14.28,-0.01,MANIPULATE,destrava,2,2
1788467255.27,1068.37,14.60,-0.00,MANIPULATE,destrava,2,2
1788467255.37,1068.47,14.94,-0.01,MANIPULATE,destrava,2,2
1788467255.47,1068.57,15.35,0.00,MANIPULATE,destrava,2,2
1788467255.57,1068.67,15.78,-0.05,MANIPULATE,destrava,2,2
1788467255.67,1068.77,16.39,-0.00,MANIPULATE,destrava,2,2
1788467255.77,1068.87,16.95,-0.00,MANIPULATE,destrava,2,2
1788467255.88,1068.97,17.51,-0.00,MANIPULATE,destrava,2,2
1788467255.98,1069.07,17.93,-0.01,MANIPULATE,destrava,2,2
1788467256.08,1069.17,18.32,-0.01,MANIPULATE,destrava,2,2
1788467256.18,1069.27,18.55,-0.02,MANIPULATE,destrava,2,2
1788467256.28,1069.37,18.81,-0.02,MANIPULATE,destrava,2,2
1788467256.38,1069.47,19.08,-0.02,MANIPULATE,destrava,2,2
1788467256.48,1069.57,19.37,-0.02,MANIPULATE,destrava,2,2
1788467256.58,1069.67,19.68,-0.02,MANIPULATE,destrava,2,2
1788467256.69,1069.77,19.92,-0.02,MANIPULATE,destrava,2,2
1788467256.78,1069.87,20.01,-0.02,MANIPULATE,destrava,2,2
1788467256.88,1069.97,20.00,-0.03,MANIPULATE,destrava,2,2
1788467256.98,1070.07,20.01,-0.03,MANIPULATE,destrava,2,2
1788467257.09,1070.17,20.03,-0.03,MANIPULATE,destrava,2,2
1788467257.18,1070.27,20.01,-0.02,MANIPULATE,destrava,2,2
1788467257.29,1070.37,20.01,-0.03,MANIPULATE,destrava,2,2
1788467257.39,1070.47,20.02,-0.02,MANIPULATE,destrava,2,2
1788467257.49,1070.57,20.01,-0.02,MANIPULATE,destrava,2,2
1788467257.59,1070.67,20.01,-0.02,MANIPULATE,destrava,2,2
1788467257.69,1070.77,20.01,-0.03,MANIPULATE,destrava,2,2
1788467257.80,1070.87,20.01,-0.03,MANIPULATE,destrava,2,2
1788467257.90,1070.97,20.02,-0.03,MANIPULATE,destrava,2,2
1788467258.00,1071.07,20.01,-0.02,MANIPULATE,destrava,2,2
1788467258.10,1071.17,19.98,-0.02,MANIPULATE,destrava,2,2
1788467258.20,1071.27,20.02,-0.03,MANIPULATE,destrava,2,2
1788467258.30,1071.37,20.02,-0.05,MANIPULATE,destrava,2,2
1788467258.40,1071.47,20.00,-0.03,MANIPULATE,destrava,2,2
1788467258.50,1071.57,20.02,-0.03,MANIPULATE,destrava,2,2
1788467258.60,1071.67,20.02,-0.03,MANIPULATE,destrava,2,2
1788467258.70,1071.77,20.02,-0.02,MANIPULATE,destrava,2,2
1788467258.80,1071.87,20.01,-0.03,MANIPULATE,destrava,2,2
1788467258.90,1071.97,20.02,-0.03,MANIPULATE,destrava,2,2
1788467259.00,1072.07,20.01,-0.03,MANIPULATE,destrava,2,2
1788467259.11,1072.17,20.02,-0.02,MANIPULATE,destrava,2,2
1788467259.20,1072.27,20.01,-0.03,MANIPULATE,destrava,2,2
1788467259.31,1072.37,20.02,-0.04,MANIPULATE,destrava,2,2
1788467259.41,1072.47,20.03,-0.03,MANIPULATE,destrava,2,2
1788467259.51,1072.57,20.01,-0.05,MANIPULATE,destrava,2,2
1788467259.61,1072.67,20.02,-0.03,MANIPULATE,destrava,2,2
1788467259.71,1072.77,20.02,-0.05,MANIPULATE,destrava,2,2
1788467259.81,1072.87,20.03,-0.03,MANIPULATE,destrava,2,2
1788467259.91,1072.97,20.02,-0.03,MANIPULATE,destrava,3,3
1788467260.01,1073.07,20.02,-0.05,MANIPULATE,destrava,1,1
1788467260.12,1073.17,20.02,-0.04,MANIPULATE,destrava,2,2
1788467260.22,1073.27,20.02,-0.04,MANIPULATE,destrava,2,2
1788467260.32,1073.37,20.02,-0.04,MANIPULATE,destrava,2,2
1788467260.42,1073.47,20.00,-0.04,MANIPULATE,destrava,3,3
1788467260.52,1073.57,20.01,-0.02,MANIPULATE,destrava,1,1
1788467260.62,1073.67,20.03,-0.04,MANIPULATE,destrava,2,2
1788467260.72,1073.77,20.00,-0.04,MANIPULATE,destrava,2,2
1788467260.82,1073.87,20.02,-0.04,MANIPULATE,destrava,2,2
1788467260.93,1073.97,20.02,-0.06,MANIPULATE,destrava,2,2
1788467261.02,1074.07,20.00,-0.04,MANIPULATE,destrava,2,2
1788467261.12,1074.17,20.01,-0.04,MANIPULATE,destrava,2,2
1788467261.23,1074.27,20.01,-0.04,MANIPULATE,destrava,2,2
1788467261.33,1074.37,20.03,-0.04,MANIPULATE,destrava,2,2
1788467261.43,1074.47,20.01,-0.05,MANIPULATE,destrava,2,2
1788467261.53,1074.57,20.01,-0.05,MANIPULATE,destrava,2,2
1788467261.63,1074.67,20.01,-0.06,MANIPULATE,destrava,2,2
1788467261.73,1074.77,20.01,-0.02,MANIPULATE,destrava,3,3
1788467261.83,1074.87,20.01,-0.04,MANIPULATE,destrava,1,1
1788467261.94,1074.97,20.01,-0.05,MANIPULATE,destrava,2,2
1788467262.03,1075.07,20.01,-0.04,MANIPULATE,destrava,2,2
1788467262.13,1075.17,20.03,-0.07,MANIPULATE,destrava,2,2
1788467262.23,1075.27,20.01,-0.07,MANIPULATE,destrava,2,2
1788467262.34,1075.37,20.03,-0.07,MANIPULATE,destrava,2,2
1788467262.43,1075.47,20.01,-0.05,MANIPULATE,destrava,2,2
1788467262.54,1075.57,20.02,-0.05,MANIPULATE,destrava,2,2
1788467262.64,1075.67,20.01,-0.06,MANIPULATE,destrava,2,2
1788467262.74,1075.77,20.06,0.01,MANIPULATE,destrava,2,2
1788467262.84,1075.87,20.03,-0.07,MANIPULATE,destrava,2,2
1788467262.94,1075.97,20.01,-0.07,MANIPULATE,destrava,2,2
1788467263.04,1076.07,20.06,-0.04,MANIPULATE,destrava,2,2
1788467263.14,1076.17,20.06,-0.01,MANIPULATE,destrava,2,2
1788467263.24,1076.27,20.05,-0.04,MANIPULATE,destrava,3,3
1788467263.35,1076.37,20.05,-0.03,MANIPULATE,destrava,1,1
1788467263.44,1076.47,20.05,-0.04,MANIPULATE,destrava,2,2
1788467263.55,1076.57,20.06,-0.06,MANIPULATE,destrava,2,2
1788467263.65,1076.67,20.05,-0.03,MANIPULATE,destrava,2,2
1788467263.75,1076.77,20.02,-0.03,MANIPULATE,destrava,2,2
1788467263.85,1076.87,20.07,-0.03,MANIPULATE,destrava,2,2
1788467263.96,1076.97,20.07,-0.02,MANIPULATE,destrava,2,2
1788467264.05,1077.07,20.00,-0.03,MANIPULATE,destrava,2,2
1788467264.15,1077.17,20.02,-0.01,MANIPULATE,destrava,2,2
1788467264.25,1077.27,20.06,0.01,MANIPULATE,destrava,2,2
1788467264.36,1077.37,20.01,-0.03,MANIPULATE,destrava,2,2
1788467264.45,1077.47,19.98,-0.06,MANIPULATE,destrava,2,2
1788467264.56,1077.57,20.06,-0.05,MANIPULATE,destrava,2,2
1788467264.66,1077.67,20.06,-0.02,MANIPULATE,destrava,2,2
1788467264.76,1077.77,20.03,-0.02,MANIPULATE,destrava,2,2
1788467264.86,1077.87,19.99,-0.02,MANIPULATE,destrava,2,2
1788467264.96,1077.97,20.01,-0.01,MANIPULATE,destrava,2,2
1788467265.06,1078.07,20.01,-0.08,MANIPULATE,destrava,2,2
1788467265.17,1078.17,19.99,-0.07,MANIPULATE,destrava,2,2
1788467265.26,1078.27,20.05,0.01,MANIPULATE,destrava,2,2
1788467265.36,1078.37,20.05,-0.01,MANIPULATE,destrava,2,2
1788467265.47,1078.47,20.01,-0.07,MANIPULATE,destrava,2,2
1788467265.57,1078.57,20.00,-0.05,MANIPULATE,destrava,2,2
1788467265.67,1078.67,19.90,-0.08,MANIPULATE,destrava,2,2
1788467265.77,1078.77,19.99,-0.05,MANIPULATE,destrava,2,2
1788467265.87,1078.87,20.06,-0.06,MANIPULATE,destrava,2,2
1788467265.97,1078.97,20.06,-0.04,MANIPULATE,destrava,2,2
1788467266.07,1079.07,19.97,-0.05,MANIPULATE,destrava,2,2
1788467266.17,1079.17,20.01,-0.07,MANIPULATE,destrava,2,2
1788467266.27,1079.27,19.95,-0.03,MANIPULATE,destrava,2,2
1788467266.37,1079.37,20.01,-0.02,MANIPULATE,destrava,2,2
1788467266.47,1079.47,20.00,-0.02,MANIPULATE,destrava,2,2
1788467266.58,1079.57,20.06,-0.05,MANIPULATE,destrava,2,2
1788467266.67,1079.67,20.05,-0.04,MANIPULATE,destrava,2,2
1788467266.78,1079.77,20.06,-0.03,MANIPULATE,destrava,2,2
1788467266.87,1079.87,20.09,-0.04,MANIPULATE,destrava,2,2
1788467266.98,1079.97,20.02,-0.02,MANIPULATE,destrava,2,2
1788467267.07,1080.07,20.02,-0.08,MANIPULATE,destrava,3,3
1788467267.18,1080.17,20.02,-0.06,MANIPULATE,destrava,1,1
1788467267.28,1080.27,20.00,-0.07,MANIPULATE,destrava,2,2
1788467267.38,1080.37,20.08,-0.03,MANIPULATE,destrava,2,2
1788467267.48,1080.47,20.00,-0.03,MANIPULATE,destrava,2,2
1788467267.58,1080.57,20.06,-0.02,MANIPULATE,destrava,2,2
1788467267.68,1080.67,20.01,-0.01,MANIPULATE,destrava,2,2
1788467267.78,1080.77,20.00,-0.03,MANIPULATE,destrava,2,2
1788467267.88,1080.87,20.07,-0.03,MANIPULATE,destrava,2,2
1788467267.98,1080.97,20.05,-0.03,MANIPULATE,destrava,2,2
1788467268.09,1081.07,20.01,-0.04,MANIPULATE,destrava,2,2
1788467268.19,1081.17,20.05,-0.05,MANIPULATE,destrava,2,2
1788467268.29,1081.27,19.98,-0.02,MANIPULATE,destrava,2,2
1788467268.39,1081.37,20.01,-0.01,MANIPULATE,destrava,2,2
1788467268.49,1081.47,20.01,-0.01,MANIPULATE,destrava,2,2
1788467268.60,1081.57,19.96,-0.05,MANIPULATE,destrava,2,2
1788467268.69,1081.67,19.95,-0.04,MANIPULATE,destrava,2,2
1788467268.79,1081.77,19.95,-0.06,MANIPULATE,destrava,2,2
1788467268.89,1081.87,19.88,0.01,MANIPULATE,destrava,2,2
1788467269.00,1081.97,20.22,0.21,MANIPULATE,destrava,2,2
1788467269.10,1082.07,20.02,-0.00,MANIPULATE,destrava,2,2
1788467269.20,1082.17,20.04,0.00,MANIPULATE,destrava,2,2
1788467269.30,1082.27,20.04,-0.02,MANIPULATE,destrava,2,2
1788467269.40,1082.37,20.05,-0.00,MANIPULATE,destrava,2,2
1788467269.50,1082.47,20.05,-0.00,MANIPULATE,destrava,2,2
1788467269.61,1082.57,20.04,-0.02,MANIPULATE,destrava,1,2
1788467269.70,1082.67,20.03,-0.02,MANIPULATE,destrava,0,0
1788467269.81,1082.77,20.05,0.00,MANIPULATE,destrava,0,0
1788467269.91,1082.87,20.03,-0.02,MANIPULATE,destrava,0,0
1788467270.01,1082.97,20.07,-0.00,MANIPULATE,destrava,0,0
1788467270.11,1083.07,20.05,-0.00,MANIPULATE,destrava,0,0
1788467270.21,1083.17,20.04,-0.00,MANIPULATE,destrava,0,0
1788467270.31,1083.27,20.03,-0.01,MANIPULATE,libera,0,0
1788467270.42,1083.37,20.03,-0.00,MANIPULATE,libera,0,0
1788467270.51,1083.47,20.05,-0.01,MANIPULATE,libera,1,1
1788467270.61,1083.57,20.03,-0.00,MANIPULATE,libera,2,2
1788467270.72,1083.67,20.07,-0.01,MANIPULATE,libera,2,2
1788467270.82,1083.77,20.04,-0.01,MANIPULATE,libera,2,2
1788467270.92,1083.87,20.04,-0.01,MANIPULATE,libera,2,2
1788467271.02,1083.97,20.05,-0.01,MANIPULATE,libera,2,2
1788467271.12,1084.07,20.05,-0.01,MANIPULATE,libera,2,2
1788467271.22,1084.17,20.03,-0.02,MANIPULATE,libera,2,2
1788467271.32,1084.27,20.03,0.00,MANIPULATE,libera,2,2
1788467271.43,1084.37,20.04,-0.01,MANIPULATE,libera,2,2
1788467271.53,1084.47,20.06,-0.00,MANIPULATE,libera,2,2
1788467271.63,1084.57,20.05,-0.00,MANIPULATE,libera,2,2
1788467271.73,1084.67,20.04,-0.00,MANIPULATE,libera,2,2
1788467271.83,1084.77,20.05,-0.01,MANIPULATE,libera,2,2
1788467271.93,1084.87,20.03,0.00,MANIPULATE,libera,2,2
1788467272.03,1084.97,20.03,-0.00,MANIPULATE,libera,2,2
1788467272.13,1085.07,20.04,-0.00,MANIPULATE,libera,2,2
1788467272.24,1085.17,20.04,-0.01,MANIPULATE,libera,2,2
1788467272.33,1085.27,20.03,-0.00,MANIPULATE,libera,2,2
1788467272.43,1085.37,20.05,-0.02,MANIPULATE,libera,2,2
1788467272.53,1085.47,20.05,-0.01,MANIPULATE,libera,2,2
1788467272.63,1085.57,20.05,-0.01,MANIPULATE,libera,2,2
1788467272.73,1085.67,20.05,-0.01,MANIPULATE,libera,2,2
1788467272.84,1085.77,20.04,-0.02,MANIPULATE,libera,2,2
1788467272.93,1085.87,20.06,-0.02,MANIPULATE,libera,2,2
1788467273.04,1085.97,20.08,-0.01,MANIPULATE,libera,2,2
1788467273.14,1086.07,20.06,-0.01,MANIPULATE,libera,2,2
1788467273.24,1086.17,20.04,-0.00,MANIPULATE,libera,2,2
1788467273.34,1086.27,20.05,-0.00,MANIPULATE,libera,2,2
1788467273.44,1086.37,20.05,-0.01,MANIPULATE,libera,2,2
1788467273.54,1086.47,20.04,-0.00,MANIPULATE,libera,2,2
1788467273.64,1086.57,20.03,0.00,MANIPULATE,libera,2,2
1788467273.74,1086.67,20.04,-0.00,MANIPULATE,libera,2,2
1788467273.85,1086.77,20.04,-0.00,MANIPULATE,libera,2,2
1788467273.94,1086.87,20.04,-0.00,MANIPULATE,libera,2,2
1788467274.04,1086.97,20.04,-0.00,MANIPULATE,libera,3,3
1788467274.14,1087.07,20.04,-0.00,MANIPULATE,libera,1,1
1788467274.25,1087.17,20.05,-0.01,MANIPULATE,libera,2,2
1788467274.34,1087.27,20.03,-0.02,MANIPULATE,libera,2,2
1788467274.44,1087.37,20.04,0.00,MANIPULATE,libera,3,3
1788467274.54,1087.47,20.04,-0.01,MANIPULATE,libera,1,1
1788467274.65,1087.57,20.04,-0.01,MANIPULATE,libera,2,2
1788467274.74,1087.67,20.03,-0.00,MANIPULATE,libera,2,2
1788467274.85,1087.77,20.03,-0.01,MANIPULATE,libera,2,2
1788467274.95,1087.87,20.04,-0.01,MANIPULATE,libera,2,2
1788467275.05,1087.97,20.04,-0.01,MANIPULATE,libera,2,2
1788467275.15,1088.07,20.04,-0.00,MANIPULATE,libera,2,2
1788467275.25,1088.17,20.04,0.00,MANIPULATE,libera,2,2
1788467275.35,1088.27,20.04,-0.01,MANIPULATE,libera,2,2
1788467275.45,1088.37,20.04,-0.00,MANIPULATE,libera,2,2
1788467275.55,1088.47,20.04,-0.00,MANIPULATE,libera,2,2
1788467275.66,1088.57,20.04,-0.00,MANIPULATE,libera,2,2
1788467275.76,1088.67,20.04,-0.01,MANIPULATE,libera,2,2
1788467275.85,1088.77,20.04,-0.00,MANIPULATE,libera,2,2
1788467275.96,1088.87,20.04,-0.01,MANIPULATE,libera,2,2
1788467276.06,1088.97,20.03,-0.01,MANIPULATE,libera,2,2
1788467276.16,1089.07,20.04,-0.01,MANIPULATE,libera,2,2
1788467276.26,1089.17,20.03,-0.01,MANIPULATE,libera,2,2
1788467276.36,1089.27,20.05,-0.01,MANIPULATE,libera,2,2
1788467276.46,1089.37,20.04,-0.01,MANIPULATE,libera,2,2
1788467276.56,1089.47,20.04,-0.01,MANIPULATE,libera,2,2
1788467276.66,1089.57,20.04,-0.01,MANIPULATE,libera,2,2
1788467276.76,1089.67,20.03,-0.01,MANIPULATE,libera,2,2
1788467276.86,1089.77,20.04,-0.01,MANIPULATE,libera,2,2
1788467276.96,1089.87,20.04,-0.01,MANIPULATE,libera,2,2
1788467277.07,1089.97,20.04,-0.01,MANIPULATE,libera,2,2
1788467277.17,1090.07,20.04,-0.01,MANIPULATE,libera,2,2
1788467277.27,1090.17,20.04,0.01,MANIPULATE,libera,2,2
1788467277.37,1090.27,20.03,-0.01,MANIPULATE,libera,2,2
1788467277.47,1090.37,20.04,0.01,MANIPULATE,libera,2,2
1788467277.57,1090.47,20.04,-0.01,MANIPULATE,libera,2,2
1788467277.67,1090.57,20.05,-0.01,MANIPULATE,libera,2,2
1788467277.77,1090.67,20.05,0.00,MANIPULATE,libera,2,2
1788467277.87,1090.77,20.05,-0.00,MANIPULATE,libera,2,2
1788467277.97,1090.87,20.06,-0.00,MANIPULATE,libera,3,3
1788467278.07,1090.97,20.06,0.01,MANIPULATE,libera,1,1
1788467278.17,1091.07,20.07,-0.00,MANIPULATE,libera,2,2
1788467278.27,1091.17,20.07,0.00,MANIPULATE,libera,2,2
1788467278.37,1091.27,20.07,-0.00,MANIPULATE,libera,2,2
1788467278.47,1091.37,20.07,-0.00,MANIPULATE,libera,2,2
1788467278.57,1091.47,20.08,0.00,MANIPULATE,libera,2,2
1788467278.67,1091.57,20.08,0.01,MANIPULATE,libera,2,2
1788467278.77,1091.67,20.09,0.01,MANIPULATE,libera,2,2
1788467278.87,1091.77,20.09,0.01,MANIPULATE,libera,2,2
1788467278.97,1091.87,20.09,0.05,MANIPULATE,libera,3,3
1788467279.08,1091.97,20.10,0.15,MANIPULATE,libera,1,1
1788467279.17,1092.07,20.10,0.48,MANIPULATE,libera,2,2
1788467279.28,1092.17,20.10,1.00,MANIPULATE,libera,2,2
1788467279.38,1092.27,20.09,1.55,MANIPULATE,libera,2,2
1788467279.48,1092.37,20.09,2.22,MANIPULATE,libera,2,2
1788467279.58,1092.47,20.09,2.80,MANIPULATE,libera,2,2
1788467279.69,1092.57,20.09,3.39,MANIPULATE,libera,2,2
1788467279.78,1092.67,20.08,3.93,MANIPULATE,libera,2,2
1788467279.89,1092.77,20.08,4.51,MANIPULATE,libera,2,2
1788467279.99,1092.87,20.09,5.00,MANIPULATE,libera,2,2
1788467280.08,1092.97,20.09,5.52,MANIPULATE,libera,2,2
1788467280.19,1093.07,20.08,6.03,MANIPULATE,libera,2,2
1788467280.29,1093.17,20.08,6.51,MANIPULATE,libera,2,2
1788467280.39,1093.27,20.08,6.94,MANIPULATE,libera,2,2
1788467280.49,1093.37,20.08,7.40,MANIPULATE,libera,2,2
1788467280.59,1093.47,20.08,7.78,MANIPULATE,libera,2,2
1788467280.70,1093.57,20.08,8.21,MANIPULATE,libera,2,2
1788467280.79,1093.67,20.08,8.57,MANIPULATE,libera,2,2
1788467280.90,1093.77,20.08,8.94,MANIPULATE,libera,2,2
1788467281.00,1093.87,20.07,9.28,MANIPULATE,libera,2,2
1788467281.10,1093.97,20.06,9.44,MANIPULATE,libera,2,2
1788467281.20,1094.07,20.06,9.34,MANIPULATE,libera,2,2
1788467281.30,1094.17,20.05,9.25,MANIPULATE,libera,2,2
1788467281.40,1094.27,20.05,9.17,MANIPULATE,libera,2,2
1788467281.50,1094.37,20.04,9.11,MANIPULATE,libera,2,2
1788467281.60,1094.47,20.04,9.05,MANIPULATE,libera,2,2
1788467281.70,1094.57,20.04,9.00,MANIPULATE,libera,2,2
1788467281.80,1094.67,20.05,8.94,MANIPULATE,libera,2,2
1788467281.91,1094.77,20.05,8.87,MANIPULATE,libera,2,2
1788467282.00,1094.87,20.06,8.79,MANIPULATE,libera,2,2
1788467282.10,1094.97,20.06,8.71,MANIPULATE,libera,2,2
1788467282.20,1095.07,20.06,8.63,MANIPULATE,libera,2,2
1788467282.30,1095.17,20.07,8.60,MANIPULATE,libera,2,2
1788467282.40,1095.27,20.06,8.67,MANIPULATE,libera,2,2
1788467282.51,1095.37,20.06,8.84,MANIPULATE,libera,2,2
1788467282.61,1095.47,20.05,9.02,MANIPULATE,libera,2,2
1788467282.71,1095.57,20.06,9.18,MANIPULATE,libera,2,2
1788467282.81,1095.67,20.05,9.10,MANIPULATE,libera,2,2
1788467282.91,1095.77,20.04,9.03,MANIPULATE,libera,2,2
1788467283.01,1095.87,20.04,8.96,MANIPULATE,libera,2,2
1788467283.11,1095.97,20.03,8.89,MANIPULATE,libera,2,2
1788467283.21,1096.07,20.03,8.82,MANIPULATE,libera,2,2
1788467283.32,1096.17,20.03,8.73,MANIPULATE,libera,2,2
1788467283.41,1096.27,20.03,8.69,MANIPULATE,libera,3,3
1788467283.52,1096.37,20.04,8.64,MANIPULATE,libera,1,1
1788467283.61,1096.47,20.04,8.58,MANIPULATE,libera,2,2
1788467283.72,1096.57,20.04,8.51,MANIPULATE,libera,2,2
1788467283.82,1096.67,20.05,8.44,MANIPULATE,libera,2,2
1788467283.92,1096.77,20.05,8.37,MANIPULATE,libera,2,2
1788467284.02,1096.87,20.04,8.34,MANIPULATE,libera,2,2
1788467284.12,1096.97,20.05,8.35,MANIPULATE,libera,2,2
1788467284.22,1097.07,20.04,8.53,MANIPULATE,libera,2,2
1788467284.33,1097.17,20.01,8.80,MANIPULATE,libera,2,2
1788467284.42,1097.27,20.02,9.02,MANIPULATE,libera,2,2
1788467284.53,1097.37,20.02,9.00,MANIPULATE,libera,2,2
1788467284.63,1097.47,20.02,8.94,MANIPULATE,libera,2,2
1788467284.73,1097.57,20.01,8.90,MANIPULATE,libera,2,2
1788467284.83,1097.67,20.02,8.84,MANIPULATE,libera,2,2
1788467284.93,1097.77,20.02,8.70,MANIPULATE,libera,2,2
1788467285.03,1097.87,20.02,8.47,MANIPULATE,libera,2,2
1788467285.13,1097.97,20.02,8.38,MANIPULATE,libera,2,2
1788467285.23,1098.07,20.03,8.33,MANIPULATE,libera,2,2
1788467285.34,1098.17,20.00,8.30,MANIPULATE,libera,2,2
1788467285.43,1098.27,20.01,8.27,MANIPULATE,libera,2,2
1788467285.54,1098.37,20.01,8.25,MANIPULATE,libera,2,2
1788467285.63,1098.47,20.01,8.21,MANIPULATE,libera,2,2
1788467285.74,1098.57,20.01,8.18,MANIPULATE,libera,2,2
1788467285.84,1098.67,20.01,8.16,MANIPULATE,libera,2,2
1788467285.94,1098.77,20.01,8.28,MANIPULATE,libera,2,2
1788467286.04,1098.87,20.01,8.51,MANIPULATE,libera,2,2
1788467286.14,1098.97,20.01,8.78,MANIPULATE,libera,2,2
1788467286.24,1099.07,20.01,9.02,MANIPULATE,libera,2,2
1788467286.34,1099.17,20.02,8.99,MANIPULATE,libera,2,2
1788467286.44,1099.27,20.01,8.93,MANIPULATE,libera,2,2
1788467286.55,1099.37,20.01,8.88,MANIPULATE,libera,2,2
1788467286.65,1099.47,20.01,8.80,MANIPULATE,libera,2,2
1788467286.75,1099.57,20.01,8.71,MANIPULATE,libera,2,2
1788467286.85,1099.67,20.01,8.57,MANIPULATE,libera,2,2
1788467286.95,1099.77,20.01,8.45,MANIPULATE,libera,2,2
1788467287.05,1099.87,20.02,8.42,MANIPULATE,libera,2,2
1788467287.16,1099.97,20.01,8.37,MANIPULATE,libera,2,2
1788467287.25,1100.07,20.02,8.35,MANIPULATE,libera,2,2
1788467287.36,1100.17,20.01,8.30,MANIPULATE,libera,2,2
1788467287.46,1100.27,20.01,8.28,MANIPULATE,libera,2,2
1788467287.55,1100.37,20.01,8.25,MANIPULATE,libera,2,2
1788467287.65,1100.47,20.01,8.23,MANIPULATE,libera,2,2
1788467287.76,1100.57,20.01,8.31,MANIPULATE,libera,2,2
1788467287.86,1100.67,20.01,8.49,MANIPULATE,libera,2,2
1788467287.96,1100.77,20.01,8.71,MANIPULATE,libera,2,2
1788467288.06,1100.87,20.01,8.87,MANIPULATE,libera,2,2
1788467288.16,1100.97,20.02,8.85,MANIPULATE,libera,2,2
1788467288.26,1101.07,20.01,8.80,MANIPULATE,libera,2,2
1788467288.36,1101.17,20.01,8.74,MANIPULATE,libera,2,2
1788467288.46,1101.27,20.01,8.70,MANIPULATE,libera,2,2
1788467288.56,1101.37,20.02,8.65,MANIPULATE,libera,2,2
1788467288.66,1101.47,20.02,8.61,MANIPULATE,libera,3,3
1788467288.77,1101.57,20.00,8.58,MANIPULATE,libera,1,1
1788467288.86,1101.67,20.00,8.55,MANIPULATE,libera,2,2
1788467288.96,1101.77,20.00,8.52,MANIPULATE,libera,2,2
1788467289.06,1101.87,20.01,8.49,MANIPULATE,libera,2,2
1788467289.16,1101.97,20.01,8.47,MANIPULATE,libera,2,2
1788467289.26,1102.07,20.01,8.51,MANIPULATE,libera,2,2
1788467289.37,1102.17,20.01,8.57,MANIPULATE,libera,2,2
1788467289.47,1102.27,20.01,8.64,MANIPULATE,libera,2,2
1788467289.57,1102.37,20.01,8.72,MANIPULATE,libera,1,1
1788467289.67,1102.47,20.01,8.75,MANIPULATE,libera,2,2
1788467289.77,1102.57,20.01,8.71,MANIPULATE,libera,2,2
1788467289.87,1102.67,20.00,8.67,MANIPULATE,libera,2,2
1788467289.97,1102.77,20.01,8.64,MANIPULATE,libera,2,2
1788467290.07,1102.87,20.01,8.63,MANIPULATE,libera,2,2
1788467290.18,1102.97,20.01,8.61,MANIPULATE,libera,2,2
1788467290.27,1103.07,20.01,8.59,MANIPULATE,libera,2,2
1788467290.38,1103.17,20.01,8.57,MANIPULATE,libera,2,2
1788467290.48,1103.27,20.01,8.55,MANIPULATE,libera,2,2
1788467290.58,1103.37,20.01,8.59,MANIPULATE,libera,2,2
1788467290.68,1103.47,20.01,8.68,MANIPULATE,libera,2,2
1788467290.78,1103.57,20.01,8.79,MANIPULATE,libera,2,2
1788467290.88,1103.67,20.00,8.80,MANIPULATE,libera,2,2
1788467290.98,1103.77,20.01,8.76,MANIPULATE,libera,2,2
1788467291.08,1103.87,20.01,8.71,MANIPULATE,libera,2,2
1788467291.18,1103.97,20.00,8.67,MANIPULATE,libera,2,2
1788467291.28,1104.07,20.00,8.66,MANIPULATE,libera,2,2
1788467291.38,1104.17,19.97,8.66,MANIPULATE,libera,2,2
1788467291.48,1104.27,20.01,8.64,MANIPULATE,libera,2,2
1788467291.59,1104.37,20.00,8.67,MANIPULATE,libera,2,2
1788467291.68,1104.47,20.00,8.72,MANIPULATE,libera,2,2
1788467291.78,1104.57,20.00,8.77,MANIPULATE,libera,2,2
1788467291.89,1104.67,20.01,8.74,MANIPULATE,libera,2,2
1788467291.98,1104.77,20.01,8.66,MANIPULATE,libera,2,2
1788467292.09,1104.87,19.87,8.57,MANIPULATE,libera,2,2
1788467292.19,1104.97,19.75,8.53,MANIPULATE,libera,2,2
1788467292.28,1105.07,19.60,8.51,MANIPULATE,libera,2,2
1788467292.39,1105.17,19.44,8.52,MANIPULATE,libera,2,2
1788467292.49,1105.27,19.24,8.54,MANIPULATE,libera,2,2
1788467292.59,1105.37,18.98,8.57,MANIPULATE,libera,2,2
1788467292.69,1105.47,18.75,8.63,MANIPULATE,libera,2,2
1788467292.79,1105.57,18.45,8.56,MANIPULATE,libera,2,2
1788467292.89,1105.67,18.10,8.47,MANIPULATE,libera,2,2
1788467292.99,1105.77,17.68,8.36,MANIPULATE,libera,2,2
1788467293.09,1105.87,17.35,8.30,MANIPULATE,libera,2,2
1788467293.19,1105.97,17.02,8.26,MANIPULATE,libera,2,2
1788467293.29,1106.07,16.71,8.25,MANIPULATE,libera,2,2
1788467293.39,1106.17,16.36,8.26,MANIPULATE,libera,2,2
1788467293.49,1106.27,11.57,8.31,MANIPULATE,libera,3,3
1788467293.59,1106.37,7.28,8.31,MANIPULATE,libera,1,1
1788467293.69,1106.47,5.87,8.32,MANIPULATE,libera,2,2
1788467293.80,1106.57,5.98,8.31,MANIPULATE,libera,2,2
1788467293.89,1106.67,5.54,8.31,MANIPULATE,libera,2,2
1788467293.99,1106.77,4.43,8.31,MANIPULATE,libera,2,2
1788467294.10,1106.87,3.53,8.32,MANIPULATE,libera,1,2
1788467294.20,1106.97,2.81,8.33,MANIPULATE,libera,0,0
1788467294.30,1107.07,2.57,8.34,MANIPULATE,libera,0,0
1788467294.41,1107.17,2.64,8.35,MANIPULATE,libera,0,0
1788467294.50,1107.27,2.65,8.36,MANIPULATE,libera,0,0
1788467294.60,1107.37,2.63,8.37,MANIPULATE,libera,0,0
1788467294.71,1107.47,2.60,8.38,MANIPULATE,libera,0,0
1788467294.81,1107.57,3.85,8.52,MANIPULATE,libera,0,0
1788467294.91,1107.67,5.22,9.00,MANIPULATE,libera,0,0
1788467295.01,1107.77,5.91,10.23,MANIPULATE,libera,0,0
1788467295.11,1107.87,5.37,11.77,MANIPULATE,libera,0,0
1788467295.22,1107.97,4.11,13.57,MANIPULATE,libera,0,0
1788467295.31,1108.07,3.53,14.08,MANIPULATE,arco1,0,0
1788467295.41,1108.17,2.75,14.10,MANIPULATE,arco1,0,0
1788467295.51,1108.27,2.51,14.23,MANIPULATE,arco1,1,1
1788467295.62,1108.37,3.32,14.28,MANIPULATE,arco1,2,2
1788467295.71,1108.47,3.63,14.39,MANIPULATE,arco1,2,2
1788467295.81,1108.57,3.76,14.55,MANIPULATE,arco1,2,2
1788467295.91,1108.67,3.74,14.75,MANIPULATE,arco1,2,2
1788467296.02,1108.77,3.69,14.90,MANIPULATE,arco1,2,2
1788467296.11,1108.87,3.28,14.90,MANIPULATE,arco1,2,2
1788467296.22,1108.97,2.80,14.90,MANIPULATE,arco1,1,2
1788467296.32,1109.07,2.26,14.90,MANIPULATE,arco1,0,0
1788467296.42,1109.17,1.91,14.90,MANIPULATE,arco1,0,0
1788467296.52,1109.27,1.92,14.90,MANIPULATE,arco1,0,0
1788467296.63,1109.37,1.88,14.90,MANIPULATE,arco1,0,0
1788467296.73,1109.47,1.81,14.90,MANIPULATE,arco1,0,0
1788467296.83,1109.57,1.70,14.90,MANIPULATE,arco1,0,0
1788467296.93,1109.67,3.03,15.04,MANIPULATE,arco1,0,0
1788467297.03,1109.77,1.86,16.62,MANIPULATE,arco1,0,0
1788467297.13,1109.87,0.91,18.07,MANIPULATE,arco1,0,0
1788467297.23,1109.97,-0.01,19.56,MANIPULATE,arco1,0,0
1788467297.34,1110.07,-0.03,21.11,MANIPULATE,arco1,0,0
1788467297.44,1110.17,-0.02,22.70,MANIPULATE,arco1,0,0
1788467297.54,1110.27,-0.03,24.25,MANIPULATE,arco1,0,0
1788467297.64,1110.37,-0.04,25.81,MANIPULATE,arco1,0,0
1788467297.75,1110.47,-0.04,27.35,MANIPULATE,arco1,0,0
1788467297.85,1110.57,-0.02,28.25,MANIPULATE,arco2,0,0
1788467297.95,1110.67,-0.03,28.56,MANIPULATE,arco2,0,0
1788467298.06,1110.77,-0.03,28.75,MANIPULATE,arco2,0,0
1788467298.16,1110.87,-0.04,28.89,MANIPULATE,arco2,2,2
1788467298.26,1110.97,-0.04,29.12,MANIPULATE,arco2,2,2
1788467298.36,1111.07,-0.04,29.31,MANIPULATE,arco2,2,2
1788467298.46,1111.17,-0.04,29.56,MANIPULATE,arco2,2,2
1788467298.56,1111.27,-0.04,29.80,MANIPULATE,arco2,2,2
1788467298.66,1111.37,-0.04,30.06,MANIPULATE,arco2,2,2
1788467298.76,1111.47,-0.04,30.32,MANIPULATE,arco2,2,3
1788467298.86,1111.57,-0.04,30.57,MANIPULATE,arco2,0,0
1788467298.96,1111.67,-0.04,30.78,MANIPULATE,arco2,0,0
1788467299.07,1111.77,-0.02,30.85,MANIPULATE,arco2,0,0
1788467299.17,1111.87,-0.01,30.84,MANIPULATE,arco2,0,0
1788467299.27,1111.97,-0.01,30.85,MANIPULATE,arco2,0,0
1788467299.37,1112.07,-0.01,30.84,MANIPULATE,arco2,0,0
1788467299.47,1112.17,-0.01,30.79,MANIPULATE,arco2,0,0
1788467299.57,1112.27,-0.00,30.74,MANIPULATE,arco2,0,0
1788467299.68,1112.37,7.77,30.65,MANIPULATE,arco2,0,0
1788467299.78,1112.47,13.39,30.29,MANIPULATE,arco2,0,0
1788467299.88,1112.57,13.90,29.95,MANIPULATE,arco2,0,0
1788467299.98,1112.67,13.19,29.88,MANIPULATE,arco2,0,0
1788467300.08,1112.77,12.99,29.87,MANIPULATE,arco2,0,0
1788467300.18,1112.87,12.93,29.81,MANIPULATE,arco2,0,0
1788467300.28,1112.97,12.73,29.77,MANIPULATE,arco2,0,0
1788467300.38,1113.07,12.47,29.74,MANIPULATE,arco2,0,0
1788467300.48,1113.17,11.41,29.73,MANIPULATE,arco2,0,0
1788467300.58,1113.27,10.58,29.73,MANIPULATE,arco2,0,0
1788467300.68,1113.37,-0.00,29.73,MANIPULATE,arco2,0,0
1788467300.79,1113.47,0.01,29.73,MANIPULATE,arco2,0,0
1788467300.89,1113.57,0.01,29.73,MANIPULATE,arco2,0,0
1788467300.99,1113.67,-0.01,29.73,MANIPULATE,arco2,0,0
1788467301.09,1113.77,0.01,29.73,MANIPULATE,arco2,0,0
1788467301.19,1113.87,0.00,29.73,MANIPULATE,arco2,0,0
1788467301.29,1113.97,0.01,29.73,MANIPULATE,arco2,0,0
1788467301.39,1114.07,-0.00,29.73,MANIPULATE,arco2,0,0
1788467301.50,1114.17,0.00,29.73,MANIPULATE,arco2,0,0
1788467301.60,1114.27,-0.00,29.73,MANIPULATE,arco2,0,0
1788467301.70,1114.37,-0.00,29.73,MANIPULATE,arco2,0,0
1788467301.80,1114.47,-0.00,29.73,MANIPULATE,arco2,0,0
1788467301.90,1114.57,0.01,29.73,MANIPULATE,arco2,0,0
1788467302.00,1114.67,0.00,29.73,MANIPULATE,desengata,0,0
1788467302.11,1114.77,0.00,29.73,MANIPULATE,desengata,0,0
1788467302.21,1114.87,0.00,29.73,MANIPULATE,desengata,0,0
1788467302.31,1114.97,-0.00,29.73,MANIPULATE,desengata,0,0
1788467302.41,1115.07,0.00,29.73,MANIPULATE,desengata,0,0
1788467302.51,1115.17,-0.00,29.73,RETRACT,desengata,0,1
1788467302.61,1115.27,0.00,29.73,RETRACT,desengata,0,0
1788467302.71,1115.37,-0.00,29.73,RETRACT,desengata,0,0
1788467302.81,1115.47,-0.00,29.73,RETRACT,desengata,0,0
1788467302.91,1115.57,-0.00,29.73,RETRACT,desengata,0,0
1788467303.01,1115.67,0.00,29.73,RETRACT,desengata,0,0
1788467303.11,1115.77,0.01,29.73,RETRACT,desengata,0,0
1788467303.21,1115.87,0.00,29.73,RETRACT,desengata,0,0
1788467303.32,1115.97,-0.00,29.73,RETRACT,desengata,0,0
1788467303.41,1116.07,0.00,29.73,RETRACT,desengata,0,0
1788467303.51,1116.17,-0.01,29.73,RETRACT,desengata,0,0
1788467303.62,1116.27,-0.00,29.73,RETRACT,desengata,0,0
1788467303.72,1116.37,0.00,29.73,RETRACT,desengata,0,0
1788467303.82,1116.47,0.01,29.73,RETRACT,desengata,0,0
1788467303.92,1116.57,0.00,29.73,RETRACT,desengata,0,0
1788467304.02,1116.67,-0.01,29.73,RETRACT,desengata,0,0
1788467304.12,1116.77,0.00,29.73,RETRACT,desengata,0,0
1788467304.22,1116.87,-0.00,29.73,RETRACT,desengata,0,0
1788467304.32,1116.97,0.01,29.73,RETRACT,desengata,0,0
1788467304.42,1117.07,-0.00,29.73,RETRACT,desengata,0,0
1788467304.52,1117.17,0.01,29.73,RETRACT,desengata,0,0
1788467304.62,1117.27,0.01,29.73,RETRACT,desengata,0,0
1788467304.72,1117.37,0.00,29.73,RETRACT,desengata,0,0
1788467304.82,1117.47,-0.00,29.73,RETRACT,saida_eixo,0,0
1788467304.92,1117.57,0.00,29.73,RETRACT,saida_eixo,0,0
1788467305.02,1117.67,-0.00,29.73,RETRACT,saida_eixo,0,0
1788467305.13,1117.77,0.00,29.73,RETRACT,saida_eixo,0,0
1788467305.22,1117.87,0.00,29.73,RETRACT,saida_eixo,0,0
1788467305.33,1117.97,-0.00,29.73,RETRACT,saida_eixo,0,0
1788467305.43,1118.07,0.00,29.73,RETRACT,saida_eixo,0,0
1788467305.53,1118.17,0.01,29.73,RETRACT,saida_eixo,0,0
1788467305.63,1118.27,-0.01,29.73,RETRACT,saida_eixo,0,0
1788467305.73,1118.37,0.00,29.73,RETRACT,saida_eixo,0,0
1788467305.83,1118.47,-0.00,29.73,RETRACT,saida_eixo,0,0
1788467305.94,1118.57,-0.00,29.73,RETRACT,saida_eixo,0,0
1788467306.04,1118.67,0.00,29.73,RETRACT,saida_eixo,0,0
1788467306.13,1118.77,-0.01,29.73,RETRACT,saida_eixo,0,0
1788467306.24,1118.87,0.00,29.73,RETRACT,saida_eixo,0,0
1788467306.34,1118.97,-0.01,29.73,RETRACT,saida_eixo,0,0
1788467306.44,1119.07,-0.00,29.73,RETRACT,saida_eixo,0,0
1788467306.53,1119.17,-0.01,29.73,RETRACT,saida_eixo,0,0
1788467306.64,1119.27,0.00,29.73,RETRACT,saida_eixo,0,0
1788467306.74,1119.37,0.00,29.73,RETRACT,saida_eixo,0,0
1788467306.84,1119.47,0.00,29.73,RETRACT,saida_eixo,0,0
1788467306.95,1119.57,-0.00,29.73,RETRACT,saida_eixo,0,0
1788467307.04,1119.67,0.01,29.73,RETRACT,saida_eixo,0,0
1788467307.15,1119.77,0.01,29.73,RETRACT,saida_eixo,0,0
1788467307.25,1119.87,-0.00,29.73,RETRACT,saida_eixo,0,0
1788467307.35,1119.97,0.00,29.73,RETRACT,saida_eixo,0,0
1788467307.45,1120.07,-0.00,29.73,RETRACT,saida_eixo,0,0
1788467307.55,1120.17,0.01,29.73,RETRACT,saida_eixo,0,0
1788467307.65,1120.27,-0.01,29.73,RETRACT,saida_eixo,0,0
1788467307.75,1120.37,-0.00,29.73,RETRACT,saida_eixo,0,0
1788467307.85,1120.47,-0.00,29.73,RETRACT,saida_eixo,0,0
1788467307.95,1120.57,0.01,29.73,RETRACT,saida_eixo,0,0
1788467308.06,1120.67,-0.00,29.73,RETRACT,saida_eixo,0,0
1788467308.16,1120.77,0.00,29.73,RETRACT,saida_eixo,0,0
1788467308.26,1120.87,-0.00,29.73,RETRACT,saida_eixo,0,0
1788467308.36,1120.97,0.01,29.73,RETRACT,saida_eixo,0,0
1788467308.46,1121.07,-0.01,29.73,RETRACT,saida_eixo,0,0
1788467308.56,1121.17,-0.00,29.73,RETRACT,saida_eixo,0,0
1788467308.66,1121.27,-0.01,29.73,RETRACT,saida_eixo,0,0
1788467308.77,1121.37,0.01,29.73,RETRACT,saida_eixo,0,0
1788467308.87,1121.47,0.01,29.73,RETRACT,saida_eixo,0,0
1788467308.97,1121.57,-0.00,29.73,RETRACT,saida_eixo,0,0
1788467309.07,1121.67,0.01,29.73,RETRACT,saida_eixo,0,0
1788467309.18,1121.77,0.00,29.73,RETRACT,saida_eixo,0,0
1788467309.27,1121.87,-0.00,29.73,RETRACT,saida_eixo,0,0
1788467309.38,1121.97,-0.00,29.73,RETRACT,saida_eixo,0,0
1788467309.48,1122.07,-0.00,29.73,RETRACT,saida_eixo,0,0
1788467309.58,1122.17,0.00,29.73,RETRACT,saida_eixo,0,0
1788467309.68,1122.27,0.00,29.73,RETRACT,saida_eixo,0,0
1788467309.78,1122.37,0.00,29.73,RETRACT,saida_eixo,0,0
1788467309.88,1122.47,-0.01,29.73,RETRACT,saida_eixo,0,0
1788467309.98,1122.57,0.01,29.73,RETRACT,saida_eixo,0,0
1788467310.08,1122.67,-0.01,29.73,RETRACT,saida_eixo,0,0
1788467310.18,1122.77,-0.00,29.73,RETRACT,saida_eixo,0,0
1788467310.28,1122.87,0.01,29.73,RETRACT,saida_eixo,0,0
1788467310.38,1122.97,0.00,29.73,RETRACT,saida_eixo,0,0
1788467310.48,1123.07,0.00,29.73,RETRACT,saida_eixo,0,0
1788467310.59,1123.17,-0.00,29.73,RETRACT,saida_eixo,0,0
1788467310.69,1123.27,-0.00,29.73,RETRACT,saida_eixo,0,0
1788467310.79,1123.37,0.01,29.73,RETRACT,saida_eixo,0,0
1788467310.89,1123.47,-0.00,29.73,RETRACT,saida_eixo,0,0
1788467310.99,1123.57,-0.00,29.73,RETRACT,saida_eixo,0,0
1788467311.09,1123.67,0.00,29.73,RETRACT,saida_eixo,0,0
1788467311.19,1123.77,-0.00,29.73,RETRACT,saida_eixo,0,0
1788467311.29,1123.87,-0.00,29.73,RETRACT,saida_eixo,0,0
1788467311.39,1123.97,0.00,29.73,RETRACT,saida_eixo,0,0
1788467311.49,1124.07,-0.00,29.73,RETRACT,saida_eixo,0,0
1788467311.59,1124.17,0.00,29.73,RETRACT,saida_eixo,0,0
1788467311.69,1124.27,-0.00,29.73,RETRACT,saida_eixo,0,0
1788467311.79,1124.37,-0.00,29.73,RETRACT,saida_eixo,0,0
1788467311.90,1124.47,0.00,29.73,RETRACT,saida_eixo,0,0
1788467312.00,1124.57,-0.00,29.73,RETRACT,saida_eixo,0,0
1788467312.10,1124.67,0.00,29.73,RETRACT,saida_eixo,0,0
1788467312.20,1124.77,-0.00,29.73,RETRACT,saida_eixo,0,0
1788467312.30,1124.87,0.00,29.73,RETRACT,saida_eixo,0,0
1788467312.40,1124.97,-0.00,29.73,RETRACT,saida_eixo,0,0
1788467312.50,1125.07,-0.00,29.73,RETRACT,saida_eixo,0,0
1788467312.61,1125.17,-0.00,29.73,RETRACT,saida_eixo,0,0
1788467312.71,1125.27,-0.01,29.73,RETRACT,saida_eixo,0,0
1788467312.81,1125.37,-0.00,29.73,RETRACT,saida_eixo,0,0
1788467312.91,1125.47,-0.01,29.73,RETRACT,saida_eixo,0,0
1788467313.01,1125.57,0.00,29.73,RETRACT,saida_eixo,0,0
1788467313.11,1125.67,-0.00,29.73,RETRACT,saida_eixo,0,0
1788467313.21,1125.77,-0.00,29.73,RETRACT,saida_eixo,0,0
1788467313.31,1125.87,0.00,29.73,RETRACT,saida_eixo,0,0
1788467313.42,1125.97,-0.01,29.73,RETRACT,saida_eixo,0,0
1788467313.52,1126.07,0.00,29.73,RETRACT,saida_eixo,0,0
1788467313.62,1126.17,-0.00,29.73,RETRACT,saida_eixo,0,0
1788467313.72,1126.27,-0.00,29.73,RETRACT,saida_eixo,0,0
1788467313.82,1126.37,-0.00,29.73,RETRACT,saida_eixo,0,0
1788467313.92,1126.47,0.00,29.73,RETRACT,saida_eixo,0,0
1788467314.02,1126.57,0.01,29.73,RETRACT,saida_eixo,0,0
1788467314.12,1126.67,0.00,29.73,RETRACT,saida_eixo,0,0
1788467314.22,1126.77,0.00,29.73,RETRACT,saida_eixo,0,0
1788467314.32,1126.87,-0.00,29.73,RETRACT,saida_eixo,0,0
1788467314.42,1126.97,-0.01,29.73,RETRACT,saida_eixo,0,0
1788467314.52,1127.07,0.00,29.73,RETRACT,saida_eixo,0,0
1788467314.62,1127.17,0.00,29.73,RETRACT,saida_eixo,0,0
1788467314.72,1127.27,0.01,29.73,RETRACT,saida_eixo,0,0
1788467314.82,1127.37,0.00,29.73,RETRACT,saida_eixo,0,0
1788467314.92,1127.47,0.00,29.73,RETRACT,saida_eixo,0,0
1788467315.02,1127.57,-0.00,29.73,RETRACT,saida_eixo,0,0
1788467315.13,1127.67,0.00,29.73,RETRACT,saida_eixo,0,0
1788467315.22,1127.77,0.00,29.73,RETRACT,saida_eixo,0,0
1788467315.32,1127.87,-0.00,29.73,RETRACT,saida_eixo,0,0
1788467315.42,1127.97,0.01,29.73,RETRACT,saida_eixo,0,0
1788467315.52,1128.07,-0.00,29.73,RETRACT,saida_eixo,0,0
1788467315.63,1128.17,0.00,29.73,RETRACT,saida_eixo,0,0
1788467315.73,1128.27,0.01,29.73,RETRACT,saida_eixo,0,0
1788467315.83,1128.37,-0.00,29.73,RETRACT,saida_eixo,0,0
1788467315.93,1128.47,-0.00,29.73,RETRACT,saida_eixo,0,0
1788467316.03,1128.57,0.00,29.73,RETRACT,saida_eixo,0,0
1788467316.13,1128.67,0.00,29.73,RETRACT,saida_eixo,0,0
1788467316.23,1128.77,-0.01,29.73,RETRACT,saida_eixo,0,0
1788467316.33,1128.87,-0.00,29.73,RETRACT,saida_eixo,0,0
1788467316.44,1128.97,0.01,29.73,RETRACT,saida_eixo,0,0
1788467316.53,1129.07,-0.00,29.73,RETRACT,saida_eixo,0,0
1788467316.64,1129.17,-0.00,29.73,RETRACT,saida_eixo,0,0
1788467316.74,1129.27,-0.00,29.73,RETRACT,saida_eixo,0,0
1788467316.84,1129.37,-0.00,29.73,RETRACT,saida_eixo,0,0
1788467316.94,1129.47,-0.00,29.73,RETRACT,saida_eixo,0,0
1788467317.05,1129.57,0.00,29.73,RETRACT,saida_eixo,0,0
1788467317.15,1129.67,0.00,29.73,RETRACT,saida_eixo,0,0
1788467317.25,1129.77,0.01,29.73,RETRACT,saida_eixo,0,0
1788467317.35,1129.87,-0.00,29.73,RETRACT,saida_eixo,0,0
1788467317.45,1129.97,0.00,29.73,RETRACT,saida_eixo,0,0
1788467317.55,1130.07,0.00,29.73,RETRACT,saida_eixo,0,0
1788467317.65,1130.17,0.01,29.73,RETRACT,saida_eixo,0,0
1788467317.75,1130.27,-0.00,29.73,RETRACT,saida_eixo,0,0
1788467317.85,1130.37,-0.00,29.73,RETRACT,saida_eixo,0,0
1788467317.95,1130.47,0.01,29.73,RETRACT,saida_eixo,0,0
1788467318.06,1130.57,-0.01,29.73,RETRACT,saida_eixo,0,0
1788467318.15,1130.67,0.00,29.73,RETRACT,saida_eixo,0,0
1788467318.26,1130.77,0.00,29.73,RETRACT,saida_eixo,0,0
1788467318.35,1130.87,-0.00,29.73,RETRACT,saida_eixo,0,0
1788467318.46,1130.97,0.00,29.73,RETRACT,saida_eixo,0,0
1788467318.56,1131.07,-0.00,29.73,RETRACT,saida_eixo,0,0
1788467318.66,1131.17,-0.01,29.73,RETRACT,saida_eixo,0,0
1788467318.76,1131.27,0.01,29.73,RETRACT,saida_eixo,0,0
1788467318.86,1131.37,0.00,29.73,RETRACT,saida_eixo,0,0
1788467318.96,1131.47,0.00,29.73,RETRACT,saida_eixo,0,0
1788467319.06,1131.57,0.00,29.73,RETRACT,saida_eixo,0,0
1788467319.17,1131.67,0.00,29.73,RETRACT,saida_eixo,0,0
1788467319.27,1131.77,0.01,29.73,RETRACT,saida_eixo,0,0
1788467319.37,1131.87,-0.00,29.73,RETRACT,saida_eixo,0,0
1788467319.48,1131.97,0.00,29.73,RETURN,saida_eixo,0,0
1788467319.58,1132.07,0.00,29.73,RETURN,saida_eixo,0,0
1788467319.68,1132.17,-0.00,29.73,RETURN,saida_eixo,0,0
1788467319.78,1132.27,-0.00,29.73,RETURN,saida_eixo,0,0
1788467319.88,1132.37,-0.00,29.73,RETURN,saida_eixo,0,0
1788467319.98,1132.47,0.01,29.73,RETURN,saida_eixo,0,0
1788467320.08,1132.57,0.00,29.73,RETURN,saida_eixo,0,0
1788467320.18,1132.67,0.01,29.73,RETURN,saida_eixo,0,0
1788467320.28,1132.77,0.00,29.73,RETURN,saida_eixo,0,0
1788467320.38,1132.87,-0.00,29.73,RETURN,saida_eixo,0,0
1788467320.48,1132.97,0.00,29.73,RETURN,saida_eixo,0,0
1788467320.58,1133.07,0.01,29.73,RETURN,saida_eixo,0,0
1788467320.69,1133.17,-0.01,29.73,RETURN,saida_eixo,0,0
1788467320.79,1133.27,0.01,29.73,RETURN,saida_eixo,0,0
1788467320.89,1133.37,-0.00,29.73,RETURN,saida_eixo,0,0
1788467320.99,1133.47,-0.00,29.73,RETURN,saida_eixo,0,0
1788467321.09,1133.57,0.00,29.73,RETURN,saida_eixo,0,0
1788467321.19,1133.67,-0.00,29.73,RETURN,saida_eixo,0,0
1788467321.29,1133.77,-0.00,29.73,RETURN,saida_eixo,0,0
1788467321.39,1133.87,0.00,29.73,RETURN,saida_eixo,0,0
1788467321.50,1133.97,0.00,29.73,RETURN,saida_eixo,0,0
1788467321.60,1134.07,0.00,29.73,RETURN,saida_eixo,0,0
1788467321.70,1134.17,-0.00,29.73,RETURN,saida_eixo,0,0
1788467321.80,1134.27,0.00,29.73,RETURN,saida_eixo,0,0
1788467321.91,1134.37,0.00,29.73,RETURN,saida_eixo,0,0
1788467322.01,1134.47,-0.00,29.73,RETURN,saida_eixo,0,0
1788467322.11,1134.57,0.00,29.73,RETURN,saida_eixo,0,0
1788467322.21,1134.67,0.01,29.73,RETURN,saida_eixo,0,0
1788467322.31,1134.77,0.01,29.73,RETURN,saida_eixo,0,0
1788467322.41,1134.87,-0.01,29.73,RETURN,saida_eixo,0,0
1788467322.52,1134.97,0.00,29.73,RETURN,saida_eixo,0,0
1788467322.61,1135.07,-0.01,29.73,RETURN,saida_eixo,0,0
1788467322.72,1135.17,0.00,29.73,RETURN,saida_eixo,0,0
1788467322.82,1135.27,-0.00,29.73,RETURN,saida_eixo,0,0
1788467322.92,1135.37,-0.00,29.73,RETURN,saida_eixo,0,0
1788467323.02,1135.47,-0.00,29.73,RETURN,saida_eixo,0,0
1788467323.12,1135.57,0.01,29.73,RETURN,saida_eixo,0,0
1788467323.22,1135.67,-0.00,29.73,RETURN,saida_eixo,0,0
1788467323.32,1135.77,0.00,29.73,RETURN,saida_eixo,0,0
1788467323.42,1135.87,-0.00,29.73,RETURN,saida_eixo,0,0
1788467323.52,1135.97,0.00,29.73,RETURN,saida_eixo,0,0
1788467323.62,1136.07,0.00,29.73,RETURN,saida_eixo,0,0
1788467323.73,1136.17,-0.00,29.73,RETURN,saida_eixo,0,0
1788467323.83,1136.27,0.01,29.73,RETURN,saida_eixo,0,0
1788467323.93,1136.37,0.00,29.73,RETURN,saida_eixo,0,0
1788467324.03,1136.47,0.01,29.73,RETURN,saida_eixo,0,0
1788467324.13,1136.57,0.00,29.73,RETURN,saida_eixo,0,0
1788467324.23,1136.67,0.01,29.73,RETURN,saida_eixo,0,0
1788467324.33,1136.77,-0.01,29.73,RETURN,saida_eixo,0,0
1788467324.43,1136.87,0.01,29.73,RETURN,saida_eixo,0,0
1788467324.53,1136.97,-0.01,29.73,RETURN,saida_eixo,0,0
1788467324.63,1137.07,-0.00,29.73,RETURN,saida_eixo,0,0
1788467324.73,1137.17,0.01,29.73,RETURN,saida_eixo,0,0
1788467324.83,1137.27,-0.00,29.73,RETURN,saida_eixo,0,0
1788467324.93,1137.37,-0.01,29.73,RETURN,saida_eixo,0,0
1788467325.03,1137.47,0.00,29.73,RETURN,saida_eixo,0,0
1788467325.13,1137.57,0.01,29.73,RETURN,saida_eixo,0,0
1788467325.23,1137.67,0.00,29.73,RETURN,saida_eixo,0,0
1788467325.34,1137.77,-0.00,29.73,RETURN,saida_eixo,0,0
1788467325.44,1137.87,-0.00,29.73,RETURN,saida_eixo,0,0
1788467325.54,1137.97,0.00,29.73,RETURN,saida_eixo,0,0
1788467325.64,1138.07,0.01,29.73,RETURN,saida_eixo,0,0
1788467325.74,1138.17,0.00,29.73,RETURN,saida_eixo,0,0
1788467325.84,1138.27,-0.00,29.73,RETURN,saida_eixo,0,0
1788467325.94,1138.37,-0.01,29.73,RETURN,saida_eixo,0,0
1788467326.04,1138.47,-0.00,29.73,RETURN,saida_eixo,0,0
1788467326.14,1138.57,0.00,29.73,RETURN,saida_eixo,0,0
1788467326.24,1138.67,-0.01,29.73,RETURN,saida_eixo,0,0
1788467326.35,1138.77,0.00,29.73,RETURN,saida_eixo,0,0
1788467326.44,1138.87,0.00,29.73,RETURN,saida_eixo,0,0
1788467326.54,1138.97,-0.00,29.73,RETURN,saida_eixo,0,0
1788467326.65,1139.07,0.00,29.73,RETURN,saida_eixo,0,0
1788467326.75,1139.17,-0.01,29.73,RETURN,saida_eixo,0,0
1788467326.85,1139.27,0.01,29.73,RETURN,saida_eixo,0,0
1788467326.95,1139.37,-0.01,29.73,RETURN,saida_eixo,0,0
1788467327.05,1139.47,0.01,29.73,RETURN,saida_eixo,0,0
1788467327.15,1139.57,0.01,29.73,RETURN,saida_eixo,0,0
1788467327.25,1139.67,0.00,29.73,RETURN,saida_eixo,0,0
1788467327.36,1139.77,0.00,29.73,RETURN,saida_eixo,0,0
1788467327.45,1139.87,-0.00,29.73,RETURN,saida_eixo,0,0
1788467327.56,1139.97,-0.00,29.73,RETURN,saida_eixo,0,0
1788467327.66,1140.07,-0.00,29.73,RETURN,saida_eixo,0,0
1788467327.76,1140.17,-0.00,29.73,RETURN,saida_eixo,0,0
1788467327.86,1140.27,-0.00,29.73,RETURN,saida_eixo,0,0
1788467327.96,1140.37,-0.00,29.73,RETURN,saida_eixo,0,0
1788467328.06,1140.47,0.01,29.73,RETURN,saida_eixo,0,0
1788467328.16,1140.57,-0.00,29.73,RETURN,saida_eixo,0,0
1788467328.26,1140.67,-0.00,29.73,RETURN,saida_eixo,0,0
1788467328.36,1140.77,-0.01,29.73,RETURN,saida_eixo,0,0
1788467328.47,1140.87,0.00,29.73,RETURN,saida_eixo,0,0
1788467328.57,1140.97,0.00,29.73,RETURN,saida_eixo,0,0
1788467328.67,1141.07,-0.01,29.73,RETURN,saida_eixo,0,0
1788467328.77,1141.17,0.00,29.73,RETURN,saida_eixo,0,0
1788467328.87,1141.27,-0.00,29.73,RETURN,saida_eixo,0,0
1788467328.98,1141.37,0.00,29.73,RETURN,saida_eixo,0,0
1788467329.08,1141.47,0.00,29.73,RETURN,saida_eixo,0,0
1788467329.18,1141.57,0.01,29.73,RETURN,saida_eixo,0,0
1788467329.28,1141.67,0.00,29.73,RETURN,saida_eixo,0,0
1788467329.38,1141.77,-0.00,29.73,RETURN,saida_eixo,0,0
1788467329.48,1141.87,0.00,29.73,RETURN,saida_eixo,0,0
1788467329.58,1141.97,0.00,29.73,RETURN,saida_eixo,0,0
1788467329.68,1142.07,-0.01,29.73,RETURN,saida_eixo,0,0
1788467329.79,1142.17,0.00,29.73,RETURN,saida_eixo,0,0
1788467329.89,1142.27,0.01,29.73,RETURN,saida_eixo,0,0
1788467329.99,1142.37,-0.00,29.73,RETURN,saida_eixo,0,0
1788467330.09,1142.47,0.00,29.73,RETURN,saida_eixo,0,0
1788467330.19,1142.57,-0.00,29.73,RETURN,saida_eixo,0,0
1788467330.29,1142.67,0.00,29.73,RETURN,saida_eixo,0,0
1788467330.39,1142.77,-0.00,29.73,RETURN,saida_eixo,0,0
1788467330.50,1142.87,0.00,29.73,RETURN,saida_eixo,0,0
1788467330.60,1142.97,-0.00,29.73,RETURN,saida_eixo,0,0
1788467330.70,1143.07,-0.00,29.73,RETURN,saida_eixo,0,0
1788467330.80,1143.17,-0.00,29.73,RETURN,saida_eixo,0,0
1788467330.90,1143.27,0.00,29.73,RETURN,saida_eixo,0,0
1788467331.00,1143.37,-0.00,29.73,RETURN,saida_eixo,0,0
1788467331.10,1143.47,-0.00,29.73,RETURN,saida_eixo,0,0
1788467331.21,1143.57,-0.00,29.73,RETURN,saida_eixo,0,0
1788467331.31,1143.67,0.00,29.73,RETURN,saida_eixo,0,0
1788467331.41,1143.77,-0.00,29.73,RETURN,saida_eixo,0,0
1788467331.51,1143.87,-0.00,29.73,RETURN,saida_eixo,0,0
1788467331.62,1143.97,-0.01,29.73,RETURN,saida_eixo,0,0
1788467331.71,1144.07,0.00,29.73,RETURN,saida_eixo,0,0
1788467331.81,1144.17,-0.00,29.73,RETURN,saida_eixo,0,0
1788467331.92,1144.27,-0.01,29.73,RETURN,saida_eixo,0,0
1788467332.02,1144.37,-0.01,29.73,RETURN,saida_eixo,0,0
1788467332.12,1144.47,0.00,29.73,RETURN,saida_eixo,0,0
1788467332.22,1144.57,-0.01,29.73,RETURN,saida_eixo,0,0
1788467332.32,1144.67,-0.00,29.73,RETURN,saida_eixo,0,0
1788467332.42,1144.77,0.00,29.73,RETURN,saida_eixo,0,0
1788467332.52,1144.87,-0.00,29.73,RETURN,saida_eixo,0,0
1788467332.63,1144.97,0.00,29.73,RETURN,saida_eixo,0,0
1788467332.73,1145.07,-0.00,29.73,RETURN,saida_eixo,0,0
1788467332.83,1145.17,-0.00,29.73,RETURN,saida_eixo,0,0
1788467332.93,1145.27,0.00,29.73,RETURN,saida_eixo,0,0
1788467333.03,1145.37,-0.00,29.73,RETURN,saida_eixo,0,0
1788467333.13,1145.47,0.01,29.73,RETURN,saida_eixo,0,0
1788467333.24,1145.57,0.01,29.73,RETURN,saida_eixo,0,0
1788467333.34,1145.67,0.00,29.73,RETURN,saida_eixo,0,0
1788467333.44,1145.77,-0.00,29.73,RETURN,saida_eixo,0,0
1788467333.54,1145.87,-0.00,29.73,RETURN,saida_eixo,0,0
1788467333.64,1145.97,0.00,29.73,RETURN,saida_eixo,0,0
1788467333.75,1146.07,0.01,29.73,RETURN,saida_eixo,0,0
1788467333.84,1146.17,-0.01,29.73,RETURN,saida_eixo,0,0
1788467333.94,1146.27,0.01,29.73,RETURN,saida_eixo,0,0
1788467334.05,1146.37,-0.00,29.73,RETURN,saida_eixo,0,0
1788467334.15,1146.47,0.01,29.73,RETURN,saida_eixo,0,0
1788467334.25,1146.57,-0.01,29.73,RETURN,saida_eixo,0,0
1788467334.35,1146.67,0.00,29.73,RETURN,saida_eixo,0,0
1788467334.45,1146.77,0.00,29.73,RETURN,saida_eixo,0,0
1788467334.55,1146.87,-0.00,29.73,RETURN,saida_eixo,0,0
1788467334.65,1146.97,-0.00,29.73,RETURN,saida_eixo,0,0
1788467334.75,1147.07,0.01,29.73,RETURN,saida_eixo,0,0
1788467334.86,1147.17,0.00,29.73,RETURN,saida_eixo,0,0
1788467334.95,1147.27,0.00,29.73,RETURN,saida_eixo,0,0
1788467335.06,1147.37,-0.01,29.73,RETURN,saida_eixo,0,0
1788467335.15,1147.47,-0.00,29.73,RETURN,saida_eixo,0,0
1788467335.26,1147.57,-0.01,29.73,RETURN,saida_eixo,0,0
1788467335.36,1147.67,0.01,29.73,RETURN,saida_eixo,0,0
1788467335.46,1147.77,0.00,29.73,RETURN,saida_eixo,0,0
1788467335.56,1147.87,-0.00,29.73,RETURN,saida_eixo,0,0
1788467335.66,1147.97,-0.00,29.73,RETURN,saida_eixo,0,0
1788467335.76,1148.07,-0.00,29.73,RETURN,saida_eixo,0,0
1788467335.86,1148.17,-0.01,29.73,RETURN,saida_eixo,0,0
1788467335.96,1148.27,-0.00,29.73,RETURN,saida_eixo,0,0
1788467336.06,1148.37,-0.01,29.73,RETURN,saida_eixo,0,0
1788467336.16,1148.47,-0.00,29.73,RETURN,saida_eixo,0,0
1788467336.27,1148.57,0.01,29.73,RETURN,saida_eixo,0,0
1788467336.36,1148.67,-0.01,29.73,RETURN,saida_eixo,0,0
1788467336.47,1148.77,0.00,29.73,RETURN,saida_eixo,0,0
1788467336.57,1148.87,0.00,29.73,RETURN,saida_eixo,0,0
1788467336.67,1148.97,-0.00,29.73,RETURN,saida_eixo,0,0
1788467336.77,1149.07,-0.00,29.73,RETURN,saida_eixo,0,0
1788467336.87,1149.17,-0.00,29.73,RETURN,saida_eixo,0,0
1788467336.97,1149.27,0.01,29.73,RETURN,saida_eixo,0,0
1788467337.07,1149.37,-0.01,29.73,RETURN,saida_eixo,0,0
1788467337.17,1149.47,0.00,29.73,RETURN,saida_eixo,0,0
1788467337.28,1149.57,0.00,29.73,RETURN,saida_eixo,0,0
1788467337.38,1149.67,0.00,29.73,RETURN,saida_eixo,0,0
1788467337.49,1149.77,0.00,29.73,RETURN,saida_eixo,0,0
1788467337.58,1149.87,0.00,29.73,RETURN,saida_eixo,0,0
1788467337.69,1149.97,-0.01,29.73,RETURN,saida_eixo,0,0
1788467337.79,1150.07,0.00,29.73,RETURN,saida_eixo,0,0
1788467337.89,1150.17,0.00,29.73,RETURN,saida_eixo,0,0
1788467337.99,1150.27,-0.00,29.73,RETURN,saida_eixo,0,0
1788467338.10,1150.37,0.00,29.73,RETURN,saida_eixo,0,0
1788467338.20,1150.47,-0.00,29.73,RETURN,saida_eixo,0,0
1788467338.30,1150.57,0.01,29.73,RETURN,saida_eixo,0,0
1788467338.40,1150.67,0.00,29.73,RETURN,saida_eixo,0,0
1788467338.50,1150.77,-0.00,29.73,RETURN,saida_eixo,0,0
1788467338.60,1150.87,0.00,29.73,RETURN,saida_eixo,0,0
1788467338.70,1150.97,0.00,29.73,RETURN,saida_eixo,0,0
1788467338.80,1151.07,0.00,29.73,RETURN,saida_eixo,0,0
1788467338.90,1151.17,-0.00,29.73,RETURN,saida_eixo,0,0
1788467339.00,1151.27,0.00,29.73,RETURN,saida_eixo,0,0
1788467339.10,1151.37,-0.01,29.73,RETURN,saida_eixo,0,0
1788467339.20,1151.47,0.00,29.73,RETURN,saida_eixo,0,0
1788467339.30,1151.57,-0.00,29.73,RETURN,saida_eixo,0,0
1788467339.40,1151.67,-0.00,29.73,RETURN,saida_eixo,0,0
1788467339.51,1151.77,-0.00,29.73,RETURN,saida_eixo,0,0
1788467339.61,1151.87,-0.00,29.73,RETURN,saida_eixo,0,0
1788467339.70,1151.97,0.01,29.73,RETURN,saida_eixo,0,0
1788467339.81,1152.07,0.00,29.73,RETURN,saida_eixo,0,0
1788467339.91,1152.17,-0.01,29.73,RETURN,saida_eixo,0,0
1788467340.01,1152.27,0.00,29.73,RETURN,saida_eixo,0,0
1788467340.12,1152.37,0.00,29.73,RETURN,saida_eixo,0,0
1788467340.22,1152.47,-0.00,29.73,RETURN,saida_eixo,0,0
1788467340.32,1152.57,0.01,29.73,RETURN,saida_eixo,0,0
1788467340.42,1152.67,-0.01,29.73,RETURN,saida_eixo,0,0
1788467340.52,1152.77,-0.00,29.73,RETURN,saida_eixo,0,0
1788467340.62,1152.87,-0.01,29.73,RETURN,saida_eixo,0,0
1788467340.72,1152.97,0.00,29.73,RETURN,saida_eixo,0,0
1788467340.82,1153.07,-0.00,29.73,RETURN,saida_eixo,0,0
1788467340.93,1153.17,0.00,29.73,RETURN,saida_eixo,0,0
1788467341.03,1153.27,0.00,29.73,RETURN,saida_eixo,0,0
1788467341.13,1153.37,-0.00,29.73,RETURN,saida_eixo,0,0
1788467341.23,1153.47,0.00,29.73,RETURN,saida_eixo,0,0
1788467341.33,1153.57,-0.01,29.73,RETURN,saida_eixo,0,0
1788467341.43,1153.67,0.00,29.73,RETURN,saida_eixo,0,0
1788467341.53,1153.77,0.00,29.73,RETURN,saida_eixo,0,0
1788467341.64,1153.87,0.00,29.73,RETURN,saida_eixo,0,0
1788467341.74,1153.97,0.00,29.73,RETURN,saida_eixo,0,0
1788467341.84,1154.07,0.01,29.73,RETURN,saida_eixo,0,0
1788467341.94,1154.17,0.01,29.73,RETURN,saida_eixo,0,0
1788467342.04,1154.27,0.01,29.73,RETURN,saida_eixo,0,0
1788467342.14,1154.37,-0.01,29.73,RETURN,saida_eixo,0,0
1788467342.24,1154.47,0.01,29.73,RETURN,saida_eixo,0,0
1788467342.35,1154.57,0.00,29.73,RETURN,saida_eixo,0,0
1788467342.44,1154.67,-0.00,29.73,RETURN,saida_eixo,0,0
1788467342.54,1154.77,0.00,29.73,RETURN,saida_eixo,0,0
1788467342.64,1154.87,0.00,29.73,RETURN,saida_eixo,0,0
1788467342.75,1154.97,0.00,29.73,RETURN,saida_eixo,0,0
1788467342.84,1155.07,0.01,29.73,RETURN,saida_eixo,0,0
1788467342.95,1155.17,0.00,29.73,RETURN,saida_eixo,0,0
1788467343.04,1155.27,0.00,29.73,RETURN,saida_eixo,0,0
1788467343.14,1155.37,0.00,29.73,RETURN,saida_eixo,0,0
1788467343.24,1155.47,0.00,29.73,RETURN,saida_eixo,0,0
1788467343.35,1155.57,-0.00,29.73,RETURN,saida_eixo,0,0
1788467343.45,1155.67,0.00,29.73,RETURN,saida_eixo,0,0
1788467343.55,1155.77,0.01,29.73,RETURN,saida_eixo,0,0
1788467343.65,1155.87,0.00,29.73,RETURN,saida_eixo,0,0
1788467343.75,1155.97,-0.00,29.73,RETURN,saida_eixo,0,0
1788467343.85,1156.07,0.01,29.73,RETURN,saida_eixo,0,0
1788467343.96,1156.17,-0.01,29.73,RETURN,saida_eixo,0,0
1788467344.06,1156.27,0.01,29.73,RETURN,saida_eixo,0,0
1788467344.16,1156.37,-0.00,29.73,RETURN,saida_eixo,0,0
1788467344.26,1156.47,0.01,29.73,RETURN,saida_eixo,0,0
1788467344.36,1156.57,0.00,29.73,RETURN,saida_eixo,0,0
1788467344.46,1156.67,0.00,29.73,RETURN,saida_eixo,0,0
1788467344.57,1156.77,-0.00,29.73,RETURN,saida_eixo,0,0
1788467344.67,1156.87,-0.00,29.73,RETURN,saida_eixo,0,0
1788467344.77,1156.97,-0.01,29.73,RETURN,saida_eixo,0,0
1788467344.87,1157.07,-0.00,29.73,RETURN,saida_eixo,0,0
1788467344.97,1157.17,0.01,29.73,RETURN,saida_eixo,0,0
1788467345.07,1157.27,-0.00,29.73,RETURN,saida_eixo,0,0
1788467345.18,1157.37,0.00,29.73,RETURN,saida_eixo,0,0
1788467345.27,1157.47,0.00,29.73,RETURN,saida_eixo,0,0
1788467345.38,1157.57,-0.00,29.73,RETURN,saida_eixo,0,0
1788467345.48,1157.67,0.00,29.73,RETURN,saida_eixo,0,0
1788467345.58,1157.77,0.00,29.73,RETURN,saida_eixo,0,0
1788467345.68,1157.87,-0.01,29.73,RETURN,saida_eixo,0,0
1788467345.79,1157.97,-0.00,29.73,RETURN,saida_eixo,0,0
1788467345.89,1158.07,0.01,29.73,RETURN,saida_eixo,0,0
1788467345.99,1158.17,0.00,29.73,RETURN,saida_eixo,0,0
1788467346.09,1158.27,0.00,29.73,RETURN,saida_eixo,0,0
1788467346.19,1158.37,0.00,29.73,RETURN,saida_eixo,0,0
1788467346.29,1158.47,0.01,29.73,RETURN,saida_eixo,0,0
1788467346.40,1158.57,-0.00,29.73,RETURN,saida_eixo,0,0
1788467346.50,1158.67,0.00,29.73,RETURN,saida_eixo,0,0
1788467346.60,1158.77,0.00,29.73,RETURN,saida_eixo,0,0
1788467346.70,1158.87,-0.00,29.73,RETURN,saida_eixo,0,0
1788467346.80,1158.97,0.01,29.73,RETURN,saida_eixo,0,0
1788467346.90,1159.07,0.00,29.73,RETURN,saida_eixo,0,0
1788467347.00,1159.17,0.00,29.73,RETURN,saida_eixo,0,0
1788467347.10,1159.27,0.00,29.73,RETURN,saida_eixo,0,0
1788467347.20,1159.37,-0.00,29.73,RETURN,saida_eixo,0,0
1788467347.30,1159.47,0.00,29.73,RETURN,saida_eixo,0,0
1788467347.40,1159.57,0.01,29.73,RETURN,saida_eixo,0,0
1788467347.50,1159.67,0.01,29.73,RETURN,saida_eixo,0,0
1788467347.60,1159.77,0.01,29.73,RETURN,saida_eixo,0,0
1788467347.70,1159.87,0.00,29.73,RETURN,saida_eixo,0,0
1788467347.80,1159.97,-0.01,29.73,RETURN,saida_eixo,0,0
1788467347.91,1160.07,-0.00,29.73,RETURN,saida_eixo,0,0
1788467348.01,1160.17,0.00,29.73,RETURN,saida_eixo,0,0
1788467348.11,1160.27,0.01,29.73,RETURN,saida_eixo,0,0
1788467348.21,1160.37,0.00,29.73,RETURN,saida_eixo,0,0
1788467348.31,1160.47,-0.00,29.73,RETURN,saida_eixo,0,0
1788467348.41,1160.57,0.00,29.73,RETURN,saida_eixo,0,0
1788467348.51,1160.67,0.00,29.73,RETURN,saida_eixo,0,0
1788467348.61,1160.77,-0.00,29.73,RETURN,saida_eixo,0,0
1788467348.71,1160.87,0.00,29.73,RETURN,saida_eixo,0,0
1788467348.82,1160.97,0.01,29.73,RETURN,saida_eixo,0,0
1788467348.91,1161.07,-0.00,29.73,RETURN,saida_eixo,0,0
1788467349.02,1161.17,0.01,29.73,RETURN,saida_eixo,0,0
1788467349.12,1161.27,-0.00,29.73,RETURN,saida_eixo,0,0
1788467349.22,1161.37,-0.00,29.73,RETURN,saida_eixo,0,0
1788467349.32,1161.47,0.01,29.73,RETURN,saida_eixo,0,0
1788467349.42,1161.57,0.00,29.73,RETURN,saida_eixo,0,0
