wall,sim,lingueta_mm,lamina_deg,estado,fase,armvel_nz,armvel_n
1788450401.90,0.00,0.01,5.94,,,0,0
1788450402.23,549.89,0.00,5.94,,,0,0
1788450402.24,549.90,0.01,5.94,,,0,0
1788450402.34,549.99,0.01,5.94,,,0,0
1788450402.44,550.09,0.01,5.94,,,0,0
1788450402.54,550.19,0.00,5.94,,,0,0
1788450402.64,550.29,-0.00,5.94,,,0,0
1788450402.74,550.39,0.00,5.94,,,0,0
1788450402.84,550.49,0.00,5.94,,,0,0
1788450402.94,550.59,0.00,5.94,,,0,0
1788450403.04,550.69,0.00,5.94,,,0,0
1788450403.14,550.80,0.01,0.00,,,0,0
1788450403.24,550.90,0.00,0.00,,,0,0
1788450403.35,551.00,0.01,0.00,,,0,0
1788450403.45,551.10,0.00,0.00,,,0,0
1788450403.55,551.20,-0.00,0.00,,,0,0
1788450403.65,551.29,0.00,0.00,,,0,0
1788450403.75,551.39,0.01,0.00,,,0,0
1788450403.85,551.50,-0.00,0.00,,,0,0
1788450403.95,551.59,0.00,0.00,,,0,0
1788450404.05,551.70,0.01,0.00,,,0,0
1788450404.15,551.79,0.01,0.00,,,0,0
1788450404.25,551.89,0.01,0.00,,,0,0
1788450404.35,551.99,-0.00,0.00,,,0,0
1788450404.45,552.10,0.00,0.00,,,0,0
1788450404.55,552.19,0.00,0.00,,,0,0
1788450404.66,552.30,0.01,0.00,,,0,0
1788450404.75,552.39,-0.00,0.00,,,0,0
1788450404.86,552.49,-0.00,0.00,,,0,0
1788450404.96,552.59,0.00,0.00,,,0,0
1788450405.06,552.70,0.01,0.00,,,0,0
1788450405.16,552.80,-0.00,0.00,,,0,0
1788450405.26,552.90,0.01,0.00,,,0,0
1788450405.36,553.00,0.01,0.00,,,0,0
1788450405.46,553.10,-0.00,0.00,,,0,0
1788450405.56,553.19,0.01,0.00,,,0,0
1788450405.66,553.29,0.01,0.00,,,0,0
1788450405.76,553.39,-0.00,0.00,,,0,0
1788450405.87,553.50,0.00,0.00,,,0,0
1788450405.97,553.60,0.01,0.00,,,0,0
1788450406.06,553.69,0.01,0.00,,,0,0
1788450406.17,553.79,0.00,0.00,,,0,0
1788450406.27,553.89,-0.00,0.00,,,0,0
1788450406.37,553.99,-0.00,0.00,,,0,0
1788450406.47,554.10,0.01,0.00,,,0,0
1788450406.57,554.19,0.01,0.00,,,0,0
1788450406.67,554.29,-0.00,0.00,,,0,0
1788450406.77,554.39,-0.00,0.00,,,0,0
1788450406.87,554.50,0.01,0.00,,,0,0
1788450406.97,554.59,-0.00,0.00,,,0,0
1788450407.07,554.70,0.00,0.00,,,0,0
1788450407.17,554.79,0.01,0.00,,,0,0
1788450407.28,554.90,-0.00,0.00,,,0,0
1788450407.37,554.99,-0.00,0.00,,,0,0
1788450407.48,555.10,0.01,0.00,,,0,0
1788450407.58,555.19,0.00,0.00,,,0,0
1788450407.68,555.29,0.01,0.00,,,0,0
1788450407.78,555.39,0.01,0.00,,,0,0
1788450407.88,555.50,0.00,0.00,,,0,0
1788450407.98,555.59,-0.00,0.00,,,0,0
1788450408.08,555.69,0.00,0.00,,,0,0
1788450408.18,555.79,0.00,0.00,,,0,0
1788450408.28,555.90,0.00,0.00,,,0,0
1788450408.38,555.99,0.01,0.00,,,0,0
1788450408.48,556.10,-0.00,0.00,,,0,0
1788450408.58,556.20,0.01,0.00,,,0,0
1788450408.69,556.30,0.00,0.00,,,0,0
1788450408.79,556.39,0.00,0.00,,,0,0
1788450408.89,556.49,-0.00,0.00,,,0,0
1788450408.99,556.60,0.01,0.00,,,0,0
1788450409.10,556.69,0.00,0.00,,,0,0
1788450409.20,556.79,0.00,0.00,,,0,0
1788450409.30,556.89,-0.00,0.00,,,0,0
1788450409.41,557.00,-0.00,0.00,,,0,0
1788450409.52,557.09,-0.01,0.00,,,0,0
1788450409.61,557.19,-0.00,0.00,,,0,0
1788450409.71,557.29,0.01,0.00,,,0,0
1788450409.81,557.39,0.00,0.00,,,0,0
1788450409.91,557.49,0.00,0.00,,,0,0
1788450410.01,557.59,0.00,0.00,STOW_INIT,,0,1
1788450410.11,557.69,0.00,0.00,STOW_INIT,,0,0
1788450410.22,557.79,0.00,0.00,SEARCH,,0,0
1788450410.31,557.89,0.00,0.00,SEARCH,,0,0
1788450410.42,558.00,0.00,0.00,SEARCH,,0,0
1788450410.52,558.09,-0.01,0.00,SEARCH,,0,0
1788450410.62,558.19,0.00,0.00,SEARCH,,0,0
1788450410.72,558.29,0.01,0.00,SEARCH,,0,0
1788450410.82,558.40,0.01,0.00,SEARCH,,0,0
1788450410.92,558.49,0.01,0.00,SEARCH,,0,0
1788450411.02,558.59,0.01,0.00,SEARCH,,0,0
1788450411.13,558.70,0.00,0.00,SEARCH,,0,0
1788450411.23,558.80,-0.00,0.00,SEARCH,,0,0
1788450411.33,558.90,0.00,0.00,SEARCH,,0,0
1788450411.43,559.00,-0.00,0.00,SEARCH,,0,0
1788450411.53,559.09,-0.00,0.00,SEARCH,,0,0
1788450411.63,559.19,-0.00,0.00,SEARCH,,0,0
1788450411.73,559.30,-0.00,0.00,SEARCH,,0,0
1788450411.83,559.40,0.01,0.00,SEARCH,,0,0
1788450411.93,559.50,0.00,0.00,SEARCH,,0,0
1788450412.03,559.60,0.00,0.00,SEARCH,,0,0
1788450412.14,559.70,0.01,0.00,SEARCH,,0,0
1788450412.24,559.80,0.01,0.00,SEARCH,,0,0
1788450412.34,559.90,0.01,0.00,SEARCH,,0,0
1788450412.44,560.00,0.00,0.00,SEARCH,,0,0
1788450412.54,560.10,0.00,0.00,SEARCH,,0,0
1788450412.64,560.20,-0.00,0.00,SEARCH,,0,0
1788450412.74,560.29,0.00,0.00,SEARCH,,0,0
1788450412.84,560.39,0.00,0.00,SEARCH,,0,0
1788450412.94,560.50,0.00,0.00,SEARCH,,0,0
1788450413.04,560.60,0.01,0.00,SEARCH,,0,0
1788450413.15,560.70,0.01,0.00,SEARCH,,0,0
1788450413.25,560.79,0.01,0.00,SEARCH,,0,0
1788450413.34,560.89,0.01,0.00,SEARCH,,0,0
1788450413.45,561.00,0.00,0.00,SEARCH,,0,0
1788450413.55,561.10,0.01,0.00,SEARCH,,0,0
1788450413.65,561.20,0.01,0.00,SEARCH,,0,0
1788450413.75,561.29,-0.00,0.00,SEARCH,,0,0
1788450413.85,561.39,0.01,0.00,SEARCH,,0,0
1788450413.95,561.49,0.01,0.00,SEARCH,,0,0
1788450414.05,561.60,-0.00,0.00,SEARCH,,0,0
1788450414.16,561.70,0.00,0.00,SEARCH,,0,0
1788450414.25,561.79,0.01,0.00,SEARCH,,0,0
1788450414.35,561.89,0.00,0.00,SEARCH,,0,0
1788450414.46,562.00,0.00,0.00,SEARCH,,0,0
1788450414.56,562.10,0.01,0.00,SEARCH,,0,0
1788450414.66,562.19,0.01,0.00,SEARCH,,0,0
1788450414.76,562.30,0.01,0.00,SEARCH,,0,0
1788450414.86,562.39,-0.00,0.00,SEARCH,,0,0
1788450414.96,562.50,-0.00,0.00,SEARCH,,0,0
1788450415.06,562.59,0.00,0.00,SEARCH,,0,0
1788450415.16,562.70,0.00,0.00,SEARCH,,0,0
1788450415.26,562.79,-0.00,0.00,SEARCH,,0,0
1788450415.37,562.90,0.00,0.00,SEARCH,,0,0
1788450415.47,563.00,-0.00,0.00,SEARCH,,0,0
1788450415.56,563.09,0.01,0.00,SEARCH,,0,0
1788450415.67,563.20,-0.00,0.00,SEARCH,,0,0
1788450415.77,563.29,0.00,0.00,SEARCH,,0,0
1788450415.87,563.39,0.00,0.00,SEARCH,,0,0
1788450415.97,563.50,-0.00,0.00,SEARCH,,0,0
1788450416.07,563.59,-0.00,0.00,SEARCH,,0,0
1788450416.18,563.70,0.00,0.00,SEARCH,,0,0
1788450416.27,563.79,0.00,0.00,SEARCH,,0,0
1788450416.38,563.90,-0.00,0.00,SEARCH,,0,0
1788450416.48,564.00,0.01,0.00,SEARCH,,0,0
1788450416.58,564.09,0.01,0.00,SEARCH,,0,0
1788450416.68,564.20,-0.00,0.00,SEARCH,,0,0
1788450416.78,564.30,-0.00,0.00,SEARCH,,0,0
1788450416.88,564.39,-0.00,0.00,SEARCH,,0,0
1788450416.98,564.50,0.00,0.00,SEARCH,,0,0
1788450417.09,564.60,0.01,0.00,SEARCH,,0,0
1788450417.19,564.70,0.00,0.00,SEARCH,,0,0
1788450417.29,564.79,-0.00,0.00,SEARCH,,0,0
1788450417.39,564.90,0.00,0.00,SEARCH,,0,0
1788450417.49,564.99,-0.00,0.00,SEARCH,,0,0
1788450417.59,565.09,-0.00,0.00,SEARCH,,0,0
1788450417.69,565.20,0.00,0.00,SEARCH,,0,0
1788450417.79,565.29,0.00,0.00,SEARCH,,0,0
1788450417.89,565.40,0.00,0.00,SEARCH,,0,0
1788450418.00,565.50,0.00,0.00,SEARCH,,0,0
1788450418.10,565.60,0.00,0.00,SEARCH,,0,0
1788450418.19,565.69,0.00,0.00,SEARCH,,0,0
1788450418.29,565.79,-0.00,0.00,SEARCH,,0,0
1788450418.40,565.90,0.00,0.00,SEARCH,,0,0
1788450418.50,565.99,-0.00,0.00,SEARCH,,0,0
1788450418.59,566.09,0.00,0.00,SEARCH,,0,0
1788450418.70,566.20,0.01,0.00,SEARCH,,0,0
1788450418.80,566.29,0.01,0.00,SEARCH,,0,0
1788450418.90,566.39,0.01,0.00,SEARCH,,0,0
1788450419.00,566.49,0.01,0.00,SEARCH,,0,0
1788450419.10,566.59,-0.00,0.00,SEARCH,,0,0
1788450419.20,566.70,0.01,0.00,SEARCH,,0,0
1788450419.30,566.79,0.01,0.00,SEARCH,,0,0
1788450419.41,566.90,0.01,0.00,SEARCH,,0,0
1788450419.50,566.99,0.01,0.00,SEARCH,,0,0
1788450419.61,567.10,0.00,0.00,SEARCH,,0,0
1788450419.71,567.19,-0.00,0.00,SEARCH,,0,0
1788450419.81,567.29,0.01,0.00,SEARCH,,0,0
1788450419.91,567.39,0.01,0.00,SEARCH,,0,0
1788450420.01,567.50,-0.00,0.00,SEARCH,,0,0
1788450420.11,567.59,-0.00,0.00,SEARCH,,0,0
1788450420.21,567.69,0.01,0.00,SEARCH,,0,0
1788450420.31,567.79,-0.01,0.00,SEARCH,,0,0
1788450420.41,567.89,0.01,0.00,SEARCH,,0,0
1788450420.51,567.99,-0.00,0.00,SEARCH,,0,0
1788450420.61,568.09,0.00,0.00,SEARCH,,0,0
1788450420.72,568.20,-0.00,0.00,SEARCH,,0,0
1788450420.82,568.29,0.00,0.00,SEARCH,,0,0
1788450420.92,568.39,0.00,0.00,SEARCH,,0,0
1788450421.02,568.50,0.00,0.00,SEARCH,,0,0
1788450421.12,568.60,0.01,0.00,SEARCH,,0,0
1788450421.22,568.70,0.01,0.00,SEARCH,,0,0
1788450421.32,568.79,0.00,0.00,SEARCH,,0,0
1788450421.42,568.90,0.01,0.00,SEARCH,,0,0
1788450421.53,569.00,-0.00,0.00,SEARCH,,0,0
1788450421.63,569.10,-0.00,0.00,SEARCH,,0,0
1788450421.73,569.19,0.00,0.00,SEARCH,,0,0
1788450421.83,569.29,0.00,0.00,SEARCH,,0,0
1788450421.93,569.39,-0.00,0.00,SEARCH,,0,0
1788450422.03,569.50,-0.00,0.00,SEARCH,,0,0
1788450422.13,569.59,0.01,0.00,SEARCH,,0,0
1788450422.24,569.70,0.00,0.00,SEARCH,,0,0
1788450422.34,569.80,-0.00,0.00,SEARCH,,0,0
1788450422.44,569.90,0.00,0.00,SEARCH,,0,0
1788450422.54,570.00,0.01,0.00,SEARCH,,0,0
1788450422.64,570.10,0.01,0.00,SEARCH,,0,0
1788450422.74,570.20,0.00,0.00,SEARCH,,0,0
1788450422.84,570.30,0.00,0.00,SEARCH,,0,0
1788450422.94,570.39,0.00,0.00,SEARCH,,0,0
1788450423.05,570.50,-0.00,0.00,SEARCH,,0,0
1788450423.15,570.60,-0.00,0.00,SEARCH,,0,0
1788450423.24,570.69,0.00,0.00,SEARCH,,0,0
1788450423.35,570.79,-0.00,0.00,SEARCH,,0,0
1788450423.44,570.89,0.01,0.00,SEARCH,,0,0
1788450423.55,571.00,0.00,0.00,SEARCH,,0,0
1788450423.65,571.09,0.01,0.00,SEARCH,,0,0
1788450423.75,571.19,0.01,0.00,SEARCH,,0,0
1788450423.85,571.30,0.00,0.00,SEARCH,,0,0
1788450423.95,571.39,0.01,0.00,SEARCH,,0,0
1788450424.05,571.50,0.00,0.00,SEARCH,,0,0
1788450424.15,571.60,0.00,0.00,SEARCH,,0,0
1788450424.26,571.70,0.00,0.00,SEARCH,,0,0
1788450424.36,571.79,0.00,0.00,SEARCH,,0,0
1788450424.46,571.90,0.01,0.00,SEARCH,,0,0
1788450424.56,571.99,-0.00,0.00,SEARCH,,0,0
1788450424.66,572.09,0.01,0.00,SEARCH,,0,0
1788450424.76,572.19,-0.00,0.00,SEARCH,,0,0
1788450424.86,572.30,-0.00,0.00,SEARCH,,0,0
1788450424.96,572.39,-0.00,0.00,SEARCH,,0,0
1788450425.06,572.50,0.01,0.00,SEARCH,,0,0
1788450425.16,572.60,0.01,0.00,SEARCH,,0,0
1788450425.26,572.70,0.00,0.00,SEARCH,,0,0
1788450425.36,572.79,0.00,0.00,SEARCH,,0,0
1788450425.46,572.90,0.01,0.00,SEARCH,,0,0
1788450425.56,573.00,0.01,0.00,SEARCH,,0,0
1788450425.67,573.10,-0.00,0.00,SEARCH,,0,0
1788450425.77,573.20,0.00,0.00,SEARCH,,0,0
1788450425.87,573.30,0.00,0.00,SEARCH,,0,0
1788450425.97,573.39,-0.01,0.00,SEARCH,,0,0
1788450426.07,573.49,0.01,0.00,SEARCH,,0,0
1788450426.17,573.60,0.01,0.00,SEARCH,,0,0
1788450426.27,573.70,0.00,0.00,SEARCH,,0,0
1788450426.37,573.79,-0.00,0.00,SEARCH,,0,0
1788450426.48,573.90,-0.00,0.00,SEARCH,,0,0
1788450426.58,574.00,0.01,0.00,SEARCH,,0,0
1788450426.68,574.10,-0.00,0.00,SEARCH,,0,0
1788450426.78,574.19,0.01,0.00,SEARCH,,0,0
1788450426.88,574.29,-0.00,0.00,SEARCH,,0,0
1788450426.98,574.39,0.00,0.00,SEARCH,,0,0
1788450427.08,574.50,0.00,0.00,SEARCH,,0,0
1788450427.18,574.59,0.00,0.00,SEARCH,,0,0
1788450427.29,574.70,0.01,0.00,SEARCH,,0,0
1788450427.39,574.80,0.00,0.00,SEARCH,,0,0
1788450427.49,574.89,-0.00,0.00,SEARCH,,0,0
1788450427.58,574.99,-0.00,0.00,SEARCH,,0,0
1788450427.69,575.10,0.00,0.00,SEARCH,,0,0
1788450427.79,575.19,0.00,0.00,SEARCH,,0,0
1788450427.89,575.29,-0.00,0.00,SEARCH,,0,0
1788450427.99,575.39,-0.00,0.00,SEARCH,,0,0
1788450428.08,575.49,0.00,0.00,SEARCH,,0,0
1788450428.19,575.59,0.01,0.00,SEARCH,,0,0
1788450428.29,575.69,0.00,0.00,SEARCH,,0,0
1788450428.39,575.79,0.01,0.00,SEARCH,,0,0
1788450428.49,575.90,0.01,0.00,SEARCH,,0,0
1788450428.59,575.99,-0.00,0.00,SEARCH,,0,0
1788450428.69,576.09,-0.00,0.00,SEARCH,,0,0
1788450428.79,576.20,-0.00,0.00,SEARCH,,0,0
1788450428.89,576.30,-0.00,0.00,SEARCH,,0,0
1788450428.99,576.39,-0.00,0.00,SEARCH,,0,0
1788450429.09,576.50,0.01,0.00,SEARCH,,0,0
1788450429.19,576.60,0.01,0.00,SEARCH,,0,0
1788450429.29,576.70,0.00,0.00,SEARCH,,0,0
1788450429.39,576.79,0.00,0.00,SEARCH,,0,0
1788450429.49,576.89,0.00,0.00,SEARCH,,0,0
1788450429.59,576.99,0.01,0.00,SEARCH,,0,0
1788450429.70,577.09,0.00,0.00,SEARCH,,0,0
1788450429.80,577.20,0.01,0.00,SEARCH,,0,0
1788450429.90,577.29,0.01,0.00,SEARCH,,0,0
1788450430.00,577.39,0.01,0.00,SEARCH,,0,0
1788450430.10,577.49,-0.00,0.00,SEARCH,,0,0
1788450430.20,577.60,-0.01,0.00,SEARCH,,0,0
1788450430.30,577.70,-0.00,0.00,SEARCH,,0,0
1788450430.40,577.79,-0.00,0.00,SEARCH,,0,0
1788450430.50,577.89,-0.00,0.00,SEARCH,,0,0
1788450430.60,577.99,0.01,0.00,SEARCH,,0,0
1788450430.70,578.10,0.01,0.00,SEARCH,,0,0
1788450430.80,578.19,0.01,0.00,SEARCH,,0,0
1788450430.90,578.29,0.00,0.00,SEARCH,,0,0
1788450431.00,578.39,0.00,0.00,SEARCH,,0,0
1788450431.11,578.50,0.00,0.00,SEARCH,,0,0
1788450431.21,578.59,0.01,0.00,SEARCH,,0,0
1788450431.31,578.70,0.00,0.00,SEARCH,,0,0
1788450431.41,578.79,0.00,0.00,SEARCH,,0,0
1788450431.51,578.89,0.00,0.00,SEARCH,,0,0
1788450431.61,579.00,0.00,0.00,SEARCH,,0,0
1788450431.71,579.10,0.01,0.00,SEARCH,,0,0
1788450431.81,579.20,0.00,0.00,SEARCH,,0,0
1788450431.92,579.30,0.01,0.00,SEARCH,,0,0
1788450432.02,579.39,-0.00,0.00,SEARCH,,0,0
1788450432.12,579.50,-0.01,0.00,SEARCH,,0,0
1788450432.22,579.60,0.00,0.00,SEARCH,,0,0
1788450432.32,579.70,-0.00,0.00,SEARCH,,0,0
1788450432.42,579.79,-0.00,0.00,SEARCH,,0,0
1788450432.52,579.90,-0.00,0.00,APPROACH,,0,0
1788450432.62,580.00,0.01,0.00,APPROACH,,0,0
1788450432.73,580.10,-0.00,0.00,APPROACH,,0,0
1788450432.83,580.20,0.00,0.00,APPROACH,,0,0
1788450432.93,580.30,0.00,0.00,APPROACH,,0,0
1788450433.03,580.39,0.01,0.00,APPROACH,,0,0
1788450433.13,580.50,0.00,0.00,APPROACH,,0,0
1788450433.23,580.59,0.01,0.00,APPROACH,,0,0
1788450433.33,580.70,0.00,0.00,APPROACH,,0,0
1788450433.43,580.79,0.00,0.00,APPROACH,,0,0
1788450433.54,580.90,0.00,0.00,APPROACH,,0,0
1788450433.64,581.00,-0.00,0.00,APPROACH,,0,0
1788450433.74,581.10,-0.00,0.00,APPROACH,,0,0
1788450433.84,581.19,0.01,0.00,APPROACH,,0,0
1788450433.94,581.29,0.01,0.00,APPROACH,,0,0
1788450434.04,581.39,0.00,0.00,APPROACH,,0,0
1788450434.14,581.50,0.01,0.00,APPROACH,,0,0
1788450434.24,581.60,-0.00,0.00,APPROACH,,0,0
1788450434.34,581.69,-0.00,0.00,APPROACH,,0,0
1788450434.44,581.80,0.00,0.00,APPROACH,,0,0
1788450434.54,581.89,-0.00,0.00,APPROACH,,0,0
1788450434.64,582.00,0.00,0.00,APPROACH,,0,0
1788450434.75,582.10,0.01,0.00,APPROACH,,0,0
1788450434.85,582.19,-0.00,0.00,APPROACH,,0,0
1788450434.95,582.30,0.00,0.00,APPROACH,,0,0
1788450435.05,582.40,-0.00,0.00,APPROACH,,0,0
1788450435.15,582.50,0.00,0.00,APPROACH,,0,0
1788450435.25,582.59,-0.00,0.00,APPROACH,,0,0
1788450435.35,582.70,0.00,0.00,APPROACH,,0,0
1788450435.45,582.79,0.01,0.00,APPROACH,,0,0
1788450435.55,582.89,-0.00,0.00,APPROACH,,0,0
1788450435.66,583.00,0.01,0.00,APPROACH,,0,0
1788450435.76,583.10,-0.00,0.00,APPROACH,,0,0
1788450435.86,583.20,-0.00,0.00,APPROACH,,0,0
1788450435.96,583.30,-0.00,0.00,APPROACH,,0,0
1788450436.06,583.39,0.01,0.00,APPROACH,,0,0
1788450436.16,583.49,-0.00,0.00,APPROACH,,0,0
1788450436.26,583.59,-0.00,0.00,APPROACH,,0,0
1788450436.36,583.70,0.00,0.00,APPROACH,,0,0
1788450436.46,583.79,0.01,0.00,APPROACH,,0,0
1788450436.56,583.89,-0.01,0.00,APPROACH,,0,0
1788450436.66,584.00,0.01,0.00,APPROACH,,0,0
1788450436.77,584.10,0.01,0.00,APPROACH,,0,0
1788450436.86,584.20,0.00,0.00,APPROACH,,0,0
1788450436.96,584.29,0.00,0.00,APPROACH,,0,0
1788450437.07,584.39,-0.00,0.00,APPROACH,,0,0
1788450437.17,584.50,-0.00,0.00,APPROACH,,0,0
1788450437.27,584.60,-0.00,0.00,APPROACH,,0,0
1788450437.37,584.70,-0.00,0.00,APPROACH,,0,0
1788450437.47,584.79,0.01,0.00,APPROACH,,0,0
1788450437.57,584.89,0.00,0.00,APPROACH,,0,0
1788450437.67,584.99,0.00,0.00,APPROACH,,0,0
1788450437.77,585.10,-0.00,0.00,APPROACH,,0,0
1788450437.87,585.19,0.01,0.00,APPROACH,,0,0
1788450437.97,585.29,0.01,0.00,APPROACH,,0,0
1788450438.07,585.39,0.00,0.00,APPROACH,,0,0
1788450438.18,585.50,0.00,0.00,APPROACH,,0,0
1788450438.28,585.60,0.01,0.00,APPROACH,,0,0
1788450438.38,585.70,-0.00,0.00,APPROACH,,0,0
1788450438.48,585.79,0.00,0.00,APPROACH,,0,0
1788450438.58,585.89,0.00,0.00,APPROACH,,0,0
1788450438.68,586.00,0.00,0.00,APPROACH,,0,0
1788450438.78,586.09,-0.00,0.00,APPROACH,,0,0
1788450438.88,586.19,0.01,0.00,APPROACH,,0,0
1788450438.98,586.30,0.00,0.00,APPROACH,,0,0
1788450439.09,586.39,0.01,0.00,APPROACH,,0,0
1788450439.19,586.49,0.01,0.00,APPROACH,,0,0
1788450439.29,586.60,0.00,0.00,APPROACH,,0,0
1788450439.39,586.70,0.00,0.00,APPROACH,,0,0
1788450439.49,586.79,0.00,0.00,APPROACH,,0,0
1788450439.60,586.90,0.01,0.00,APPROACH,,0,0
1788450439.70,586.99,0.00,0.00,APPROACH,,0,0
1788450439.80,587.10,0.01,0.00,APPROACH,,0,0
1788450439.90,587.20,-0.00,0.00,APPROACH,,0,0
1788450440.00,587.30,0.01,0.00,APPROACH,,0,0
1788450440.10,587.40,0.00,0.00,APPROACH,,0,0
1788450440.20,587.50,-0.00,0.00,APPROACH,,0,0
1788450440.30,587.59,0.01,0.00,APPROACH,,0,0
1788450440.40,587.70,0.01,0.00,APPROACH,,0,0
1788450440.50,587.79,-0.00,0.00,APPROACH,,0,0
1788450440.61,587.90,-0.00,0.00,APPROACH,,0,0
1788450440.71,587.99,-0.00,0.00,APPROACH,,0,0
1788450440.81,588.09,0.00,0.00,APPROACH,,0,0
1788450440.91,588.20,-0.00,0.00,APPROACH,,0,0
1788450441.01,588.30,0.00,0.00,APPROACH,,0,0
1788450441.11,588.39,0.00,0.00,APPROACH,,0,0
1788450441.22,588.50,0.00,0.00,APPROACH,,0,0
1788450441.32,588.60,0.01,0.00,APPROACH,,0,0
1788450441.42,588.70,-0.00,0.00,APPROACH,,0,0
1788450441.52,588.79,0.00,0.00,APPROACH,,0,0
1788450441.62,588.89,0.00,0.00,APPROACH,,0,0
1788450441.72,589.00,0.00,0.00,APPROACH,,0,0
1788450441.82,589.10,-0.00,0.00,APPROACH,,0,0
1788450441.92,589.20,-0.01,0.00,APPROACH,,0,0
1788450442.02,589.29,0.00,0.00,APPROACH,,0,0
1788450442.13,589.39,0.01,0.00,APPROACH,,0,0
1788450442.23,589.50,0.01,0.00,APPROACH,,0,0
1788450442.33,589.60,0.01,0.00,APPROACH,,0,0
1788450442.43,589.70,0.01,0.00,APPROACH,,0,0
1788450442.53,589.79,0.00,0.00,APPROACH,,0,0
1788450442.63,589.89,-0.00,0.00,APPROACH,,0,0
1788450442.73,589.99,0.00,0.00,APPROACH,,0,0
1788450442.83,590.09,-0.00,0.00,APPROACH,,0,0
1788450442.93,590.19,-0.00,0.00,APPROACH,,0,0
1788450443.04,590.30,-0.01,0.00,APPROACH,,0,0
1788450443.13,590.39,0.00,0.00,APPROACH,,0,0
1788450443.24,590.50,0.01,0.00,APPROACH,,0,0
1788450443.34,590.59,-0.00,0.00,APPROACH,,0,0
1788450443.44,590.70,0.00,0.00,APPROACH,,0,0
1788450443.54,590.79,0.01,0.00,APPROACH,,0,0
1788450443.64,590.90,0.01,0.00,APPROACH,,0,0
1788450443.74,591.00,0.00,0.00,APPROACH,,0,0
1788450443.84,591.09,0.00,0.00,APPROACH,,0,0
1788450443.94,591.19,0.01,0.00,APPROACH,,0,0
1788450444.04,591.30,-0.00,0.00,APPROACH,,0,0
1788450444.14,591.39,0.00,0.00,APPROACH,,0,0
1788450444.25,591.50,0.00,0.00,APPROACH,,0,0
1788450444.35,591.60,-0.00,0.00,APPROACH,,0,0
1788450444.44,591.69,0.00,0.00,APPROACH,,0,0
1788450444.54,591.79,0.01,0.00,APPROACH,,0,0
1788450444.65,591.90,0.00,0.00,APPROACH,,0,0
1788450444.75,591.99,0.00,0.00,APPROACH,,0,0
1788450444.85,592.10,0.01,0.00,APPROACH,,0,0
1788450444.95,592.19,0.00,0.00,APPROACH,,0,0
1788450445.05,592.29,0.01,0.00,APPROACH,,0,0
1788450445.15,592.39,0.00,0.00,APPROACH,,0,0
1788450445.25,592.49,0.00,0.00,APPROACH,,0,0
1788450445.35,592.60,0.00,0.00,APPROACH,,0,0
1788450445.45,592.70,-0.00,0.00,APPROACH,,0,0
1788450445.55,592.79,0.00,0.00,APPROACH,,0,0
1788450445.66,592.90,0.01,0.00,APPROACH,,0,0
1788450445.75,592.99,-0.00,0.00,APPROACH,,0,0
1788450445.85,593.09,-0.00,0.00,APPROACH,,0,0
1788450445.95,593.19,0.00,0.00,APPROACH,,0,0
1788450446.06,593.30,-0.01,0.00,APPROACH,,0,0
1788450446.16,593.39,0.00,0.00,APPROACH,,0,0
1788450446.26,593.49,-0.00,0.00,APPROACH,,0,0
1788450446.36,593.59,-0.01,0.00,APPROACH,,0,0
1788450446.46,593.69,-0.00,0.00,APPROACH,,0,0
1788450446.56,593.79,-0.00,0.00,APPROACH,,0,0
1788450446.67,593.90,-0.00,0.00,APPROACH,,0,0
1788450446.77,593.99,-0.00,0.00,APPROACH,,0,0
1788450446.87,594.09,0.00,0.00,APPROACH,,0,0
1788450446.97,594.20,0.01,0.00,APPROACH,,0,0
1788450447.07,594.29,-0.00,0.00,APPROACH,,0,0
1788450447.17,594.39,0.00,0.00,APPROACH,,0,0
1788450447.27,594.50,0.00,0.00,APPROACH,,0,0
1788450447.38,594.60,-0.00,0.00,APPROACH,,0,0
1788450447.47,594.69,0.00,0.00,APPROACH,,0,0
1788450447.58,594.79,-0.00,0.00,APPROACH,,0,0
1788450447.68,594.89,0.01,0.00,APPROACH,,0,0
1788450447.78,595.00,0.00,0.00,APPROACH,,0,0
1788450447.88,595.10,0.01,0.00,APPROACH,,0,0
1788450447.98,595.20,0.01,0.00,APPROACH,,0,0
1788450448.08,595.30,-0.00,0.00,APPROACH,,0,0
1788450448.18,595.39,0.00,0.00,APPROACH,,0,0
1788450448.29,595.50,0.00,0.00,APPROACH,,0,0
1788450448.38,595.60,0.00,0.00,APPROACH,,0,0
1788450448.49,595.70,-0.00,0.00,APPROACH,,0,0
1788450448.59,595.80,0.00,0.00,APPROACH,,0,0
1788450448.69,595.89,-0.00,0.00,APPROACH,,0,0
1788450448.79,596.00,0.00,0.00,APPROACH,,0,0
1788450448.89,596.10,-0.00,0.00,APPROACH,,0,0
1788450449.00,596.20,0.00,0.00,APPROACH,,0,0
1788450449.10,596.30,0.01,0.00,APPROACH,,0,0
1788450449.20,596.39,0.01,0.00,APPROACH,,0,0
1788450449.31,596.50,0.00,0.00,APPROACH,,0,0
1788450449.41,596.60,0.01,0.00,APPROACH,,0,0
1788450449.51,596.70,0.00,0.00,APPROACH,,0,0
1788450449.61,596.80,0.01,0.00,APPROACH,,0,0
1788450449.71,596.89,0.00,0.00,APPROACH,,0,0
1788450449.81,597.00,-0.00,0.00,APPROACH,,0,0
1788450449.91,597.10,0.00,0.00,APPROACH,,0,0
1788450450.01,597.20,0.01,0.00,APPROACH,,0,0
1788450450.11,597.29,0.01,0.00,APPROACH,,0,0
1788450450.22,597.39,0.00,0.00,APPROACH,,0,0
1788450450.32,597.50,0.01,0.00,APPROACH,,0,0
1788450450.42,597.59,0.00,0.00,APPROACH,,0,0
1788450450.52,597.70,-0.00,0.00,APPROACH,,0,0
1788450450.63,597.79,0.01,0.00,APPROACH,,0,0
1788450450.73,597.90,0.01,0.00,APPROACH,,0,0
1788450450.83,597.99,0.00,0.00,APPROACH,,0,0
1788450450.94,598.10,0.01,0.00,APPROACH,,0,0
1788450451.03,598.19,0.00,0.00,APPROACH,,0,0
1788450451.13,598.30,-0.00,0.00,APPROACH,,0,0
1788450451.24,598.40,0.01,0.00,APPROACH,,0,0
1788450451.34,598.50,0.01,0.00,APPROACH,,0,0
1788450451.44,598.59,-0.00,0.00,APPROACH,,0,0
1788450451.54,598.70,0.00,0.00,APPROACH,,0,0
1788450451.64,598.79,0.01,0.00,APPROACH,,0,0
1788450451.74,598.89,-0.00,0.00,APPROACH,,0,0
1788450451.84,598.99,0.01,0.00,APPROACH,,0,0
1788450451.94,599.09,-0.01,0.00,APPROACH,,0,0
1788450452.04,599.20,0.00,0.00,APPROACH,,0,0
1788450452.15,599.29,-0.00,0.00,APPROACH,,0,0
1788450452.24,599.39,0.01,0.00,APPROACH,,0,0
1788450452.35,599.50,0.01,0.00,APPROACH,,0,0
1788450452.45,599.60,0.00,0.00,APPROACH,,0,0
1788450452.55,599.70,0.01,0.00,APPROACH,,0,0
1788450452.65,599.80,0.01,0.00,APPROACH,,0,0
1788450452.75,599.89,0.00,0.00,APPROACH,,0,0
1788450452.85,600.00,0.01,0.00,APPROACH,,0,0
1788450452.95,600.10,0.00,0.00,APPROACH,,0,0
1788450453.05,600.19,-0.00,0.00,APPROACH,,0,0
1788450453.16,600.30,0.01,0.00,APPROACH,,0,0
1788450453.26,600.39,-0.00,0.00,APPROACH,,0,0
1788450453.36,600.50,0.00,0.00,APPROACH,,0,0
1788450453.46,600.60,-0.00,0.00,APPROACH,,0,0
1788450453.56,600.69,0.01,0.00,APPROACH,,0,0
1788450453.66,600.79,0.01,0.00,APPROACH,,0,0
1788450453.76,600.89,-0.01,0.00,APPROACH,,0,0
1788450453.86,601.00,-0.00,0.00,APPROACH,,0,0
1788450453.96,601.10,0.01,0.00,APPROACH,,0,0
1788450454.06,601.20,0.01,0.00,APPROACH,,0,0
1788450454.16,601.29,0.01,0.00,APPROACH,,0,0
1788450454.26,601.39,0.00,0.00,APPROACH,,0,0
1788450454.36,601.49,-0.00,0.00,APPROACH,,0,0
1788450454.46,601.60,-0.00,0.00,APPROACH,,0,0
1788450454.56,601.69,-0.00,0.00,APPROACH,,0,0
1788450454.66,601.79,-0.00,0.00,APPROACH,,0,0
1788450454.76,601.89,-0.00,0.00,APPROACH,,0,0
1788450454.86,601.99,0.01,0.00,APPROACH,,0,0
1788450454.97,602.10,0.00,0.00,APPROACH,,0,0
1788450455.06,602.19,0.00,0.00,APPROACH,,0,0
1788450455.17,602.30,0.01,0.00,APPROACH,,0,0
1788450455.26,602.39,0.00,0.00,APPROACH,,0,0
1788450455.37,602.50,0.01,0.00,APPROACH,,0,0
1788450455.47,602.60,-0.00,0.00,APPROACH,,0,0
1788450455.57,602.70,0.00,0.00,APPROACH,,0,0
1788450455.67,602.79,0.01,0.00,APPROACH,,0,0
1788450455.77,602.90,0.01,0.00,APPROACH,,0,0
1788450455.87,603.00,0.01,0.00,APPROACH,,0,0
1788450455.97,603.10,-0.00,0.00,APPROACH,,0,0
1788450456.07,603.20,-0.00,0.00,APPROACH,,0,0
1788450456.18,603.30,-0.00,0.00,APPROACH,,0,0
1788450456.27,603.39,0.00,0.00,APPROACH,,0,0
1788450456.38,603.50,-0.00,0.00,APPROACH,,0,0
1788450456.48,603.60,0.01,0.00,APPROACH,,0,0
1788450456.58,603.70,0.01,0.00,APPROACH,,0,0
1788450456.68,603.79,0.00,0.00,APPROACH,,0,0
1788450456.78,603.90,0.00,0.00,APPROACH,,0,0
1788450456.88,604.00,0.00,0.00,APPROACH,,0,0
1788450456.98,604.09,0.01,0.00,APPROACH,,0,0
1788450457.08,604.19,-0.00,0.00,APPROACH,,0,0
1788450457.18,604.29,0.00,0.00,APPROACH,,0,0
1788450457.28,604.39,0.00,0.00,APPROACH,,0,0
1788450457.39,604.50,-0.00,0.00,APPROACH,,0,0
1788450457.49,604.60,-0.00,0.00,APPROACH,,0,0
1788450457.59,604.70,0.01,0.00,APPROACH,,0,0
1788450457.69,604.79,-0.00,0.00,APPROACH,,0,0
1788450457.79,604.90,-0.00,0.00,APPROACH,,0,0
1788450457.89,605.00,0.00,0.00,APPROACH,,0,0
1788450458.00,605.10,0.00,0.00,APPROACH,,0,0
1788450458.09,605.19,-0.00,0.00,APPROACH,,0,0
1788450458.19,605.29,0.01,0.00,APPROACH,,0,0
1788450458.30,605.39,-0.00,0.00,APPROACH,,0,0
1788450458.40,605.50,0.01,0.00,APPROACH,,0,0
1788450458.50,605.59,0.00,0.00,APPROACH,,0,0
1788450458.60,605.70,0.00,0.00,APPROACH,,0,0
1788450458.70,605.79,-0.00,0.00,APPROACH,,0,0
1788450458.80,605.89,0.01,0.00,APPROACH,,0,0
1788450458.91,605.99,-0.00,0.00,APPROACH,,0,0
1788450459.01,606.10,0.00,0.00,APPROACH,,0,0
1788450459.11,606.20,0.00,0.00,APPROACH,,0,0
1788450459.21,606.29,0.00,0.00,APPROACH,,0,0
1788450459.31,606.40,-0.00,0.00,APPROACH,,0,0
1788450459.41,606.49,-0.00,0.00,APPROACH,,0,0
1788450459.51,606.60,0.00,0.00,APPROACH,,0,0
1788450459.61,606.70,0.01,0.00,APPROACH,,0,0
1788450459.72,606.80,0.00,0.00,APPROACH,,0,0
1788450459.82,606.90,0.01,0.00,APPROACH,,0,0
1788450459.92,607.00,0.01,0.00,APPROACH,,0,0
1788450460.02,607.09,-0.00,0.00,APPROACH,,0,0
1788450460.12,607.20,0.00,0.00,APPROACH,,0,0
1788450460.22,607.30,0.01,0.00,APPROACH,,0,0
1788450460.32,607.39,0.00,0.00,APPROACH,,0,0
1788450460.43,607.50,-0.00,0.00,APPROACH,,0,0
1788450460.53,607.59,0.01,0.00,APPROACH,,0,0
1788450460.63,607.69,0.01,0.00,APPROACH,,0,0
1788450460.73,607.79,0.00,0.00,APPROACH,,0,0
1788450460.83,607.89,0.01,0.00,APPROACH,,0,0
1788450460.93,608.00,0.01,0.00,APPROACH,,0,0
1788450461.03,608.09,0.01,0.00,APPROACH,,0,0
1788450461.13,608.19,0.00,0.00,APPROACH,,0,0
1788450461.23,608.29,0.01,0.00,APPROACH,,0,0
1788450461.33,608.39,0.01,0.00,APPROACH,,0,0
1788450461.43,608.49,0.00,0.00,APPROACH,,0,0
1788450461.53,608.60,-0.00,0.00,APPROACH,,0,0
1788450461.64,608.70,-0.00,0.00,APPROACH,,0,0
1788450461.74,608.79,0.00,0.00,APPROACH,,0,0
1788450461.84,608.89,0.00,0.00,APPROACH,,0,0
1788450461.94,609.00,-0.01,0.00,APPROACH,,0,0
1788450462.04,609.09,0.01,0.00,APPROACH,,0,0
1788450462.14,609.20,0.01,0.00,APPROACH,,0,0
1788450462.24,609.29,0.01,0.00,APPROACH,,0,0
1788450462.34,609.39,-0.00,0.00,APPROACH,,0,0
1788450462.45,609.50,0.00,0.00,APPROACH,,0,0
1788450462.55,609.59,0.00,0.00,APPROACH,,0,0
1788450462.65,609.70,0.00,0.00,APPROACH,,0,0
1788450462.75,609.79,0.01,0.00,APPROACH,,0,0
1788450462.85,609.89,-0.00,0.00,APPROACH,,0,0
1788450462.95,610.00,0.00,0.00,APPROACH,,0,0
1788450463.05,610.10,0.00,0.00,APPROACH,,0,0
1788450463.15,610.19,-0.00,0.00,APPROACH,,0,0
1788450463.25,610.29,0.00,0.00,APPROACH,,0,0
1788450463.36,610.39,0.01,0.00,APPROACH,,0,0
1788450463.46,610.49,0.00,0.00,APPROACH,,0,0
1788450463.56,610.60,-0.00,0.00,APPROACH,,0,0
1788450463.66,610.70,0.00,0.00,APPROACH,,0,0
1788450463.76,610.79,-0.00,0.00,APPROACH,,0,0
1788450463.86,610.89,-0.00,0.00,APPROACH,,0,0
1788450463.96,610.99,-0.00,0.00,APPROACH,,0,0
1788450464.06,611.09,0.01,0.00,APPROACH,,0,0
1788450464.16,611.20,0.01,0.00,APPROACH,,0,0
1788450464.26,611.29,0.00,0.00,APPROACH,,0,0
1788450464.36,611.39,0.01,0.00,APPROACH,,0,0
1788450464.46,611.49,0.01,0.00,REFINE,,0,0
1788450464.57,611.60,0.00,0.00,REFINE,,0,0
1788450464.67,611.70,0.01,0.00,REFINE,,0,0
1788450464.77,611.79,0.00,0.00,REFINE,,0,0
1788450464.87,611.89,0.01,0.00,REFINE,,0,0
1788450464.97,612.00,0.01,0.00,REFINE,,0,0
1788450465.07,612.10,0.00,0.00,REFINE,,0,0
1788450465.17,612.20,-0.00,0.00,REFINE,,0,0
1788450465.28,612.30,0.01,0.00,REFINE,,0,0
1788450465.37,612.39,0.00,0.00,REFINE,,0,0
1788450465.48,612.50,0.00,0.00,REFINE,,0,0
1788450465.57,612.59,0.01,0.00,DEPLOY,,0,0
1788450465.67,612.69,0.00,0.00,DEPLOY,,0,0
1788450465.77,612.79,0.00,0.00,DEPLOY,,0,0
1788450465.87,612.89,-0.00,0.00,DEPLOY,,0,0
1788450465.97,612.99,-0.00,0.00,DEPLOY,,0,0
1788450466.07,613.09,-0.00,0.00,DEPLOY,,0,0
1788450466.17,613.19,0.00,0.00,DEPLOY,,0,0
1788450466.27,613.29,0.00,0.00,DEPLOY,,0,0
1788450466.37,613.39,0.00,0.00,DEPLOY,,0,0
1788450466.47,613.49,0.01,0.00,DEPLOY,,0,0
1788450466.57,613.59,0.01,0.00,DEPLOY,,0,0
1788450466.67,613.69,-0.00,0.00,DEPLOY,,0,0
1788450466.77,613.79,-0.00,0.00,DEPLOY,,0,0
1788450466.87,613.89,0.01,0.00,DEPLOY,,0,0
1788450466.97,613.99,0.01,0.00,DEPLOY,,0,0
1788450467.07,614.09,0.01,0.00,DEPLOY,,0,0
1788450467.17,614.19,0.00,0.00,DEPLOY,,0,0
1788450467.27,614.29,-0.00,0.00,DEPLOY,,0,0
1788450467.37,614.39,0.00,0.00,DEPLOY,,0,0
1788450467.48,614.49,0.00,0.00,DEPLOY,,0,0
1788450467.58,614.59,-0.01,0.00,DEPLOY,,0,0
1788450467.68,614.69,0.01,0.00,DEPLOY,,0,0
1788450467.78,614.79,0.01,0.00,DEPLOY,,0,0
1788450467.88,614.89,-0.00,0.00,DEPLOY,,0,0
1788450467.98,614.99,-0.00,0.00,DEPLOY,,0,0
1788450468.08,615.09,0.00,0.00,DEPLOY,,0,0
1788450468.18,615.19,0.01,0.00,DEPLOY,,0,0
1788450468.28,615.29,0.00,0.00,DEPLOY,,0,0
1788450468.38,615.39,0.00,0.00,DEPLOY,,0,0
1788450468.48,615.49,-0.00,0.00,DEPLOY,,0,0
1788450468.58,615.59,0.00,0.00,DEPLOY,,0,0
1788450468.68,615.69,0.00,0.00,DEPLOY,,0,0
1788450468.78,615.79,0.01,0.00,DEPLOY,,0,0
1788450468.88,615.89,0.01,0.00,DEPLOY,,0,0
1788450468.98,615.99,0.01,0.00,DEPLOY,,0,0
1788450469.08,616.09,-0.00,0.00,DEPLOY,,0,0
1788450469.18,616.19,-0.01,0.00,DEPLOY,,0,0
1788450469.28,616.29,0.00,0.00,DEPLOY,,0,0
1788450469.38,616.39,-0.00,0.00,DEPLOY,,0,0
1788450469.48,616.49,0.00,0.00,DEPLOY,,0,0
1788450469.58,616.59,-0.00,0.00,DEPLOY,,0,0
1788450469.68,616.69,0.01,0.00,DEPLOY,,0,0
1788450469.78,616.79,-0.00,0.00,DEPLOY,,0,0
1788450469.88,616.89,-0.00,0.00,DEPLOY,,0,0
1788450469.98,616.99,0.00,0.00,DEPLOY,,0,0
1788450470.08,617.09,0.01,0.00,DEPLOY,,0,0
1788450470.18,617.19,-0.00,0.00,DEPLOY,,0,0
1788450470.28,617.29,0.01,0.00,DEPLOY,,0,0
1788450470.38,617.39,0.00,0.00,DEPLOY,,0,0
1788450470.48,617.50,0.01,0.00,DEPLOY,,0,0
1788450470.58,617.59,0.01,0.00,DEPLOY,,0,0
1788450470.69,617.70,0.01,0.00,DEPLOY,,0,0
1788450470.79,617.79,0.00,0.00,DEPLOY,,0,0
1788450470.88,617.89,0.01,0.00,DEPLOY,,0,0
1788450470.98,617.99,0.00,0.00,DEPLOY,,0,0
1788450471.09,618.10,0.00,0.00,DEPLOY,,0,0
1788450471.19,618.19,0.01,0.00,DEPLOY,,0,0
1788450471.29,618.30,-0.00,0.00,DEPLOY,,0,0
1788450471.39,618.39,0.01,0.00,DEPLOY,,0,0
1788450471.49,618.49,0.01,0.00,DEPLOY,,0,0
1788450471.59,618.59,0.00,0.00,DEPLOY,,0,0
1788450471.69,618.70,0.00,0.00,DEPLOY,,0,0
1788450471.79,618.79,0.01,0.00,DEPLOY,,0,0
1788450471.90,618.90,-0.00,0.00,DEPLOY,,0,0
1788450471.99,619.00,0.00,0.00,DEPLOY,,0,0
1788450472.10,619.10,-0.01,0.00,DEPLOY,,0,0
1788450472.20,619.20,0.00,0.00,DEPLOY,,0,0
1788450472.30,619.30,0.00,0.00,DEPLOY,,0,0
1788450472.40,619.40,-0.00,0.00,DEPLOY,,0,0
1788450472.51,619.50,-0.00,0.00,DEPLOY,,0,0
1788450472.60,619.60,-0.00,0.00,DEPLOY,,0,0
1788450472.70,619.70,0.00,0.00,DEPLOY,,0,0
1788450472.81,619.80,-0.00,0.00,DEPLOY,,0,0
1788450472.91,619.89,-0.00,0.00,DEPLOY,,0,0
1788450473.01,619.99,0.00,0.00,DEPLOY,,0,0
1788450473.11,620.10,0.00,0.00,DEPLOY,,0,0
1788450473.21,620.20,0.00,0.00,DEPLOY,,0,0
1788450473.31,620.30,-0.00,0.00,DEPLOY,,0,0
1788450473.41,620.39,0.00,0.00,DEPLOY,,0,0
1788450473.51,620.50,0.00,0.00,DEPLOY,,0,0
1788450473.61,620.59,-0.00,0.00,DEPLOY,,0,0
1788450473.71,620.70,0.01,0.00,DEPLOY,,0,0
1788450473.81,620.79,0.01,0.00,DEPLOY,,0,0
1788450473.92,620.89,0.00,0.00,DEPLOY,,0,0
1788450474.02,620.99,-0.00,0.00,DEPLOY,,0,0
1788450474.12,621.09,0.00,0.00,DEPLOY,,0,0
1788450474.22,621.20,-0.00,0.00,DEPLOY,,0,0
1788450474.32,621.29,-0.00,0.00,DEPLOY,,0,0
1788450474.42,621.39,-0.00,0.00,DEPLOY,,0,0
1788450474.52,621.50,0.00,0.00,DEPLOY,,0,0
1788450474.62,621.59,0.01,0.00,DEPLOY,,0,0
1788450474.72,621.69,-0.00,0.00,DEPLOY,,0,0
1788450474.82,621.79,0.00,0.00,DEPLOY,,0,0
1788450474.93,621.90,0.01,0.00,DEPLOY,,0,0
1788450475.02,621.99,0.00,0.00,DEPLOY,,0,0
1788450475.12,622.10,0.00,0.00,DEPLOY,,0,0
1788450475.23,622.19,0.00,0.00,DEPLOY,,0,0
1788450475.33,622.30,0.00,0.00,DEPLOY,,0,0
1788450475.43,622.39,-0.00,0.00,DEPLOY,,0,0
1788450475.53,622.50,-0.00,0.00,DEPLOY,,0,0
1788450475.63,622.60,-0.00,0.00,DEPLOY,,0,0
1788450475.73,622.70,-0.00,0.00,DEPLOY,,0,0
1788450475.83,622.79,-0.00,0.00,DEPLOY,,0,0
1788450475.94,622.90,0.01,0.00,DEPLOY,,0,0
1788450476.04,623.00,0.01,0.00,DEPLOY,,0,0
1788450476.14,623.10,0.00,0.00,DEPLOY,,0,0
1788450476.24,623.19,0.01,0.00,DEPLOY,,0,0
1788450476.34,623.29,0.01,0.00,DEPLOY,,0,0
1788450476.44,623.39,0.00,0.00,DEPLOY,,0,0
1788450476.54,623.49,-0.00,0.00,DEPLOY,,0,0
1788450476.64,623.60,0.00,0.00,DEPLOY,,0,0
1788450476.75,623.70,0.00,0.00,DEPLOY,,0,0
1788450476.85,623.79,-0.00,0.00,DEPLOY,,0,0
1788450476.95,623.89,0.00,0.00,DEPLOY,,0,0
1788450477.05,623.99,0.01,0.00,DEPLOY,,0,0
1788450477.15,624.10,-0.00,0.00,DEPLOY,,0,1
1788450477.25,624.19,-0.00,0.00,DEPLOY,,0,0
1788450477.35,624.29,0.00,0.00,DEPLOY,,0,0
1788450477.45,624.40,-0.00,0.00,DEPLOY,,0,0
1788450477.55,624.49,0.00,0.00,DEPLOY,,0,0
1788450477.65,624.60,-0.01,0.00,DEPLOY,,0,0
1788450477.75,624.70,-0.00,0.00,DEPLOY,,0,0
1788450477.85,624.79,0.00,0.00,DEPLOY,,0,0
1788450477.95,624.89,0.00,0.00,DEPLOY,,0,0
1788450478.06,625.00,0.00,0.00,DEPLOY,,0,0
1788450478.16,625.10,-0.00,0.00,DEPLOY,,0,0
1788450478.26,625.19,-0.00,0.00,DEPLOY,,0,0
1788450478.36,625.30,0.01,0.00,DEPLOY,,0,0
1788450478.46,625.39,-0.00,0.00,DEPLOY,,0,0
1788450478.56,625.50,0.00,0.00,DEPLOY,,0,0
1788450478.67,625.60,0.00,0.00,DEPLOY,,0,0
1788450478.77,625.70,-0.00,0.00,DEPLOY,,0,0
1788450478.87,625.79,-0.00,0.00,DEPLOY,,0,0
1788450478.97,625.90,0.00,0.00,DEPLOY,,0,0
1788450479.07,625.99,0.01,0.00,DEPLOY,,0,0
1788450479.17,626.10,0.00,0.00,DEPLOY,,0,0
1788450479.27,626.19,0.01,0.00,DEPLOY,,0,0
1788450479.37,626.30,-0.00,0.00,DEPLOY,,0,0
1788450479.47,626.39,-0.00,0.00,DEPLOY,,0,0
1788450479.57,626.50,0.00,0.00,DEPLOY,,0,0
1788450479.67,626.59,-0.00,0.00,DEPLOY,,0,0
1788450479.78,626.70,0.01,0.00,DEPLOY,,0,0
1788450479.88,626.79,-0.00,0.00,DEPLOY,,0,0
1788450479.98,626.90,0.00,0.00,DEPLOY,,0,0
1788450480.08,627.00,-0.00,0.00,DEPLOY,,0,0
1788450480.18,627.10,0.00,0.00,DEPLOY,,0,0
1788450480.28,627.20,-0.00,0.00,DEPLOY,,0,0
1788450480.38,627.30,-0.00,0.00,DEPLOY,,0,0
1788450480.48,627.39,0.00,0.00,DEPLOY,,0,0
1788450480.59,627.50,0.01,0.00,DEPLOY,,0,0
1788450480.69,627.60,0.01,0.00,DEPLOY,,0,0
1788450480.79,627.70,0.00,0.00,DEPLOY,,0,0
1788450480.89,627.79,0.00,0.00,DEPLOY,,0,0
1788450480.99,627.89,0.01,0.00,DEPLOY,,0,0
1788450481.09,628.00,0.00,0.00,DEPLOY,,0,0
1788450481.19,628.10,0.00,0.00,DEPLOY,,0,0
1788450481.30,628.20,-0.00,0.00,DEPLOY,,0,0
1788450481.39,628.29,-0.00,0.00,DEPLOY,,0,0
1788450481.50,628.40,0.00,0.00,DEPLOY,,0,0
1788450481.60,628.50,0.01,0.00,DEPLOY,,0,0
1788450481.70,628.60,0.00,0.00,DEPLOY,,0,0
1788450481.80,628.70,0.01,0.00,DEPLOY,,0,0
1788450481.90,628.79,-0.00,0.00,DEPLOY,,0,0
1788450482.00,628.90,-0.00,0.00,DEPLOY,,0,0
1788450482.10,629.00,-0.00,0.00,DEPLOY,,0,0
1788450482.20,629.10,0.01,0.00,DEPLOY,,0,0
1788450482.31,629.20,0.01,0.00,DEPLOY,,0,0
1788450482.41,629.29,-0.00,0.00,DEPLOY,,0,0
1788450482.51,629.39,-0.00,0.00,DEPLOY,,0,0
1788450482.61,629.50,0.01,0.00,DEPLOY,,0,0
1788450482.71,629.60,0.01,0.00,DEPLOY,,0,0
1788450482.82,629.70,-0.00,0.00,DEPLOY,,0,0
1788450482.92,629.79,0.00,0.00,DEPLOY,,0,0
1788450483.02,629.90,0.00,0.00,DEPLOY,,0,0
1788450483.12,629.99,-0.00,0.00,DEPLOY,,0,0
1788450483.22,630.09,0.01,0.00,DEPLOY,,0,0
1788450483.32,630.19,-0.00,0.00,DEPLOY,,0,0
1788450483.42,630.30,-0.00,0.00,DEPLOY,,0,0
1788450483.52,630.39,0.00,0.00,DEPLOY,,0,0
1788450483.62,630.50,0.00,0.00,DEPLOY,,0,0
1788450483.72,630.59,-0.00,0.00,DEPLOY,,0,0
1788450483.82,630.70,-0.00,0.00,DEPLOY,,0,0
1788450483.92,630.79,0.01,0.00,DEPLOY,,0,0
1788450484.03,630.90,-0.00,0.00,DEPLOY,,0,0
1788450484.12,630.99,0.00,0.00,DEPLOY,,0,0
1788450484.22,631.10,0.01,0.00,DEPLOY,,0,0
1788450484.33,631.19,-0.00,0.00,DEPLOY,,0,0
1788450484.43,631.30,-0.00,0.00,DEPLOY,,0,0
1788450484.53,631.39,0.00,0.00,DEPLOY,,0,0
1788450484.63,631.50,0.00,0.00,DEPLOY,,0,0
1788450484.73,631.59,0.00,0.00,DEPLOY,,0,0
1788450484.83,631.70,-0.00,0.00,DEPLOY,,0,0
1788450484.93,631.79,0.01,0.00,DEPLOY,,0,0
1788450485.04,631.90,0.00,0.00,DEPLOY,,0,0
1788450485.13,631.99,-0.01,0.00,DEPLOY,,0,0
1788450485.23,632.09,-0.00,0.00,DEPLOY,,0,0
1788450485.34,632.20,-0.00,0.00,DEPLOY,,0,0
1788450485.44,632.30,0.00,0.00,DEPLOY,,0,0
1788450485.54,632.39,0.01,0.00,DEPLOY,,0,0
1788450485.64,632.50,0.01,0.00,DEPLOY,,0,0
1788450485.74,632.60,0.00,0.00,DEPLOY,,0,0
1788450485.84,632.69,-0.00,0.00,DEPLOY,,0,0
1788450485.94,632.79,-0.00,0.00,DEPLOY,,0,0
1788450486.04,632.90,0.00,0.00,MANIPULATE,orienta,0,0
1788450486.14,632.99,0.01,0.00,MANIPULATE,orienta,0,0
1788450486.24,633.10,0.00,0.00,MANIPULATE,orienta,0,0
1788450486.34,633.19,0.00,0.00,MANIPULATE,orienta,2,2
1788450486.45,633.30,0.01,0.00,MANIPULATE,orienta,2,2
1788450486.54,633.39,0.00,0.00,MANIPULATE,orienta,2,2
1788450486.64,633.49,0.01,0.00,MANIPULATE,orienta,2,2
1788450486.74,633.59,0.00,0.00,MANIPULATE,orienta,2,2
1788450486.85,633.69,-0.00,0.00,MANIPULATE,orienta,2,2
1788450486.95,633.79,0.00,0.00,MANIPULATE,orienta,2,2
1788450487.05,633.89,0.01,0.00,MANIPULATE,orienta,1,1
1788450487.15,633.99,0.00,0.00,MANIPULATE,orienta,2,2
1788450487.25,634.10,0.01,0.00,MANIPULATE,orienta,3,3
1788450487.35,634.19,0.00,0.00,MANIPULATE,orienta,2,2
1788450487.45,634.29,-0.00,0.00,MANIPULATE,orienta,2,2
1788450487.55,634.39,-0.00,0.00,MANIPULATE,orienta,2,2
1788450487.65,634.49,0.01,0.00,MANIPULATE,orienta,2,2
1788450487.75,634.60,-0.00,0.00,MANIPULATE,orienta,2,2
1788450487.85,634.70,0.01,0.00,MANIPULATE,orienta,2,2
1788450487.95,634.79,0.01,0.00,MANIPULATE,orienta,2,2
1788450488.05,634.89,-0.00,0.00,MANIPULATE,orienta,2,3
1788450488.16,635.00,0.00,0.00,MANIPULATE,orienta,0,0
1788450488.26,635.09,0.00,0.00,MANIPULATE,orienta,0,0
1788450488.36,635.20,0.00,0.00,MANIPULATE,orienta,0,0
1788450488.46,635.29,0.01,0.00,MANIPULATE,orienta,0,0
1788450488.56,635.39,0.00,0.00,MANIPULATE,orienta,0,0
1788450488.66,635.50,-0.00,0.00,MANIPULATE,orienta,0,0
1788450488.76,635.59,-0.00,0.00,MANIPULATE,aproxima_lateral,0,0
1788450488.86,635.69,-0.00,0.00,MANIPULATE,aproxima_lateral,0,0
1788450488.97,635.80,0.01,0.00,MANIPULATE,aproxima_lateral,0,0
1788450489.06,635.89,0.00,0.00,MANIPULATE,aproxima_lateral,2,2
1788450489.16,635.99,0.00,0.00,MANIPULATE,aproxima_lateral,2,2
1788450489.26,636.09,0.00,0.00,MANIPULATE,aproxima_lateral,2,2
1788450489.37,636.19,0.01,0.00,MANIPULATE,aproxima_lateral,2,2
1788450489.47,636.30,-0.00,0.00,MANIPULATE,aproxima_lateral,2,2
1788450489.57,636.39,0.00,0.00,MANIPULATE,aproxima_lateral,2,2
1788450489.67,636.50,-0.00,0.00,MANIPULATE,aproxima_lateral,2,2
1788450489.77,636.59,0.01,0.00,MANIPULATE,aproxima_lateral,1,1
1788450489.87,636.70,0.00,0.00,MANIPULATE,aproxima_lateral,2,2
1788450489.97,636.79,-0.00,0.00,MANIPULATE,aproxima_lateral,3,3
1788450490.07,636.89,-0.00,0.00,MANIPULATE,aproxima_lateral,2,2
1788450490.17,636.99,0.01,0.00,MANIPULATE,aproxima_lateral,1,1
1788450490.28,637.09,-0.00,0.00,MANIPULATE,aproxima_lateral,3,3
1788450490.38,637.20,0.00,0.00,MANIPULATE,aproxima_lateral,2,2
1788450490.48,637.29,0.00,0.00,MANIPULATE,aproxima_lateral,2,2
1788450490.57,637.39,0.01,0.00,MANIPULATE,aproxima_lateral,2,2
1788450490.68,637.49,-0.00,0.00,MANIPULATE,aproxima_lateral,2,2
1788450490.78,637.59,-0.00,0.00,MANIPULATE,aproxima_lateral,2,2
1788450490.88,637.70,-0.00,0.00,MANIPULATE,aproxima_lateral,2,2
1788450490.98,637.79,0.01,0.00,MANIPULATE,aproxima_lateral,2,2
1788450491.08,637.90,0.00,0.00,MANIPULATE,aproxima_lateral,1,1
1788450491.18,637.99,0.00,0.00,MANIPULATE,aproxima_lateral,3,3
1788450491.28,638.09,0.00,0.00,MANIPULATE,aproxima_lateral,2,2
1788450491.38,638.19,-0.00,0.00,MANIPULATE,aproxima_lateral,1,1
1788450491.49,638.30,0.00,0.00,MANIPULATE,aproxima_lateral,3,3
1788450491.58,638.39,0.01,0.00,MANIPULATE,aproxima_lateral,2,2
1788450491.68,638.49,0.00,0.00,MANIPULATE,aproxima_lateral,2,2
1788450491.78,638.59,-0.00,0.00,MANIPULATE,aproxima_lateral,2,2
1788450491.88,638.69,0.01,0.00,MANIPULATE,aproxima_lateral,2,2
1788450491.98,638.79,0.01,0.00,MANIPULATE,aproxima_lateral,2,2
1788450492.08,638.89,0.01,0.00,MANIPULATE,aproxima_lateral,2,2
1788450492.18,638.99,0.00,0.00,MANIPULATE,aproxima_lateral,2,2
1788450492.28,639.09,0.00,0.00,MANIPULATE,aproxima_lateral,2,2
1788450492.38,639.19,0.01,0.00,MANIPULATE,aproxima_lateral,2,3
1788450492.49,639.29,-0.00,0.00,MANIPULATE,aproxima_lateral,0,0
1788450492.59,639.39,0.01,0.00,MANIPULATE,aproxima_lateral,0,0
1788450492.69,639.49,0.01,0.00,MANIPULATE,aproxima_lateral,0,0
1788450492.79,639.60,0.01,0.00,MANIPULATE,aproxima_lateral,0,0
1788450492.89,639.70,-0.00,0.00,MANIPULATE,aproxima_lateral,0,0
1788450492.99,639.79,-0.01,0.00,MANIPULATE,aproxima_lateral,0,0
1788450493.09,639.90,0.00,0.00,MANIPULATE,atravessa,0,0
1788450493.19,640.00,-0.00,0.00,MANIPULATE,atravessa,0,0
1788450493.29,640.09,-0.00,0.00,MANIPULATE,atravessa,0,0
1788450493.39,640.19,0.01,0.00,MANIPULATE,atravessa,2,2
1788450493.49,640.29,0.01,0.00,MANIPULATE,atravessa,2,2
1788450493.59,640.39,0.01,0.00,MANIPULATE,atravessa,2,2
1788450493.69,640.50,-0.00,0.00,MANIPULATE,atravessa,2,2
1788450493.79,640.59,0.00,0.00,MANIPULATE,atravessa,2,2
1788450493.89,640.69,0.00,0.00,MANIPULATE,atravessa,2,2
1788450493.99,640.79,0.01,0.00,MANIPULATE,atravessa,2,2
1788450494.09,640.89,0.01,0.00,MANIPULATE,atravessa,2,2
1788450494.19,640.99,-0.00,0.00,MANIPULATE,atravessa,2,2
1788450494.29,641.10,0.00,0.00,MANIPULATE,atravessa,2,2
1788450494.40,641.20,0.00,0.00,MANIPULATE,atravessa,2,2
1788450494.49,641.29,-0.00,0.00,MANIPULATE,atravessa,2,2
1788450494.60,641.39,0.00,0.00,MANIPULATE,atravessa,2,2
1788450494.69,641.49,0.00,0.00,MANIPULATE,atravessa,2,2
1788450494.79,641.59,0.00,0.00,MANIPULATE,atravessa,2,2
1788450494.90,641.69,-0.00,0.00,MANIPULATE,atravessa,2,2
1788450494.99,641.79,0.00,0.00,MANIPULATE,atravessa,2,2
1788450495.09,641.89,0.01,0.00,MANIPULATE,atravessa,2,2
1788450495.19,641.99,-0.00,0.00,MANIPULATE,atravessa,2,2
1788450495.30,642.10,-0.00,0.00,MANIPULATE,atravessa,2,2
1788450495.39,642.19,0.01,0.00,MANIPULATE,atravessa,2,2
1788450495.50,642.29,0.00,0.00,MANIPULATE,atravessa,2,2
1788450495.59,642.39,0.00,-0.00,MANIPULATE,atravessa,2,2
1788450495.70,642.49,0.00,0.00,MANIPULATE,atravessa,2,2
1788450495.80,642.59,0.00,0.00,MANIPULATE,atravessa,2,2
1788450495.90,642.69,-0.01,0.00,MANIPULATE,atravessa,2,2
1788450496.00,642.79,-0.00,0.00,MANIPULATE,atravessa,2,2
1788450496.10,642.89,-0.00,0.01,MANIPULATE,atravessa,2,2
1788450496.20,643.00,-0.01,0.01,MANIPULATE,atravessa,2,2
1788450496.30,643.09,-0.00,0.01,MANIPULATE,atravessa,2,2
1788450496.40,643.19,0.00,0.01,MANIPULATE,atravessa,2,2
1788450496.50,643.29,-0.00,0.01,MANIPULATE,atravessa,2,2
1788450496.60,643.39,0.00,0.01,MANIPULATE,atravessa,1,1
1788450496.71,643.50,-0.00,0.00,MANIPULATE,atravessa,0,1
1788450496.81,643.59,-0.01,0.00,MANIPULATE,atravessa,0,0
1788450496.91,643.70,0.01,-0.00,MANIPULATE,atravessa,0,0
1788450497.01,643.79,-0.00,-0.00,MANIPULATE,atravessa,0,0
1788450497.12,643.90,-0.00,0.00,MANIPULATE,atravessa,0,0
1788450497.21,643.99,-0.01,0.00,MANIPULATE,atravessa,0,0
1788450497.32,644.09,-0.01,-0.00,MANIPULATE,atravessa,0,0
1788450497.42,644.20,-0.00,0.00,MANIPULATE,captura,0,0
1788450497.52,644.29,-0.00,0.00,MANIPULATE,captura,0,0
1788450497.62,644.39,-0.00,0.00,MANIPULATE,captura,0,0
1788450497.72,644.49,0.01,0.00,MANIPULATE,captura,2,2
1788450497.82,644.59,-0.00,0.00,MANIPULATE,captura,2,2
1788450497.92,644.69,0.00,0.00,MANIPULATE,captura,2,2
1788450498.03,644.79,-0.00,0.00,MANIPULATE,captura,2,2
1788450498.12,644.89,0.02,0.00,MANIPULATE,captura,2,2
1788450498.23,644.99,0.00,0.00,MANIPULATE,captura,2,2
1788450498.33,645.10,0.00,0.00,MANIPULATE,captura,2,2
1788450498.43,645.19,-0.00,0.00,MANIPULATE,captura,2,2
1788450498.53,645.29,0.00,0.00,MANIPULATE,captura,2,2
1788450498.63,645.39,-0.00,0.00,MANIPULATE,captura,2,2
1788450498.73,645.50,-0.01,-0.00,MANIPULATE,captura,2,2
1788450498.83,645.59,-0.00,0.00,MANIPULATE,captura,2,2
1788450498.94,645.69,0.00,-0.00,MANIPULATE,captura,2,2
1788450499.03,645.79,0.00,0.00,MANIPULATE,captura,2,2
1788450499.13,645.89,0.00,0.00,MANIPULATE,captura,2,2
1788450499.23,645.99,0.01,0.00,MANIPULATE,captura,2,2
1788450499.34,646.09,0.03,0.00,MANIPULATE,captura,2,2
1788450499.43,646.19,0.01,0.00,MANIPULATE,captura,2,2
1788450499.54,646.29,-0.00,0.00,MANIPULATE,captura,2,2
1788450499.64,646.39,0.00,0.00,MANIPULATE,captura,2,2
1788450499.74,646.49,0.01,0.00,MANIPULATE,captura,0,1
1788450499.84,646.59,0.01,-0.00,MANIPULATE,captura,0,0
1788450499.94,646.69,0.00,0.00,MANIPULATE,captura,0,0
1788450500.04,646.79,0.01,0.00,MANIPULATE,captura,0,0
1788450500.14,646.89,0.01,-0.00,MANIPULATE,captura,0,0
1788450500.24,647.00,-0.00,0.00,MANIPULATE,captura,0,0
1788450500.35,647.10,-0.00,0.00,MANIPULATE,captura,0,0
1788450500.45,647.20,-0.00,0.00,MANIPULATE,destrava,0,0
1788450500.55,647.30,-0.00,0.00,MANIPULATE,destrava,0,0
1788450500.65,647.39,-0.00,0.00,MANIPULATE,destrava,1,1
1788450500.75,647.49,0.67,0.00,MANIPULATE,destrava,2,2
1788450500.85,647.59,1.19,-0.00,MANIPULATE,destrava,2,2
1788450500.95,647.69,0.97,-0.00,MANIPULATE,destrava,2,2
1788450501.05,647.79,0.94,-0.00,MANIPULATE,destrava,2,2
1788450501.16,647.89,0.90,-0.00,MANIPULATE,destrava,2,2
1788450501.26,647.99,0.83,0.00,MANIPULATE,destrava,1,1
1788450501.36,648.09,0.78,-0.00,MANIPULATE,destrava,3,3
1788450501.46,648.19,1.18,-0.00,MANIPULATE,destrava,2,2
1788450501.56,648.29,2.04,0.00,MANIPULATE,destrava,2,2
1788450501.66,648.39,2.81,0.01,MANIPULATE,destrava,2,2
1788450501.76,648.49,3.32,0.02,MANIPULATE,destrava,2,2
1788450501.86,648.59,2.85,0.02,MANIPULATE,destrava,2,2
1788450501.96,648.69,3.82,0.02,MANIPULATE,destrava,2,2
1788450502.06,648.79,4.35,0.02,MANIPULATE,destrava,2,2
1788450502.16,648.89,3.64,0.02,MANIPULATE,destrava,2,2
1788450502.26,648.99,3.06,0.03,MANIPULATE,destrava,2,2
1788450502.36,649.10,3.56,0.03,MANIPULATE,destrava,2,2
1788450502.46,649.19,4.08,0.03,MANIPULATE,destrava,2,2
1788450502.56,649.29,3.35,0.03,MANIPULATE,destrava,2,2
1788450502.66,649.39,3.41,0.04,MANIPULATE,destrava,2,2
1788450502.76,649.50,4.04,0.03,MANIPULATE,destrava,2,2
1788450502.86,649.59,3.76,0.04,MANIPULATE,destrava,2,2
1788450502.97,649.69,2.92,0.04,MANIPULATE,destrava,2,2
1788450503.06,649.79,2.98,0.05,MANIPULATE,destrava,2,2
1788450503.16,649.89,3.71,0.04,MANIPULATE,destrava,2,2
1788450503.27,649.99,3.82,0.05,MANIPULATE,destrava,2,2
1788450503.37,650.10,3.43,0.01,MANIPULATE,destrava,2,2
1788450503.47,650.19,3.48,-0.00,MANIPULATE,destrava,2,2
1788450503.57,650.29,3.59,-0.00,MANIPULATE,destrava,2,2
1788450503.67,650.39,3.86,-0.00,MANIPULATE,destrava,2,2
1788450503.77,650.49,4.43,-0.00,MANIPULATE,destrava,2,2
1788450503.87,650.59,4.47,-0.01,MANIPULATE,destrava,2,2
1788450503.97,650.69,4.44,-0.01,MANIPULATE,destrava,2,2
1788450504.07,650.79,4.36,-0.01,MANIPULATE,destrava,2,2
1788450504.17,650.89,4.25,-0.00,MANIPULATE,destrava,2,2
1788450504.28,650.99,4.10,-0.01,MANIPULATE,destrava,2,2
1788450504.38,651.09,3.59,-0.01,MANIPULATE,destrava,2,2
1788450504.48,651.19,3.42,-0.00,MANIPULATE,destrava,2,2
1788450504.58,651.29,3.37,-0.00,MANIPULATE,destrava,2,2
1788450504.68,651.39,3.40,-0.00,MANIPULATE,destrava,2,2
1788450504.78,651.49,3.54,-0.00,MANIPULATE,destrava,2,2
1788450504.88,651.59,3.92,0.00,MANIPULATE,destrava,2,2
1788450504.98,651.69,4.54,0.00,MANIPULATE,destrava,2,2
1788450505.08,651.79,4.61,-0.01,MANIPULATE,destrava,2,2
1788450505.19,651.90,4.53,-0.01,MANIPULATE,destrava,2,2
1788450505.29,651.99,4.42,-0.01,MANIPULATE,destrava,2,2
1788450505.39,652.09,4.29,-0.01,MANIPULATE,destrava,2,2
1788450505.49,652.19,4.08,-0.01,MANIPULATE,destrava,2,2
1788450505.59,652.29,3.86,-0.00,MANIPULATE,destrava,2,2
1788450505.69,652.39,3.75,-0.00,MANIPULATE,destrava,2,2
1788450505.79,652.49,3.70,-0.00,MANIPULATE,destrava,2,2
1788450505.89,652.59,3.73,-0.00,MANIPULATE,destrava,2,2
1788450505.99,652.70,3.72,-0.00,MANIPULATE,destrava,2,2
1788450506.09,652.79,3.73,-0.00,MANIPULATE,destrava,2,2
1788450506.19,652.89,3.80,0.00,MANIPULATE,destrava,2,2
1788450506.29,652.99,3.96,0.00,MANIPULATE,destrava,2,2
1788450506.39,653.09,4.08,-0.00,MANIPULATE,destrava,2,2
1788450506.49,653.19,4.16,-0.00,MANIPULATE,destrava,2,2
1788450506.59,653.29,4.17,-0.01,MANIPULATE,destrava,2,2
1788450506.69,653.39,4.14,-0.01,MANIPULATE,destrava,2,2
1788450506.79,653.49,4.15,-0.01,MANIPULATE,destrava,2,2
1788450506.89,653.59,4.10,-0.01,MANIPULATE,destrava,2,2
1788450507.00,653.69,4.02,-0.01,MANIPULATE,destrava,2,2
1788450507.09,653.79,3.93,-0.01,MANIPULATE,destrava,2,2
1788450507.20,653.89,3.80,-0.01,MANIPULATE,destrava,2,2
1788450507.30,653.99,3.66,-0.01,MANIPULATE,destrava,2,2
1788450507.40,654.09,3.51,-0.01,MANIPULATE,destrava,2,2
1788450507.50,654.19,3.47,-0.00,MANIPULATE,destrava,2,2
1788450507.60,654.29,3.46,-0.00,MANIPULATE,destrava,2,2
1788450507.70,654.39,3.40,-0.01,MANIPULATE,destrava,2,2
1788450507.80,654.49,3.47,-0.00,MANIPULATE,destrava,2,2
1788450507.90,654.59,3.47,0.00,MANIPULATE,destrava,2,2
1788450508.00,654.69,3.59,-0.00,MANIPULATE,destrava,2,2
1788450508.10,654.79,3.65,0.00,MANIPULATE,destrava,2,2
1788450508.20,654.89,3.80,0.00,MANIPULATE,destrava,2,2
1788450508.30,654.99,3.89,-0.01,MANIPULATE,destrava,2,2
1788450508.40,655.09,4.00,0.00,MANIPULATE,destrava,2,2
1788450508.50,655.19,4.06,-0.01,MANIPULATE,destrava,2,2
1788450508.61,655.29,4.12,-0.01,MANIPULATE,destrava,2,2
1788450508.71,655.39,4.22,-0.00,MANIPULATE,destrava,2,2
1788450508.80,655.49,4.27,-0.00,MANIPULATE,destrava,2,2
1788450508.90,655.59,4.30,-0.01,MANIPULATE,destrava,2,2
1788450509.01,655.69,4.27,-0.01,MANIPULATE,destrava,2,2
1788450509.11,655.79,4.22,-0.01,MANIPULATE,destrava,2,2
1788450509.21,655.89,4.16,-0.01,MANIPULATE,destrava,2,2
1788450509.31,655.99,4.04,-0.01,MANIPULATE,destrava,2,2
1788450509.41,656.09,3.90,-0.01,MANIPULATE,destrava,2,2
1788450509.51,656.19,3.75,-0.01,MANIPULATE,destrava,2,2
1788450509.61,656.29,3.59,-0.01,MANIPULATE,destrava,2,2
1788450509.71,656.39,3.41,-0.01,MANIPULATE,destrava,1,1
1788450509.81,656.49,3.21,-0.01,MANIPULATE,destrava,3,3
1788450509.91,656.59,3.01,-0.01,MANIPULATE,destrava,2,2
1788450510.01,656.69,2.89,-0.01,MANIPULATE,destrava,2,2
1788450510.11,656.79,2.80,-0.00,MANIPULATE,destrava,2,2
1788450510.21,656.89,2.76,-0.00,MANIPULATE,destrava,2,2
1788450510.31,656.99,2.77,-0.00,MANIPULATE,destrava,2,2
1788450510.41,657.09,2.80,-0.00,MANIPULATE,destrava,2,2
1788450510.51,657.19,2.84,-0.00,MANIPULATE,destrava,2,2
1788450510.61,657.29,2.93,0.00,MANIPULATE,destrava,2,2
1788450510.71,657.39,3.11,0.00,MANIPULATE,destrava,1,1
1788450510.82,657.49,3.27,0.00,MANIPULATE,destrava,3,3
1788450510.92,657.59,3.42,-0.00,MANIPULATE,destrava,2,2
1788450511.02,657.69,3.56,-0.00,MANIPULATE,destrava,2,2
1788450511.12,657.79,3.70,-0.00,MANIPULATE,destrava,2,2
1788450511.22,657.89,3.87,-0.02,MANIPULATE,destrava,2,2
1788450511.32,657.99,4.07,-0.00,MANIPULATE,destrava,2,2
1788450511.42,658.09,4.23,-0.00,MANIPULATE,destrava,2,2
1788450511.52,658.19,4.34,-0.01,MANIPULATE,destrava,2,2
1788450511.62,658.29,4.44,-0.00,MANIPULATE,destrava,2,2
1788450511.72,658.39,4.49,-0.01,MANIPULATE,destrava,2,2
1788450511.82,658.49,4.50,-0.02,MANIPULATE,destrava,2,2
1788450511.93,658.59,4.51,-0.01,MANIPULATE,destrava,1,1
1788450512.03,658.69,4.56,-0.01,MANIPULATE,destrava,3,3
1788450512.13,658.79,4.60,-0.01,MANIPULATE,destrava,2,2
1788450512.23,658.89,4.61,-0.01,MANIPULATE,destrava,2,2
1788450512.33,658.99,4.62,-0.01,MANIPULATE,destrava,2,2
1788450512.43,659.09,4.58,-0.01,MANIPULATE,destrava,2,2
1788450512.53,659.19,4.53,-0.01,MANIPULATE,destrava,2,2
1788450512.63,659.29,4.49,-0.01,MANIPULATE,destrava,2,2
1788450512.73,659.39,4.46,-0.01,MANIPULATE,destrava,2,2
1788450512.83,659.49,4.39,-0.01,MANIPULATE,destrava,2,2
1788450512.93,659.59,4.32,-0.01,MANIPULATE,destrava,2,2
1788450513.03,659.69,4.25,-0.01,MANIPULATE,destrava,2,2
1788450513.13,659.79,4.19,-0.01,MANIPULATE,destrava,2,2
1788450513.23,659.89,4.14,-0.01,MANIPULATE,destrava,2,2
1788450513.34,659.99,4.07,-0.01,MANIPULATE,destrava,2,2
1788450513.43,660.09,4.00,-0.01,MANIPULATE,destrava,2,2
1788450513.54,660.19,3.98,-0.01,MANIPULATE,destrava,2,2
1788450513.63,660.29,3.85,-0.01,MANIPULATE,destrava,2,2
1788450513.73,660.39,3.61,-0.01,MANIPULATE,destrava,2,2
1788450513.84,660.49,3.62,-0.01,MANIPULATE,destrava,2,2
1788450513.94,660.59,3.51,-0.01,MANIPULATE,destrava,2,2
1788450514.04,660.69,3.32,-0.01,MANIPULATE,destrava,2,2
1788450514.14,660.79,3.50,-0.01,MANIPULATE,destrava,1,1
1788450514.24,660.89,3.51,-0.01,MANIPULATE,destrava,3,3
1788450514.34,660.99,3.54,-0.01,MANIPULATE,destrava,2,2
1788450514.44,661.09,3.87,-0.01,MANIPULATE,destrava,2,2
1788450514.54,661.19,4.04,-0.01,MANIPULATE,destrava,2,2
1788450514.64,661.29,4.28,-0.01,MANIPULATE,destrava,2,2
1788450514.74,661.39,4.62,-0.03,MANIPULATE,destrava,2,2
1788450514.85,661.49,4.89,-0.01,MANIPULATE,destrava,2,2
1788450514.95,661.59,5.11,-0.08,MANIPULATE,destrava,2,2
1788450515.05,661.69,5.29,0.02,MANIPULATE,destrava,2,2
1788450515.15,661.79,5.61,-0.07,MANIPULATE,destrava,2,2
1788450515.25,661.89,5.87,-0.05,MANIPULATE,destrava,2,2
1788450515.35,662.00,6.08,-0.05,MANIPULATE,destrava,2,2
1788450515.45,662.10,6.32,-0.03,MANIPULATE,destrava,2,2
1788450515.55,662.19,6.47,-0.10,MANIPULATE,destrava,2,2
1788450515.65,662.29,6.81,-0.02,MANIPULATE,destrava,2,2
1788450515.75,662.39,7.02,0.01,MANIPULATE,destrava,2,2
1788450515.85,662.49,7.39,-0.11,MANIPULATE,destrava,2,2
1788450515.95,662.59,7.60,-0.11,MANIPULATE,destrava,2,2
1788450516.05,662.69,7.95,-0.07,MANIPULATE,destrava,2,2
1788450516.15,662.79,8.27,-0.03,MANIPULATE,destrava,2,2
1788450516.26,662.89,8.49,-0.07,MANIPULATE,destrava,2,2
1788450516.36,662.99,8.93,-0.02,MANIPULATE,destrava,2,2
1788450516.46,663.09,9.26,-0.08,MANIPULATE,destrava,2,2
1788450516.56,663.19,9.62,0.01,MANIPULATE,destrava,2,2
1788450516.66,663.29,10.07,0.01,MANIPULATE,destrava,2,2
1788450516.76,663.39,10.45,-0.08,MANIPULATE,destrava,2,2
1788450516.86,663.49,10.83,-0.13,MANIPULATE,destrava,2,2
1788450516.96,663.59,11.04,-0.13,MANIPULATE,destrava,2,2
1788450517.06,663.69,11.50,-0.10,MANIPULATE,destrava,2,2
1788450517.16,663.79,11.87,-0.03,MANIPULATE,destrava,2,2
1788450517.26,663.89,12.10,-0.03,MANIPULATE,destrava,2,2
1788450517.36,663.99,12.38,-0.13,MANIPULATE,destrava,2,2
1788450517.46,664.09,12.64,-0.10,MANIPULATE,destrava,2,2
1788450517.56,664.19,12.97,-0.09,MANIPULATE,destrava,2,2
1788450517.66,664.29,13.20,-0.09,MANIPULATE,destrava,2,2
1788450517.76,664.39,13.35,-0.05,MANIPULATE,destrava,2,2
1788450517.87,664.50,13.53,0.02,MANIPULATE,destrava,2,2
1788450517.96,664.59,13.66,0.02,MANIPULATE,destrava,2,2
1788450518.07,664.70,13.83,-0.06,MANIPULATE,destrava,2,2
1788450518.17,664.79,13.93,-0.05,MANIPULATE,destrava,2,2
1788450518.27,664.89,14.34,-0.11,MANIPULATE,destrava,2,2
1788450518.37,664.99,14.59,-0.07,MANIPULATE,destrava,2,2
1788450518.47,665.09,14.98,-0.05,MANIPULATE,destrava,2,2
1788450518.57,665.19,15.58,-0.12,MANIPULATE,destrava,2,2
1788450518.67,665.29,16.09,-0.09,MANIPULATE,destrava,2,2
1788450518.77,665.39,16.58,-0.12,MANIPULATE,destrava,2,2
1788450518.87,665.49,17.42,-0.10,MANIPULATE,destrava,2,2
1788450518.97,665.59,17.72,-0.05,MANIPULATE,destrava,2,2
1788450519.07,665.69,17.57,-0.04,MANIPULATE,destrava,2,2
1788450519.17,665.79,17.74,0.03,MANIPULATE,destrava,2,2
1788450519.28,665.90,18.18,0.03,MANIPULATE,destrava,2,2
1788450519.37,665.99,18.70,-0.03,MANIPULATE,destrava,2,2
1788450519.47,666.09,19.34,-0.02,MANIPULATE,destrava,2,2
1788450519.57,666.19,20.11,-0.02,MANIPULATE,destrava,2,2
1788450519.68,666.29,20.14,0.03,MANIPULATE,destrava,2,2
1788450519.77,666.39,20.14,0.02,MANIPULATE,destrava,2,2
1788450519.88,666.49,20.15,0.02,MANIPULATE,destrava,2,2
1788450519.98,666.59,20.18,-0.08,MANIPULATE,destrava,2,2
1788450520.08,666.69,20.10,0.03,MANIPULATE,destrava,2,2
1788450520.18,666.79,20.13,0.05,MANIPULATE,destrava,2,2
1788450520.28,666.90,20.14,0.03,MANIPULATE,destrava,2,2
1788450520.38,666.99,20.17,-0.05,MANIPULATE,destrava,2,2
1788450520.48,667.09,20.15,0.04,MANIPULATE,destrava,2,2
1788450520.58,667.19,20.18,-0.05,MANIPULATE,destrava,2,2
1788450520.68,667.29,20.14,-0.03,MANIPULATE,destrava,2,2
1788450520.78,667.39,20.14,-0.03,MANIPULATE,destrava,2,2
1788450520.88,667.50,20.00,0.00,MANIPULATE,destrava,2,2
1788450520.98,667.59,12.26,-0.00,MANIPULATE,destrava,2,2
1788450521.08,667.69,12.50,0.02,MANIPULATE,destrava,2,2
1788450521.18,667.79,12.61,0.03,MANIPULATE,destrava,1,1
1788450521.28,667.89,12.75,0.12,MANIPULATE,destrava,3,3
1788450521.38,667.99,12.81,0.22,MANIPULATE,destrava,2,2
1788450521.48,668.09,12.86,0.32,MANIPULATE,destrava,2,2
1788450521.58,668.19,12.87,0.42,MANIPULATE,destrava,1,1
1788450521.69,668.29,12.90,0.53,MANIPULATE,destrava,3,3
1788450521.79,668.39,12.96,0.58,MANIPULATE,destrava,2,2
1788450521.89,668.49,12.98,0.58,MANIPULATE,destrava,2,2
1788450521.99,668.59,13.00,0.58,MANIPULATE,destrava,2,2
1788450522.09,668.69,13.00,0.58,MANIPULATE,destrava,2,2
1788450522.19,668.79,13.01,0.58,MANIPULATE,destrava,2,2
1788450522.29,668.89,13.02,0.58,MANIPULATE,destrava,2,2
1788450522.39,668.99,13.02,0.58,MANIPULATE,destrava,1,1
1788450522.49,669.10,13.03,0.58,MANIPULATE,destrava,3,3
1788450522.59,669.19,13.03,0.58,MANIPULATE,destrava,1,1
1788450522.69,669.30,13.03,0.58,MANIPULATE,destrava,2,2
1788450522.79,669.39,13.04,0.58,MANIPULATE,destrava,3,3
1788450522.89,669.49,13.04,0.58,MANIPULATE,destrava,2,2
1788450522.99,669.59,13.04,0.58,MANIPULATE,destrava,2,2
1788450523.10,669.69,13.05,0.58,MANIPULATE,destrava,2,2
1788450523.20,669.79,13.05,0.58,MANIPULATE,destrava,1,1
1788450523.30,669.89,13.06,0.58,MANIPULATE,destrava,3,3
1788450523.40,669.99,13.06,0.58,MANIPULATE,destrava,2,2
1788450523.50,670.09,13.06,0.58,MANIPULATE,destrava,2,2
1788450523.60,670.19,13.07,0.58,MANIPULATE,destrava,2,2
1788450523.70,670.29,13.07,0.58,MANIPULATE,destrava,2,2
1788450523.80,670.39,13.07,0.58,MANIPULATE,destrava,2,2
1788450523.90,670.49,13.07,0.58,MANIPULATE,destrava,2,2
1788450524.00,670.59,13.08,0.58,MANIPULATE,destrava,2,2
1788450524.10,670.69,13.08,0.58,MANIPULATE,destrava,2,2
1788450524.20,670.79,13.08,0.58,MANIPULATE,destrava,2,2
1788450524.30,670.89,13.08,0.58,MANIPULATE,destrava,2,2
1788450524.40,670.99,13.08,0.58,MANIPULATE,destrava,2,2
1788450524.50,671.09,13.08,0.58,MANIPULATE,destrava,2,2
1788450524.61,671.19,13.08,0.58,MANIPULATE,destrava,2,2
1788450524.70,671.29,13.08,0.58,MANIPULATE,destrava,2,2
1788450524.81,671.39,13.08,0.58,MANIPULATE,destrava,2,2
1788450524.91,671.49,13.08,0.58,MANIPULATE,destrava,2,2
1788450525.01,671.59,13.08,0.58,MANIPULATE,destrava,2,2
1788450525.11,671.69,13.08,0.58,MANIPULATE,destrava,2,2
1788450525.21,671.79,13.08,0.58,MANIPULATE,destrava,2,2
1788450525.31,671.89,13.08,0.59,MANIPULATE,destrava,2,2
1788450525.41,671.99,13.08,0.58,MANIPULATE,destrava,2,2
1788450525.51,672.09,13.07,0.58,MANIPULATE,destrava,2,2
1788450525.61,672.19,13.07,0.58,MANIPULATE,destrava,2,2
1788450525.71,672.29,13.07,0.58,MANIPULATE,destrava,2,2
1788450525.81,672.39,13.07,0.58,MANIPULATE,destrava,2,2
1788450525.91,672.49,13.07,0.58,MANIPULATE,destrava,2,2
1788450526.01,672.59,13.06,0.58,MANIPULATE,destrava,2,2
1788450526.11,672.69,13.06,0.58,MANIPULATE,destrava,2,2
1788450526.21,672.79,13.06,0.58,MANIPULATE,destrava,2,2
1788450526.31,672.89,13.06,0.58,MANIPULATE,destrava,2,2
1788450526.41,672.99,13.05,0.58,MANIPULATE,destrava,2,2
1788450526.51,673.09,13.05,0.58,MANIPULATE,destrava,2,2
1788450526.61,673.19,13.05,0.58,MANIPULATE,destrava,2,2
1788450526.72,673.29,13.04,0.58,MANIPULATE,destrava,2,2
1788450526.81,673.39,13.04,0.58,MANIPULATE,destrava,2,2
1788450526.92,673.49,13.03,0.58,MANIPULATE,destrava,2,2
1788450527.02,673.60,13.03,0.58,MANIPULATE,destrava,1,1
1788450527.12,673.69,13.02,0.58,MANIPULATE,destrava,3,3
1788450527.22,673.79,13.02,0.58,MANIPULATE,destrava,2,2
1788450527.33,673.90,13.02,0.58,MANIPULATE,destrava,2,2
1788450527.42,673.99,13.01,0.58,MANIPULATE,destrava,2,2
1788450527.52,674.09,13.00,0.58,MANIPULATE,destrava,2,2
1788450527.62,674.19,13.00,0.58,MANIPULATE,destrava,2,2
1788450527.72,674.29,12.99,0.58,MANIPULATE,destrava,2,2
1788450527.82,674.39,12.99,0.58,MANIPULATE,destrava,2,2
1788450527.93,674.49,12.98,0.58,MANIPULATE,destrava,2,2
1788450528.03,674.59,12.97,0.58,MANIPULATE,destrava,2,2
1788450528.13,674.69,12.97,0.58,MANIPULATE,destrava,2,2
1788450528.23,674.79,12.96,0.58,MANIPULATE,destrava,2,2
1788450528.33,674.89,12.96,0.58,MANIPULATE,destrava,2,2
1788450528.42,674.99,12.95,0.58,MANIPULATE,destrava,2,2
1788450528.53,675.09,12.95,0.58,MANIPULATE,destrava,2,2
1788450528.63,675.19,12.94,0.58,MANIPULATE,destrava,2,2
1788450528.73,675.29,12.93,0.58,MANIPULATE,destrava,2,2
1788450528.83,675.39,12.93,0.57,MANIPULATE,destrava,2,2
1788450528.93,675.49,12.92,0.58,MANIPULATE,destrava,2,2
1788450529.03,675.59,12.91,0.58,MANIPULATE,destrava,2,2
1788450529.13,675.69,12.90,0.58,MANIPULATE,destrava,2,2
1788450529.23,675.79,12.90,0.58,MANIPULATE,destrava,1,1
1788450529.33,675.89,12.89,0.57,MANIPULATE,destrava,3,3
1788450529.43,675.99,12.88,0.57,MANIPULATE,destrava,2,2
1788450529.53,676.09,12.87,0.57,MANIPULATE,destrava,2,2
1788450529.64,676.19,12.86,0.57,MANIPULATE,destrava,2,2
1788450529.73,676.29,12.86,0.57,MANIPULATE,destrava,2,2
1788450529.84,676.39,12.85,0.57,MANIPULATE,destrava,2,2
1788450529.94,676.49,12.84,0.57,MANIPULATE,destrava,2,2
1788450530.04,676.59,12.83,0.57,MANIPULATE,destrava,2,2
1788450530.14,676.70,12.82,0.57,MANIPULATE,destrava,2,2
1788450530.24,676.79,12.81,0.57,MANIPULATE,destrava,2,2
1788450530.34,676.89,12.80,0.57,MANIPULATE,destrava,2,2
1788450530.44,676.99,12.79,0.57,MANIPULATE,destrava,2,2
1788450530.54,677.09,12.79,0.57,MANIPULATE,destrava,2,2
1788450530.64,677.19,12.78,0.57,MANIPULATE,destrava,2,2
1788450530.74,677.29,12.77,0.57,MANIPULATE,destrava,2,2
1788450530.84,677.39,12.76,0.56,MANIPULATE,destrava,2,2
1788450530.94,677.49,12.75,0.57,MANIPULATE,destrava,2,2
1788450531.04,677.59,12.75,0.57,MANIPULATE,destrava,2,2
1788450531.14,677.69,12.74,0.57,MANIPULATE,destrava,2,2
1788450531.24,677.79,12.73,0.57,MANIPULATE,destrava,2,2
1788450531.34,677.89,12.72,0.57,MANIPULATE,destrava,2,2
1788450531.44,677.99,12.71,0.56,MANIPULATE,destrava,2,2
1788450531.55,678.10,12.70,0.56,MANIPULATE,destrava,2,2
1788450531.64,678.19,12.69,0.56,MANIPULATE,destrava,2,2
1788450531.74,678.29,12.69,0.56,MANIPULATE,destrava,2,2
1788450531.85,678.39,12.68,0.56,MANIPULATE,destrava,1,1
1788450531.95,678.49,12.67,0.56,MANIPULATE,destrava,3,3
1788450532.05,678.59,12.66,0.57,MANIPULATE,destrava,2,2
1788450532.15,678.70,12.65,0.56,MANIPULATE,destrava,2,2
1788450532.25,678.79,12.64,0.56,MANIPULATE,destrava,2,2
1788450532.35,678.89,12.64,0.56,MANIPULATE,destrava,2,2
1788450532.45,678.99,12.63,0.56,MANIPULATE,destrava,2,2
1788450532.55,679.09,12.62,0.56,MANIPULATE,destrava,2,2
1788450532.65,679.19,12.61,0.56,MANIPULATE,destrava,2,2
1788450532.75,679.29,12.60,0.56,MANIPULATE,destrava,2,2
1788450532.85,679.39,12.59,0.56,MANIPULATE,destrava,2,2
1788450532.95,679.50,12.59,0.56,MANIPULATE,destrava,2,2
1788450533.05,679.59,12.58,0.56,MANIPULATE,destrava,2,2
1788450533.15,679.69,12.57,0.56,MANIPULATE,destrava,2,2
1788450533.26,679.79,12.56,0.56,MANIPULATE,destrava,2,2
1788450533.35,679.89,12.55,0.56,MANIPULATE,destrava,2,2
1788450533.46,680.00,12.55,0.56,MANIPULATE,destrava,2,2
1788450533.56,680.09,12.54,0.56,MANIPULATE,destrava,2,2
1788450533.66,680.19,12.53,0.56,MANIPULATE,destrava,2,2
1788450533.76,680.29,12.52,0.56,MANIPULATE,destrava,2,2
1788450533.86,680.39,12.51,0.56,MANIPULATE,destrava,2,2
1788450533.96,680.49,12.51,0.56,MANIPULATE,destrava,2,2
1788450534.06,680.59,12.50,0.56,MANIPULATE,destrava,2,2
1788450534.16,680.69,12.49,0.56,MANIPULATE,destrava,2,2
1788450534.26,680.79,12.48,0.56,MANIPULATE,destrava,2,2
1788450534.37,680.90,12.47,0.56,MANIPULATE,destrava,2,2
1788450534.46,680.99,12.47,0.56,MANIPULATE,destrava,2,2
1788450534.56,681.09,12.46,0.56,MANIPULATE,destrava,2,2
1788450534.66,681.19,12.45,0.56,MANIPULATE,destrava,2,2
1788450534.76,681.29,12.44,0.56,MANIPULATE,destrava,2,2
1788450534.86,681.39,12.44,0.56,MANIPULATE,destrava,2,2
1788450534.97,681.49,12.43,0.56,MANIPULATE,destrava,2,2
1788450535.06,681.59,12.42,0.56,MANIPULATE,destrava,2,2
1788450535.17,681.70,12.41,0.56,MANIPULATE,destrava,2,2
1788450535.27,681.79,12.40,0.56,MANIPULATE,destrava,2,2
1788450535.37,681.90,12.39,0.56,MANIPULATE,destrava,2,2
1788450535.47,681.99,12.39,0.56,MANIPULATE,destrava,2,2
1788450535.57,682.09,12.38,0.56,MANIPULATE,destrava,2,2
1788450535.67,682.19,12.38,0.56,MANIPULATE,destrava,2,2
1788450535.77,682.29,12.37,0.56,MANIPULATE,destrava,2,2
1788450535.88,682.39,12.36,0.56,MANIPULATE,destrava,1,2
1788450535.98,682.49,12.35,0.56,MANIPULATE,destrava,0,0
1788450536.08,682.59,12.36,0.57,MANIPULATE,destrava,0,0
1788450536.18,682.69,12.37,0.57,MANIPULATE,destrava,0,0
1788450536.29,682.79,12.37,0.58,MANIPULATE,destrava,0,0
1788450536.39,682.89,12.39,0.58,MANIPULATE,destrava,0,0
1788450536.49,682.99,12.39,0.58,MANIPULATE,destrava,0,0
1788450536.60,683.09,12.39,0.58,MANIPULATE,libera,0,0
1788450536.70,683.19,12.39,0.58,MANIPULATE,libera,0,0
1788450536.80,683.29,12.39,0.58,MANIPULATE,libera,1,1
1788450536.90,683.39,12.56,0.58,MANIPULATE,libera,2,2
1788450537.00,683.49,12.48,0.58,MANIPULATE,libera,2,2
1788450537.10,683.59,11.86,0.58,MANIPULATE,libera,2,2
1788450537.20,683.69,10.98,0.60,MANIPULATE,libera,2,2
1788450537.30,683.79,10.31,0.58,MANIPULATE,libera,2,2
1788450537.40,683.89,9.17,0.60,MANIPULATE,libera,2,2
1788450537.50,683.99,8.30,0.58,MANIPULATE,libera,2,2
1788450537.60,684.09,7.58,0.55,MANIPULATE,libera,2,2
1788450537.70,684.19,7.56,0.59,MANIPULATE,libera,2,2
1788450537.80,684.29,7.69,0.51,MANIPULATE,libera,2,2
1788450537.90,684.39,7.73,0.40,MANIPULATE,libera,2,2
1788450538.00,684.49,7.84,0.36,MANIPULATE,libera,2,2
1788450538.11,684.59,7.96,0.30,MANIPULATE,libera,2,2
1788450538.21,684.69,8.06,0.23,MANIPULATE,libera,2,2
1788450538.31,684.79,8.05,0.10,MANIPULATE,libera,2,2
1788450538.41,684.89,8.22,0.02,MANIPULATE,libera,2,2
1788450538.51,684.99,8.42,0.04,MANIPULATE,libera,2,2
1788450538.61,685.09,8.75,-0.01,MANIPULATE,libera,2,2
1788450538.71,685.20,9.04,0.04,MANIPULATE,libera,2,2
1788450538.81,685.29,8.96,-0.02,MANIPULATE,libera,2,2
1788450538.92,685.39,6.76,-0.02,MANIPULATE,libera,2,2
1788450539.01,685.49,0.55,-0.03,MANIPULATE,libera,2,2
1788450539.11,685.59,-0.03,-0.02,MANIPULATE,libera,2,2
1788450539.21,685.69,-0.02,-0.03,MANIPULATE,libera,2,2
1788450539.31,685.79,-0.02,-0.02,MANIPULATE,libera,2,2
1788450539.42,685.89,-0.01,-0.02,MANIPULATE,libera,2,2
1788450539.52,685.99,-0.02,-0.02,MANIPULATE,libera,2,2
1788450539.62,686.09,-0.02,-0.01,MANIPULATE,libera,2,2
1788450539.72,686.19,-0.02,-0.01,MANIPULATE,libera,2,2
1788450539.82,686.29,-0.01,-0.01,MANIPULATE,libera,2,2
1788450539.92,686.39,0.00,-0.01,MANIPULATE,libera,2,2
1788450540.02,686.49,-0.00,-0.02,MANIPULATE,libera,2,2
1788450540.12,686.59,0.01,-0.01,MANIPULATE,libera,2,2
1788450540.22,686.69,0.00,-0.01,MANIPULATE,libera,2,2
1788450540.32,686.79,0.01,0.01,MANIPULATE,libera,2,2
1788450540.42,686.89,0.02,-0.01,MANIPULATE,libera,2,2
1788450540.52,686.99,0.12,0.04,MANIPULATE,libera,2,2
1788450540.62,687.09,0.06,0.07,MANIPULATE,libera,2,2
1788450540.72,687.19,0.07,0.19,MANIPULATE,libera,2,2
1788450540.82,687.29,0.07,0.40,MANIPULATE,libera,2,2
1788450540.92,687.39,0.11,0.56,MANIPULATE,libera,2,2
1788450541.03,687.49,0.00,0.56,MANIPULATE,libera,2,2
1788450541.13,687.59,-0.01,0.56,MANIPULATE,libera,2,2
1788450541.23,687.69,0.01,0.56,MANIPULATE,libera,2,2
1788450541.33,687.79,0.00,0.54,MANIPULATE,libera,2,2
1788450541.43,687.89,0.58,0.57,MANIPULATE,libera,2,2
1788450541.53,687.99,0.47,0.57,MANIPULATE,libera,2,2
1788450541.63,688.09,0.34,0.57,MANIPULATE,libera,2,2
1788450541.73,688.19,0.24,0.57,MANIPULATE,libera,2,2
1788450541.83,688.29,0.15,0.57,MANIPULATE,libera,2,2
1788450541.93,688.39,0.03,0.57,MANIPULATE,libera,2,2
1788450542.03,688.49,1.67,0.52,MANIPULATE,libera,2,2
1788450542.14,688.59,3.39,0.50,MANIPULATE,libera,2,2
1788450542.24,688.69,4.81,0.54,MANIPULATE,libera,2,2
1788450542.34,688.79,5.68,0.55,MANIPULATE,libera,2,2
1788450542.44,688.89,6.38,0.56,MANIPULATE,libera,2,2
1788450542.54,688.99,7.10,0.56,MANIPULATE,libera,2,2
1788450542.64,689.09,7.65,0.56,MANIPULATE,libera,2,2
1788450542.74,689.19,7.97,0.58,MANIPULATE,libera,2,2
1788450542.84,689.29,8.33,0.57,MANIPULATE,libera,2,2
1788450542.94,689.39,8.69,0.57,MANIPULATE,libera,2,2
1788450543.04,689.49,8.94,0.58,MANIPULATE,libera,2,2
1788450543.14,689.59,9.34,0.57,MANIPULATE,libera,2,2
1788450543.24,689.69,9.52,0.59,MANIPULATE,libera,2,2
1788450543.34,689.79,9.72,0.58,MANIPULATE,libera,2,2
1788450543.44,689.89,9.90,0.59,MANIPULATE,libera,2,2
1788450543.55,689.99,10.06,0.59,MANIPULATE,libera,2,2
1788450543.64,690.09,10.24,0.59,MANIPULATE,libera,2,2
1788450543.75,690.19,10.40,0.58,MANIPULATE,libera,2,2
1788450543.85,690.29,10.54,0.58,MANIPULATE,libera,2,2
1788450543.95,690.39,10.69,0.58,MANIPULATE,libera,1,1
1788450544.05,690.50,10.81,0.58,MANIPULATE,libera,3,3
1788450544.15,690.59,10.90,0.58,MANIPULATE,libera,2,2
1788450544.25,690.70,11.10,0.58,MANIPULATE,libera,2,2
1788450544.35,690.79,11.43,0.58,MANIPULATE,libera,2,2
1788450544.45,690.89,11.79,0.59,MANIPULATE,libera,2,2
1788450544.55,690.99,12.11,0.59,MANIPULATE,libera,2,2
1788450544.65,691.09,12.30,0.61,MANIPULATE,libera,2,2
1788450544.75,691.19,12.48,0.59,MANIPULATE,libera,2,2
1788450544.86,691.29,12.56,0.56,MANIPULATE,libera,2,2
1788450544.96,691.39,12.52,0.57,MANIPULATE,libera,1,1
1788450545.06,691.49,12.88,0.58,MANIPULATE,libera,3,3
1788450545.16,691.59,14.18,1.89,MANIPULATE,libera,2,2
1788450545.26,691.69,16.77,8.85,MANIPULATE,libera,2,2
1788450545.36,691.79,10.54,15.10,MANIPULATE,libera,2,2
1788450545.47,691.90,12.68,15.79,MANIPULATE,libera,2,2
1788450545.57,692.00,13.43,15.91,MANIPULATE,libera,2,2
1788450545.67,692.09,12.59,16.06,MANIPULATE,libera,2,2
1788450545.77,692.19,10.29,16.20,MANIPULATE,libera,2,2
1788450545.87,692.30,7.97,16.30,MANIPULATE,libera,2,2
1788450545.97,692.39,6.28,16.22,MANIPULATE,libera,2,2
1788450546.07,692.50,4.98,15.97,MANIPULATE,libera,2,2
1788450546.17,692.59,4.42,15.50,MANIPULATE,libera,2,2
1788450546.27,692.69,4.16,14.94,MANIPULATE,libera,2,2
1788450546.37,692.79,3.94,14.45,MANIPULATE,libera,2,2
1788450546.47,692.89,3.80,13.98,MANIPULATE,libera,2,2
1788450546.57,692.99,3.76,13.61,MANIPULATE,libera,2,2
1788450546.67,693.09,3.77,13.28,MANIPULATE,libera,2,2
1788450546.77,693.19,3.76,13.02,MANIPULATE,libera,2,2
1788450546.88,693.29,3.89,12.74,MANIPULATE,libera,2,2
1788450546.98,693.39,3.97,12.51,MANIPULATE,libera,2,2
1788450547.08,693.49,4.03,12.30,MANIPULATE,libera,2,2
1788450547.18,693.59,4.23,12.02,MANIPULATE,libera,2,2
1788450547.28,693.70,4.38,11.73,MANIPULATE,libera,2,2
1788450547.38,693.79,4.53,11.43,MANIPULATE,libera,2,2
1788450547.48,693.89,4.68,11.11,MANIPULATE,libera,2,2
1788450547.58,693.99,4.84,10.79,MANIPULATE,libera,2,2
1788450547.69,694.10,4.98,10.46,MANIPULATE,libera,2,2
1788450547.78,694.19,5.09,10.16,MANIPULATE,libera,2,2
1788450547.88,694.29,5.20,9.87,MANIPULATE,libera,2,2
1788450547.98,694.39,5.25,9.62,MANIPULATE,libera,1,1
1788450548.08,694.49,5.33,9.38,MANIPULATE,libera,2,3
1788450548.19,694.59,5.40,9.17,MANIPULATE,libera,0,0
1788450548.29,694.70,5.40,9.08,MANIPULATE,libera,0,0
1788450548.39,694.79,5.55,9.01,MANIPULATE,libera,0,0
1788450548.49,694.90,6.05,8.88,MANIPULATE,libera,0,0
1788450548.59,694.99,6.19,8.88,MANIPULATE,libera,0,0
1788450548.69,695.09,6.30,8.89,MANIPULATE,libera,0,0
1788450548.79,695.19,7.50,8.96,MANIPULATE,libera,0,0
1788450548.89,695.29,10.88,9.32,MANIPULATE,libera,0,0
1788450548.99,695.39,12.23,10.44,MANIPULATE,libera,0,0
1788450549.10,695.50,11.90,12.06,MANIPULATE,libera,0,0
1788450549.20,695.60,10.80,13.72,MANIPULATE,arco1,0,0
1788450549.30,695.70,10.54,13.78,MANIPULATE,arco1,0,0
1788450549.40,695.79,10.10,13.79,MANIPULATE,arco1,0,0
1788450549.50,695.89,9.83,13.88,MANIPULATE,arco1,2,2
1788450549.60,695.99,9.74,14.17,MANIPULATE,arco1,2,2
1788450549.70,696.09,9.53,14.48,MANIPULATE,arco1,2,2
1788450549.80,696.19,9.24,14.79,MANIPULATE,arco1,2,2
1788450549.90,696.30,8.91,15.12,MANIPULATE,arco1,2,2
1788450550.00,696.39,8.60,15.42,MANIPULATE,arco1,2,2
1788450550.11,696.50,8.32,15.72,MANIPULATE,arco1,2,3
1788450550.20,696.59,8.08,15.98,MANIPULATE,arco1,0,0
1788450550.31,696.70,7.84,16.24,MANIPULATE,arco1,0,0
1788450550.41,696.79,7.68,16.28,MANIPULATE,arco1,0,0
1788450550.51,696.90,7.53,16.28,MANIPULATE,arco1,0,0
1788450550.61,696.99,7.41,16.27,MANIPULATE,arco1,0,0
1788450550.72,697.09,7.35,16.26,MANIPULATE,arco1,0,0
1788450550.82,697.19,7.28,16.24,MANIPULATE,arco1,0,0
1788450550.93,697.30,6.83,17.35,MANIPULATE,arco1,0,0
1788450551.03,697.39,4.99,19.06,MANIPULATE,arco1,0,0
1788450551.14,697.50,3.39,20.70,MANIPULATE,arco1,0,0
1788450551.24,697.60,1.50,22.38,MANIPULATE,arco1,0,0
1788450551.34,697.70,-0.01,23.79,MANIPULATE,arco1,0,0
1788450551.44,697.79,-0.01,24.60,MANIPULATE,arco1,0,0
1788450551.54,697.89,-0.02,25.99,MANIPULATE,arco1,0,0
1788450551.64,697.99,-0.02,27.35,MANIPULATE,arco1,0,0
1788450551.75,698.10,-0.02,28.78,MANIPULATE,arco1,0,0
1788450551.85,698.19,-0.01,29.19,MANIPULATE,arco2,0,0
1788450551.95,698.29,-0.00,29.18,MANIPULATE,arco2,0,0
1788450552.05,698.39,-0.00,29.18,MANIPULATE,arco2,1,1
1788450552.15,698.49,-0.00,29.27,MANIPULATE,arco2,2,2
1788450552.26,698.59,0.00,29.40,MANIPULATE,arco2,2,2
1788450552.35,698.69,-0.00,29.57,MANIPULATE,arco2,2,2
1788450552.46,698.79,-0.00,29.71,MANIPULATE,arco2,2,2
1788450552.56,698.90,-0.00,29.91,MANIPULATE,arco2,2,2
1788450552.66,698.99,-0.01,30.10,MANIPULATE,arco2,2,2
1788450552.76,699.10,-0.00,30.24,MANIPULATE,arco2,1,2
1788450552.86,699.20,-0.00,30.37,MANIPULATE,arco2,0,0
1788450552.96,699.30,-0.01,30.42,MANIPULATE,arco2,0,0
1788450553.06,699.39,-0.01,30.40,MANIPULATE,arco2,0,0
1788450553.17,699.50,-0.01,30.38,MANIPULATE,arco2,0,0
1788450553.26,699.59,-0.01,30.36,MANIPULATE,arco2,0,0
1788450553.37,699.70,-0.01,30.34,MANIPULATE,arco2,0,0
1788450553.47,699.79,-0.01,30.33,MANIPULATE,desengata,0,0
1788450553.57,699.89,-0.01,30.31,MANIPULATE,desengata,0,0
1788450553.67,699.99,-0.01,30.30,MANIPULATE,desengata,1,1
1788450553.77,700.10,-0.00,30.30,MANIPULATE,desengata,2,2
1788450553.87,700.19,-0.00,30.30,MANIPULATE,desengata,2,2
1788450553.97,700.29,0.00,30.29,MANIPULATE,desengata,2,2
1788450554.07,700.39,-0.00,30.24,MANIPULATE,desengata,1,1
1788450554.17,700.49,0.07,30.16,MANIPULATE,desengata,3,3
1788450554.27,700.59,0.11,30.06,MANIPULATE,desengata,2,2
1788450554.38,700.69,0.16,29.99,MANIPULATE,desengata,2,2
1788450554.48,700.79,0.12,29.94,MANIPULATE,desengata,2,2
1788450554.58,700.89,0.56,29.91,MANIPULATE,desengata,2,2
1788450554.68,700.99,1.31,29.90,MANIPULATE,desengata,2,2
1788450554.78,701.09,2.18,29.89,MANIPULATE,desengata,2,2
1788450554.88,701.19,3.08,29.88,MANIPULATE,desengata,2,2
1788450554.98,701.29,3.89,29.89,MANIPULATE,desengata,2,2
1788450555.08,701.39,4.66,29.89,MANIPULATE,desengata,2,2
1788450555.18,701.49,5.27,29.89,MANIPULATE,desengata,2,2
1788450555.28,701.59,5.48,29.88,MANIPULATE,desengata,2,2
1788450555.39,701.70,5.66,29.86,MANIPULATE,desengata,2,2
1788450555.49,701.79,6.01,29.79,MANIPULATE,desengata,2,2
1788450555.59,701.89,6.45,29.69,MANIPULATE,desengata,2,2
1788450555.68,701.99,6.84,29.59,MANIPULATE,desengata,2,2
1788450555.79,702.10,7.25,29.58,MANIPULATE,desengata,2,2
1788450555.88,702.19,0.00,29.58,MANIPULATE,desengata,2,2
1788450555.99,702.29,-0.00,29.58,MANIPULATE,desengata,2,2
1788450556.09,702.39,-0.00,29.58,MANIPULATE,desengata,2,2
1788450556.19,702.50,-0.01,29.58,MANIPULATE,desengata,2,2
1788450556.29,702.60,0.01,29.58,MANIPULATE,desengata,2,2
1788450556.39,702.69,-0.00,29.58,MANIPULATE,desengata,2,2
1788450556.49,702.79,0.01,29.58,MANIPULATE,desengata,2,2
1788450556.59,702.89,-0.00,29.58,MANIPULATE,desengata,2,2
1788450556.69,702.99,-0.00,29.58,MANIPULATE,desengata,1,1
1788450556.79,703.09,-0.01,29.58,MANIPULATE,desengata,3,3
1788450556.89,703.19,-0.00,29.58,MANIPULATE,desengata,2,2
1788450556.99,703.29,-0.00,29.58,MANIPULATE,desengata,2,2
1788450557.09,703.39,0.01,29.58,MANIPULATE,desengata,2,2
1788450557.19,703.49,-0.00,29.58,MANIPULATE,desengata,2,2
1788450557.29,703.59,-0.00,29.58,MANIPULATE,desengata,2,2
1788450557.39,703.70,-0.01,29.58,MANIPULATE,desengata,2,2
1788450557.49,703.79,-0.00,29.58,MANIPULATE,desengata,2,2
1788450557.59,703.89,0.00,29.58,MANIPULATE,desengata,2,2
1788450557.69,703.99,-0.00,29.58,MANIPULATE,desengata,1,2
1788450557.79,704.09,0.01,29.58,MANIPULATE,desengata,0,0
1788450557.90,704.20,0.01,29.58,MANIPULATE,desengata,0,0
1788450558.00,704.30,0.00,29.58,MANIPULATE,desengata,0,0
1788450558.10,704.39,-0.01,29.58,MANIPULATE,desengata,0,0
1788450558.20,704.49,0.00,29.58,MANIPULATE,desengata,0,0
1788450558.30,704.59,0.00,29.58,MANIPULATE,desengata,0,0
1788450558.40,704.69,0.01,29.58,RETRACT,desengata,0,1
1788450558.50,704.79,0.00,29.58,RETRACT,desengata,0,0
1788450558.60,704.89,0.00,29.58,RETRACT,desengata,0,0
1788450558.70,705.00,-0.00,29.58,RETRACT,desengata,0,0
1788450558.80,705.09,-0.00,29.58,RETRACT,desengata,0,0
1788450558.90,705.19,-0.00,29.58,RETRACT,desengata,0,0
1788450559.01,705.30,-0.00,29.58,RETRACT,desengata,0,0
1788450559.11,705.40,0.01,29.58,RETRACT,desengata,0,0
1788450559.21,705.49,-0.00,29.58,RETRACT,desengata,0,0
1788450559.31,705.59,-0.00,29.58,RETRACT,desengata,0,0
1788450559.40,705.69,-0.00,29.58,RETRACT,desengata,0,0
1788450559.51,705.79,-0.00,29.58,RETRACT,desengata,0,0
1788450559.61,705.89,-0.00,29.58,RETRACT,desengata,0,0
1788450559.71,706.00,-0.00,29.58,RETRACT,desengata,0,0
1788450559.81,706.10,-0.01,29.58,RETRACT,desengata,0,0
1788450559.91,706.20,-0.00,29.58,RETRACT,desengata,0,0
1788450560.01,706.29,0.00,29.58,RETRACT,desengata,0,0
1788450560.11,706.39,0.00,29.58,RETRACT,desengata,0,0
1788450560.21,706.49,0.00,29.58,RETRACT,desengata,0,0
1788450560.31,706.59,-0.01,29.58,RETRACT,desengata,0,0
1788450560.42,706.70,-0.01,29.58,RETRACT,desengata,0,0
1788450560.52,706.79,0.01,29.58,RETRACT,desengata,0,0
1788450560.62,706.90,-0.00,29.58,RETRACT,desengata,0,0
1788450560.72,706.99,-0.00,29.58,RETRACT,desengata,0,0
1788450560.82,707.10,0.01,29.58,RETRACT,desengata,0,0
1788450560.92,707.19,-0.00,29.58,RETRACT,desengata,0,0
1788450561.02,707.29,0.00,29.58,RETRACT,desengata,0,0
1788450561.12,707.39,-0.01,29.58,RETRACT,desengata,0,0
1788450561.23,707.50,-0.00,29.58,RETRACT,desengata,0,0
1788450561.32,707.60,-0.00,29.58,RETRACT,desengata,0,0
1788450561.43,707.70,-0.01,29.58,RETRACT,desengata,0,0
1788450561.53,707.79,-0.00,29.58,RETRACT,desengata,0,0
1788450561.63,707.90,-0.00,29.58,RETRACT,desengata,0,0
1788450561.73,708.00,0.00,29.58,RETRACT,desengata,0,0
1788450561.83,708.10,0.00,29.58,RETRACT,desengata,0,0
1788450561.93,708.19,0.00,29.58,RETRACT,desengata,0,0
1788450562.03,708.29,-0.00,29.58,RETRACT,desengata,0,0
1788450562.13,708.39,-0.01,29.58,RETRACT,desengata,0,0
1788450562.23,708.50,0.00,29.58,RETRACT,desengata,0,0
1788450562.33,708.60,0.00,29.58,RETRACT,desengata,0,0
1788450562.44,708.69,-0.01,29.58,RETRACT,desengata,0,0
1788450562.54,708.79,-0.01,29.58,RETRACT,desengata,0,0
1788450562.64,708.90,0.01,29.58,RETRACT,desengata,0,0
1788450562.74,709.00,0.00,29.58,RETRACT,desengata,0,0
1788450562.84,709.10,-0.01,29.58,RETRACT,desengata,0,0
1788450562.94,709.20,0.00,29.58,RETRACT,desengata,0,0
1788450563.05,709.30,0.00,29.58,RETRACT,saida_eixo,0,0
1788450563.15,709.39,0.01,29.58,RETRACT,saida_eixo,0,0
1788450563.25,709.50,-0.00,29.58,RETRACT,saida_eixo,0,0
1788450563.35,709.60,-0.01,29.58,RETRACT,saida_eixo,0,0
1788450563.45,709.70,0.00,29.58,RETRACT,saida_eixo,0,0
1788450563.56,709.80,-0.00,29.58,RETRACT,saida_eixo,0,0
1788450563.66,709.90,0.00,29.58,RETRACT,saida_eixo,0,0
1788450563.76,710.00,-0.01,29.58,RETRACT,saida_eixo,0,0
1788450563.86,710.10,-0.00,29.58,RETRACT,saida_eixo,0,0
1788450563.96,710.19,-0.00,29.58,RETRACT,saida_eixo,0,0
1788450564.06,710.30,-0.00,29.58,RETRACT,saida_eixo,0,0
1788450564.16,710.39,-0.00,29.58,RETRACT,saida_eixo,0,0
1788450564.27,710.50,0.00,29.58,RETRACT,saida_eixo,0,0
1788450564.37,710.59,0.00,29.58,RETRACT,saida_eixo,0,0
1788450564.47,710.69,0.00,29.58,RETRACT,saida_eixo,0,0
1788450564.57,710.79,-0.00,29.58,RETRACT,saida_eixo,0,0
1788450564.67,710.89,-0.01,29.58,RETRACT,saida_eixo,0,0
1788450564.77,710.99,0.01,29.58,RETRACT,saida_eixo,0,0
1788450564.87,711.10,0.00,29.58,RETRACT,saida_eixo,0,0
1788450564.97,711.19,-0.00,29.58,RETRACT,saida_eixo,0,0
1788450565.07,711.30,-0.00,29.58,RETRACT,saida_eixo,0,0
1788450565.17,711.39,-0.00,29.58,RETRACT,saida_eixo,0,0
1788450565.28,711.49,-0.00,29.58,RETRACT,saida_eixo,0,0
1788450565.38,711.60,-0.00,29.58,RETRACT,saida_eixo,0,0
1788450565.48,711.70,-0.00,29.58,RETRACT,saida_eixo,0,0
1788450565.58,711.79,-0.00,29.58,RETRACT,saida_eixo,0,0
1788450565.68,711.89,-0.00,29.58,RETRACT,saida_eixo,0,0
1788450565.78,712.00,-0.01,29.58,RETRACT,saida_eixo,0,0
1788450565.88,712.10,0.00,29.58,RETRACT,saida_eixo,0,0
1788450565.98,712.19,0.00,29.58,RETRACT,saida_eixo,0,0
1788450566.09,712.30,0.00,29.58,RETRACT,saida_eixo,0,0
1788450566.18,712.39,-0.01,29.58,RETRACT,saida_eixo,0,0
1788450566.28,712.49,0.01,29.58,RETRACT,saida_eixo,0,0
1788450566.38,712.59,-0.00,29.58,RETRACT,saida_eixo,0,0
1788450566.49,712.69,-0.01,29.58,RETRACT,saida_eixo,0,0
1788450566.59,712.80,-0.01,29.58,RETRACT,saida_eixo,0,0
1788450566.69,712.89,-0.01,29.58,RETRACT,saida_eixo,0,0
1788450566.79,712.99,0.00,29.58,RETRACT,saida_eixo,0,0
1788450566.89,713.10,-0.00,29.58,RETRACT,saida_eixo,0,0
1788450566.99,713.20,-0.00,29.58,RETRACT,saida_eixo,0,0
1788450567.09,713.30,0.00,29.58,RETRACT,saida_eixo,0,0
1788450567.20,713.40,0.01,29.58,RETRACT,saida_eixo,0,0
1788450567.30,713.49,-0.00,29.58,RETRACT,saida_eixo,0,0
1788450567.40,713.60,-0.01,29.58,RETRACT,saida_eixo,0,0
1788450567.50,713.70,0.00,29.58,RETRACT,saida_eixo,0,0
1788450567.60,713.79,0.00,29.58,RETRACT,saida_eixo,0,0
1788450567.70,713.90,-0.00,29.58,RETRACT,saida_eixo,0,0
1788450567.80,714.00,-0.01,29.58,RETRACT,saida_eixo,0,0
1788450567.91,714.10,-0.00,29.58,RETRACT,saida_eixo,0,0
1788450568.00,714.19,0.01,29.58,RETRACT,saida_eixo,0,0
1788450568.11,714.29,0.00,29.58,RETRACT,saida_eixo,0,0
1788450568.21,714.40,-0.00,29.58,RETRACT,saida_eixo,0,0
1788450568.31,714.50,-0.00,29.58,RETRACT,saida_eixo,0,0
1788450568.41,714.59,0.00,29.58,RETRACT,saida_eixo,0,0
1788450568.52,714.70,-0.00,29.58,RETRACT,saida_eixo,0,0
1788450568.61,714.79,-0.01,29.58,RETRACT,saida_eixo,0,0
1788450568.72,714.90,-0.00,29.58,RETRACT,saida_eixo,0,0
1788450568.82,715.00,0.00,29.58,RETRACT,saida_eixo,0,0
1788450568.92,715.10,0.01,29.58,RETRACT,saida_eixo,0,0
1788450569.02,715.19,-0.00,29.58,RETRACT,saida_eixo,0,0
1788450569.12,715.29,0.00,29.58,RETRACT,saida_eixo,0,0
1788450569.22,715.39,0.00,29.58,RETRACT,saida_eixo,0,0
1788450569.33,715.50,0.00,29.58,RETRACT,saida_eixo,0,0
1788450569.43,715.60,0.01,29.58,RETRACT,saida_eixo,0,0
1788450569.53,715.70,0.01,29.58,RETRACT,saida_eixo,0,0
1788450569.63,715.79,-0.00,29.58,RETRACT,saida_eixo,0,0
1788450569.73,715.90,-0.01,29.58,RETRACT,saida_eixo,0,0
1788450569.83,716.00,-0.00,29.58,RETRACT,saida_eixo,0,0
1788450569.94,716.10,-0.00,29.58,RETRACT,saida_eixo,0,0
1788450570.04,716.20,-0.01,29.58,RETRACT,saida_eixo,0,0
1788450570.14,716.30,0.00,29.58,RETRACT,saida_eixo,0,0
1788450570.24,716.39,-0.01,29.58,RETRACT,saida_eixo,0,0
1788450570.34,716.50,-0.00,29.58,RETRACT,saida_eixo,0,0
1788450570.44,716.59,0.00,29.58,RETRACT,saida_eixo,0,0
1788450570.54,716.70,-0.01,29.58,RETRACT,saida_eixo,0,0
1788450570.64,716.79,0.01,29.58,RETRACT,saida_eixo,0,0
1788450570.74,716.89,0.01,29.58,RETRACT,saida_eixo,0,0
1788450570.84,717.00,0.00,29.58,RETRACT,saida_eixo,0,0
1788450570.94,717.10,-0.01,29.58,RETRACT,saida_eixo,0,0
1788450571.04,717.20,-0.00,29.58,RETRACT,saida_eixo,0,0
1788450571.15,717.30,0.01,29.58,RETRACT,saida_eixo,0,0
1788450571.24,717.39,-0.01,29.58,RETRACT,saida_eixo,0,0
1788450571.34,717.49,0.00,29.58,RETRACT,saida_eixo,0,0
1788450571.45,717.60,0.01,29.58,RETRACT,saida_eixo,0,0
1788450571.55,717.70,0.01,29.58,RETRACT,saida_eixo,0,0
1788450571.65,717.79,-0.00,29.58,RETRACT,saida_eixo,0,0
1788450571.75,717.89,-0.00,29.58,RETRACT,saida_eixo,0,0
1788450571.85,718.00,-0.00,29.58,RETRACT,saida_eixo,0,0
1788450571.95,718.10,-0.00,29.58,RETRACT,saida_eixo,0,0
1788450572.05,718.19,-0.01,29.58,RETRACT,saida_eixo,0,0
1788450572.15,718.30,-0.00,29.58,RETRACT,saida_eixo,0,0
1788450572.25,718.39,0.01,29.58,RETRACT,saida_eixo,0,0
1788450572.35,718.49,0.01,29.58,RETRACT,saida_eixo,0,0
1788450572.45,718.59,-0.00,29.58,RETRACT,saida_eixo,0,0
1788450572.55,718.69,-0.00,29.58,RETRACT,saida_eixo,0,0
1788450572.65,718.79,0.00,29.58,RETRACT,saida_eixo,0,0
1788450572.76,718.90,0.00,29.58,RETRACT,saida_eixo,0,0
1788450572.85,718.99,0.00,29.58,RETRACT,saida_eixo,0,0
1788450572.96,719.10,0.00,29.58,RETRACT,saida_eixo,0,0
1788450573.06,719.19,0.00,29.58,RETRACT,saida_eixo,0,0
1788450573.16,719.29,-0.00,29.58,RETRACT,saida_eixo,0,0
1788450573.26,719.39,-0.01,29.58,RETRACT,saida_eixo,0,0
1788450573.36,719.50,-0.00,29.58,RETRACT,saida_eixo,0,0
1788450573.46,719.60,-0.00,29.58,RETRACT,saida_eixo,0,0
1788450573.56,719.70,-0.00,29.58,RETRACT,saida_eixo,0,0
1788450573.66,719.79,-0.00,29.58,RETRACT,saida_eixo,0,0
1788450573.76,719.90,-0.00,29.58,RETRACT,saida_eixo,0,0
1788450573.86,720.00,-0.00,29.58,RETRACT,saida_eixo,0,0
1788450573.96,720.10,-0.00,29.58,RETRACT,saida_eixo,0,0
1788450574.06,720.19,-0.00,29.58,RETRACT,saida_eixo,0,0
1788450574.16,720.30,-0.00,29.58,RETRACT,saida_eixo,0,0
1788450574.26,720.39,0.00,29.58,RETRACT,saida_eixo,0,0
1788450574.37,720.50,0.00,29.58,RETRACT,saida_eixo,0,0
1788450574.46,720.60,-0.01,29.58,RETRACT,saida_eixo,0,0
1788450574.56,720.69,-0.00,29.58,RETRACT,saida_eixo,0,0
1788450574.67,720.79,0.00,29.58,RETRACT,saida_eixo,0,0
1788450574.77,720.89,-0.00,29.58,RETRACT,saida_eixo,0,0
1788450574.87,721.00,-0.00,29.58,RETRACT,saida_eixo,0,0
1788450574.97,721.09,-0.00,29.58,RETRACT,saida_eixo,0,0
1788450575.07,721.19,0.01,29.58,RETRACT,saida_eixo,0,0
1788450575.17,721.30,0.00,29.58,RETRACT,saida_eixo,0,0
1788450575.27,721.39,0.00,29.58,RETRACT,saida_eixo,0,0
1788450575.37,721.49,-0.00,29.58,RETRACT,saida_eixo,0,0
1788450575.47,721.59,0.01,29.58,RETRACT,saida_eixo,0,0
1788450575.58,721.70,-0.00,29.58,RETRACT,saida_eixo,0,0
1788450575.68,721.79,-0.00,29.58,RETRACT,saida_eixo,0,0
1788450575.78,721.90,-0.00,29.58,RETRACT,saida_eixo,0,0
1788450575.88,722.00,-0.00,29.58,RETRACT,saida_eixo,0,0
1788450575.98,722.09,0.01,29.58,RETRACT,saida_eixo,0,0
1788450576.08,722.19,-0.01,29.58,RETRACT,saida_eixo,0,0
1788450576.19,722.30,0.00,29.58,RETRACT,saida_eixo,0,0
1788450576.29,722.39,0.01,29.58,RETRACT,saida_eixo,0,0
1788450576.39,722.50,0.00,29.58,RETRACT,saida_eixo,0,0
1788450576.49,722.60,-0.00,29.58,RETRACT,saida_eixo,0,0
1788450576.59,722.70,-0.00,29.58,RETRACT,saida_eixo,0,0
1788450576.69,722.79,0.00,29.58,RETRACT,saida_eixo,0,0
1788450576.79,722.90,0.00,29.58,RETRACT,saida_eixo,0,0
1788450576.89,723.00,-0.01,29.58,RETRACT,saida_eixo,0,0
1788450576.99,723.10,0.00,29.58,RETRACT,saida_eixo,0,0
1788450577.09,723.19,-0.00,29.58,RETRACT,saida_eixo,0,0
1788450577.19,723.29,-0.00,29.58,RETRACT,saida_eixo,0,0
1788450577.29,723.39,0.00,29.58,RETRACT,saida_eixo,0,0
1788450577.39,723.50,-0.00,29.58,RETRACT,saida_eixo,0,0
1788450577.49,723.59,-0.00,29.58,RETRACT,saida_eixo,0,0
1788450577.59,723.69,-0.00,29.58,RETRACT,saida_eixo,0,0
1788450577.69,723.79,0.00,29.58,RETRACT,saida_eixo,0,0
1788450577.80,723.90,-0.00,29.58,RETRACT,saida_eixo,0,0
1788450577.89,723.99,0.00,29.58,RETRACT,saida_eixo,0,0
1788450578.00,724.10,0.00,29.58,RETRACT,saida_eixo,0,0
1788450578.10,724.20,0.00,29.58,RETRACT,saida_eixo,0,0
1788450578.20,724.29,0.00,29.58,RETRACT,saida_eixo,0,0
1788450578.30,724.39,0.00,29.58,RETRACT,saida_eixo,0,0
1788450578.40,724.50,-0.01,29.58,RETRACT,saida_eixo,0,0
1788450578.50,724.60,-0.00,29.58,RETRACT,saida_eixo,0,0
1788450578.60,724.70,0.00,29.58,RETRACT,saida_eixo,0,0
1788450578.71,724.79,0.00,29.58,RETRACT,saida_eixo,0,0
1788450578.81,724.89,0.00,29.58,RETRACT,saida_eixo,0,0
1788450578.91,725.00,-0.00,29.58,RETRACT,saida_eixo,0,0
1788450579.01,725.10,-0.01,29.58,RETRACT,saida_eixo,0,0
1788450579.11,725.19,0.01,29.58,RETRACT,saida_eixo,0,0
1788450579.21,725.29,-0.00,29.58,RETURN,saida_eixo,0,0
1788450579.31,725.39,-0.01,29.58,RETURN,saida_eixo,0,0
1788450579.42,725.50,-0.00,29.58,RETURN,saida_eixo,0,0
1788450579.52,725.59,-0.00,29.58,RETURN,saida_eixo,0,0
1788450579.62,725.70,0.01,29.58,RETURN,saida_eixo,0,0
1788450579.72,725.79,-0.00,29.58,RETURN,saida_eixo,0,0
1788450579.82,725.90,0.00,29.58,RETURN,saida_eixo,0,0
1788450579.92,725.99,0.00,29.58,RETURN,saida_eixo,0,0
1788450580.03,726.10,-0.00,29.58,RETURN,saida_eixo,0,0
1788450580.13,726.20,-0.00,29.58,RETURN,saida_eixo,0,0
1788450580.22,726.29,0.00,29.58,RETURN,saida_eixo,0,0
1788450580.33,726.39,-0.00,29.58,RETURN,saida_eixo,0,0
1788450580.43,726.50,0.00,29.58,RETURN,saida_eixo,0,0
1788450580.53,726.60,0.00,29.58,RETURN,saida_eixo,0,0
1788450580.63,726.69,0.01,29.58,RETURN,saida_eixo,0,0
1788450580.73,726.79,0.01,29.58,RETURN,saida_eixo,0,0
1788450580.83,726.89,0.00,29.58,RETURN,saida_eixo,0,0
1788450580.93,726.99,0.00,29.58,RETURN,saida_eixo,0,0
1788450581.03,727.10,-0.00,29.58,RETURN,saida_eixo,0,0
1788450581.13,727.19,0.01,29.58,RETURN,saida_eixo,0,0
1788450581.23,727.29,-0.00,29.58,RETURN,saida_eixo,0,0
1788450581.33,727.39,-0.00,29.58,RETURN,saida_eixo,0,0
1788450581.43,727.49,-0.00,29.58,RETURN,saida_eixo,0,0
1788450581.54,727.59,0.01,29.58,RETURN,saida_eixo,0,0
1788450581.64,727.70,-0.00,29.58,RETURN,saida_eixo,0,0
1788450581.74,727.79,-0.01,29.58,RETURN,saida_eixo,0,0
1788450581.84,727.89,-0.00,29.58,RETURN,saida_eixo,0,0
1788450581.94,728.00,0.00,29.58,RETURN,saida_eixo,0,0
1788450582.05,728.10,-0.00,29.58,RETURN,saida_eixo,0,0
1788450582.14,728.19,0.00,29.58,RETURN,saida_eixo,0,0
1788450582.25,728.29,0.00,29.58,RETURN,saida_eixo,0,0
1788450582.35,728.39,0.01,29.58,RETURN,saida_eixo,0,0
1788450582.45,728.50,-0.01,29.58,RETURN,saida_eixo,0,0
1788450582.55,728.59,0.00,29.58,RETURN,saida_eixo,0,0
1788450582.65,728.70,-0.00,29.58,RETURN,saida_eixo,0,0
1788450582.75,728.79,-0.00,29.58,RETURN,saida_eixo,0,0
1788450582.85,728.90,-0.00,29.58,RETURN,saida_eixo,0,0
1788450582.95,728.99,-0.00,29.58,RETURN,saida_eixo,0,0
1788450583.05,729.09,-0.00,29.58,RETURN,saida_eixo,0,0
1788450583.16,729.20,0.01,29.58,RETURN,saida_eixo,0,0
1788450583.26,729.30,0.00,29.58,RETURN,saida_eixo,0,0
1788450583.36,729.39,-0.01,29.58,RETURN,saida_eixo,0,0
1788450583.46,729.50,-0.00,29.58,RETURN,saida_eixo,0,0
1788450583.56,729.60,0.00,29.58,RETURN,saida_eixo,0,0
1788450583.66,729.70,-0.00,29.58,RETURN,saida_eixo,0,0
1788450583.76,729.79,0.01,29.58,RETURN,saida_eixo,0,0
1788450583.87,729.90,-0.00,29.58,RETURN,saida_eixo,0,0
1788450583.96,729.99,0.01,29.58,RETURN,saida_eixo,0,0
1788450584.07,730.10,0.01,29.58,RETURN,saida_eixo,0,0
1788450584.17,730.20,0.00,29.58,RETURN,saida_eixo,0,0
1788450584.27,730.30,0.00,29.58,RETURN,saida_eixo,0,0
1788450584.37,730.39,-0.00,29.58,RETURN,saida_eixo,0,0
1788450584.47,730.50,0.01,29.58,RETURN,saida_eixo,0,0
1788450584.58,730.60,0.00,29.58,RETURN,saida_eixo,0,0
1788450584.67,730.69,0.00,29.58,RETURN,saida_eixo,0,0
1788450584.78,730.80,-0.00,29.58,RETURN,saida_eixo,0,0
1788450584.88,730.90,-0.01,29.58,RETURN,saida_eixo,0,0
1788450584.98,731.00,0.00,29.58,RETURN,saida_eixo,0,0
1788450585.08,731.10,0.00,29.58,RETURN,saida_eixo,0,0
1788450585.18,731.19,-0.00,29.58,RETURN,saida_eixo,0,0
1788450585.28,731.30,-0.01,29.58,RETURN,saida_eixo,0,0
1788450585.38,731.39,-0.00,29.58,RETURN,saida_eixo,0,0
1788450585.49,731.50,0.01,29.58,RETURN,saida_eixo,0,0
1788450585.59,731.60,0.01,29.58,RETURN,saida_eixo,0,0
1788450585.69,731.70,-0.00,29.58,RETURN,saida_eixo,0,0
1788450585.79,731.79,-0.00,29.58,RETURN,saida_eixo,0,0
1788450585.89,731.90,-0.00,29.58,RETURN,saida_eixo,0,0
1788450585.99,732.00,0.01,29.58,RETURN,saida_eixo,0,0
1788450586.09,732.10,0.00,29.58,RETURN,saida_eixo,0,0
1788450586.19,732.19,-0.01,29.58,RETURN,saida_eixo,0,0
1788450586.30,732.30,0.01,29.58,RETURN,saida_eixo,0,0
1788450586.39,732.39,0.00,29.58,RETURN,saida_eixo,0,0
1788450586.50,732.50,-0.01,29.58,RETURN,saida_eixo,0,0
1788450586.60,732.59,0.00,29.58,RETURN,saida_eixo,0,0
1788450586.70,732.70,0.00,29.58,RETURN,saida_eixo,0,0
1788450586.80,732.79,0.00,29.58,RETURN,saida_eixo,0,0
1788450586.90,732.89,0.00,29.58,RETURN,saida_eixo,0,0
1788450587.00,732.99,-0.01,29.58,RETURN,saida_eixo,0,0
1788450587.11,733.10,-0.00,29.58,RETURN,saida_eixo,0,0
1788450587.21,733.19,-0.00,29.58,RETURN,saida_eixo,0,0
1788450587.31,733.30,-0.00,29.58,RETURN,saida_eixo,0,0
1788450587.41,733.39,-0.00,29.58,RETURN,saida_eixo,0,0
1788450587.52,733.50,-0.00,29.58,RETURN,saida_eixo,0,0
1788450587.62,733.60,0.00,29.58,RETURN,saida_eixo,0,0
1788450587.71,733.69,-0.01,29.58,RETURN,saida_eixo,0,0
1788450587.82,733.79,0.00,29.58,RETURN,saida_eixo,0,0
1788450587.92,733.90,0.00,29.58,RETURN,saida_eixo,0,0
1788450588.02,733.99,0.01,29.58,RETURN,saida_eixo,0,0
1788450588.12,734.10,0.00,29.58,RETURN,saida_eixo,0,0
1788450588.22,734.19,-0.00,29.58,RETURN,saida_eixo,0,0
1788450588.32,734.30,-0.00,29.58,RETURN,saida_eixo,0,0
1788450588.42,734.39,0.01,29.58,RETURN,saida_eixo,0,0
1788450588.52,734.50,-0.00,29.58,RETURN,saida_eixo,0,0
1788450588.62,734.60,0.00,29.58,RETURN,saida_eixo,0,0
1788450588.72,734.69,0.00,29.58,RETURN,saida_eixo,0,0
1788450588.82,734.80,0.01,29.58,RETURN,saida_eixo,0,0
1788450588.93,734.90,0.00,29.58,RETURN,saida_eixo,0,0
1788450589.02,734.99,0.00,29.58,RETURN,saida_eixo,0,0
1788450589.13,735.10,-0.01,29.58,RETURN,saida_eixo,0,0
1788450589.23,735.20,0.00,29.58,RETURN,saida_eixo,0,0
1788450589.33,735.30,-0.00,29.58,RETURN,saida_eixo,0,0
1788450589.43,735.39,-0.01,29.58,RETURN,saida_eixo,0,0
1788450589.53,735.50,-0.01,29.58,RETURN,saida_eixo,0,0
1788450589.63,735.60,-0.00,29.58,RETURN,saida_eixo,0,0
1788450589.73,735.69,0.01,29.58,RETURN,saida_eixo,0,0
1788450589.83,735.79,-0.00,29.58,RETURN,saida_eixo,0,0
1788450589.93,735.89,-0.01,29.58,RETURN,saida_eixo,0,0
1788450590.03,735.99,-0.00,29.58,RETURN,saida_eixo,0,0
1788450590.13,736.10,0.00,29.58,RETURN,saida_eixo,0,0
1788450590.23,736.20,-0.00,29.58,RETURN,saida_eixo,0,0
1788450590.33,736.30,0.00,29.58,RETURN,saida_eixo,0,0
1788450590.43,736.39,0.01,29.58,RETURN,saida_eixo,0,0
1788450590.53,736.50,0.01,29.58,RETURN,saida_eixo,0,0
1788450590.63,736.60,0.00,29.58,RETURN,saida_eixo,0,0
1788450590.73,736.69,-0.00,29.58,RETURN,saida_eixo,0,0
1788450590.84,736.80,-0.00,29.58,RETURN,saida_eixo,0,0
1788450590.94,736.90,0.01,29.58,RETURN,saida_eixo,0,0
1788450591.04,737.00,-0.01,29.58,RETURN,saida_eixo,0,0
1788450591.14,737.10,-0.00,29.58,RETURN,saida_eixo,0,0
1788450591.24,737.19,-0.00,29.58,RETURN,saida_eixo,0,0
1788450591.35,737.30,-0.00,29.58,RETURN,saida_eixo,0,0
1788450591.44,737.39,-0.00,29.58,RETURN,saida_eixo,0,0
1788450591.55,737.50,-0.00,29.58,RETURN,saida_eixo,0,0
1788450591.65,737.60,-0.00,29.58,RETURN,saida_eixo,0,0
1788450591.74,737.69,0.00,29.58,RETURN,saida_eixo,0,0
1788450591.85,737.79,-0.00,29.58,RETURN,saida_eixo,0,0
1788450591.94,737.89,-0.00,29.58,RETURN,saida_eixo,0,0
1788450592.05,737.99,-0.00,29.58,RETURN,saida_eixo,0,0
1788450592.15,738.10,0.00,29.58,RETURN,saida_eixo,0,0
1788450592.25,738.19,-0.01,29.58,RETURN,saida_eixo,0,0
1788450592.35,738.29,0.01,29.58,RETURN,saida_eixo,0,0
1788450592.45,738.39,0.00,29.58,RETURN,saida_eixo,0,0
1788450592.55,738.49,-0.00,29.58,RETURN,saida_eixo,0,0
1788450592.65,738.59,-0.00,29.58,RETURN,saida_eixo,0,0
1788450592.75,738.69,0.00,29.58,RETURN,saida_eixo,0,0
1788450592.85,738.79,0.00,29.58,RETURN,saida_eixo,0,0
1788450592.95,738.89,0.00,29.58,RETURN,saida_eixo,0,0
1788450593.05,739.00,0.00,29.58,RETURN,saida_eixo,0,0
1788450593.16,739.10,-0.00,29.58,RETURN,saida_eixo,0,0
1788450593.26,739.20,0.00,29.58,RETURN,saida_eixo,0,0
1788450593.36,739.30,-0.00,29.58,RETURN,saida_eixo,0,0
1788450593.46,739.39,-0.00,29.58,RETURN,saida_eixo,0,0
1788450593.56,739.50,0.00,29.58,RETURN,saida_eixo,0,0
1788450593.66,739.60,0.00,29.58,RETURN,saida_eixo,0,0
1788450593.77,739.70,0.01,29.58,RETURN,saida_eixo,0,0
1788450593.86,739.79,-0.00,29.58,RETURN,saida_eixo,0,0
1788450593.97,739.89,-0.00,29.58,RETURN,saida_eixo,0,0
1788450594.07,740.00,0.01,29.58,RETURN,saida_eixo,0,0
1788450594.17,740.10,0.00,29.58,RETURN,saida_eixo,0,0
1788450594.27,740.19,0.01,29.58,RETURN,saida_eixo,0,0
1788450594.37,740.29,0.00,29.58,RETURN,saida_eixo,0,0
1788450594.47,740.39,0.01,29.58,RETURN,saida_eixo,0,0
1788450594.57,740.49,0.01,29.58,RETURN,saida_eixo,0,0
1788450594.68,740.60,0.01,29.58,RETURN,saida_eixo,0,0
1788450594.78,740.70,-0.01,29.58,RETURN,saida_eixo,0,0
1788450594.88,740.79,0.00,29.58,RETURN,saida_eixo,0,0
1788450594.98,740.90,0.00,29.58,RETURN,saida_eixo,0,0
1788450595.08,741.00,-0.01,29.58,RETURN,saida_eixo,0,0
1788450595.18,741.09,0.01,29.58,RETURN,saida_eixo,0,0
1788450595.28,741.19,-0.00,29.58,RETURN,saida_eixo,0,0
1788450595.38,741.29,0.01,29.58,RETURN,saida_eixo,0,0
1788450595.48,741.39,-0.01,29.58,RETURN,saida_eixo,0,0
1788450595.58,741.50,-0.01,29.58,RETURN,saida_eixo,0,0
1788450595.68,741.59,0.00,29.58,RETURN,saida_eixo,0,0
1788450595.78,741.69,0.01,29.58,RETURN,saida_eixo,0,0
1788450595.88,741.79,0.00,29.58,RETURN,saida_eixo,0,0
1788450595.98,741.89,0.01,29.58,RETURN,saida_eixo,0,0
1788450596.08,742.00,-0.00,29.58,RETURN,saida_eixo,0,0
1788450596.18,742.09,0.00,29.58,RETURN,saida_eixo,0,0
1788450596.28,742.19,0.01,29.58,RETURN,saida_eixo,0,0
1788450596.38,742.29,0.00,29.58,RETURN,saida_eixo,0,0
1788450596.48,742.39,-0.00,29.58,RETURN,saida_eixo,0,0
1788450596.59,742.50,0.01,29.58,RETURN,saida_eixo,0,0
1788450596.69,742.59,-0.00,29.58,RETURN,saida_eixo,0,0
1788450596.79,742.70,0.01,29.58,RETURN,saida_eixo,0,0
1788450596.89,742.79,-0.00,29.58,RETURN,saida_eixo,0,0
1788450596.99,742.90,-0.00,29.58,RETURN,saida_eixo,0,0
1788450597.09,743.00,0.01,29.58,RETURN,saida_eixo,0,0
1788450597.19,743.10,-0.01,29.58,RETURN,saida_eixo,0,0
1788450597.29,743.19,0.00,29.58,RETURN,saida_eixo,0,0
1788450597.40,743.30,0.01,29.58,RETURN,saida_eixo,0,0
1788450597.49,743.39,-0.01,29.58,RETURN,saida_eixo,0,0
1788450597.60,743.50,-0.00,29.58,RETURN,saida_eixo,0,0
1788450597.70,743.60,-0.00,29.58,RETURN,saida_eixo,0,0
1788450597.80,743.70,0.00,29.58,RETURN,saida_eixo,0,0
1788450597.90,743.80,-0.01,29.58,RETURN,saida_eixo,0,0
1788450598.00,743.90,0.00,29.58,RETURN,saida_eixo,0,0
1788450598.10,743.99,0.01,29.58,RETURN,saida_eixo,0,0
1788450598.20,744.09,0.00,29.58,RETURN,saida_eixo,0,0
1788450598.30,744.19,0.00,29.58,RETURN,saida_eixo,0,0
1788450598.40,744.29,-0.00,29.58,RETURN,saida_eixo,0,0
1788450598.50,744.39,-0.00,29.58,RETURN,saida_eixo,0,0
1788450598.61,744.50,-0.00,29.58,RETURN,saida_eixo,0,0
1788450598.70,744.60,0.00,29.58,RETURN,saida_eixo,0,0
1788450598.81,744.70,-0.01,29.58,RETURN,saida_eixo,0,0
1788450598.91,744.79,0.01,29.58,RETURN,saida_eixo,0,0
1788450599.01,744.90,0.00,29.58,RETURN,saida_eixo,0,0
1788450599.11,744.99,-0.01,29.58,RETURN,saida_eixo,0,0
1788450599.21,745.10,0.00,29.58,RETURN,saida_eixo,0,0
1788450599.31,745.20,0.01,29.58,RETURN,saida_eixo,0,0
1788450599.41,745.30,0.00,29.58,RETURN,saida_eixo,0,0
1788450599.51,745.39,-0.01,29.58,RETURN,saida_eixo,0,0
1788450599.61,745.50,-0.00,29.58,RETURN,saida_eixo,0,0
1788450599.71,745.59,-0.00,29.58,RETURN,saida_eixo,0,0
1788450599.81,745.69,-0.01,29.58,RETURN,saida_eixo,0,0
1788450599.91,745.79,-0.01,29.58,RETURN,saida_eixo,0,0
1788450600.01,745.89,0.00,29.58,RETURN,saida_eixo,0,0
1788450600.12,746.00,-0.00,29.58,RETURN,saida_eixo,0,0
1788450600.22,746.10,-0.01,29.58,RETURN,saida_eixo,0,0
1788450600.32,746.19,0.01,29.58,RETURN,saida_eixo,0,0
1788450600.42,746.30,0.01,29.58,RETURN,saida_eixo,0,0
1788450600.52,746.39,-0.00,29.58,RETURN,saida_eixo,0,0
1788450600.62,746.50,-0.00,29.58,RETURN,saida_eixo,0,0
1788450600.72,746.59,-0.01,29.58,RETURN,saida_eixo,0,0
1788450600.82,746.70,-0.00,29.58,RETURN,saida_eixo,0,0
1788450600.92,746.79,-0.00,29.58,RETURN,saida_eixo,0,0
1788450601.03,746.90,-0.00,29.58,RETURN,saida_eixo,0,0
1788450601.13,746.99,-0.00,29.58,RETURN,saida_eixo,0,0
1788450601.23,747.10,-0.00,29.58,RETURN,saida_eixo,0,0
1788450601.33,747.19,0.00,29.58,RETURN,saida_eixo,0,0
1788450601.43,747.29,0.00,29.58,RETURN,saida_eixo,0,0
1788450601.53,747.39,-0.00,29.58,RETURN,saida_eixo,0,0
1788450601.63,747.50,0.00,29.58,RETURN,saida_eixo,0,0
1788450601.73,747.60,0.01,29.58,RETURN,saida_eixo,0,0
1788450601.83,747.70,-0.00,29.58,RETURN,saida_eixo,0,0
1788450601.93,747.80,-0.00,29.58,RETURN,saida_eixo,0,0
1788450602.03,747.89,0.00,29.58,RETURN,saida_eixo,0,0
1788450602.13,747.99,-0.01,29.58,RETURN,saida_eixo,0,0
1788450602.24,748.10,0.00,29.58,RETURN,saida_eixo,0,0
1788450602.33,748.20,-0.00,29.58,RETURN,saida_eixo,0,0
1788450602.43,748.29,0.00,29.58,RETURN,saida_eixo,0,0
1788450602.54,748.39,-0.00,29.58,RETURN,saida_eixo,0,0
1788450602.64,748.50,-0.01,29.58,RETURN,saida_eixo,0,0
1788450602.74,748.60,-0.00,29.58,RETURN,saida_eixo,0,0
1788450602.84,748.70,-0.00,29.58,RETURN,saida_eixo,0,0
1788450602.94,748.80,-0.01,29.58,RETURN,saida_eixo,0,0
1788450603.04,748.90,-0.00,29.58,RETURN,saida_eixo,0,0
1788450603.14,748.99,0.01,29.58,RETURN,saida_eixo,0,0
1788450603.24,749.10,0.00,29.58,RETURN,saida_eixo,0,0
1788450603.34,749.19,-0.01,29.58,RETURN,saida_eixo,0,0
1788450603.44,749.29,-0.01,29.58,RETURN,saida_eixo,0,0
1788450603.54,749.39,0.00,29.58,RETURN,saida_eixo,0,0
1788450603.64,749.50,0.01,29.58,RETURN,saida_eixo,0,0
1788450603.74,749.60,-0.01,29.58,RETURN,saida_eixo,0,0
1788450603.85,749.70,-0.00,29.58,RETURN,saida_eixo,0,0
1788450603.95,749.79,0.00,29.58,RETURN,saida_eixo,0,0
1788450604.05,749.90,-0.01,29.58,RETURN,saida_eixo,0,0
1788450604.15,749.99,-0.00,29.58,RETURN,saida_eixo,0,0
1788450604.25,750.10,-0.00,29.58,RETURN,saida_eixo,0,0
1788450604.35,750.20,0.00,29.58,RETURN,saida_eixo,0,0
1788450604.45,750.30,-0.00,29.58,RETURN,saida_eixo,0,0
1788450604.55,750.39,-0.00,29.58,RETURN,saida_eixo,0,0
1788450604.66,750.50,0.00,29.58,RETURN,saida_eixo,0,0
1788450604.75,750.60,0.01,29.58,RETURN,saida_eixo,0,0
1788450604.85,750.70,0.00,29.58,RETURN,saida_eixo,0,0
1788450604.96,750.79,0.00,29.58,RETURN,saida_eixo,0,0
1788450605.06,750.90,0.00,29.58,RETURN,saida_eixo,0,0
1788450605.16,750.99,0.00,29.58,RETURN,saida_eixo,0,0
1788450605.26,751.10,0.00,29.58,RETURN,saida_eixo,0,0
1788450605.36,751.20,-0.00,29.58,RETURN,saida_eixo,0,0
1788450605.46,751.29,-0.00,29.58,RETURN,saida_eixo,0,0
1788450605.56,751.39,0.00,29.58,RETURN,saida_eixo,0,0
1788450605.66,751.50,-0.01,29.58,RETURN,saida_eixo,0,0
1788450605.76,751.60,-0.00,29.58,RETURN,saida_eixo,0,0
1788450605.87,751.70,0.01,29.58,RETURN,saida_eixo,0,0
1788450605.97,751.80,0.01,29.58,RETURN,saida_eixo,0,0
1788450606.07,751.90,0.00,29.58,RETURN,saida_eixo,0,0
1788450606.17,752.00,-0.00,29.58,RETURN,saida_eixo,0,0
1788450606.27,752.09,-0.00,29.58,RETURN,saida_eixo,0,0
1788450606.37,752.20,0.00,29.58,RETURN,saida_eixo,0,0
1788450606.47,752.30,-0.00,29.58,RETURN,saida_eixo,0,0
1788450606.57,752.39,-0.00,29.58,RETURN,saida_eixo,0,0
1788450606.67,752.50,0.00,29.58,RETURN,saida_eixo,0,0
1788450606.77,752.59,-0.00,29.58,RETURN,saida_eixo,0,0
1788450606.87,752.70,-0.00,29.58,RETURN,saida_eixo,0,0
1788450606.97,752.79,-0.00,29.58,RETURN,saida_eixo,0,0
1788450607.07,752.89,-0.00,29.58,RETURN,saida_eixo,0,0
1788450607.17,752.99,-0.00,29.58,RETURN,saida_eixo,0,0
1788450607.28,753.10,0.01,29.58,RETURN,saida_eixo,0,0
1788450607.38,753.20,0.00,29.58,RETURN,saida_eixo,0,0
1788450607.48,753.29,-0.00,29.58,RETURN,saida_eixo,0,0
1788450607.58,753.39,-0.00,29.58,RETURN,saida_eixo,0,0
1788450607.68,753.50,0.00,29.58,RETURN,saida_eixo,0,0
1788450607.78,753.59,0.01,29.58,RETURN,saida_eixo,0,0
1788450607.88,753.69,-0.00,29.58,RETURN,saida_eixo,0,0
1788450607.98,753.79,-0.01,29.58,RETURN,saida_eixo,0,0
1788450608.08,753.89,0.00,29.58,RETURN,saida_eixo,0,0
1788450608.18,753.99,0.01,29.58,RETURN,saida_eixo,0,0
1788450608.28,754.10,0.01,29.58,RETURN,saida_eixo,0,0
1788450608.38,754.19,0.01,29.58,RETURN,saida_eixo,0,0
1788450608.48,754.29,0.00,29.58,RETURN,saida_eixo,0,0
1788450608.58,754.39,-0.00,29.58,RETURN,saida_eixo,0,0
1788450608.69,754.50,0.01,29.58,RETURN,saida_eixo,0,0
1788450608.79,754.60,0.00,29.58,RETURN,saida_eixo,0,0
1788450608.89,754.69,-0.01,29.58,RETURN,saida_eixo,0,0
1788450608.99,754.79,-0.00,29.58,RETURN,saida_eixo,0,0
1788450609.09,754.90,-0.00,29.58,RETURN,saida_eixo,0,0
1788450609.19,755.00,-0.00,29.58,RETURN,saida_eixo,0,0
1788450609.30,755.10,0.01,29.58,RETURN,saida_eixo,0,0
1788450609.39,755.19,-0.00,29.58,RETURN,saida_eixo,0,0
1788450609.49,755.29,-0.00,29.58,RETURN,saida_eixo,0,0
1788450609.59,755.39,0.00,29.58,RETURN,saida_eixo,0,0
1788450609.70,755.50,-0.01,29.58,RETURN,saida_eixo,0,0
1788450609.80,755.60,-0.00,29.58,RETURN,saida_eixo,0,0
1788450609.90,755.70,0.00,29.58,RETURN,saida_eixo,0,0
1788450610.00,755.79,0.00,29.58,RETURN,saida_eixo,0,0
1788450610.10,755.89,-0.01,29.58,RETURN,saida_eixo,0,0
1788450610.20,756.00,0.01,29.58,RETURN,saida_eixo,0,0
1788450610.30,756.10,-0.00,29.58,RETURN,saida_eixo,0,0
1788450610.40,756.19,0.00,29.58,RETURN,saida_eixo,0,0
1788450610.50,756.29,-0.01,29.58,RETURN,saida_eixo,0,0
1788450610.60,756.39,0.00,29.58,RETURN,saida_eixo,0,0
1788450610.70,756.50,0.01,29.58,RETURN,saida_eixo,0,0
1788450610.80,756.59,0.00,29.58,RETURN,saida_eixo,0,0
1788450610.91,756.70,-0.01,29.58,RETURN,saida_eixo,0,0
1788450611.00,756.79,0.00,29.58,RETURN,saida_eixo,0,0
1788450611.11,756.89,-0.00,29.58,RETURN,saida_eixo,0,0
1788450611.21,756.99,-0.00,29.58,RETURN,saida_eixo,0,0
1788450611.31,757.10,-0.01,29.58,RETURN,saida_eixo,0,0
1788450611.41,757.19,-0.00,29.58,RETURN,saida_eixo,0,0
1788450611.51,757.30,0.00,29.58,RETURN,saida_eixo,0,0
1788450611.61,757.40,0.00,29.58,RETURN,saida_eixo,0,0
1788450611.71,757.50,0.01,29.58,RETURN,saida_eixo,0,0
1788450611.81,757.60,-0.01,29.58,RETURN,saida_eixo,0,0
1788450611.91,757.70,0.01,29.58,RETURN,saida_eixo,0,0
1788450612.01,757.79,0.01,29.58,RETURN,saida_eixo,0,0
