wall,sim,lingueta_mm,lamina_deg,estado,fase,armvel_nz,armvel_n
1788449914.96,0.00,0.01,0.00,,,0,0
1788449915.22,69.59,0.01,0.00,,,0,0
1788449915.22,69.59,-0.01,0.00,,,0,0
1788449915.32,69.70,0.00,0.00,,,0,0
1788449915.42,69.79,0.01,0.00,,,0,0
1788449915.52,69.89,0.00,0.00,,,0,0
1788449915.62,70.00,0.00,0.00,,,0,0
1788449915.72,70.09,0.01,0.00,,,0,0
1788449915.82,70.19,0.00,0.00,,,0,0
1788449915.92,70.29,0.01,0.00,,,0,0
1788449916.02,70.39,0.00,0.00,,,0,0
1788449916.12,70.50,0.01,0.00,,,0,0
1788449916.22,70.59,0.01,0.00,,,0,0
1788449916.32,70.69,0.00,0.00,,,0,0
1788449916.42,70.79,0.00,0.00,,,0,0
1788449916.52,70.89,0.00,0.00,,,0,0
1788449916.63,71.00,0.00,0.00,,,0,0
1788449916.73,71.10,0.01,0.00,,,0,0
1788449916.83,71.19,0.01,0.00,,,0,0
1788449916.93,71.30,-0.00,0.00,,,0,0
1788449917.03,71.39,0.00,0.00,,,0,0
1788449917.13,71.50,0.00,0.00,,,0,0
1788449917.23,71.59,0.00,0.00,,,0,0
1788449917.33,71.70,0.01,0.00,,,0,0
1788449917.43,71.79,0.00,0.00,,,0,0
1788449917.53,71.89,0.01,0.00,,,0,0
1788449917.63,71.99,-0.00,0.00,,,0,0
1788449917.73,72.09,0.00,0.00,,,0,0
1788449917.84,72.19,-0.00,0.00,,,0,0
1788449917.94,72.29,0.01,0.00,,,0,0
1788449918.04,72.39,0.01,0.00,,,0,0
1788449918.14,72.50,0.00,0.00,,,0,0
1788449918.24,72.59,-0.00,0.00,,,0,0
1788449918.35,72.70,0.00,0.00,,,0,0
1788449918.44,72.80,0.01,0.00,,,0,0
1788449918.55,72.90,0.01,0.00,,,0,0
1788449918.65,73.00,0.00,0.00,,,0,0
1788449918.75,73.10,0.00,0.00,,,0,0
1788449918.85,73.19,-0.00,0.00,,,0,0
1788449918.95,73.30,-0.00,0.00,,,0,0
1788449919.05,73.40,0.01,0.00,,,0,0
1788449919.15,73.49,0.00,0.00,,,0,0
1788449919.25,73.59,-0.00,0.00,,,0,0
1788449919.36,73.69,0.00,0.00,,,0,0
1788449919.46,73.80,0.01,0.00,,,0,0
1788449919.56,73.90,-0.00,0.00,,,0,0
1788449919.66,73.99,0.00,0.00,,,0,0
1788449919.76,74.10,-0.00,0.00,,,0,0
1788449919.86,74.19,0.00,0.00,,,0,0
1788449919.96,74.30,0.01,0.00,,,0,0
1788449920.06,74.40,-0.00,0.00,,,0,0
1788449920.17,74.50,-0.00,0.00,,,0,0
1788449920.27,74.59,0.01,0.00,,,0,0
1788449920.37,74.70,-0.00,0.00,,,0,0
1788449920.47,74.79,0.00,0.00,,,0,0
1788449920.57,74.90,0.00,0.00,,,0,0
1788449920.67,74.99,0.01,0.00,,,0,0
1788449920.78,75.10,-0.00,0.00,,,0,0
1788449920.87,75.19,-0.00,0.00,,,0,0
1788449920.98,75.30,0.00,0.00,,,0,0
1788449921.07,75.39,-0.00,0.00,,,0,0
1788449921.17,75.49,0.01,0.00,,,0,0
1788449921.27,75.59,0.01,0.00,,,0,0
1788449921.38,75.69,0.00,0.00,,,0,0
1788449921.48,75.79,0.00,0.00,,,0,0
1788449921.58,75.90,-0.00,0.00,,,0,0
1788449921.68,75.99,0.00,0.00,,,0,0
1788449921.78,76.09,0.00,0.00,,,0,0
1788449921.88,76.19,0.01,0.00,,,0,0
1788449921.99,76.30,0.00,0.00,,,0,0
1788449922.09,76.39,0.00,0.00,,,0,0
1788449922.19,76.49,0.01,0.00,,,0,0
1788449922.29,76.59,0.01,0.00,,,0,0
1788449922.40,76.70,0.01,0.00,,,0,0
1788449922.51,76.79,0.00,0.00,,,0,0
1788449922.60,76.89,-0.00,0.00,,,0,0
1788449922.70,76.99,0.00,0.00,,,0,0
1788449922.80,77.09,0.00,0.00,,,0,0
1788449922.90,77.19,0.00,0.00,,,0,0
1788449923.01,77.30,0.01,0.00,STOW_INIT,,0,1
1788449923.12,77.40,-0.01,0.00,STOW_INIT,,0,0
1788449923.22,77.49,-0.00,0.00,STOW_INIT,,0,0
1788449923.32,77.59,-0.00,0.00,SEARCH,,0,0
1788449923.42,77.69,0.00,0.00,SEARCH,,0,0
1788449923.52,77.79,-0.00,0.00,SEARCH,,0,0
1788449923.63,77.90,0.01,0.00,SEARCH,,0,0
1788449923.72,77.99,0.01,0.00,SEARCH,,0,0
1788449923.82,78.09,0.00,0.00,SEARCH,,0,0
1788449923.92,78.19,0.00,0.00,SEARCH,,0,0
1788449924.03,78.30,0.01,0.00,SEARCH,,0,0
1788449924.13,78.39,0.01,0.00,SEARCH,,0,0
1788449924.23,78.49,-0.00,0.00,SEARCH,,0,0
1788449924.33,78.60,-0.00,0.00,SEARCH,,0,0
1788449924.43,78.69,-0.00,0.00,SEARCH,,0,0
1788449924.53,78.79,-0.00,0.00,SEARCH,,0,0
1788449924.63,78.90,-0.00,0.00,SEARCH,,0,0
1788449924.73,78.99,0.01,0.00,SEARCH,,0,0
1788449924.83,79.10,0.01,0.00,SEARCH,,0,0
1788449924.93,79.19,0.00,0.00,SEARCH,,0,0
1788449925.03,79.29,-0.00,0.00,SEARCH,,0,0
1788449925.14,79.39,0.00,0.00,SEARCH,,0,0
1788449925.24,79.49,-0.00,0.00,SEARCH,,0,0
1788449925.34,79.59,0.01,0.00,SEARCH,,0,0
1788449925.44,79.69,-0.00,0.00,SEARCH,,0,0
1788449925.54,79.80,0.01,0.00,SEARCH,,0,0
1788449925.65,79.89,0.01,0.00,SEARCH,,0,0
1788449925.75,79.99,-0.00,0.00,SEARCH,,0,0
1788449925.85,80.10,0.00,0.00,SEARCH,,0,0
1788449925.95,80.20,0.01,0.00,SEARCH,,0,0
1788449926.05,80.30,0.00,0.00,SEARCH,,0,0
1788449926.15,80.39,0.00,0.00,SEARCH,,0,0
1788449926.26,80.50,0.00,0.00,SEARCH,,0,0
1788449926.35,80.59,0.00,0.00,SEARCH,,0,0
1788449926.45,80.69,0.00,0.00,SEARCH,,0,0
1788449926.56,80.80,0.00,0.00,SEARCH,,0,0
1788449926.66,80.89,-0.00,0.00,SEARCH,,0,0
1788449926.76,81.00,0.01,0.00,SEARCH,,0,0
1788449926.87,81.10,0.01,0.00,SEARCH,,0,0
1788449926.97,81.20,0.00,0.00,SEARCH,,0,0
1788449927.07,81.30,0.00,0.00,SEARCH,,0,0
1788449927.17,81.39,-0.00,0.00,SEARCH,,0,0
1788449927.27,81.50,0.01,0.00,SEARCH,,0,0
1788449927.37,81.59,0.01,0.00,SEARCH,,0,0
1788449927.48,81.70,0.00,0.00,SEARCH,,0,0
1788449927.57,81.79,0.00,0.00,SEARCH,,0,0
1788449927.68,81.89,0.00,0.00,SEARCH,,0,0
1788449927.78,82.00,0.00,0.00,SEARCH,,0,0
1788449927.88,82.09,-0.00,0.00,SEARCH,,0,0
1788449927.98,82.19,0.01,0.00,SEARCH,,0,0
1788449928.08,82.29,0.00,0.00,SEARCH,,0,0
1788449928.19,82.39,-0.00,0.00,SEARCH,,0,0
1788449928.29,82.50,0.00,0.00,SEARCH,,0,0
1788449928.39,82.60,0.01,0.00,SEARCH,,0,0
1788449928.49,82.69,-0.00,0.00,SEARCH,,0,0
1788449928.59,82.79,0.01,0.00,SEARCH,,0,0
1788449928.69,82.89,0.00,0.00,SEARCH,,0,0
1788449928.79,83.00,-0.00,0.00,SEARCH,,0,0
1788449928.90,83.09,0.00,0.00,SEARCH,,0,0
1788449929.00,83.19,0.00,0.00,SEARCH,,0,0
1788449929.10,83.30,0.00,0.00,SEARCH,,0,0
1788449929.20,83.39,-0.00,0.00,SEARCH,,0,0
1788449929.30,83.50,0.01,0.00,SEARCH,,0,0
1788449929.40,83.59,-0.00,0.00,SEARCH,,0,0
1788449929.51,83.70,-0.01,0.00,SEARCH,,0,0
1788449929.60,83.80,0.00,0.00,SEARCH,,0,0
1788449929.71,83.90,0.01,0.00,SEARCH,,0,0
1788449929.81,84.00,0.00,0.00,SEARCH,,0,0
1788449929.91,84.10,0.01,0.00,SEARCH,,0,0
1788449930.01,84.19,0.00,0.00,SEARCH,,0,0
1788449930.11,84.30,-0.00,0.00,SEARCH,,0,0
1788449930.21,84.39,0.00,0.00,SEARCH,,0,0
1788449930.32,84.50,-0.00,0.00,SEARCH,,0,0
1788449930.41,84.59,0.01,0.00,SEARCH,,0,0
1788449930.52,84.70,0.01,0.00,SEARCH,,0,0
1788449930.62,84.80,0.00,0.00,SEARCH,,0,0
1788449930.72,84.89,-0.00,0.00,SEARCH,,0,0
1788449930.82,84.99,0.00,0.00,SEARCH,,0,0
1788449930.93,85.10,0.00,0.00,SEARCH,,0,0
1788449931.03,85.20,-0.00,0.00,SEARCH,,0,0
1788449931.12,85.29,-0.00,0.00,SEARCH,,0,0
1788449931.22,85.39,0.01,0.00,SEARCH,,0,0
1788449931.33,85.50,-0.00,0.00,SEARCH,,0,0
1788449931.43,85.60,0.00,0.00,SEARCH,,0,0
1788449931.52,85.69,0.00,0.00,SEARCH,,0,0
1788449931.63,85.79,0.01,0.00,SEARCH,,0,0
1788449931.73,85.89,0.00,0.00,SEARCH,,0,0
1788449931.83,85.99,0.01,0.00,SEARCH,,0,0
1788449931.93,86.09,0.00,0.00,SEARCH,,0,0
1788449932.03,86.19,0.01,0.00,SEARCH,,0,0
1788449932.13,86.30,0.01,0.00,SEARCH,,0,0
1788449932.23,86.39,-0.00,0.00,SEARCH,,0,0
1788449932.33,86.50,-0.00,0.00,SEARCH,,0,0
1788449932.43,86.59,0.01,0.00,SEARCH,,0,0
1788449932.53,86.69,0.01,0.00,SEARCH,,0,0
1788449932.63,86.79,0.00,0.00,SEARCH,,0,0
1788449932.74,86.90,0.01,0.00,SEARCH,,0,0
1788449932.84,87.00,0.00,0.00,SEARCH,,0,0
1788449932.94,87.10,0.01,0.00,SEARCH,,0,0
1788449933.03,87.19,0.01,0.00,SEARCH,,0,0
1788449933.14,87.30,-0.00,0.00,SEARCH,,0,0
1788449933.24,87.39,-0.00,0.00,SEARCH,,0,0
1788449933.34,87.50,0.01,0.00,SEARCH,,0,0
1788449933.44,87.59,0.00,0.00,SEARCH,,0,0
1788449933.54,87.70,0.00,0.00,SEARCH,,0,0
1788449933.64,87.80,-0.00,0.00,SEARCH,,0,0
1788449933.74,87.90,0.00,0.00,SEARCH,,0,0
1788449933.84,87.99,-0.01,0.00,SEARCH,,0,0
1788449933.94,88.09,-0.00,0.00,SEARCH,,0,0
1788449934.04,88.19,0.01,0.00,SEARCH,,0,0
1788449934.15,88.30,-0.00,0.00,SEARCH,,0,0
1788449934.25,88.39,0.00,0.00,SEARCH,,0,0
1788449934.35,88.50,0.00,0.00,SEARCH,,0,0
1788449934.45,88.60,0.00,0.00,SEARCH,,0,0
1788449934.55,88.70,0.00,0.00,SEARCH,,0,0
1788449934.65,88.79,0.00,0.00,SEARCH,,0,0
1788449934.75,88.89,-0.00,0.00,SEARCH,,0,0
1788449934.85,88.99,-0.00,0.00,SEARCH,,0,0
1788449934.96,89.10,0.00,0.00,SEARCH,,0,0
1788449935.05,89.19,0.01,0.00,SEARCH,,0,0
1788449935.16,89.30,-0.00,0.00,SEARCH,,0,0
1788449935.26,89.40,0.01,0.00,SEARCH,,0,0
1788449935.36,89.49,0.01,0.00,SEARCH,,0,0
1788449935.46,89.59,-0.00,0.00,SEARCH,,0,0
1788449935.56,89.70,-0.00,0.00,SEARCH,,0,0
1788449935.66,89.79,0.01,0.00,SEARCH,,0,0
1788449935.76,89.90,-0.00,0.00,SEARCH,,0,0
1788449935.86,90.00,-0.00,0.00,SEARCH,,0,0
1788449935.97,90.10,-0.00,0.00,SEARCH,,0,0
1788449936.06,90.19,0.00,0.00,SEARCH,,0,0
1788449936.17,90.30,0.01,0.00,SEARCH,,0,0
1788449936.27,90.39,-0.00,0.00,SEARCH,,0,0
1788449936.37,90.50,0.00,0.00,SEARCH,,0,0
1788449936.47,90.59,0.01,0.00,SEARCH,,0,0
1788449936.57,90.70,0.01,0.00,SEARCH,,0,0
1788449936.67,90.79,0.00,0.00,SEARCH,,0,0
1788449936.77,90.90,0.00,0.00,SEARCH,,0,0
1788449936.87,91.00,0.00,0.00,SEARCH,,0,0
1788449936.97,91.10,-0.00,0.00,SEARCH,,0,0
1788449937.07,91.19,-0.00,0.00,SEARCH,,0,0
1788449937.17,91.29,0.01,0.00,SEARCH,,0,0
1788449937.27,91.39,-0.00,0.00,SEARCH,,0,0
1788449937.38,91.50,-0.00,0.00,SEARCH,,0,0
1788449937.47,91.59,0.01,0.00,SEARCH,,0,0
1788449937.57,91.69,0.01,0.00,SEARCH,,0,0
1788449937.67,91.80,0.00,0.00,SEARCH,,0,0
1788449937.78,91.90,0.01,0.00,SEARCH,,0,0
1788449937.88,92.00,0.00,0.00,SEARCH,,0,0
1788449937.98,92.10,0.01,0.00,SEARCH,,0,0
1788449938.07,92.19,0.00,0.00,SEARCH,,0,0
1788449938.18,92.30,0.00,0.00,SEARCH,,0,0
1788449938.28,92.40,-0.00,0.00,SEARCH,,0,0
1788449938.38,92.50,-0.00,0.00,SEARCH,,0,0
1788449938.48,92.59,0.00,0.00,SEARCH,,0,0
1788449938.58,92.69,0.01,0.00,SEARCH,,0,0
1788449938.68,92.79,0.00,0.00,SEARCH,,0,0
1788449938.79,92.90,0.00,0.00,SEARCH,,0,0
1788449938.88,92.99,0.01,0.00,SEARCH,,0,0
1788449938.99,93.10,0.01,0.00,SEARCH,,0,0
1788449939.09,93.19,0.00,0.00,SEARCH,,0,0
1788449939.19,93.30,-0.00,0.00,SEARCH,,0,0
1788449939.29,93.39,-0.00,0.00,SEARCH,,0,0
1788449939.39,93.49,-0.00,0.00,SEARCH,,0,0
1788449939.49,93.59,-0.00,0.00,SEARCH,,0,0
1788449939.60,93.69,0.00,0.00,SEARCH,,0,0
1788449939.70,93.80,-0.00,0.00,SEARCH,,0,0
1788449939.80,93.90,-0.00,0.00,SEARCH,,0,0
1788449939.90,93.99,0.00,0.00,SEARCH,,0,0
1788449940.00,94.10,-0.00,0.00,SEARCH,,0,0
1788449940.10,94.20,0.00,0.00,SEARCH,,0,0
1788449940.20,94.29,-0.00,0.00,SEARCH,,0,0
1788449940.31,94.40,-0.00,0.00,SEARCH,,0,0
1788449940.41,94.50,0.00,0.00,SEARCH,,0,0
1788449940.51,94.60,-0.00,0.00,SEARCH,,0,0
1788449940.61,94.69,0.01,0.00,SEARCH,,0,0
1788449940.71,94.80,0.00,0.00,SEARCH,,0,0
1788449940.81,94.90,0.01,0.00,SEARCH,,0,0
1788449940.91,95.00,0.01,0.00,SEARCH,,0,0
1788449941.02,95.10,-0.00,0.00,SEARCH,,0,0
1788449941.11,95.19,0.00,0.00,SEARCH,,0,0
1788449941.22,95.30,0.00,0.00,SEARCH,,0,0
1788449941.32,95.39,0.00,0.00,SEARCH,,0,0
1788449941.42,95.50,-0.00,0.00,SEARCH,,0,0
1788449941.52,95.59,0.01,0.00,SEARCH,,0,0
1788449941.62,95.69,-0.01,0.00,SEARCH,,0,0
1788449941.72,95.79,-0.00,0.00,SEARCH,,0,0
1788449941.82,95.90,0.00,0.00,SEARCH,,0,0
1788449941.92,95.99,0.00,0.00,SEARCH,,0,0
1788449942.02,96.10,0.01,0.00,SEARCH,,0,0
1788449942.12,96.19,0.01,0.00,SEARCH,,0,0
1788449942.23,96.30,0.01,0.00,SEARCH,,0,0
1788449942.33,96.40,0.01,0.00,SEARCH,,0,0
1788449942.43,96.50,0.00,0.00,SEARCH,,0,0
1788449942.53,96.59,0.00,0.00,SEARCH,,0,0
1788449942.63,96.69,-0.00,0.00,SEARCH,,0,0
1788449942.73,96.79,0.00,0.00,SEARCH,,0,0
1788449942.83,96.90,-0.00,0.00,SEARCH,,0,0
1788449942.93,96.99,0.00,0.00,SEARCH,,0,0
1788449943.03,97.09,0.01,0.00,SEARCH,,0,0
1788449943.13,97.20,0.01,0.00,SEARCH,,0,0
1788449943.23,97.30,0.00,0.00,SEARCH,,0,0
1788449943.33,97.39,0.00,0.00,SEARCH,,0,0
1788449943.43,97.49,0.00,0.00,SEARCH,,0,0
1788449943.53,97.59,0.01,0.00,SEARCH,,0,0
1788449943.63,97.69,0.01,0.00,SEARCH,,0,0
1788449943.73,97.80,0.00,0.00,SEARCH,,0,0
1788449943.84,97.90,0.01,0.00,SEARCH,,0,0
1788449943.94,98.00,0.00,0.00,SEARCH,,0,0
1788449944.04,98.10,-0.00,0.00,SEARCH,,0,0
1788449944.14,98.19,0.00,0.00,SEARCH,,0,0
1788449944.24,98.30,0.01,0.00,SEARCH,,0,0
1788449944.34,98.39,-0.00,0.00,SEARCH,,0,0
1788449944.44,98.49,0.00,0.00,SEARCH,,0,0
1788449944.54,98.59,0.01,0.00,SEARCH,,0,0
1788449944.64,98.69,-0.00,0.00,SEARCH,,0,0
1788449944.74,98.80,0.01,0.00,SEARCH,,0,0
1788449944.85,98.90,-0.00,0.00,SEARCH,,0,0
1788449944.94,98.99,-0.00,0.00,SEARCH,,0,0
1788449945.05,99.10,0.00,0.00,SEARCH,,0,0
1788449945.15,99.19,0.01,0.00,SEARCH,,0,0
1788449945.25,99.30,0.00,0.00,SEARCH,,0,0
1788449945.35,99.39,0.00,0.00,SEARCH,,0,0
1788449945.45,99.49,0.01,0.00,SEARCH,,0,0
1788449945.56,99.60,0.01,0.00,SEARCH,,0,0
1788449945.66,99.70,0.00,0.00,SEARCH,,0,0
1788449945.76,99.79,0.00,0.00,SEARCH,,0,0
1788449945.86,99.90,0.00,0.00,SEARCH,,0,0
1788449945.96,100.00,-0.00,0.00,SEARCH,,0,0
1788449946.06,100.10,0.00,0.00,SEARCH,,0,0
1788449946.16,100.19,0.00,0.00,SEARCH,,0,0
1788449946.27,100.30,0.00,0.00,SEARCH,,0,0
1788449946.37,100.39,0.00,0.00,SEARCH,,0,0
1788449946.47,100.49,0.01,0.00,SEARCH,,0,0
1788449946.57,100.59,0.01,0.00,SEARCH,,0,0
1788449946.67,100.70,-0.01,0.00,SEARCH,,0,0
1788449946.77,100.79,0.00,0.00,SEARCH,,0,0
1788449946.87,100.90,-0.00,0.00,SEARCH,,0,0
1788449946.97,100.99,0.01,0.00,SEARCH,,0,0
1788449947.07,101.09,0.01,0.00,SEARCH,,0,0
1788449947.17,101.19,0.00,0.00,SEARCH,,0,0
1788449947.28,101.30,0.00,0.00,SEARCH,,0,0
1788449947.37,101.39,0.00,0.00,SEARCH,,0,0
1788449947.48,101.50,0.00,0.00,SEARCH,,0,0
1788449947.58,101.59,-0.00,0.00,SEARCH,,0,0
1788449947.68,101.69,0.01,0.00,SEARCH,,0,0
1788449947.78,101.80,0.01,0.00,SEARCH,,0,0
1788449947.88,101.89,0.00,0.00,SEARCH,,0,0
1788449947.98,101.99,0.00,0.00,SEARCH,,0,0
1788449948.08,102.09,0.00,0.00,SEARCH,,0,0
1788449948.18,102.19,0.01,0.00,SEARCH,,0,0
1788449948.28,102.30,0.00,0.00,SEARCH,,0,0
1788449948.38,102.39,0.00,0.00,APPROACH,,0,0
1788449948.48,102.49,0.00,0.00,APPROACH,,0,0
1788449948.58,102.59,0.01,0.00,APPROACH,,0,0
1788449948.68,102.69,0.00,0.00,APPROACH,,0,0
1788449948.78,102.79,0.00,0.00,APPROACH,,0,0
1788449948.89,102.90,-0.00,0.00,APPROACH,,0,0
1788449948.98,102.99,0.01,0.00,APPROACH,,0,0
1788449949.08,103.09,-0.00,0.00,APPROACH,,0,0
1788449949.19,103.19,0.00,0.00,APPROACH,,0,0
1788449949.29,103.30,-0.00,0.00,APPROACH,,0,0
1788449949.39,103.40,0.01,0.00,APPROACH,,0,0
1788449949.49,103.50,0.01,0.00,APPROACH,,0,0
1788449949.59,103.59,-0.00,0.00,APPROACH,,0,0
1788449949.69,103.70,0.00,0.00,APPROACH,,0,0
1788449949.79,103.80,0.01,0.00,APPROACH,,0,0
1788449949.89,103.90,0.01,0.00,APPROACH,,0,0
1788449949.99,104.00,-0.00,0.00,APPROACH,,0,0
1788449950.09,104.10,-0.00,0.00,APPROACH,,0,0
1788449950.19,104.19,0.00,0.00,APPROACH,,0,0
1788449950.29,104.29,-0.00,0.00,APPROACH,,0,0
1788449950.39,104.40,-0.00,0.00,APPROACH,,0,0
1788449950.49,104.49,-0.00,0.00,APPROACH,,0,0
1788449950.59,104.59,0.00,0.00,APPROACH,,0,0
1788449950.70,104.70,-0.00,0.00,APPROACH,,0,0
1788449950.80,104.80,0.00,0.00,APPROACH,,0,0
1788449950.90,104.90,0.00,0.00,APPROACH,,0,0
1788449951.00,105.00,-0.00,0.00,APPROACH,,0,0
1788449951.10,105.10,0.01,0.00,APPROACH,,0,0
1788449951.20,105.19,0.01,0.00,APPROACH,,0,0
1788449951.30,105.29,0.00,0.00,APPROACH,,0,0
1788449951.40,105.40,0.01,0.00,APPROACH,,0,0
1788449951.50,105.50,0.00,0.00,APPROACH,,0,0
1788449951.60,105.59,-0.00,0.00,APPROACH,,0,0
1788449951.70,105.69,0.01,0.00,APPROACH,,0,0
1788449951.80,105.79,0.00,0.00,APPROACH,,0,0
1788449951.90,105.89,-0.00,0.00,APPROACH,,0,0
1788449952.00,106.00,-0.00,0.00,APPROACH,,0,0
1788449952.11,106.10,0.00,0.00,APPROACH,,0,0
1788449952.21,106.19,0.00,0.00,APPROACH,,0,0
1788449952.31,106.30,0.00,0.00,APPROACH,,0,0
1788449952.41,106.39,0.00,0.00,APPROACH,,0,0
1788449952.51,106.50,0.01,0.00,APPROACH,,0,0
1788449952.61,106.59,0.00,0.00,APPROACH,,0,0
1788449952.72,106.70,0.00,0.00,APPROACH,,0,0
1788449952.82,106.80,0.00,0.00,APPROACH,,0,0
1788449952.92,106.90,-0.00,0.00,APPROACH,,0,0
1788449953.02,107.00,-0.00,0.00,APPROACH,,0,0
1788449953.12,107.09,0.00,0.00,APPROACH,,0,0
1788449953.22,107.19,0.00,0.00,APPROACH,,0,0
1788449953.32,107.30,-0.00,0.00,APPROACH,,0,0
1788449953.42,107.39,0.01,0.00,APPROACH,,0,0
1788449953.53,107.50,-0.00,0.00,APPROACH,,0,0
1788449953.62,107.59,0.00,0.00,APPROACH,,0,0
1788449953.73,107.69,0.01,0.00,APPROACH,,0,0
1788449953.82,107.80,0.00,0.00,APPROACH,,0,0
1788449953.93,107.89,0.01,0.00,APPROACH,,0,0
1788449954.03,107.99,0.00,0.00,APPROACH,,0,0
1788449954.13,108.10,0.01,0.00,APPROACH,,0,0
1788449954.23,108.20,0.01,0.00,APPROACH,,0,0
1788449954.33,108.30,0.01,0.00,APPROACH,,0,0
1788449954.43,108.39,0.01,0.00,APPROACH,,0,0
1788449954.53,108.49,-0.00,0.00,APPROACH,,0,0
1788449954.64,108.59,0.00,0.00,APPROACH,,0,0
1788449954.74,108.69,-0.00,0.00,APPROACH,,0,0
1788449954.84,108.79,-0.00,0.00,APPROACH,,0,0
1788449954.94,108.89,0.01,0.00,APPROACH,,0,0
1788449955.04,109.00,0.01,0.00,APPROACH,,0,0
1788449955.15,109.10,0.01,0.00,APPROACH,,0,0
1788449955.24,109.19,0.00,0.00,APPROACH,,0,0
1788449955.35,109.30,0.00,0.00,APPROACH,,0,0
1788449955.45,109.39,0.01,0.00,APPROACH,,0,0
1788449955.55,109.50,0.01,0.00,APPROACH,,0,0
1788449955.65,109.60,0.01,0.00,APPROACH,,0,0
1788449955.75,109.69,-0.00,0.00,APPROACH,,0,0
1788449955.86,109.80,0.00,0.00,APPROACH,,0,0
1788449955.96,109.90,0.00,0.00,APPROACH,,0,0
1788449956.06,110.00,0.01,0.00,APPROACH,,0,0
1788449956.16,110.10,0.00,0.00,APPROACH,,0,0
1788449956.26,110.19,0.00,0.00,APPROACH,,0,0
1788449956.36,110.30,0.00,0.00,APPROACH,,0,0
1788449956.46,110.39,-0.00,0.00,APPROACH,,0,0
1788449956.56,110.50,0.00,0.00,APPROACH,,0,0
1788449956.66,110.59,-0.00,0.00,APPROACH,,0,0
1788449956.77,110.70,0.01,0.00,APPROACH,,0,0
1788449956.87,110.80,-0.00,0.00,APPROACH,,0,0
1788449956.97,110.89,0.01,0.00,APPROACH,,0,0
1788449957.07,110.99,0.01,0.00,APPROACH,,0,0
1788449957.17,111.09,0.00,0.00,APPROACH,,0,0
1788449957.27,111.19,-0.00,0.00,APPROACH,,0,0
1788449957.37,111.30,0.01,0.00,APPROACH,,0,0
1788449957.47,111.39,-0.00,0.00,APPROACH,,0,0
1788449957.58,111.50,0.01,0.00,APPROACH,,0,0
1788449957.68,111.59,0.00,0.00,APPROACH,,0,0
1788449957.78,111.70,0.01,0.00,APPROACH,,0,0
1788449957.88,111.79,0.00,0.00,APPROACH,,0,0
1788449957.98,111.90,0.00,0.00,APPROACH,,0,0
1788449958.08,111.99,-0.00,0.00,APPROACH,,0,0
1788449958.18,112.10,0.00,0.00,APPROACH,,0,0
1788449958.28,112.20,0.01,0.00,APPROACH,,0,0
1788449958.38,112.30,0.01,0.00,APPROACH,,0,0
1788449958.48,112.39,0.00,0.00,APPROACH,,0,0
1788449958.59,112.50,0.00,0.00,APPROACH,,0,0
1788449958.69,112.59,0.00,0.00,APPROACH,,0,0
1788449958.79,112.70,0.01,0.00,APPROACH,,0,0
1788449958.89,112.79,-0.00,0.00,APPROACH,,0,0
1788449958.99,112.90,0.00,0.00,APPROACH,,0,0
1788449959.09,113.00,0.00,0.00,APPROACH,,0,0
1788449959.19,113.09,-0.00,0.00,APPROACH,,0,0
1788449959.29,113.19,0.00,0.00,APPROACH,,0,0
1788449959.39,113.29,0.01,0.00,APPROACH,,0,0
1788449959.50,113.39,0.01,0.00,APPROACH,,0,0
1788449959.60,113.50,-0.00,0.00,APPROACH,,0,0
1788449959.70,113.59,0.00,0.00,APPROACH,,0,0
1788449959.80,113.70,0.01,0.00,APPROACH,,0,0
1788449959.90,113.79,0.01,0.00,APPROACH,,0,0
1788449960.00,113.90,0.00,0.00,APPROACH,,0,0
1788449960.10,114.00,0.00,0.00,APPROACH,,0,0
1788449960.21,114.10,0.00,0.00,APPROACH,,0,0
1788449960.31,114.19,0.00,0.00,APPROACH,,0,0
1788449960.41,114.30,0.01,0.00,APPROACH,,0,0
1788449960.51,114.39,-0.00,0.00,APPROACH,,0,0
1788449960.61,114.49,0.01,0.00,APPROACH,,0,0
1788449960.71,114.59,0.01,0.00,APPROACH,,0,0
1788449960.81,114.69,-0.00,0.00,APPROACH,,0,0
1788449960.91,114.79,-0.00,0.00,APPROACH,,0,0
1788449961.02,114.90,0.00,0.00,APPROACH,,0,0
1788449961.12,115.00,0.01,0.00,APPROACH,,0,0
1788449961.22,115.10,0.00,0.00,APPROACH,,0,0
1788449961.32,115.19,0.00,0.00,APPROACH,,0,0
1788449961.42,115.30,0.01,0.00,APPROACH,,0,0
1788449961.52,115.39,0.00,0.00,APPROACH,,0,0
1788449961.63,115.50,0.00,0.00,APPROACH,,0,0
1788449961.73,115.59,0.01,0.00,APPROACH,,0,0
1788449961.83,115.70,0.00,0.00,APPROACH,,0,0
1788449961.93,115.80,0.01,0.00,APPROACH,,0,0
1788449962.04,115.90,0.00,0.00,APPROACH,,0,0
1788449962.13,115.99,-0.01,0.00,APPROACH,,0,0
1788449962.24,116.09,0.00,0.00,APPROACH,,0,0
1788449962.34,116.19,-0.00,0.00,APPROACH,,0,0
1788449962.44,116.30,-0.00,0.00,APPROACH,,0,0
1788449962.54,116.39,-0.00,0.00,APPROACH,,0,0
1788449962.64,116.50,0.01,0.00,APPROACH,,0,0
1788449962.74,116.59,-0.00,0.00,APPROACH,,0,0
1788449962.84,116.69,-0.00,0.00,APPROACH,,0,0
1788449962.94,116.79,0.01,0.00,APPROACH,,0,0
1788449963.04,116.90,-0.00,0.00,APPROACH,,0,0
1788449963.14,116.99,0.00,0.00,APPROACH,,0,0
1788449963.24,117.10,0.01,0.00,APPROACH,,0,0
1788449963.34,117.19,0.00,0.00,APPROACH,,0,0
1788449963.44,117.29,0.01,0.00,APPROACH,,0,0
1788449963.54,117.39,0.01,0.00,APPROACH,,0,0
1788449963.64,117.49,-0.00,0.00,APPROACH,,0,0
1788449963.74,117.59,-0.00,0.00,APPROACH,,0,0
1788449963.85,117.69,0.00,0.00,APPROACH,,0,0
1788449963.95,117.80,0.00,0.00,APPROACH,,0,0
1788449964.05,117.90,0.00,0.00,APPROACH,,0,0
1788449964.14,117.99,0.00,0.00,APPROACH,,0,0
1788449964.25,118.10,0.00,0.00,APPROACH,,0,0
1788449964.35,118.19,0.01,0.00,APPROACH,,0,0
1788449964.45,118.30,0.00,0.00,APPROACH,,0,0
1788449964.55,118.40,0.00,0.00,APPROACH,,0,0
1788449964.65,118.50,0.01,0.00,APPROACH,,0,0
1788449964.75,118.59,0.01,0.00,APPROACH,,0,0
1788449964.85,118.70,0.00,0.00,APPROACH,,0,0
1788449964.95,118.79,0.00,0.00,APPROACH,,0,0
1788449965.05,118.89,-0.00,0.00,APPROACH,,0,0
1788449965.15,118.99,0.00,0.00,APPROACH,,0,0
1788449965.25,119.09,-0.01,0.00,APPROACH,,0,0
1788449965.36,119.19,-0.00,0.00,APPROACH,,0,0
1788449965.46,119.30,0.00,0.00,APPROACH,,0,0
1788449965.56,119.39,-0.00,0.00,APPROACH,,0,0
1788449965.66,119.49,0.01,0.00,APPROACH,,0,0
1788449965.76,119.59,0.00,0.00,APPROACH,,0,0
1788449965.86,119.70,0.00,0.00,APPROACH,,0,0
1788449965.96,119.80,-0.00,0.00,APPROACH,,0,0
1788449966.06,119.89,0.00,0.00,APPROACH,,0,0
1788449966.16,120.00,0.00,0.00,APPROACH,,0,0
1788449966.27,120.10,-0.01,0.00,APPROACH,,0,0
1788449966.36,120.19,0.00,0.00,APPROACH,,0,0
1788449966.46,120.30,0.01,0.00,APPROACH,,0,0
1788449966.57,120.40,-0.00,0.00,APPROACH,,0,0
1788449966.67,120.50,0.01,0.00,APPROACH,,0,0
1788449966.77,120.60,0.01,0.00,APPROACH,,0,0
1788449966.87,120.69,-0.00,0.00,APPROACH,,0,0
1788449966.97,120.80,-0.00,0.00,APPROACH,,0,0
1788449967.08,120.90,0.01,0.00,APPROACH,,0,0
1788449967.17,121.00,-0.00,0.00,APPROACH,,0,0
1788449967.28,121.10,0.01,0.00,APPROACH,,0,0
1788449967.37,121.19,-0.00,0.00,APPROACH,,0,0
1788449967.48,121.30,0.00,0.00,APPROACH,,0,0
1788449967.58,121.39,0.00,0.00,APPROACH,,0,0
1788449967.68,121.50,-0.00,0.00,APPROACH,,0,0
1788449967.78,121.59,-0.00,0.00,APPROACH,,0,0
1788449967.88,121.69,0.01,0.00,APPROACH,,0,0
1788449967.98,121.79,0.01,0.00,APPROACH,,0,0
1788449968.08,121.89,0.00,0.00,APPROACH,,0,0
1788449968.18,122.00,0.00,0.00,APPROACH,,0,0
1788449968.29,122.10,0.01,0.00,APPROACH,,0,0
1788449968.39,122.20,-0.00,0.00,APPROACH,,0,0
1788449968.49,122.30,0.00,0.00,APPROACH,,0,0
1788449968.59,122.39,-0.00,0.00,APPROACH,,0,0
1788449968.69,122.50,-0.00,0.00,APPROACH,,0,0
1788449968.79,122.59,0.00,0.00,APPROACH,,0,0
1788449968.89,122.69,0.01,0.00,APPROACH,,0,0
1788449968.99,122.80,0.01,0.00,APPROACH,,0,0
1788449969.10,122.90,0.00,0.00,APPROACH,,0,0
1788449969.20,123.00,0.00,0.00,APPROACH,,0,0
1788449969.30,123.10,0.01,0.00,APPROACH,,0,0
1788449969.40,123.19,0.00,0.00,APPROACH,,0,0
1788449969.50,123.30,0.00,0.00,APPROACH,,0,0
1788449969.60,123.40,0.00,0.00,APPROACH,,0,0
1788449969.70,123.50,0.01,0.00,APPROACH,,0,0
1788449969.80,123.59,-0.00,0.00,APPROACH,,0,0
1788449969.91,123.69,0.00,0.00,APPROACH,,0,0
1788449970.01,123.80,0.01,0.00,APPROACH,,0,0
1788449970.11,123.90,-0.00,0.00,APPROACH,,0,0
1788449970.21,123.99,0.00,0.00,APPROACH,,0,0
1788449970.31,124.10,0.00,0.00,APPROACH,,0,0
1788449970.41,124.19,0.01,0.00,APPROACH,,0,0
1788449970.51,124.29,-0.00,0.00,APPROACH,,0,0
1788449970.61,124.39,-0.00,0.00,APPROACH,,0,0
1788449970.72,124.50,0.00,0.00,APPROACH,,0,0
1788449970.81,124.59,-0.00,0.00,APPROACH,,0,0
1788449970.91,124.69,-0.00,0.00,APPROACH,,0,0
1788449971.01,124.80,-0.00,0.00,APPROACH,,0,0
1788449971.12,124.90,0.00,0.00,APPROACH,,0,0
1788449971.22,125.00,0.00,0.00,APPROACH,,0,0
1788449971.31,125.09,0.01,0.00,APPROACH,,0,0
1788449971.42,125.19,-0.00,0.00,APPROACH,,0,0
1788449971.52,125.30,0.00,0.00,APPROACH,,0,0
1788449971.62,125.39,0.00,0.00,APPROACH,,0,0
1788449971.72,125.49,0.00,0.00,APPROACH,,0,0
1788449971.82,125.59,-0.00,0.00,APPROACH,,0,0
1788449971.92,125.70,0.00,0.00,APPROACH,,0,0
1788449972.02,125.80,0.00,0.00,APPROACH,,0,0
1788449972.13,125.90,0.00,0.00,APPROACH,,0,0
1788449972.23,126.00,0.01,0.00,APPROACH,,0,0
1788449972.33,126.10,-0.00,0.00,APPROACH,,0,0
1788449972.43,126.19,0.01,0.00,APPROACH,,0,0
1788449972.53,126.30,-0.00,0.00,APPROACH,,0,0
1788449972.63,126.39,-0.00,0.00,APPROACH,,0,0
1788449972.73,126.50,0.00,0.00,APPROACH,,0,0
1788449972.83,126.59,-0.00,0.00,APPROACH,,0,0
1788449972.93,126.69,-0.00,0.00,APPROACH,,0,0
1788449973.03,126.80,-0.00,0.00,APPROACH,,0,0
1788449973.13,126.90,0.00,0.00,APPROACH,,0,0
1788449973.23,126.99,0.01,0.00,APPROACH,,0,0
1788449973.33,127.09,0.00,0.00,APPROACH,,0,0
1788449973.43,127.19,0.00,0.00,APPROACH,,0,0
1788449973.54,127.30,0.00,0.00,APPROACH,,0,0
1788449973.64,127.39,0.01,0.00,APPROACH,,0,0
1788449973.74,127.50,0.01,0.00,APPROACH,,0,0
1788449973.84,127.59,-0.00,0.00,APPROACH,,0,0
1788449973.95,127.70,0.00,0.00,APPROACH,,0,0
1788449974.05,127.80,-0.00,0.00,APPROACH,,0,0
1788449974.15,127.89,0.00,0.00,APPROACH,,0,0
1788449974.25,128.00,0.00,0.00,APPROACH,,0,0
1788449974.35,128.09,-0.00,0.00,APPROACH,,0,0
1788449974.45,128.19,-0.00,0.00,APPROACH,,0,0
1788449974.55,128.30,0.00,0.00,APPROACH,,0,0
1788449974.65,128.40,0.00,0.00,APPROACH,,0,0
1788449974.75,128.49,0.01,0.00,APPROACH,,0,0
1788449974.85,128.59,0.00,0.00,APPROACH,,0,0
1788449974.96,128.70,0.00,0.00,APPROACH,,0,0
1788449975.06,128.79,0.01,0.00,APPROACH,,0,0
1788449975.16,128.89,0.00,0.00,APPROACH,,0,0
1788449975.26,128.99,0.01,0.00,APPROACH,,0,0
1788449975.36,129.09,0.00,0.00,APPROACH,,0,0
1788449975.46,129.19,-0.00,0.00,APPROACH,,0,0
1788449975.57,129.30,0.01,0.00,APPROACH,,0,0
1788449975.67,129.39,0.01,0.00,APPROACH,,0,0
1788449975.77,129.50,-0.00,0.00,APPROACH,,0,0
1788449975.87,129.59,0.00,0.00,APPROACH,,0,0
1788449975.98,129.70,0.00,0.00,APPROACH,,0,0
1788449976.08,129.79,-0.00,0.00,APPROACH,,0,0
1788449976.18,129.89,0.01,0.00,APPROACH,,0,0
1788449976.28,129.99,-0.00,0.00,APPROACH,,0,0
1788449976.38,130.09,0.00,0.00,APPROACH,,0,0
1788449976.48,130.19,0.00,0.00,APPROACH,,0,0
1788449976.58,130.30,0.00,0.00,APPROACH,,0,0
1788449976.68,130.40,0.00,0.00,APPROACH,,0,0
1788449976.78,130.50,0.00,0.00,APPROACH,,0,0
1788449976.88,130.59,0.01,0.00,APPROACH,,0,0
1788449976.99,130.70,0.01,0.00,APPROACH,,0,0
1788449977.08,130.79,-0.00,0.00,APPROACH,,0,0
1788449977.19,130.90,0.01,0.00,APPROACH,,0,0
1788449977.29,131.00,-0.00,0.00,APPROACH,,0,0
1788449977.39,131.09,-0.00,0.00,APPROACH,,0,0
1788449977.49,131.19,0.00,0.00,APPROACH,,0,0
1788449977.59,131.30,0.00,0.00,APPROACH,,0,0
1788449977.69,131.39,0.00,0.00,REFINE,,0,0
1788449977.80,131.50,0.00,0.00,REFINE,,0,0
1788449977.90,131.59,0.01,0.00,REFINE,,0,0
1788449978.00,131.69,0.01,0.00,REFINE,,0,0
1788449978.10,131.79,-0.00,0.00,REFINE,,0,0
1788449978.21,131.90,0.00,0.00,REFINE,,0,0
1788449978.31,132.00,-0.00,0.00,REFINE,,0,0
1788449978.41,132.10,0.00,0.00,REFINE,,0,0
1788449978.51,132.19,0.01,0.00,REFINE,,0,0
1788449978.61,132.29,0.00,0.00,REFINE,,0,0
1788449978.71,132.40,0.00,0.00,REFINE,,0,0
1788449978.81,132.49,0.00,0.00,DEPLOY,,0,0
1788449978.91,132.59,-0.00,0.00,DEPLOY,,0,0
1788449979.01,132.69,-0.00,0.00,DEPLOY,,0,0
1788449979.11,132.79,0.00,0.00,DEPLOY,,0,0
1788449979.21,132.89,0.00,0.00,DEPLOY,,0,0
1788449979.31,132.99,0.01,0.00,DEPLOY,,0,0
1788449979.41,133.09,0.01,0.00,DEPLOY,,0,0
1788449979.51,133.19,0.00,0.00,DEPLOY,,0,0
1788449979.61,133.29,0.01,0.00,DEPLOY,,0,0
1788449979.71,133.39,0.00,0.00,DEPLOY,,0,0
1788449979.81,133.49,-0.00,0.00,DEPLOY,,0,0
1788449979.91,133.59,-0.00,0.00,DEPLOY,,0,0
1788449980.01,133.69,-0.00,0.00,DEPLOY,,0,0
1788449980.11,133.79,0.01,0.00,DEPLOY,,0,0
1788449980.21,133.89,0.01,0.00,DEPLOY,,0,0
1788449980.31,133.99,0.01,0.00,DEPLOY,,0,0
1788449980.41,134.09,0.01,0.00,DEPLOY,,0,0
1788449980.51,134.19,-0.00,0.00,DEPLOY,,0,0
1788449980.61,134.29,0.00,0.00,DEPLOY,,0,0
1788449980.71,134.39,0.01,0.00,DEPLOY,,0,0
1788449980.81,134.49,0.00,0.00,DEPLOY,,0,0
1788449980.91,134.59,0.01,0.00,DEPLOY,,0,0
1788449981.01,134.69,0.00,0.00,DEPLOY,,0,0
1788449981.11,134.79,-0.00,0.00,DEPLOY,,0,0
1788449981.21,134.89,0.01,0.00,DEPLOY,,0,0
1788449981.31,134.99,0.00,0.00,DEPLOY,,0,0
1788449981.41,135.09,-0.00,0.00,DEPLOY,,0,0
1788449981.51,135.19,-0.00,0.00,DEPLOY,,0,0
1788449981.61,135.29,0.01,0.00,DEPLOY,,0,0
1788449981.71,135.39,-0.00,0.00,DEPLOY,,0,0
1788449981.81,135.49,0.01,0.00,DEPLOY,,0,0
1788449981.91,135.59,-0.00,0.00,DEPLOY,,0,0
1788449982.01,135.69,0.00,0.00,DEPLOY,,0,0
1788449982.11,135.79,-0.00,0.00,DEPLOY,,0,0
1788449982.21,135.89,0.00,0.00,DEPLOY,,0,0
1788449982.31,135.99,-0.00,0.00,DEPLOY,,0,0
1788449982.41,136.09,0.00,0.00,DEPLOY,,0,0
1788449982.51,136.19,0.01,0.00,DEPLOY,,0,0
1788449982.61,136.29,0.01,0.00,DEPLOY,,0,0
1788449982.71,136.39,-0.00,0.00,DEPLOY,,0,0
1788449982.81,136.49,0.01,0.00,DEPLOY,,0,0
1788449982.91,136.59,-0.00,0.00,DEPLOY,,0,0
1788449983.01,136.69,-0.00,0.00,DEPLOY,,0,0
1788449983.11,136.79,0.00,0.00,DEPLOY,,0,0
1788449983.21,136.89,0.00,0.00,DEPLOY,,0,0
1788449983.31,136.99,0.00,0.00,DEPLOY,,0,0
1788449983.41,137.09,0.00,0.00,DEPLOY,,0,0
1788449983.52,137.20,0.00,0.00,DEPLOY,,0,0
1788449983.62,137.29,0.00,0.00,DEPLOY,,0,0
1788449983.72,137.39,-0.01,0.00,DEPLOY,,0,0
1788449983.82,137.50,0.00,0.00,DEPLOY,,0,0
1788449983.92,137.59,-0.00,0.00,DEPLOY,,0,0
1788449984.02,137.70,0.00,0.00,DEPLOY,,0,0
1788449984.12,137.79,0.00,0.00,DEPLOY,,0,0
1788449984.22,137.89,0.00,0.00,DEPLOY,,0,0
1788449984.32,137.99,0.00,0.00,DEPLOY,,0,0
1788449984.43,138.10,-0.00,0.00,DEPLOY,,0,0
1788449984.53,138.19,0.00,0.00,DEPLOY,,0,0
1788449984.63,138.29,0.00,0.00,DEPLOY,,0,0
1788449984.73,138.39,-0.00,0.00,DEPLOY,,0,0
1788449984.83,138.50,0.00,0.00,DEPLOY,,0,0
1788449984.93,138.59,0.00,0.00,DEPLOY,,0,0
1788449985.03,138.70,0.00,0.00,DEPLOY,,0,0
1788449985.13,138.79,0.00,0.00,DEPLOY,,0,0
1788449985.23,138.89,0.00,0.00,DEPLOY,,0,0
1788449985.33,138.99,0.01,0.00,DEPLOY,,0,0
1788449985.43,139.09,0.00,0.00,DEPLOY,,0,0
1788449985.53,139.19,0.01,0.00,DEPLOY,,0,0
1788449985.63,139.30,0.01,0.00,DEPLOY,,0,0
1788449985.73,139.39,0.00,0.00,DEPLOY,,0,0
1788449985.84,139.50,-0.00,0.00,DEPLOY,,0,0
1788449985.94,139.59,-0.01,0.00,DEPLOY,,0,0
1788449986.04,139.69,-0.00,0.00,DEPLOY,,0,0
1788449986.14,139.80,-0.00,0.00,DEPLOY,,0,0
1788449986.24,139.90,-0.00,0.00,DEPLOY,,0,0
1788449986.34,140.00,0.01,0.00,DEPLOY,,0,0
1788449986.44,140.10,0.01,0.00,DEPLOY,,0,0
1788449986.54,140.19,0.01,0.00,DEPLOY,,0,0
1788449986.64,140.29,0.00,0.00,DEPLOY,,0,0
1788449986.74,140.40,0.00,0.00,DEPLOY,,0,0
1788449986.84,140.49,0.01,0.00,DEPLOY,,0,0
1788449986.95,140.59,0.01,0.00,DEPLOY,,0,0
1788449987.05,140.69,0.01,0.00,DEPLOY,,0,0
1788449987.15,140.80,0.00,0.00,DEPLOY,,0,0
1788449987.25,140.90,0.00,0.00,DEPLOY,,0,0
1788449987.35,141.00,0.00,0.00,DEPLOY,,0,0
1788449987.45,141.10,0.01,0.00,DEPLOY,,0,0
1788449987.55,141.19,0.01,0.00,DEPLOY,,0,0
1788449987.65,141.30,0.00,0.00,DEPLOY,,0,0
1788449987.75,141.40,0.00,0.00,DEPLOY,,0,0
1788449987.85,141.50,-0.00,0.00,DEPLOY,,0,0
1788449987.95,141.60,0.00,0.00,DEPLOY,,0,0
1788449988.05,141.69,-0.00,0.00,DEPLOY,,0,0
1788449988.15,141.79,-0.00,0.00,DEPLOY,,0,0
1788449988.26,141.90,-0.00,0.00,DEPLOY,,0,0
1788449988.36,142.00,0.01,0.00,DEPLOY,,0,0
1788449988.46,142.10,0.01,0.00,DEPLOY,,0,0
1788449988.56,142.19,0.00,0.00,DEPLOY,,0,0
1788449988.66,142.29,0.01,0.00,DEPLOY,,0,0
1788449988.76,142.40,0.01,0.00,DEPLOY,,0,0
1788449988.86,142.50,0.00,0.00,DEPLOY,,0,0
1788449988.96,142.59,0.00,0.00,DEPLOY,,0,0
1788449989.07,142.70,0.00,0.00,DEPLOY,,0,0
1788449989.17,142.80,0.00,0.00,DEPLOY,,0,0
1788449989.27,142.90,0.01,0.00,DEPLOY,,0,0
1788449989.37,143.00,0.00,0.00,DEPLOY,,0,0
1788449989.48,143.10,-0.00,0.00,DEPLOY,,0,0
1788449989.57,143.19,0.00,0.00,DEPLOY,,0,0
1788449989.68,143.30,0.00,0.00,DEPLOY,,0,0
1788449989.78,143.40,0.00,0.00,DEPLOY,,0,0
1788449989.88,143.50,0.01,0.00,DEPLOY,,0,0
1788449989.98,143.59,0.00,0.00,DEPLOY,,0,0
1788449990.08,143.70,0.01,0.00,DEPLOY,,0,0
1788449990.18,143.79,0.01,0.00,DEPLOY,,0,0
1788449990.29,143.90,-0.00,0.00,DEPLOY,,0,0
1788449990.38,143.99,-0.00,0.00,DEPLOY,,0,1
1788449990.48,144.09,0.00,0.00,DEPLOY,,0,0
1788449990.59,144.19,0.00,0.00,DEPLOY,,0,0
1788449990.69,144.30,-0.00,0.00,DEPLOY,,0,0
1788449990.79,144.39,0.01,0.00,DEPLOY,,0,0
1788449990.89,144.50,0.01,0.00,DEPLOY,,0,0
1788449990.99,144.59,-0.00,0.00,DEPLOY,,0,0
1788449991.09,144.70,0.00,0.00,DEPLOY,,0,0
1788449991.20,144.80,0.01,0.00,DEPLOY,,0,0
1788449991.29,144.89,0.01,0.00,DEPLOY,,0,0
1788449991.39,144.99,0.01,0.00,DEPLOY,,0,0
1788449991.50,145.09,-0.00,0.00,DEPLOY,,0,0
1788449991.60,145.19,-0.00,0.00,DEPLOY,,0,0
1788449991.70,145.29,0.00,0.00,DEPLOY,,0,0
1788449991.80,145.39,-0.00,0.00,DEPLOY,,0,0
1788449991.90,145.50,-0.00,0.00,DEPLOY,,0,0
1788449992.00,145.60,-0.00,0.00,DEPLOY,,0,0
1788449992.10,145.70,0.00,0.00,DEPLOY,,0,0
1788449992.20,145.79,-0.00,0.00,DEPLOY,,0,0
1788449992.30,145.89,-0.00,0.00,DEPLOY,,0,0
1788449992.40,145.99,0.00,0.00,DEPLOY,,0,0
1788449992.51,146.10,0.01,0.00,DEPLOY,,0,0
1788449992.61,146.19,0.00,0.00,DEPLOY,,0,0
1788449992.71,146.29,0.00,0.00,DEPLOY,,0,0
1788449992.81,146.40,0.01,0.00,DEPLOY,,0,0
1788449992.91,146.50,-0.00,0.00,DEPLOY,,0,0
1788449993.01,146.59,0.00,0.00,DEPLOY,,0,0
1788449993.12,146.70,0.01,0.00,DEPLOY,,0,0
1788449993.21,146.79,0.00,0.00,DEPLOY,,0,0
1788449993.32,146.89,0.00,0.00,DEPLOY,,0,0
1788449993.42,147.00,0.00,0.00,DEPLOY,,0,0
1788449993.52,147.09,-0.00,0.00,DEPLOY,,0,0
1788449993.62,147.19,0.00,0.00,DEPLOY,,0,0
1788449993.72,147.29,-0.00,0.00,DEPLOY,,0,0
1788449993.82,147.39,0.00,0.00,DEPLOY,,0,0
1788449993.92,147.49,-0.00,0.00,DEPLOY,,0,0
1788449994.03,147.59,0.01,0.00,DEPLOY,,0,0
1788449994.13,147.69,-0.00,0.00,DEPLOY,,0,0
1788449994.23,147.79,-0.00,0.00,DEPLOY,,0,0
1788449994.33,147.90,0.00,0.00,DEPLOY,,0,0
1788449994.43,147.99,0.01,0.00,DEPLOY,,0,0
1788449994.53,148.09,0.00,0.00,DEPLOY,,0,0
1788449994.63,148.19,0.01,0.00,DEPLOY,,0,0
1788449994.73,148.29,0.00,0.00,DEPLOY,,0,0
1788449994.83,148.40,0.01,0.00,DEPLOY,,0,0
1788449994.94,148.50,0.00,0.00,DEPLOY,,0,0
1788449995.04,148.60,-0.00,0.00,DEPLOY,,0,0
1788449995.14,148.69,-0.00,0.00,DEPLOY,,0,0
1788449995.24,148.79,0.01,0.00,DEPLOY,,0,0
1788449995.34,148.90,0.00,0.00,DEPLOY,,0,0
1788449995.44,148.99,0.00,0.00,DEPLOY,,0,0
1788449995.54,149.10,-0.00,0.00,DEPLOY,,0,0
1788449995.64,149.19,0.00,0.00,DEPLOY,,0,0
1788449995.74,149.29,0.01,0.00,DEPLOY,,0,0
1788449995.84,149.39,0.01,0.00,DEPLOY,,0,0
1788449995.95,149.49,-0.00,0.00,DEPLOY,,0,0
1788449996.05,149.59,-0.00,0.00,DEPLOY,,0,0
1788449996.15,149.70,0.01,0.00,DEPLOY,,0,0
1788449996.25,149.80,-0.00,0.00,DEPLOY,,0,0
1788449996.36,149.90,0.00,0.00,DEPLOY,,0,0
1788449996.46,150.00,-0.01,0.00,DEPLOY,,0,0
1788449996.56,150.10,-0.00,0.00,DEPLOY,,0,0
1788449996.66,150.19,-0.00,0.00,DEPLOY,,0,0
1788449996.76,150.29,0.00,0.00,DEPLOY,,0,0
1788449996.86,150.40,0.00,0.00,DEPLOY,,0,0
1788449996.96,150.50,0.00,0.00,DEPLOY,,0,0
1788449997.07,150.60,0.00,0.00,DEPLOY,,0,0
1788449997.17,150.70,-0.00,0.00,DEPLOY,,0,0
1788449997.27,150.79,0.00,0.00,DEPLOY,,0,0
1788449997.37,150.89,-0.00,0.00,DEPLOY,,0,0
1788449997.47,150.99,0.00,0.00,DEPLOY,,0,0
1788449997.57,151.09,-0.00,0.00,DEPLOY,,0,0
1788449997.67,151.19,-0.01,0.00,DEPLOY,,0,0
1788449997.77,151.29,0.00,0.00,DEPLOY,,0,0
1788449997.87,151.39,0.01,0.00,DEPLOY,,0,0
1788449997.97,151.49,-0.01,0.00,DEPLOY,,0,0
1788449998.07,151.59,0.01,0.00,DEPLOY,,0,0
1788449998.18,151.70,0.01,0.00,DEPLOY,,0,0
1788449998.28,151.80,0.00,0.00,DEPLOY,,0,0
1788449998.38,151.90,-0.00,0.00,DEPLOY,,0,0
1788449998.48,152.00,0.00,0.00,DEPLOY,,0,0
1788449998.58,152.09,-0.00,0.00,DEPLOY,,0,0
1788449998.68,152.19,0.00,0.00,DEPLOY,,0,0
1788449998.79,152.30,-0.00,0.00,DEPLOY,,0,0
1788449998.89,152.39,0.00,0.00,DEPLOY,,0,0
1788449998.99,152.50,0.01,0.00,DEPLOY,,0,0
1788449999.09,152.59,0.00,0.00,DEPLOY,,0,0
1788449999.19,152.70,-0.00,0.00,DEPLOY,,0,0
1788449999.29,152.79,0.01,0.00,DEPLOY,,0,0
1788449999.40,152.90,0.00,0.00,DEPLOY,,0,0
1788449999.50,153.00,0.00,0.00,DEPLOY,,0,0
1788449999.60,153.09,0.00,0.00,DEPLOY,,0,0
1788449999.70,153.19,0.00,0.00,DEPLOY,,0,0
1788449999.80,153.30,-0.00,0.00,DEPLOY,,0,0
1788449999.90,153.40,0.00,0.00,DEPLOY,,0,0
1788450000.00,153.50,-0.00,0.00,DEPLOY,,0,0
1788450000.10,153.59,0.00,0.00,DEPLOY,,0,0
1788450000.20,153.70,-0.00,0.00,DEPLOY,,0,0
1788450000.30,153.79,0.01,0.00,DEPLOY,,0,0
1788450000.41,153.90,0.01,0.00,DEPLOY,,0,0
1788450000.51,154.00,0.00,0.00,DEPLOY,,0,0
1788450000.61,154.10,0.00,0.00,MANIPULATE,orienta,0,0
1788450000.71,154.19,0.00,0.00,MANIPULATE,orienta,0,0
1788450000.81,154.29,0.00,0.00,MANIPULATE,orienta,1,1
1788450000.91,154.39,0.00,0.00,MANIPULATE,orienta,2,2
1788450001.01,154.49,0.00,0.00,MANIPULATE,orienta,2,2
1788450001.11,154.59,0.00,0.00,MANIPULATE,orienta,1,1
1788450001.21,154.69,-0.00,0.00,MANIPULATE,orienta,3,3
1788450001.32,154.79,-0.00,0.00,MANIPULATE,orienta,1,1
1788450001.42,154.90,0.01,0.00,MANIPULATE,orienta,3,3
1788450001.51,154.99,0.01,0.00,MANIPULATE,orienta,2,2
1788450001.62,155.09,0.00,0.00,MANIPULATE,orienta,2,2
1788450001.72,155.19,0.01,0.00,MANIPULATE,orienta,2,2
1788450001.82,155.30,-0.00,0.00,MANIPULATE,orienta,2,2
1788450001.92,155.39,-0.00,0.00,MANIPULATE,orienta,2,2
1788450002.02,155.50,-0.00,0.00,MANIPULATE,orienta,1,1
1788450002.12,155.59,-0.01,0.00,MANIPULATE,orienta,2,2
1788450002.22,155.69,-0.00,0.00,MANIPULATE,orienta,3,3
1788450002.32,155.79,-0.00,0.00,MANIPULATE,orienta,2,2
1788450002.42,155.90,-0.00,0.00,MANIPULATE,orienta,2,2
1788450002.52,155.99,0.00,0.00,MANIPULATE,orienta,2,2
1788450002.62,156.09,0.00,0.00,MANIPULATE,orienta,1,1
1788450002.72,156.19,0.00,0.00,MANIPULATE,orienta,3,3
1788450002.82,156.29,0.00,0.00,MANIPULATE,orienta,2,2
1788450002.92,156.39,0.00,0.00,MANIPULATE,orienta,2,2
1788450003.02,156.49,0.00,0.00,MANIPULATE,orienta,2,2
1788450003.12,156.59,0.01,0.00,MANIPULATE,orienta,2,2
1788450003.22,156.69,0.00,0.00,MANIPULATE,orienta,2,2
1788450003.32,156.79,-0.01,0.00,MANIPULATE,orienta,2,3
1788450003.42,156.89,0.00,0.00,MANIPULATE,orienta,0,0
1788450003.53,157.00,0.00,0.00,MANIPULATE,orienta,0,0
1788450003.63,157.09,0.01,0.00,MANIPULATE,orienta,0,0
1788450003.73,157.19,0.01,0.00,MANIPULATE,orienta,0,0
1788450003.83,157.30,-0.01,0.00,MANIPULATE,orienta,0,0
1788450003.93,157.40,0.00,0.00,MANIPULATE,orienta,0,0
1788450004.03,157.49,-0.00,0.00,MANIPULATE,aproxima_lateral,0,0
1788450004.13,157.59,0.00,0.00,MANIPULATE,aproxima_lateral,0,0
1788450004.23,157.70,0.01,0.00,MANIPULATE,aproxima_lateral,0,0
1788450004.33,157.79,0.01,0.00,MANIPULATE,aproxima_lateral,2,2
1788450004.43,157.90,-0.00,0.00,MANIPULATE,aproxima_lateral,2,2
1788450004.53,157.99,-0.00,0.00,MANIPULATE,aproxima_lateral,2,2
1788450004.63,158.09,0.01,0.00,MANIPULATE,aproxima_lateral,2,2
1788450004.73,158.19,0.00,0.00,MANIPULATE,aproxima_lateral,2,2
1788450004.83,158.29,0.01,0.00,MANIPULATE,aproxima_lateral,2,2
1788450004.93,158.39,0.00,0.00,MANIPULATE,aproxima_lateral,2,2
1788450005.03,158.49,0.01,0.00,MANIPULATE,aproxima_lateral,2,2
1788450005.13,158.59,0.00,0.00,MANIPULATE,aproxima_lateral,2,2
1788450005.23,158.69,0.00,0.00,MANIPULATE,aproxima_lateral,2,2
1788450005.33,158.79,0.00,0.00,MANIPULATE,aproxima_lateral,2,2
1788450005.44,158.90,0.00,0.00,MANIPULATE,aproxima_lateral,2,2
1788450005.54,158.99,0.00,0.00,MANIPULATE,aproxima_lateral,2,2
1788450005.64,159.09,-0.00,0.00,MANIPULATE,aproxima_lateral,2,2
1788450005.74,159.19,-0.00,0.00,MANIPULATE,aproxima_lateral,2,2
1788450005.84,159.29,0.01,0.00,MANIPULATE,aproxima_lateral,2,2
1788450005.94,159.39,0.01,0.00,MANIPULATE,aproxima_lateral,2,2
1788450006.04,159.49,0.01,0.00,MANIPULATE,aproxima_lateral,2,2
1788450006.14,159.59,0.00,0.00,MANIPULATE,aproxima_lateral,1,1
1788450006.24,159.69,0.01,0.00,MANIPULATE,aproxima_lateral,3,3
1788450006.34,159.79,0.01,0.00,MANIPULATE,aproxima_lateral,2,2
1788450006.44,159.89,0.01,0.00,MANIPULATE,aproxima_lateral,2,2
1788450006.54,159.99,-0.00,0.00,MANIPULATE,aproxima_lateral,1,1
1788450006.64,160.09,0.01,0.00,MANIPULATE,aproxima_lateral,3,3
1788450006.74,160.19,0.00,0.00,MANIPULATE,aproxima_lateral,2,2
1788450006.85,160.30,-0.00,0.00,MANIPULATE,aproxima_lateral,2,2
1788450006.94,160.39,0.00,0.00,MANIPULATE,aproxima_lateral,2,2
1788450007.04,160.49,0.01,0.00,MANIPULATE,aproxima_lateral,2,2
1788450007.15,160.59,-0.00,0.00,MANIPULATE,aproxima_lateral,2,2
1788450007.24,160.69,-0.00,0.00,MANIPULATE,aproxima_lateral,2,2
1788450007.34,160.79,0.00,0.00,MANIPULATE,aproxima_lateral,2,2
1788450007.44,160.89,0.01,0.00,MANIPULATE,aproxima_lateral,2,2
1788450007.55,160.99,0.00,0.00,MANIPULATE,aproxima_lateral,2,2
1788450007.65,161.09,-0.01,0.00,MANIPULATE,aproxima_lateral,2,2
1788450007.75,161.19,-0.00,0.00,MANIPULATE,aproxima_lateral,2,2
1788450007.85,161.30,0.00,0.00,MANIPULATE,aproxima_lateral,2,3
1788450007.95,161.39,0.00,0.00,MANIPULATE,aproxima_lateral,0,0
1788450008.05,161.50,0.00,0.00,MANIPULATE,aproxima_lateral,0,0
1788450008.15,161.59,0.00,0.00,MANIPULATE,aproxima_lateral,0,0
1788450008.25,161.69,0.01,0.00,MANIPULATE,aproxima_lateral,0,0
1788450008.35,161.79,0.01,0.00,MANIPULATE,aproxima_lateral,0,0
1788450008.45,161.89,-0.00,0.00,MANIPULATE,aproxima_lateral,0,0
1788450008.55,161.99,0.00,0.00,MANIPULATE,atravessa,0,0
1788450008.66,162.09,0.00,0.00,MANIPULATE,atravessa,0,0
1788450008.76,162.20,-0.00,0.00,MANIPULATE,atravessa,0,0
1788450008.86,162.29,0.00,0.00,MANIPULATE,atravessa,2,2
1788450008.96,162.39,-0.00,0.00,MANIPULATE,atravessa,2,2
1788450009.06,162.49,-0.00,0.00,MANIPULATE,atravessa,2,2
1788450009.16,162.59,-0.00,0.00,MANIPULATE,atravessa,2,2
1788450009.26,162.69,0.01,0.00,MANIPULATE,atravessa,2,2
1788450009.36,162.79,0.01,0.00,MANIPULATE,atravessa,2,2
1788450009.46,162.89,-0.00,0.00,MANIPULATE,atravessa,2,2
1788450009.56,162.99,0.00,0.00,MANIPULATE,atravessa,2,2
1788450009.66,163.09,-0.00,0.00,MANIPULATE,atravessa,2,2
1788450009.76,163.19,0.00,0.00,MANIPULATE,atravessa,2,2
1788450009.86,163.29,-0.00,0.00,MANIPULATE,atravessa,2,2
1788450009.96,163.39,0.01,0.00,MANIPULATE,atravessa,2,2
1788450010.06,163.50,-0.00,0.00,MANIPULATE,atravessa,2,2
1788450010.16,163.59,0.00,0.00,MANIPULATE,atravessa,2,2
1788450010.26,163.69,-0.00,0.00,MANIPULATE,atravessa,2,2
1788450010.36,163.79,-0.00,0.00,MANIPULATE,atravessa,2,2
1788450010.46,163.89,0.00,0.00,MANIPULATE,atravessa,2,2
1788450010.57,164.00,-0.01,0.00,MANIPULATE,atravessa,2,2
1788450010.67,164.09,0.00,0.00,MANIPULATE,atravessa,2,2
1788450010.77,164.19,0.00,0.00,MANIPULATE,atravessa,2,2
1788450010.87,164.29,0.00,0.00,MANIPULATE,atravessa,2,2
1788450010.97,164.39,0.01,0.00,MANIPULATE,atravessa,2,2
1788450011.07,164.49,0.00,0.01,MANIPULATE,atravessa,2,2
1788450011.17,164.59,0.01,0.01,MANIPULATE,atravessa,2,2
1788450011.27,164.69,-0.01,0.02,MANIPULATE,atravessa,2,2
1788450011.37,164.79,-0.00,0.02,MANIPULATE,atravessa,2,2
1788450011.47,164.90,-0.01,0.02,MANIPULATE,atravessa,2,2
1788450011.57,164.99,0.00,0.02,MANIPULATE,atravessa,2,2
1788450011.67,165.09,-0.00,0.00,MANIPULATE,atravessa,2,2
1788450011.77,165.19,-0.01,0.00,MANIPULATE,atravessa,2,2
1788450011.87,165.29,-0.00,-0.00,MANIPULATE,atravessa,2,2
1788450011.97,165.39,-0.01,-0.00,MANIPULATE,atravessa,2,2
1788450012.08,165.50,-0.00,0.00,MANIPULATE,atravessa,2,2
1788450012.18,165.59,-0.01,-0.00,MANIPULATE,atravessa,2,2
1788450012.28,165.69,-0.01,-0.00,MANIPULATE,atravessa,2,2
1788450012.38,165.79,-0.01,-0.00,MANIPULATE,atravessa,2,2
1788450012.48,165.89,-0.01,-0.00,MANIPULATE,atravessa,2,2
1788450012.58,165.99,-0.01,-0.00,MANIPULATE,atravessa,2,2
1788450012.68,166.09,-0.01,-0.00,MANIPULATE,atravessa,2,2
1788450012.78,166.19,-0.01,0.00,MANIPULATE,atravessa,2,2
1788450012.88,166.29,-0.01,-0.00,MANIPULATE,atravessa,2,2
1788450012.98,166.39,-0.02,0.00,MANIPULATE,atravessa,2,2
1788450013.08,166.50,-0.02,0.01,MANIPULATE,atravessa,2,2
1788450013.18,166.59,-0.01,0.01,MANIPULATE,atravessa,2,2
1788450013.28,166.69,-0.01,0.06,MANIPULATE,atravessa,2,2
1788450013.39,166.79,-0.01,-0.01,MANIPULATE,atravessa,1,1
1788450013.49,166.89,-0.01,0.02,MANIPULATE,atravessa,3,3
1788450013.59,166.99,-0.01,0.06,MANIPULATE,atravessa,2,2
1788450013.69,167.09,-0.01,-0.01,MANIPULATE,atravessa,1,1
1788450013.79,167.19,-0.01,0.02,MANIPULATE,atravessa,3,3
1788450013.89,167.29,-0.01,0.08,MANIPULATE,atravessa,2,2
1788450013.99,167.39,-0.01,-0.00,MANIPULATE,atravessa,2,2
1788450014.09,167.50,-0.01,0.02,MANIPULATE,atravessa,2,2
1788450014.19,167.59,-0.01,0.08,MANIPULATE,atravessa,2,2
1788450014.29,167.69,-0.01,-0.01,MANIPULATE,atravessa,2,2
1788450014.40,167.80,-0.01,0.03,MANIPULATE,atravessa,2,2
1788450014.49,167.89,-0.01,0.07,MANIPULATE,atravessa,2,2
1788450014.59,167.99,-0.01,-0.00,MANIPULATE,atravessa,2,2
1788450014.70,168.09,-0.00,0.02,MANIPULATE,atravessa,2,2
1788450014.80,168.19,-0.01,0.06,MANIPULATE,atravessa,2,2
1788450014.90,168.29,-0.02,-0.01,MANIPULATE,atravessa,2,2
1788450015.00,168.39,-0.00,0.03,MANIPULATE,atravessa,2,2
1788450015.09,168.49,-0.01,0.04,MANIPULATE,atravessa,2,2
1788450015.20,168.59,-0.02,-0.01,MANIPULATE,atravessa,2,2
1788450015.30,168.69,-0.01,0.04,MANIPULATE,atravessa,2,2
1788450015.40,168.79,-0.02,-0.00,MANIPULATE,atravessa,2,2
1788450015.50,168.90,-0.01,0.03,MANIPULATE,atravessa,2,2
1788450015.60,168.99,-0.01,0.03,MANIPULATE,atravessa,2,2
1788450015.70,169.09,-0.01,0.01,MANIPULATE,atravessa,2,2
1788450015.80,169.19,-0.01,0.06,MANIPULATE,atravessa,2,2
1788450015.90,169.29,-0.02,-0.00,MANIPULATE,atravessa,2,2
1788450016.00,169.39,-0.01,-0.01,MANIPULATE,atravessa,2,2
1788450016.10,169.49,-0.01,0.01,MANIPULATE,atravessa,2,2
1788450016.20,169.59,-0.01,-0.00,MANIPULATE,atravessa,2,2
1788450016.30,169.69,-0.01,0.00,MANIPULATE,atravessa,2,2
1788450016.40,169.79,-0.01,0.00,MANIPULATE,atravessa,2,2
1788450016.50,169.89,-0.01,0.00,MANIPULATE,atravessa,2,2
1788450016.60,169.99,-0.01,-0.01,MANIPULATE,atravessa,1,1
1788450016.71,170.09,-0.01,0.01,MANIPULATE,atravessa,3,3
1788450016.81,170.19,-0.02,-0.00,MANIPULATE,atravessa,2,2
1788450016.91,170.29,-0.02,-0.01,MANIPULATE,atravessa,2,2
1788450017.01,170.39,-0.02,0.00,MANIPULATE,atravessa,1,1
1788450017.11,170.49,-0.02,0.00,MANIPULATE,atravessa,3,3
1788450017.21,170.59,-0.02,0.00,MANIPULATE,atravessa,2,2
1788450017.31,170.69,-0.02,-0.01,MANIPULATE,atravessa,2,2
1788450017.42,170.79,-0.02,0.00,MANIPULATE,atravessa,2,2
1788450017.52,170.90,-0.02,0.00,MANIPULATE,atravessa,2,2
1788450017.62,170.99,-0.02,0.01,MANIPULATE,atravessa,2,2
1788450017.72,171.09,-0.02,-0.01,MANIPULATE,atravessa,2,2
1788450017.82,171.19,-0.02,-0.00,MANIPULATE,atravessa,2,2
1788450017.92,171.29,-0.02,-0.01,MANIPULATE,atravessa,2,2
1788450018.03,171.39,-0.02,-0.01,MANIPULATE,atravessa,2,2
1788450018.13,171.50,-0.02,-0.01,MANIPULATE,atravessa,2,2
1788450018.23,171.59,-0.02,-0.00,MANIPULATE,atravessa,2,2
1788450018.33,171.69,-0.02,-0.00,MANIPULATE,atravessa,2,2
1788450018.43,171.79,-0.02,-0.01,MANIPULATE,atravessa,1,1
1788450018.53,171.89,-0.02,0.00,MANIPULATE,atravessa,3,3
1788450018.63,172.00,-0.03,-0.00,MANIPULATE,atravessa,2,2
1788450018.73,172.09,-0.02,-0.00,MANIPULATE,atravessa,2,2
1788450018.83,172.19,-0.03,-0.00,MANIPULATE,atravessa,2,2
1788450018.93,172.29,-0.04,-0.00,MANIPULATE,atravessa,2,2
1788450019.03,172.39,-0.02,-0.00,MANIPULATE,atravessa,2,2
1788450019.13,172.49,-0.04,-0.00,MANIPULATE,atravessa,2,2
1788450019.23,172.59,-0.03,-0.00,MANIPULATE,atravessa,2,2
1788450019.33,172.69,-0.04,-0.00,MANIPULATE,atravessa,2,2
1788450019.43,172.79,-0.03,0.01,MANIPULATE,atravessa,2,2
1788450019.54,172.90,-0.04,0.01,MANIPULATE,atravessa,2,2
1788450019.64,172.99,-0.03,-0.01,MANIPULATE,atravessa,2,2
1788450019.74,173.09,-0.03,0.00,MANIPULATE,atravessa,2,2
1788450019.84,173.19,-0.03,0.01,MANIPULATE,atravessa,2,2
1788450019.94,173.29,-0.03,0.01,MANIPULATE,atravessa,2,2
1788450020.04,173.39,-0.03,0.01,MANIPULATE,atravessa,2,2
1788450020.14,173.49,-0.02,0.01,MANIPULATE,atravessa,2,2
1788450020.24,173.59,-0.02,-0.01,MANIPULATE,atravessa,2,2
1788450020.34,173.69,-0.02,0.01,MANIPULATE,atravessa,2,2
1788450020.44,173.79,-0.02,0.01,MANIPULATE,atravessa,2,2
1788450020.54,173.89,-0.02,0.04,MANIPULATE,atravessa,2,2
1788450020.64,173.99,-0.02,0.13,MANIPULATE,atravessa,2,2
1788450020.74,174.09,-0.02,0.24,MANIPULATE,atravessa,2,2
1788450020.84,174.19,-0.03,0.23,MANIPULATE,atravessa,2,2
1788450020.94,174.29,-0.03,0.06,MANIPULATE,atravessa,2,2
1788450021.04,174.39,-0.02,0.15,MANIPULATE,atravessa,2,2
1788450021.14,174.49,-0.02,0.26,MANIPULATE,atravessa,2,2
1788450021.24,174.59,-0.03,0.21,MANIPULATE,atravessa,2,2
1788450021.35,174.70,-0.03,0.06,MANIPULATE,atravessa,2,2
1788450021.44,174.79,-0.02,0.15,MANIPULATE,atravessa,2,2
1788450021.55,174.90,-0.02,0.28,MANIPULATE,atravessa,1,1
1788450021.64,174.99,-0.03,0.23,MANIPULATE,atravessa,3,3
1788450021.74,175.09,-0.03,0.05,MANIPULATE,atravessa,2,2
1788450021.85,175.19,-0.02,0.04,MANIPULATE,atravessa,2,2
1788450021.95,175.29,-0.02,0.14,MANIPULATE,atravessa,2,2
1788450022.05,175.39,-0.02,0.24,MANIPULATE,atravessa,2,2
1788450022.15,175.49,-0.03,0.22,MANIPULATE,atravessa,2,2
1788450022.25,175.59,-0.03,0.06,MANIPULATE,atravessa,1,1
1788450022.36,175.69,-0.03,0.01,MANIPULATE,atravessa,3,3
1788450022.46,175.79,-0.03,0.08,MANIPULATE,atravessa,2,2
1788450022.56,175.90,-0.03,0.16,MANIPULATE,atravessa,2,2
1788450022.66,175.99,-0.03,0.24,MANIPULATE,atravessa,2,2
1788450022.76,176.09,-0.03,0.09,MANIPULATE,atravessa,2,2
1788450022.86,176.19,-0.03,0.02,MANIPULATE,atravessa,2,2
1788450022.96,176.29,-0.03,0.07,MANIPULATE,atravessa,2,2
1788450023.06,176.39,-0.03,0.13,MANIPULATE,atravessa,2,2
1788450023.16,176.49,-0.03,0.21,MANIPULATE,atravessa,2,2
1788450023.26,176.59,-0.03,0.10,MANIPULATE,atravessa,2,2
1788450023.36,176.69,-0.03,0.01,MANIPULATE,atravessa,2,2
1788450023.46,176.79,-0.03,0.09,MANIPULATE,atravessa,2,2
1788450023.57,176.90,-0.03,0.19,MANIPULATE,atravessa,2,2
1788450023.66,176.99,-0.04,0.12,MANIPULATE,atravessa,2,2
1788450023.76,177.09,-0.04,0.02,MANIPULATE,atravessa,2,2
1788450023.87,177.19,-0.03,0.07,MANIPULATE,atravessa,2,2
1788450023.97,177.29,-0.03,0.16,MANIPULATE,atravessa,2,2
1788450024.06,177.39,-0.03,0.12,MANIPULATE,atravessa,2,2
1788450024.17,177.49,-0.04,0.02,MANIPULATE,atravessa,2,2
1788450024.27,177.59,-0.03,0.06,MANIPULATE,atravessa,2,2
1788450024.37,177.70,-0.03,0.13,MANIPULATE,atravessa,2,2
1788450024.47,177.79,-0.00,0.11,MANIPULATE,atravessa,2,2
1788450024.57,177.89,-0.03,-0.02,MANIPULATE,atravessa,2,2
1788450024.67,177.99,-0.04,0.01,MANIPULATE,atravessa,2,2
1788450024.77,178.09,-0.04,0.01,MANIPULATE,atravessa,2,2
1788450024.87,178.19,-0.04,-0.01,MANIPULATE,atravessa,2,2
1788450024.97,178.29,-0.04,-0.01,MANIPULATE,atravessa,2,2
1788450025.07,178.39,-0.04,0.01,MANIPULATE,atravessa,2,2
1788450025.17,178.49,-0.04,-0.01,MANIPULATE,atravessa,2,2
1788450025.27,178.59,-0.04,-0.01,MANIPULATE,atravessa,2,2
1788450025.37,178.69,-0.04,-0.01,MANIPULATE,atravessa,2,2
1788450025.47,178.79,-0.04,-0.01,MANIPULATE,atravessa,2,2
1788450025.57,178.89,-0.04,-0.01,MANIPULATE,atravessa,2,2
1788450025.67,178.99,-0.04,-0.01,MANIPULATE,atravessa,2,2
1788450025.78,179.10,-0.04,-0.01,MANIPULATE,atravessa,2,2
1788450025.88,179.19,-0.04,-0.01,MANIPULATE,atravessa,2,2
1788450025.98,179.29,-0.05,-0.01,MANIPULATE,atravessa,2,2
1788450026.08,179.39,-0.05,0.01,MANIPULATE,atravessa,2,2
1788450026.18,179.50,-0.05,0.01,MANIPULATE,atravessa,2,2
1788450026.28,179.59,-0.05,-0.01,MANIPULATE,atravessa,2,2
1788450026.38,179.69,-0.05,-0.01,MANIPULATE,atravessa,2,2
1788450026.48,179.79,-0.05,-0.00,MANIPULATE,atravessa,2,2
1788450026.58,179.89,-0.05,-0.01,MANIPULATE,atravessa,2,2
1788450026.68,179.99,-0.05,-0.00,MANIPULATE,atravessa,2,2
1788450026.78,180.09,-0.05,-0.00,MANIPULATE,atravessa,2,2
1788450026.88,180.19,-0.07,-0.00,MANIPULATE,atravessa,2,2
1788450026.98,180.29,-0.05,-0.00,MANIPULATE,atravessa,2,2
1788450027.08,180.39,-0.05,-0.00,MANIPULATE,atravessa,2,2
1788450027.18,180.49,-0.05,-0.01,MANIPULATE,atravessa,2,2
1788450027.28,180.59,-0.05,-0.01,MANIPULATE,atravessa,2,2
1788450027.38,180.69,-0.05,-0.01,MANIPULATE,atravessa,2,2
1788450027.48,180.79,-0.05,-0.01,MANIPULATE,atravessa,2,2
1788450027.59,180.89,-0.05,-0.01,MANIPULATE,atravessa,2,2
1788450027.68,180.99,-0.05,0.01,MANIPULATE,atravessa,2,2
1788450027.79,181.10,-0.05,0.01,MANIPULATE,atravessa,2,2
1788450027.89,181.19,-0.05,-0.02,MANIPULATE,atravessa,2,2
1788450027.99,181.29,-0.05,0.01,MANIPULATE,atravessa,2,2
1788450028.09,181.39,-0.05,0.02,MANIPULATE,atravessa,2,2
1788450028.19,181.49,-0.05,-0.02,MANIPULATE,atravessa,2,2
1788450028.29,181.59,-0.05,0.02,MANIPULATE,atravessa,2,2
1788450028.39,181.69,-0.05,0.02,MANIPULATE,atravessa,2,2
1788450028.49,181.79,-0.05,0.02,MANIPULATE,atravessa,2,2
1788450028.59,181.89,-0.05,0.02,MANIPULATE,atravessa,2,2
1788450028.69,181.99,-0.04,0.02,MANIPULATE,atravessa,2,2
1788450028.79,182.09,-0.04,0.02,MANIPULATE,atravessa,2,2
1788450028.89,182.19,-0.04,-0.02,MANIPULATE,atravessa,1,1
1788450028.99,182.29,-0.04,0.02,MANIPULATE,atravessa,3,3
1788450029.09,182.39,-0.04,-0.01,MANIPULATE,atravessa,2,2
1788450029.19,182.49,-0.04,0.02,MANIPULATE,atravessa,2,2
1788450029.29,182.59,-0.04,0.02,MANIPULATE,atravessa,2,2
1788450029.39,182.69,-0.04,0.02,MANIPULATE,atravessa,2,2
1788450029.49,182.79,-0.04,0.02,MANIPULATE,atravessa,2,2
1788450029.60,182.90,-0.04,0.05,MANIPULATE,atravessa,2,2
1788450029.69,182.99,-0.05,-0.01,MANIPULATE,atravessa,2,2
1788450029.80,183.09,-0.05,-0.01,MANIPULATE,atravessa,2,2
1788450029.90,183.19,-0.05,0.01,MANIPULATE,atravessa,2,2
1788450030.00,183.29,-0.05,-0.01,MANIPULATE,atravessa,2,2
1788450030.10,183.39,-0.05,-0.01,MANIPULATE,atravessa,2,2
1788450030.20,183.49,-0.05,0.01,MANIPULATE,atravessa,2,2
1788450030.30,183.59,-0.05,-0.01,MANIPULATE,atravessa,2,2
1788450030.40,183.69,-0.06,-0.01,MANIPULATE,atravessa,2,2
1788450030.50,183.79,-0.05,-0.01,MANIPULATE,atravessa,2,2
1788450030.60,183.89,-0.06,-0.01,MANIPULATE,atravessa,2,2
1788450030.70,183.99,-0.06,-0.01,MANIPULATE,atravessa,2,2
1788450030.80,184.09,-0.06,-0.01,MANIPULATE,atravessa,2,2
1788450030.90,184.19,-0.06,-0.01,MANIPULATE,atravessa,2,2
1788450031.00,184.29,-0.06,-0.01,MANIPULATE,atravessa,2,2
1788450031.10,184.39,-0.06,-0.00,MANIPULATE,atravessa,2,2
1788450031.20,184.49,-0.06,-0.00,MANIPULATE,atravessa,2,2
1788450031.30,184.59,-0.06,-0.00,MANIPULATE,atravessa,2,2
1788450031.41,184.69,-0.06,-0.00,MANIPULATE,atravessa,1,1
1788450031.51,184.79,-0.06,-0.00,MANIPULATE,atravessa,3,3
1788450031.61,184.90,-0.06,-0.00,MANIPULATE,atravessa,2,2
1788450031.71,184.99,-0.06,-0.00,MANIPULATE,atravessa,2,2
1788450031.81,185.09,-0.06,-0.01,MANIPULATE,atravessa,2,2
1788450031.91,185.19,-0.06,-0.01,MANIPULATE,atravessa,2,2
1788450032.01,185.29,-0.06,-0.01,MANIPULATE,atravessa,2,2
1788450032.11,185.39,-0.06,-0.01,MANIPULATE,atravessa,2,2
1788450032.21,185.49,-0.06,-0.01,MANIPULATE,atravessa,2,2
1788450032.31,185.59,-0.06,-0.01,MANIPULATE,atravessa,2,2
1788450032.41,185.69,-0.06,-0.01,MANIPULATE,atravessa,2,2
1788450032.51,185.79,-0.06,-0.01,MANIPULATE,atravessa,2,2
1788450032.62,185.90,-0.07,-0.01,MANIPULATE,atravessa,2,2
1788450032.72,185.99,-0.06,0.01,MANIPULATE,atravessa,2,2
1788450032.82,186.09,-0.06,-0.01,MANIPULATE,atravessa,2,2
1788450032.92,186.19,-0.06,-0.01,MANIPULATE,atravessa,2,2
1788450033.02,186.29,-0.06,0.01,MANIPULATE,atravessa,2,2
1788450033.12,186.39,-0.06,-0.02,MANIPULATE,atravessa,2,2
1788450033.22,186.49,-0.06,-0.02,MANIPULATE,atravessa,2,2
1788450033.32,186.59,-0.06,0.02,MANIPULATE,atravessa,2,2
1788450033.42,186.69,-0.06,0.01,MANIPULATE,atravessa,2,2
1788450033.52,186.79,-0.06,-0.01,MANIPULATE,atravessa,2,2
1788450033.62,186.89,-0.06,-0.01,MANIPULATE,atravessa,2,2
1788450033.72,186.99,-0.06,-0.00,MANIPULATE,atravessa,2,2
1788450033.82,187.09,-0.06,0.00,MANIPULATE,atravessa,2,2
1788450033.93,187.19,-0.06,-0.00,MANIPULATE,atravessa,2,2
1788450034.02,187.29,-0.06,-0.00,MANIPULATE,atravessa,2,2
1788450034.13,187.39,-0.06,-0.01,MANIPULATE,atravessa,2,2
1788450034.23,187.49,-0.06,-0.00,MANIPULATE,atravessa,2,2
1788450034.33,187.59,-0.06,-0.00,MANIPULATE,atravessa,2,2
1788450034.43,187.69,-0.07,0.00,MANIPULATE,atravessa,2,2
1788450034.53,187.79,-0.07,-0.01,MANIPULATE,atravessa,2,2
1788450034.63,187.89,-0.07,-0.01,MANIPULATE,atravessa,2,2
1788450034.73,187.99,-0.07,-0.01,MANIPULATE,atravessa,2,2
1788450034.83,188.09,-0.07,-0.02,MANIPULATE,atravessa,2,2
1788450034.93,188.19,-0.07,-0.02,MANIPULATE,atravessa,2,2
1788450035.03,188.29,-0.07,0.01,MANIPULATE,atravessa,2,2
1788450035.14,188.40,-0.07,-0.01,MANIPULATE,atravessa,2,2
1788450035.23,188.49,-0.07,0.00,MANIPULATE,atravessa,2,2
1788450035.33,188.59,-0.07,-0.01,MANIPULATE,atravessa,2,2
1788450035.44,188.69,-0.07,-0.01,MANIPULATE,atravessa,2,2
1788450035.54,188.79,-0.07,-0.02,MANIPULATE,atravessa,2,2
1788450035.64,188.89,-0.06,-0.02,MANIPULATE,atravessa,2,2
1788450035.74,188.99,-0.07,0.02,MANIPULATE,atravessa,2,2
1788450035.84,189.09,-0.07,-0.02,MANIPULATE,atravessa,2,2
1788450035.94,189.19,-0.07,0.02,MANIPULATE,atravessa,2,2
1788450036.04,189.29,-0.07,-0.02,MANIPULATE,atravessa,2,2
1788450036.14,189.39,-0.07,-0.01,MANIPULATE,atravessa,2,2
1788450036.24,189.49,-0.07,-0.01,MANIPULATE,atravessa,2,2
1788450036.34,189.59,-0.07,-0.01,MANIPULATE,atravessa,2,2
1788450036.44,189.69,-0.07,-0.00,MANIPULATE,atravessa,2,2
1788450036.55,189.79,-0.07,-0.01,MANIPULATE,atravessa,2,2
1788450036.65,189.89,-0.07,-0.00,MANIPULATE,atravessa,2,2
1788450036.75,189.99,-0.07,-0.00,MANIPULATE,atravessa,1,1
1788450036.85,190.09,-0.07,-0.00,MANIPULATE,atravessa,3,3
1788450036.95,190.19,-0.07,-0.01,MANIPULATE,atravessa,2,2
1788450037.05,190.29,-0.07,-0.01,MANIPULATE,atravessa,2,2
1788450037.15,190.39,-0.07,-0.00,MANIPULATE,atravessa,2,2
1788450037.25,190.49,-0.07,-0.01,MANIPULATE,atravessa,2,2
1788450037.35,190.59,-0.08,-0.01,MANIPULATE,atravessa,2,2
1788450037.45,190.69,-0.07,-0.01,MANIPULATE,atravessa,2,2
1788450037.55,190.79,-0.07,-0.00,MANIPULATE,atravessa,2,2
1788450037.65,190.89,-0.08,-0.02,MANIPULATE,atravessa,2,2
1788450037.75,190.99,-0.08,-0.01,MANIPULATE,atravessa,2,2
1788450037.86,191.09,-0.08,-0.02,MANIPULATE,atravessa,2,2
1788450037.96,191.19,-0.08,-0.01,MANIPULATE,atravessa,2,2
1788450038.06,191.29,-0.08,-0.01,MANIPULATE,atravessa,2,2
1788450038.16,191.39,-0.08,-0.01,MANIPULATE,atravessa,2,2
1788450038.26,191.49,-0.07,-0.01,MANIPULATE,atravessa,2,2
1788450038.36,191.59,-0.08,-0.01,MANIPULATE,atravessa,2,2
1788450038.46,191.69,-0.07,-0.01,MANIPULATE,atravessa,2,2
1788450038.56,191.79,-0.08,-0.02,MANIPULATE,atravessa,2,2
1788450038.67,191.89,-0.08,-0.02,MANIPULATE,atravessa,2,2
1788450038.77,191.99,-0.08,0.02,MANIPULATE,atravessa,2,2
1788450038.87,192.09,-0.08,-0.02,MANIPULATE,atravessa,2,2
1788450038.97,192.19,-0.08,0.01,MANIPULATE,atravessa,2,2
1788450039.07,192.29,-0.07,0.01,MANIPULATE,atravessa,2,2
1788450039.17,192.39,-0.07,-0.01,MANIPULATE,atravessa,2,2
1788450039.27,192.49,-0.07,-0.00,MANIPULATE,atravessa,2,2
1788450039.37,192.59,-0.07,0.00,MANIPULATE,atravessa,2,2
1788450039.47,192.69,-0.07,-0.01,MANIPULATE,atravessa,2,2
1788450039.57,192.79,-0.08,-0.00,MANIPULATE,atravessa,2,2
1788450039.67,192.89,-0.08,-0.00,MANIPULATE,atravessa,2,2
1788450039.77,192.99,-0.08,-0.01,MANIPULATE,atravessa,2,2
1788450039.87,193.09,-0.08,-0.01,MANIPULATE,atravessa,2,2
1788450039.97,193.19,-0.08,0.00,MANIPULATE,atravessa,2,2
1788450040.07,193.29,-0.08,-0.01,MANIPULATE,atravessa,2,2
1788450040.17,193.39,-0.09,-0.01,MANIPULATE,atravessa,2,2
1788450040.27,193.49,-0.09,-0.01,MANIPULATE,atravessa,2,2
1788450040.37,193.59,-0.08,-0.01,MANIPULATE,atravessa,2,2
1788450040.47,193.69,-0.08,-0.01,MANIPULATE,atravessa,2,2
1788450040.57,193.79,-0.08,-0.01,MANIPULATE,atravessa,2,2
1788450040.67,193.89,-0.08,0.02,MANIPULATE,atravessa,2,2
1788450040.77,193.99,-0.08,-0.01,MANIPULATE,atravessa,2,2
1788450040.87,194.09,-0.08,-0.02,MANIPULATE,atravessa,2,2
1788450040.97,194.19,-0.08,-0.02,MANIPULATE,atravessa,2,2
1788450041.07,194.29,-0.08,-0.01,MANIPULATE,atravessa,2,2
1788450041.17,194.39,-0.08,-0.00,MANIPULATE,atravessa,2,2
1788450041.27,194.50,-0.08,-0.01,MANIPULATE,atravessa,2,2
1788450041.37,194.59,-0.08,-0.01,MANIPULATE,atravessa,2,2
1788450041.47,194.69,-0.08,-0.00,MANIPULATE,atravessa,2,2
1788450041.58,194.79,-0.09,-0.02,MANIPULATE,atravessa,2,2
1788450041.67,194.89,-0.09,-0.01,MANIPULATE,atravessa,2,2
1788450041.78,194.99,-0.09,-0.01,MANIPULATE,atravessa,2,2
1788450041.87,195.09,-0.09,-0.02,MANIPULATE,atravessa,2,2
1788450041.98,195.19,-0.08,-0.01,MANIPULATE,atravessa,2,2
1788450042.08,195.29,-0.09,-0.01,MANIPULATE,atravessa,2,2
1788450042.18,195.39,-0.08,0.01,MANIPULATE,atravessa,2,2
1788450042.28,195.49,-0.08,-0.01,MANIPULATE,atravessa,2,2
1788450042.38,195.59,-0.08,-0.00,MANIPULATE,atravessa,2,2
1788450042.48,195.69,-0.09,-0.00,MANIPULATE,atravessa,2,2
1788450042.58,195.79,-0.09,0.01,MANIPULATE,atravessa,2,2
1788450042.68,195.89,-0.09,0.00,MANIPULATE,atravessa,2,2
1788450042.78,196.00,-0.09,-0.01,MANIPULATE,atravessa,2,2
1788450042.88,196.09,-0.09,0.00,MANIPULATE,atravessa,2,2
1788450042.98,196.19,-0.09,-0.01,MANIPULATE,atravessa,2,2
1788450043.08,196.30,-0.09,-0.02,MANIPULATE,atravessa,2,2
1788450043.18,196.39,-0.09,-0.02,MANIPULATE,atravessa,2,2
1788450043.29,196.50,-0.09,-0.02,MANIPULATE,atravessa,2,2
1788450043.39,196.59,-0.10,-0.01,MANIPULATE,atravessa,2,2
1788450043.48,196.69,-0.09,-0.02,MANIPULATE,atravessa,2,2
1788450043.58,196.79,-0.10,-0.01,MANIPULATE,atravessa,2,2
1788450043.69,196.89,-0.10,-0.01,MANIPULATE,atravessa,2,2
1788450043.79,196.99,-0.09,-0.01,MANIPULATE,atravessa,2,2
1788450043.89,197.09,-0.09,-0.01,MANIPULATE,atravessa,2,2
1788450043.99,197.19,-0.10,-0.01,MANIPULATE,atravessa,2,2
1788450044.09,197.29,-0.09,-0.02,MANIPULATE,atravessa,2,2
1788450044.19,197.40,-0.10,-0.01,MANIPULATE,atravessa,2,2
1788450044.29,197.49,-0.09,-0.01,MANIPULATE,atravessa,2,2
1788450044.39,197.59,-0.10,-0.01,MANIPULATE,atravessa,2,2
1788450044.49,197.69,-0.09,-0.01,MANIPULATE,atravessa,2,2
1788450044.59,197.79,-0.09,-0.02,MANIPULATE,atravessa,2,2
1788450044.69,197.89,-0.09,-0.02,MANIPULATE,atravessa,2,2
1788450044.79,198.00,-0.09,-0.01,MANIPULATE,atravessa,2,2
1788450044.89,198.09,-0.10,-0.01,MANIPULATE,atravessa,2,2
1788450044.99,198.19,-0.10,-0.02,MANIPULATE,atravessa,2,2
1788450045.09,198.29,-0.10,-0.02,MANIPULATE,atravessa,2,2
1788450045.19,198.39,-0.10,-0.01,MANIPULATE,atravessa,2,2
1788450045.29,198.49,-0.10,0.01,MANIPULATE,atravessa,2,2
1788450045.39,198.59,-0.10,0.00,MANIPULATE,atravessa,2,2
1788450045.49,198.69,-0.09,-0.01,MANIPULATE,atravessa,2,2
1788450045.59,198.79,-0.06,-0.01,MANIPULATE,atravessa,2,2
1788450045.70,198.89,-0.08,-0.02,MANIPULATE,atravessa,2,2
1788450045.80,198.99,-0.09,0.01,MANIPULATE,atravessa,2,2
1788450045.90,199.09,-0.10,-0.01,MANIPULATE,atravessa,2,2
1788450046.00,199.19,-0.10,-0.00,MANIPULATE,atravessa,2,2
1788450046.10,199.29,-0.09,-0.01,MANIPULATE,atravessa,2,2
1788450046.20,199.39,-0.10,-0.01,MANIPULATE,atravessa,2,2
1788450046.30,199.49,-0.10,0.01,MANIPULATE,atravessa,2,2
1788450046.40,199.59,-0.10,-0.00,MANIPULATE,atravessa,2,2
1788450046.50,199.69,-0.10,-0.01,MANIPULATE,atravessa,2,2
1788450046.60,199.79,-0.10,-0.01,MANIPULATE,atravessa,1,1
1788450046.70,199.90,-0.08,-0.02,MANIPULATE,atravessa,1,2
1788450046.80,200.00,-0.09,-0.02,MANIPULATE,atravessa,0,0
1788450046.91,200.09,-0.09,-0.01,MANIPULATE,atravessa,0,0
1788450047.01,200.19,-0.09,-0.01,MANIPULATE,atravessa,0,0
1788450047.11,200.29,-0.10,-0.01,MANIPULATE,atravessa,0,0
1788450047.21,200.39,-0.10,-0.01,MANIPULATE,atravessa,0,0
1788450047.31,200.50,-0.09,-0.01,MANIPULATE,captura,0,0
1788450047.41,200.59,-0.10,-0.01,MANIPULATE,captura,0,0
1788450047.52,200.69,-0.09,0.01,MANIPULATE,captura,0,0
1788450047.61,200.79,-0.10,-0.01,MANIPULATE,captura,2,2
1788450047.71,200.89,-0.08,-0.02,MANIPULATE,captura,2,2
1788450047.81,200.99,-0.08,-0.02,MANIPULATE,captura,2,2
1788450047.91,201.09,-0.08,0.01,MANIPULATE,captura,2,2
1788450048.02,201.19,-0.07,0.01,MANIPULATE,captura,2,2
1788450048.12,201.29,-0.08,-0.02,MANIPULATE,captura,2,2
1788450048.21,201.39,-0.07,0.01,MANIPULATE,captura,2,2
1788450048.31,201.49,-0.07,0.01,MANIPULATE,captura,2,2
1788450048.42,201.59,-0.08,-0.01,MANIPULATE,captura,2,2
1788450048.52,201.69,-0.08,-0.02,MANIPULATE,captura,2,2
1788450048.62,201.79,-0.08,-0.02,MANIPULATE,captura,2,2
1788450048.72,201.90,-0.07,0.01,MANIPULATE,captura,2,2
1788450048.82,201.99,-0.08,-0.02,MANIPULATE,captura,2,2
1788450048.92,202.09,-0.07,-0.01,MANIPULATE,captura,2,2
1788450049.02,202.19,-0.08,-0.01,MANIPULATE,captura,2,2
1788450049.12,202.29,-0.07,-0.01,MANIPULATE,captura,2,2
1788450049.22,202.39,-0.08,-0.01,MANIPULATE,captura,2,2
1788450049.32,202.49,-0.08,-0.01,MANIPULATE,captura,2,2
1788450049.42,202.59,-0.07,-0.02,MANIPULATE,captura,2,2
1788450049.53,202.69,-0.07,-0.02,MANIPULATE,captura,2,2
1788450049.63,202.79,-0.07,-0.02,MANIPULATE,captura,2,2
1788450049.73,202.90,-0.07,-0.02,MANIPULATE,captura,2,2
1788450049.83,202.99,-0.07,-0.01,MANIPULATE,captura,2,2
1788450049.93,203.09,-0.07,-0.02,MANIPULATE,captura,2,2
1788450050.03,203.19,-0.06,0.02,MANIPULATE,captura,2,2
1788450050.13,203.29,-0.07,-0.02,MANIPULATE,captura,2,2
1788450050.23,203.39,-0.07,-0.02,MANIPULATE,captura,2,2
1788450050.33,203.50,-0.06,0.01,MANIPULATE,captura,2,2
1788450050.43,203.59,-0.06,-0.01,MANIPULATE,captura,1,1
1788450050.53,203.69,-0.06,-0.01,MANIPULATE,captura,3,3
1788450050.63,203.79,-0.06,-0.01,MANIPULATE,captura,2,2
1788450050.73,203.89,-0.06,-0.01,MANIPULATE,captura,2,2
1788450050.84,203.99,-0.05,-0.01,MANIPULATE,captura,2,2
1788450050.94,204.09,-0.05,0.01,MANIPULATE,captura,2,2
1788450051.04,204.19,-0.05,-0.02,MANIPULATE,captura,2,2
1788450051.14,204.29,-0.04,0.01,MANIPULATE,captura,2,2
1788450051.24,204.40,-0.05,-0.01,MANIPULATE,captura,2,2
1788450051.34,204.49,-0.05,-0.01,MANIPULATE,captura,2,2
1788450051.44,204.59,-0.05,-0.01,MANIPULATE,captura,2,2
1788450051.54,204.69,-0.04,0.01,MANIPULATE,captura,2,2
1788450051.64,204.79,-0.04,0.01,MANIPULATE,captura,2,2
1788450051.74,204.89,-0.04,-0.01,MANIPULATE,captura,2,2
1788450051.84,204.99,-0.04,-0.01,MANIPULATE,captura,2,2
1788450051.94,205.09,-0.04,-0.01,MANIPULATE,captura,2,2
1788450052.04,205.19,-0.03,-0.01,MANIPULATE,captura,2,2
1788450052.14,205.29,-0.03,-0.01,MANIPULATE,captura,2,2
1788450052.24,205.39,-0.03,0.01,MANIPULATE,captura,2,2
1788450052.34,205.49,-0.03,-0.01,MANIPULATE,captura,2,2
1788450052.44,205.59,-0.03,0.01,MANIPULATE,captura,2,2
1788450052.54,205.69,-0.03,0.01,MANIPULATE,captura,2,2
1788450052.64,205.79,-0.03,-0.01,MANIPULATE,captura,2,2
1788450052.74,205.89,-0.03,0.01,MANIPULATE,captura,2,2
1788450052.84,205.99,-0.02,0.01,MANIPULATE,captura,2,2
1788450052.95,206.09,-0.02,0.01,MANIPULATE,captura,2,2
1788450053.05,206.19,-0.02,0.02,MANIPULATE,captura,1,1
1788450053.15,206.29,-0.01,0.03,MANIPULATE,captura,3,3
1788450053.25,206.39,-0.01,0.10,MANIPULATE,captura,2,2
1788450053.35,206.49,-0.02,0.16,MANIPULATE,captura,2,2
1788450053.45,206.59,-0.01,0.23,MANIPULATE,captura,2,2
1788450053.55,206.69,-0.01,0.29,MANIPULATE,captura,2,2
1788450053.65,206.79,-0.01,0.34,MANIPULATE,captura,2,2
1788450053.75,206.89,-0.01,0.41,MANIPULATE,captura,2,2
1788450053.85,206.99,-0.01,0.48,MANIPULATE,captura,2,2
1788450053.95,207.09,-0.01,0.55,MANIPULATE,captura,2,2
1788450054.05,207.19,-0.00,0.55,MANIPULATE,captura,2,2
1788450054.15,207.29,-0.01,0.55,MANIPULATE,captura,2,2
1788450054.25,207.39,-0.01,0.56,MANIPULATE,captura,2,2
1788450054.35,207.49,0.01,0.55,MANIPULATE,captura,2,2
1788450054.45,207.59,-0.00,0.55,MANIPULATE,captura,2,2
1788450054.55,207.69,-0.01,0.55,MANIPULATE,captura,2,2
1788450054.65,207.79,-0.01,0.55,MANIPULATE,captura,2,2
1788450054.76,207.89,-0.00,0.56,MANIPULATE,captura,2,2
1788450054.86,207.99,-0.01,0.55,MANIPULATE,captura,2,2
1788450054.96,208.09,-0.02,0.56,MANIPULATE,captura,2,2
1788450055.06,208.19,-0.01,0.56,MANIPULATE,captura,2,2
1788450055.16,208.30,-0.01,0.56,MANIPULATE,captura,2,2
1788450055.26,208.39,-0.00,0.55,MANIPULATE,captura,1,1
1788450055.36,208.49,0.00,0.56,MANIPULATE,captura,3,3
1788450055.46,208.59,0.00,0.55,MANIPULATE,captura,2,2
1788450055.56,208.69,2.67,0.41,MANIPULATE,captura,2,2
1788450055.66,208.79,5.95,0.25,MANIPULATE,captura,2,2
1788450055.76,208.89,5.28,0.08,MANIPULATE,captura,2,2
1788450055.86,208.99,4.75,-0.03,MANIPULATE,captura,2,2
1788450055.96,209.09,4.11,-0.03,MANIPULATE,captura,2,2
1788450056.06,209.19,3.49,0.02,MANIPULATE,captura,2,2
1788450056.16,209.29,2.93,-0.02,MANIPULATE,captura,2,2
1788450056.26,209.39,2.40,-0.03,MANIPULATE,captura,2,2
1788450056.36,209.49,1.88,-0.02,MANIPULATE,captura,2,2
1788450056.46,209.59,1.41,-0.02,MANIPULATE,captura,2,2
1788450056.56,209.69,0.96,-0.03,MANIPULATE,captura,2,2
1788450056.66,209.79,0.54,-0.03,MANIPULATE,captura,2,2
1788450056.76,209.89,0.13,-0.04,MANIPULATE,captura,2,2
1788450056.86,209.99,0.01,-0.05,MANIPULATE,captura,2,2
1788450056.96,210.09,-0.00,-0.05,MANIPULATE,captura,2,2
1788450057.06,210.19,0.00,-0.04,MANIPULATE,captura,2,2
1788450057.17,210.29,-0.01,-0.06,MANIPULATE,captura,2,2
1788450057.26,210.39,-0.01,-0.11,MANIPULATE,captura,2,2
1788450057.36,210.49,-0.01,-0.03,MANIPULATE,captura,2,2
1788450057.47,210.59,-0.05,0.09,MANIPULATE,captura,2,2
1788450057.57,210.69,-0.08,0.13,MANIPULATE,captura,2,2
1788450057.67,210.79,-0.08,0.27,MANIPULATE,captura,2,2
1788450057.77,210.89,-0.15,0.19,MANIPULATE,captura,2,2
1788450057.87,210.99,-0.05,0.29,MANIPULATE,captura,2,2
1788450057.97,211.09,-0.09,0.33,MANIPULATE,captura,2,2
1788450058.07,211.19,-0.09,0.25,MANIPULATE,captura,2,2
1788450058.17,211.29,-0.08,0.23,MANIPULATE,captura,2,2
1788450058.27,211.39,-0.07,0.29,MANIPULATE,captura,2,2
1788450058.37,211.49,-0.05,0.32,MANIPULATE,captura,2,2
1788450058.47,211.59,-0.04,0.34,MANIPULATE,captura,2,2
1788450058.57,211.69,-0.10,0.26,MANIPULATE,captura,2,2
1788450058.67,211.79,-0.07,0.25,MANIPULATE,captura,2,2
1788450058.78,211.89,-0.04,0.23,MANIPULATE,captura,2,2
1788450058.88,211.99,-0.01,0.22,MANIPULATE,captura,2,2
1788450058.98,212.09,-0.00,0.27,MANIPULATE,captura,2,2
1788450059.08,212.19,-0.03,0.31,MANIPULATE,captura,2,2
1788450059.18,212.29,-0.08,0.09,MANIPULATE,captura,2,2
1788450059.28,212.39,-0.00,0.12,MANIPULATE,captura,2,2
1788450059.38,212.49,-0.04,0.08,MANIPULATE,captura,2,2
1788450059.48,212.59,-0.03,0.23,MANIPULATE,captura,2,2
1788450059.58,212.69,-0.02,0.26,MANIPULATE,captura,2,2
1788450059.68,212.79,-0.05,0.07,MANIPULATE,captura,2,2
1788450059.78,212.89,-0.03,0.23,MANIPULATE,captura,2,2
1788450059.88,212.99,-0.02,0.11,MANIPULATE,captura,2,2
1788450059.98,213.09,-0.02,0.23,MANIPULATE,captura,2,2
1788450060.08,213.19,-0.08,0.11,MANIPULATE,captura,2,2
1788450060.19,213.30,0.27,0.39,MANIPULATE,captura,2,2
1788450060.29,213.40,-0.51,0.36,MANIPULATE,captura,2,2
1788450060.38,213.49,-0.34,0.09,MANIPULATE,captura,2,2
1788450060.48,213.59,0.32,-0.12,MANIPULATE,captura,2,2
1788450060.58,213.69,-0.52,0.46,MANIPULATE,captura,2,2
1788450060.68,213.79,0.01,-0.01,MANIPULATE,captura,1,1
1788450060.79,213.90,0.00,-0.01,MANIPULATE,captura,3,3
1788450060.89,213.99,0.01,-0.01,MANIPULATE,captura,1,1
1788450060.99,214.09,-0.00,-0.01,MANIPULATE,captura,3,3
1788450061.09,214.19,0.01,-0.01,MANIPULATE,captura,2,2
1788450061.19,214.29,0.00,-0.01,MANIPULATE,captura,2,2
1788450061.29,214.39,-0.00,-0.01,MANIPULATE,captura,2,2
1788450061.39,214.50,0.00,-0.01,MANIPULATE,captura,2,2
1788450061.49,214.59,-0.01,-0.01,MANIPULATE,captura,2,2
1788450061.59,214.69,-0.01,-0.01,MANIPULATE,captura,2,2
1788450061.69,214.79,-0.01,-0.01,MANIPULATE,captura,2,2
1788450061.79,214.89,-0.00,-0.01,MANIPULATE,captura,2,2
1788450061.89,214.99,0.00,0.00,MANIPULATE,captura,2,2
1788450061.99,215.09,-0.00,-0.01,MANIPULATE,captura,2,2
1788450062.09,215.19,0.00,-0.01,MANIPULATE,captura,2,2
1788450062.19,215.29,0.00,0.00,MANIPULATE,captura,2,2
1788450062.30,215.39,0.01,-0.01,MANIPULATE,captura,2,2
1788450062.40,215.49,0.03,-0.01,MANIPULATE,captura,2,2
1788450062.50,215.59,0.05,-0.01,MANIPULATE,captura,2,2
1788450062.60,215.69,0.09,-0.01,MANIPULATE,captura,2,2
1788450062.70,215.79,0.15,-0.00,MANIPULATE,captura,2,2
1788450062.80,215.89,0.28,0.01,MANIPULATE,captura,2,2
1788450062.90,215.99,0.55,-0.01,MANIPULATE,captura,2,2
1788450063.00,216.09,0.81,-0.01,MANIPULATE,captura,2,2
1788450063.10,216.19,1.08,0.01,MANIPULATE,captura,2,2
1788450063.21,216.29,1.36,-0.01,MANIPULATE,captura,2,2
1788450063.30,216.39,1.63,0.01,MANIPULATE,captura,2,2
1788450063.41,216.50,1.93,0.01,MANIPULATE,captura,2,2
1788450063.51,216.59,2.22,0.01,MANIPULATE,captura,2,2
1788450063.61,216.69,2.52,0.01,MANIPULATE,captura,2,2
1788450063.71,216.79,2.81,0.03,MANIPULATE,captura,2,2
1788450063.81,216.89,3.05,0.01,MANIPULATE,captura,2,2
1788450063.91,216.99,3.29,0.02,MANIPULATE,captura,2,2
1788450064.01,217.09,3.48,0.06,MANIPULATE,captura,2,2
1788450064.11,217.19,3.64,0.13,MANIPULATE,captura,2,2
1788450064.21,217.29,3.86,0.22,MANIPULATE,captura,2,2
1788450064.31,217.39,4.00,0.31,MANIPULATE,captura,2,2
1788450064.41,217.49,4.17,0.41,MANIPULATE,captura,2,2
1788450064.51,217.59,4.30,0.52,MANIPULATE,captura,2,2
1788450064.61,217.69,4.32,0.57,MANIPULATE,captura,2,2
1788450064.71,217.79,4.21,0.57,MANIPULATE,captura,2,3
1788450064.81,217.90,4.14,0.57,MANIPULATE,captura,0,0
1788450064.91,217.99,4.00,0.56,MANIPULATE,captura,0,0
1788450065.01,218.09,3.76,0.56,MANIPULATE,captura,0,0
1788450065.11,218.19,3.58,0.56,MANIPULATE,captura,0,0
1788450065.21,218.29,3.50,0.57,MANIPULATE,captura,0,0
1788450065.32,218.40,3.46,0.56,MANIPULATE,captura,0,0
1788450065.42,218.49,3.45,0.57,MANIPULATE,destrava,0,0
1788450065.52,218.59,3.41,0.56,MANIPULATE,destrava,0,0
1788450065.62,218.69,3.35,0.55,MANIPULATE,destrava,0,0
1788450065.72,218.80,3.30,0.53,MANIPULATE,destrava,2,2
1788450065.83,218.90,3.38,0.56,MANIPULATE,destrava,2,2
1788450065.92,218.99,3.53,0.56,MANIPULATE,destrava,2,2
1788450066.03,219.09,3.69,0.56,MANIPULATE,destrava,2,2
1788450066.13,219.19,3.93,0.57,MANIPULATE,destrava,2,2
1788450066.23,219.29,4.09,0.57,MANIPULATE,destrava,2,2
1788450066.33,219.39,4.20,0.57,MANIPULATE,destrava,2,2
1788450066.43,219.49,4.30,0.57,MANIPULATE,destrava,2,2
1788450066.53,219.59,4.31,0.57,MANIPULATE,destrava,2,2
1788450066.63,219.69,4.18,0.57,MANIPULATE,destrava,2,2
1788450066.73,219.79,4.05,0.57,MANIPULATE,destrava,2,2
1788450066.83,219.89,3.94,0.57,MANIPULATE,destrava,2,2
1788450066.94,220.00,3.86,0.56,MANIPULATE,destrava,2,2
1788450067.03,220.09,3.79,0.57,MANIPULATE,destrava,2,2
1788450067.14,220.19,3.75,0.57,MANIPULATE,destrava,2,2
1788450067.23,220.29,3.74,0.56,MANIPULATE,destrava,2,2
1788450067.34,220.39,3.72,0.56,MANIPULATE,destrava,2,2
1788450067.44,220.49,3.73,0.56,MANIPULATE,destrava,2,2
1788450067.54,220.59,3.76,0.57,MANIPULATE,destrava,2,2
1788450067.64,220.69,3.79,0.57,MANIPULATE,destrava,2,3
1788450067.74,220.79,4.03,0.55,MANIPULATE,destrava,0,0
1788450067.84,220.90,4.87,0.52,MANIPULATE,destrava,0,0
1788450067.94,220.99,5.04,0.50,MANIPULATE,destrava,0,0
1788450068.04,221.09,5.27,0.42,MANIPULATE,destrava,0,0
1788450068.14,221.19,5.29,0.40,MANIPULATE,destrava,0,0
1788450068.24,221.29,5.30,0.36,MANIPULATE,destrava,0,0
1788450068.35,221.40,5.38,0.32,MANIPULATE,destrava,0,0
1788450068.45,221.50,5.45,0.28,MANIPULATE,libera,0,0
1788450068.55,221.59,5.52,0.24,MANIPULATE,libera,0,0
1788450068.65,221.69,5.59,0.18,MANIPULATE,libera,1,1
1788450068.75,221.79,5.86,0.14,MANIPULATE,libera,2,2
1788450068.85,221.89,6.12,0.17,MANIPULATE,libera,2,2
1788450068.95,221.99,6.36,0.16,MANIPULATE,libera,2,2
1788450069.05,222.09,6.68,0.27,MANIPULATE,libera,2,2
1788450069.15,222.19,6.99,0.44,MANIPULATE,libera,2,2
1788450069.25,222.29,7.22,0.51,MANIPULATE,libera,2,2
1788450069.35,222.39,7.72,0.42,MANIPULATE,libera,2,2
1788450069.45,222.50,8.25,0.35,MANIPULATE,libera,2,2
1788450069.55,222.59,8.91,0.35,MANIPULATE,libera,2,2
1788450069.65,222.69,9.67,0.39,MANIPULATE,libera,2,2
1788450069.75,222.79,10.45,0.44,MANIPULATE,libera,1,1
1788450069.85,222.89,11.25,0.48,MANIPULATE,libera,3,3
1788450069.95,222.99,11.82,0.59,MANIPULATE,libera,2,2
1788450070.05,223.09,12.50,0.50,MANIPULATE,libera,2,2
1788450070.15,223.19,13.45,0.56,MANIPULATE,libera,2,2
1788450070.25,223.29,14.29,0.80,MANIPULATE,libera,2,2
1788450070.35,223.39,15.09,0.98,MANIPULATE,libera,2,2
1788450070.45,223.49,15.70,1.42,MANIPULATE,libera,2,2
1788450070.55,223.59,15.92,1.63,MANIPULATE,libera,2,2
1788450070.65,223.69,16.20,1.90,MANIPULATE,libera,2,2
1788450070.76,223.79,16.46,2.11,MANIPULATE,libera,2,2
1788450070.86,223.89,16.74,2.34,MANIPULATE,libera,2,2
1788450070.95,223.99,16.98,2.57,MANIPULATE,libera,2,2
1788450071.06,224.09,17.24,2.78,MANIPULATE,libera,2,2
1788450071.16,224.19,17.48,3.02,MANIPULATE,libera,2,2
1788450071.26,224.29,17.61,3.26,MANIPULATE,libera,2,2
1788450071.36,224.39,17.75,3.48,MANIPULATE,libera,2,2
1788450071.46,224.50,17.90,3.71,MANIPULATE,libera,2,2
1788450071.56,224.59,18.08,3.89,MANIPULATE,libera,2,2
1788450071.66,224.69,18.17,4.11,MANIPULATE,libera,2,2
1788450071.76,224.79,18.29,4.32,MANIPULATE,libera,2,2
1788450071.87,224.89,18.39,4.50,MANIPULATE,libera,2,2
1788450071.96,224.99,18.50,4.70,MANIPULATE,libera,2,2
1788450072.06,225.09,18.59,4.86,MANIPULATE,libera,2,2
1788450072.17,225.19,18.68,5.04,MANIPULATE,libera,2,2
1788450072.27,225.29,18.69,5.20,MANIPULATE,libera,2,2
1788450072.37,225.39,18.74,5.36,MANIPULATE,libera,2,2
1788450072.47,225.49,18.83,5.49,MANIPULATE,libera,2,2
1788450072.57,225.59,18.83,5.64,MANIPULATE,libera,2,2
1788450072.67,225.69,18.39,5.86,MANIPULATE,libera,2,2
1788450072.77,225.79,17.66,6.13,MANIPULATE,libera,2,2
1788450072.87,225.89,16.85,6.42,MANIPULATE,libera,2,2
1788450072.97,225.99,16.07,6.70,MANIPULATE,libera,2,2
1788450073.07,226.09,15.33,6.97,MANIPULATE,libera,2,2
1788450073.17,226.19,14.72,7.17,MANIPULATE,libera,2,2
1788450073.27,226.29,13.59,7.34,MANIPULATE,libera,2,2
1788450073.37,226.39,12.00,7.59,MANIPULATE,libera,2,2
1788450073.47,226.49,10.73,7.76,MANIPULATE,libera,2,2
1788450073.57,226.59,9.77,7.85,MANIPULATE,libera,2,2
1788450073.68,226.70,9.00,7.88,MANIPULATE,libera,2,2
1788450073.78,226.79,8.37,7.90,MANIPULATE,libera,1,2
1788450073.88,226.90,7.74,7.90,MANIPULATE,libera,0,0
1788450073.98,227.00,7.26,7.91,MANIPULATE,libera,0,0
1788450074.08,227.10,7.05,7.93,MANIPULATE,libera,0,0
1788450074.18,227.19,6.81,7.95,MANIPULATE,libera,0,0
1788450074.28,227.29,6.59,7.97,MANIPULATE,libera,0,0
1788450074.39,227.40,6.44,7.99,MANIPULATE,libera,0,0
1788450074.49,227.50,6.52,8.01,MANIPULATE,libera,0,0
1788450074.59,227.59,8.36,8.04,MANIPULATE,libera,0,0
1788450074.69,227.69,10.36,8.45,MANIPULATE,libera,0,0
1788450074.79,227.79,10.89,9.49,MANIPULATE,libera,0,0
1788450074.89,227.89,10.43,10.89,MANIPULATE,libera,0,0
1788450074.99,228.00,10.16,11.53,MANIPULATE,arco1,0,0
1788450075.10,228.10,9.68,11.56,MANIPULATE,arco1,0,0
1788450075.19,228.19,9.42,11.57,MANIPULATE,arco1,1,1
1788450075.30,228.29,9.61,11.75,MANIPULATE,arco1,2,2
1788450075.39,228.39,9.86,11.93,MANIPULATE,arco1,2,2
1788450075.50,228.50,9.86,12.13,MANIPULATE,arco1,2,2
1788450075.60,228.59,9.72,12.42,MANIPULATE,arco1,2,2
1788450075.70,228.69,9.55,12.72,MANIPULATE,arco1,2,2
1788450075.80,228.79,9.38,13.01,MANIPULATE,arco1,2,2
1788450075.90,228.90,9.17,13.33,MANIPULATE,arco1,1,2
1788450076.00,229.00,8.97,13.61,MANIPULATE,arco1,0,0
1788450076.11,229.10,8.91,13.74,MANIPULATE,arco1,0,0
1788450076.20,229.19,8.82,13.78,MANIPULATE,arco1,0,0
1788450076.31,229.30,8.64,13.87,MANIPULATE,arco1,0,0
1788450076.41,229.39,8.53,13.91,MANIPULATE,arco1,0,0
1788450076.52,229.50,8.36,13.93,MANIPULATE,arco1,0,0
1788450076.62,229.59,9.35,13.98,MANIPULATE,arco1,0,0
1788450076.72,229.69,9.98,14.94,MANIPULATE,arco1,0,0
1788450076.82,229.79,6.45,17.31,MANIPULATE,arco1,0,0
1788450076.92,229.89,2.89,19.43,MANIPULATE,arco1,0,0
1788450077.02,229.99,1.36,20.94,MANIPULATE,arco1,0,0
1788450077.12,230.09,0.03,22.40,MANIPULATE,arco1,0,0
1788450077.22,230.19,-0.01,23.65,MANIPULATE,arco1,0,0
1788450077.32,230.29,-0.00,24.87,MANIPULATE,arco1,0,0
1788450077.42,230.39,0.00,26.08,MANIPULATE,arco1,0,0
1788450077.53,230.49,-0.01,27.25,MANIPULATE,arco2,0,0
1788450077.63,230.59,-0.01,27.44,MANIPULATE,arco2,0,0
1788450077.73,230.70,-0.01,27.46,MANIPULATE,arco2,0,0
1788450077.83,230.79,-0.01,27.56,MANIPULATE,arco2,2,2
1788450077.93,230.90,-0.01,27.82,MANIPULATE,arco2,2,2
1788450078.03,230.99,-0.00,27.95,MANIPULATE,arco2,2,2
1788450078.13,231.09,-0.01,28.21,MANIPULATE,arco2,2,2
1788450078.23,231.20,-0.00,28.44,MANIPULATE,arco2,2,2
1788450078.33,231.29,-0.01,28.67,MANIPULATE,arco2,2,2
1788450078.43,231.39,-0.03,28.88,MANIPULATE,arco2,2,3
1788450078.53,231.49,-0.04,29.07,MANIPULATE,arco2,0,0
1788450078.63,231.60,-0.03,29.35,MANIPULATE,arco2,0,0
1788450078.73,231.69,-0.03,29.52,MANIPULATE,arco2,0,0
1788450078.83,231.79,-0.01,29.52,MANIPULATE,arco2,0,0
1788450078.94,231.90,0.01,29.52,MANIPULATE,arco2,0,0
1788450079.04,232.00,0.00,29.46,MANIPULATE,arco2,0,0
1788450079.14,232.09,0.00,29.36,MANIPULATE,arco2,0,0
1788450079.24,232.20,0.00,29.25,MANIPULATE,desengata,0,0
1788450079.35,232.30,0.00,29.17,MANIPULATE,desengata,0,0
1788450079.44,232.39,-0.00,29.08,MANIPULATE,desengata,1,1
1788450079.54,232.49,0.03,28.85,MANIPULATE,desengata,2,2
1788450079.64,232.59,0.14,28.59,MANIPULATE,desengata,2,2
1788450079.75,232.70,0.49,28.33,MANIPULATE,desengata,1,1
1788450079.84,232.79,1.77,27.97,MANIPULATE,desengata,3,3
1788450079.95,232.89,3.19,27.59,MANIPULATE,desengata,2,2
1788450080.05,232.99,4.35,27.28,MANIPULATE,desengata,2,2
1788450080.15,233.10,5.83,26.84,MANIPULATE,desengata,2,2
1788450080.25,233.19,7.01,26.48,MANIPULATE,desengata,2,2
1788450080.35,233.29,7.98,26.16,MANIPULATE,desengata,1,1
1788450080.45,233.40,8.81,25.86,MANIPULATE,desengata,3,3
1788450080.55,233.49,9.53,25.60,MANIPULATE,desengata,2,2
1788450080.65,233.59,10.20,25.33,MANIPULATE,desengata,2,2
1788450080.75,233.69,10.81,25.09,MANIPULATE,desengata,2,2
1788450080.85,233.79,11.32,24.87,MANIPULATE,desengata,2,2
1788450080.96,233.90,11.81,24.64,MANIPULATE,desengata,2,2
1788450081.06,233.99,12.24,24.44,MANIPULATE,desengata,2,2
1788450081.16,234.10,12.61,24.24,MANIPULATE,desengata,2,2
1788450081.26,234.19,12.92,24.07,MANIPULATE,desengata,2,2
1788450081.36,234.29,13.06,24.05,MANIPULATE,desengata,2,2
1788450081.46,234.39,13.06,24.06,MANIPULATE,desengata,2,2
1788450081.57,234.50,13.09,24.07,MANIPULATE,desengata,2,2
1788450081.67,234.59,13.07,24.07,MANIPULATE,desengata,2,2
1788450081.77,234.69,13.35,23.86,MANIPULATE,desengata,2,2
1788450081.87,234.79,13.43,23.76,MANIPULATE,desengata,1,1
1788450081.97,234.89,13.51,23.62,MANIPULATE,desengata,3,3
1788450082.07,234.99,13.51,23.48,MANIPULATE,desengata,2,2
1788450082.17,235.09,13.50,23.47,MANIPULATE,desengata,2,2
1788450082.27,235.19,13.15,23.41,MANIPULATE,desengata,1,1
1788450082.37,235.29,12.81,23.33,MANIPULATE,desengata,3,3
1788450082.47,235.39,12.42,23.22,MANIPULATE,desengata,2,2
1788450082.57,235.49,11.96,23.16,MANIPULATE,desengata,2,2
1788450082.67,235.59,11.93,23.18,MANIPULATE,desengata,2,2
1788450082.77,235.69,12.01,23.18,MANIPULATE,desengata,2,2
1788450082.87,235.79,12.29,23.17,MANIPULATE,desengata,2,2
1788450082.98,235.89,12.75,23.14,MANIPULATE,desengata,2,2
1788450083.08,235.99,13.44,23.14,MANIPULATE,desengata,2,2
1788450083.18,236.09,13.99,23.14,MANIPULATE,desengata,2,2
1788450083.28,236.19,14.35,23.15,MANIPULATE,desengata,2,2
1788450083.38,236.29,14.67,23.16,MANIPULATE,desengata,2,2
1788450083.48,236.39,14.99,23.16,MANIPULATE,desengata,2,2
1788450083.58,236.49,15.39,23.16,MANIPULATE,desengata,2,2
1788450083.68,236.59,15.81,23.17,MANIPULATE,desengata,2,2
1788450083.78,236.69,16.35,23.16,MANIPULATE,desengata,2,2
1788450083.88,236.79,16.71,23.16,MANIPULATE,desengata,2,2
1788450083.98,236.89,16.64,23.16,MANIPULATE,desengata,2,2
1788450084.08,236.99,16.25,23.17,MANIPULATE,desengata,2,2
1788450084.19,237.09,3.77,23.18,MANIPULATE,desengata,2,2
1788450084.28,237.19,0.00,23.18,MANIPULATE,desengata,2,2
1788450084.38,237.29,0.00,23.18,MANIPULATE,desengata,2,2
1788450084.48,237.39,0.00,23.18,MANIPULATE,desengata,2,2
1788450084.59,237.50,0.01,23.18,MANIPULATE,desengata,2,2
1788450084.68,237.59,0.01,23.18,MANIPULATE,desengata,2,2
1788450084.78,237.69,0.01,23.18,MANIPULATE,desengata,2,2
1788450084.89,237.79,-0.00,23.18,MANIPULATE,desengata,2,2
1788450084.99,237.89,0.01,23.18,MANIPULATE,desengata,2,2
1788450085.09,237.99,0.01,23.18,MANIPULATE,desengata,2,2
1788450085.19,238.09,0.00,23.18,MANIPULATE,desengata,2,2
1788450085.29,238.19,0.00,23.18,MANIPULATE,desengata,2,2
1788450085.39,238.29,0.01,23.18,MANIPULATE,desengata,2,2
1788450085.49,238.39,0.00,23.18,MANIPULATE,desengata,2,2
1788450085.59,238.49,0.01,23.18,MANIPULATE,desengata,2,2
1788450085.69,238.59,0.01,23.18,MANIPULATE,desengata,2,2
1788450085.79,238.69,0.01,23.18,MANIPULATE,desengata,2,2
1788450085.89,238.79,-0.00,23.18,MANIPULATE,desengata,2,2
1788450085.99,238.90,-0.00,23.18,MANIPULATE,desengata,2,2
1788450086.09,238.99,-0.00,23.18,MANIPULATE,desengata,2,2
1788450086.19,239.09,0.01,23.18,MANIPULATE,desengata,2,2
1788450086.29,239.19,0.00,23.18,MANIPULATE,desengata,1,2
1788450086.40,239.30,0.01,23.18,MANIPULATE,desengata,0,0
1788450086.50,239.40,0.00,23.18,MANIPULATE,desengata,0,0
1788450086.59,239.49,0.01,23.18,MANIPULATE,desengata,0,0
1788450086.70,239.59,0.00,23.18,MANIPULATE,desengata,0,0
1788450086.80,239.70,-0.00,23.18,MANIPULATE,desengata,0,0
1788450086.90,239.79,0.01,23.18,MANIPULATE,desengata,0,0
1788450087.00,239.90,-0.00,23.18,ABORT_SAFE,desengata,0,1
1788450087.10,240.00,0.01,23.18,ABORT_SAFE,desengata,0,0
1788450087.20,240.10,0.01,23.18,ABORT_SAFE,desengata,0,0
1788450087.30,240.19,0.01,23.18,ABORT_SAFE,desengata,0,0
1788450087.40,240.29,0.01,23.18,ABORT,desengata,0,0
1788450087.50,240.39,0.00,23.18,ABORT,desengata,0,0
1788450087.61,240.50,0.00,23.18,ABORT,desengata,0,0
1788450087.71,240.59,0.01,23.18,ABORT,desengata,0,0
1788450087.81,240.70,0.01,23.18,ABORT,desengata,0,0
1788450087.91,240.80,0.01,23.18,ABORT,desengata,0,0
1788450088.01,240.90,-0.00,23.18,ABORT,desengata,0,0
1788450088.11,240.99,-0.00,23.18,ABORT,desengata,0,0
1788450088.22,241.09,-0.00,23.18,ABORT,desengata,0,0
1788450088.32,241.19,-0.00,23.18,ABORT,desengata,0,0
1788450088.42,241.29,0.01,23.18,ABORT,desengata,0,0
1788450088.52,241.40,0.01,23.18,ABORT,desengata,0,0
1788450088.62,241.50,0.00,23.18,ABORT,desengata,0,0
1788450088.73,241.60,0.01,23.18,ABORT,desengata,0,0
1788450088.83,241.70,0.00,23.18,ABORT,desengata,0,0
1788450088.93,241.79,0.00,23.18,ABORT,desengata,0,0
1788450089.03,241.90,0.01,23.18,ABORT,desengata,0,0
1788450089.13,242.00,-0.00,23.18,ABORT,desengata,0,0
1788450089.23,242.09,-0.00,23.18,ABORT,desengata,0,0
1788450089.33,242.19,-0.00,23.18,ABORT,desengata,0,0
1788450089.43,242.30,0.01,23.18,ABORT,desengata,0,0
1788450089.53,242.39,0.01,23.18,ABORT,desengata,0,0
1788450089.64,242.50,0.00,23.18,ABORT,desengata,0,0
1788450089.73,242.59,0.01,23.18,ABORT,desengata,0,0
1788450089.84,242.69,0.00,23.18,ABORT,desengata,0,0
1788450089.94,242.79,0.00,23.18,ABORT,desengata,0,0
1788450090.04,242.90,0.01,23.18,ABORT,desengata,0,0
1788450090.14,243.00,0.01,23.18,ABORT,desengata,0,0
1788450090.24,243.10,-0.00,23.18,ABORT,desengata,0,0
1788450090.34,243.20,-0.00,23.18,ABORT,desengata,0,0
1788450090.45,243.30,0.01,23.18,ABORT,desengata,0,0
1788450090.55,243.40,0.01,23.18,ABORT,desengata,0,0
1788450090.65,243.49,0.01,23.18,ABORT,desengata,0,0
1788450090.75,243.59,0.00,23.18,ABORT,desengata,0,0
1788450090.85,243.69,0.00,23.18,ABORT,desengata,0,0
1788450090.95,243.79,0.00,23.18,ABORT,desengata,0,0
1788450091.05,243.90,0.01,23.18,ABORT,desengata,0,0
1788450091.15,243.99,0.00,23.18,ABORT,desengata,0,0
1788450091.25,244.10,0.01,23.18,ABORT,desengata,0,0
1788450091.36,244.20,-0.00,23.18,ABORT,desengata,0,0
1788450091.46,244.30,-0.00,23.18,ABORT,desengata,0,0
1788450091.56,244.40,0.01,23.18,ABORT,desengata,0,0
1788450091.66,244.49,0.01,23.18,ABORT,desengata,0,0
1788450091.76,244.59,0.01,23.18,ABORT,desengata,0,0
1788450091.86,244.69,0.00,23.18,ABORT,desengata,0,0
1788450091.97,244.79,0.01,23.18,ABORT,desengata,0,0
1788450092.07,244.90,0.01,23.18,ABORT,saida_eixo,0,0
1788450092.17,244.99,0.01,23.18,ABORT,saida_eixo,0,0
1788450092.27,245.10,0.01,23.18,ABORT,saida_eixo,0,0
1788450092.37,245.19,0.01,23.18,ABORT,saida_eixo,0,0
1788450092.47,245.29,0.01,23.18,ABORT,saida_eixo,0,0
1788450092.57,245.39,0.01,23.18,ABORT,saida_eixo,0,0
1788450092.68,245.50,0.01,23.18,ABORT,saida_eixo,0,0
1788450092.77,245.59,0.01,23.18,ABORT,saida_eixo,0,0
1788450092.88,245.70,0.00,23.18,ABORT,saida_eixo,0,0
1788450092.98,245.79,0.01,23.18,ABORT,saida_eixo,0,0
1788450093.08,245.90,0.01,23.18,ABORT,saida_eixo,0,0
1788450093.18,245.99,0.00,23.18,ABORT,saida_eixo,0,0
1788450093.28,246.09,0.01,23.18,ABORT,saida_eixo,0,0
1788450093.38,246.19,0.00,23.18,ABORT,saida_eixo,0,0
1788450093.48,246.29,0.01,23.18,ABORT,saida_eixo,0,0
1788450093.58,246.40,0.01,23.18,ABORT,saida_eixo,0,0
1788450093.68,246.49,-0.00,23.18,ABORT,saida_eixo,0,0
1788450093.78,246.59,-0.00,23.18,ABORT,saida_eixo,0,0
1788450093.89,246.70,0.00,23.18,ABORT,saida_eixo,0,0
1788450093.99,246.79,0.01,23.18,ABORT,saida_eixo,0,0
1788450094.09,246.90,0.00,23.18,ABORT,saida_eixo,0,0
1788450094.19,247.00,0.01,23.18,ABORT,saida_eixo,0,0
1788450094.29,247.09,0.00,23.18,ABORT,saida_eixo,0,0
1788450094.39,247.19,0.00,23.18,ABORT,saida_eixo,0,0
1788450094.49,247.29,0.00,23.18,ABORT,saida_eixo,0,0
1788450094.59,247.39,0.01,23.18,ABORT,saida_eixo,0,0
1788450094.69,247.50,-0.00,23.18,ABORT,saida_eixo,0,0
1788450094.79,247.59,-0.00,23.18,ABORT,saida_eixo,0,0
1788450094.89,247.69,-0.00,23.18,ABORT,saida_eixo,0,0
1788450094.99,247.79,0.01,23.18,ABORT,saida_eixo,0,0
1788450095.10,247.90,0.00,23.18,ABORT,saida_eixo,0,0
1788450095.19,248.00,0.01,23.18,ABORT,saida_eixo,0,0
1788450095.30,248.10,0.01,23.18,ABORT,saida_eixo,0,0
1788450095.40,248.19,0.00,23.18,ABORT,saida_eixo,0,0
1788450095.50,248.30,0.01,23.18,ABORT,saida_eixo,0,0
1788450095.60,248.40,0.00,23.18,ABORT,saida_eixo,0,0
1788450095.70,248.49,0.01,23.18,ABORT,saida_eixo,0,0
1788450095.80,248.59,0.01,23.18,ABORT,saida_eixo,0,0
1788450095.91,248.69,-0.00,23.18,ABORT,saida_eixo,0,0
1788450096.01,248.80,0.01,23.18,ABORT,saida_eixo,0,0
1788450096.11,248.90,0.01,23.18,ABORT,saida_eixo,0,0
1788450096.21,249.00,0.00,23.18,ABORT,saida_eixo,0,0
1788450096.31,249.10,0.00,23.18,ABORT,saida_eixo,0,0
1788450096.42,249.20,0.00,23.18,ABORT,saida_eixo,0,0
1788450096.52,249.30,0.01,23.18,ABORT,saida_eixo,0,0
1788450096.62,249.40,0.01,23.18,ABORT,saida_eixo,0,0
1788450096.72,249.50,0.01,23.18,ABORT,saida_eixo,0,0
1788450096.82,249.59,0.00,23.18,ABORT,saida_eixo,0,0
1788450096.92,249.69,-0.00,23.18,ABORT,saida_eixo,0,0
1788450097.02,249.79,-0.00,23.18,ABORT,saida_eixo,0,0
1788450097.12,249.90,0.01,23.18,ABORT,saida_eixo,0,0
1788450097.22,249.99,-0.00,23.18,ABORT,saida_eixo,0,0
1788450097.33,250.10,0.01,23.18,ABORT,saida_eixo,0,0
1788450097.42,250.19,0.01,23.18,ABORT,saida_eixo,0,0
1788450097.52,250.29,0.00,23.18,ABORT,saida_eixo,0,0
1788450097.62,250.39,0.01,23.18,ABORT,saida_eixo,0,0
1788450097.73,250.50,0.00,23.18,ABORT,saida_eixo,0,0
1788450097.83,250.59,0.00,23.18,ABORT,saida_eixo,0,0
1788450097.93,250.69,0.01,23.18,ABORT,saida_eixo,0,0
1788450098.03,250.79,0.01,23.18,ABORT,saida_eixo,0,0
1788450098.13,250.89,-0.00,23.18,ABORT,saida_eixo,0,0
1788450098.23,250.99,-0.00,23.18,ABORT,saida_eixo,0,0
1788450098.33,251.09,0.01,23.18,ABORT,saida_eixo,0,0
1788450098.43,251.19,0.01,23.18,ABORT,saida_eixo,0,0
1788450098.53,251.29,0.01,23.18,ABORT,saida_eixo,0,0
1788450098.63,251.40,0.01,23.18,ABORT,saida_eixo,0,0
1788450098.73,251.49,0.00,23.18,ABORT,saida_eixo,0,0
1788450098.83,251.59,0.00,23.18,ABORT,saida_eixo,0,0
1788450098.94,251.69,0.00,23.18,ABORT,saida_eixo,0,0
1788450099.04,251.79,0.01,23.18,ABORT,saida_eixo,0,0
1788450099.14,251.90,-0.00,23.18,ABORT,saida_eixo,0,0
1788450099.24,252.00,-0.00,23.18,ABORT,saida_eixo,0,0
1788450099.34,252.09,-0.00,23.18,ABORT,saida_eixo,0,0
1788450099.45,252.19,0.01,23.18,ABORT,saida_eixo,0,0
1788450099.55,252.30,0.00,23.18,ABORT,saida_eixo,0,0
1788450099.65,252.40,0.01,23.18,ABORT,saida_eixo,0,0
1788450099.75,252.49,0.01,23.18,ABORT,saida_eixo,0,0
1788450099.85,252.59,0.00,23.18,ABORT,saida_eixo,0,0
1788450099.95,252.69,0.01,23.18,ABORT,saida_eixo,0,0
1788450100.05,252.79,0.00,23.18,ABORT,saida_eixo,0,0
1788450100.15,252.90,-0.00,23.18,ABORT,saida_eixo,0,0
1788450100.25,252.99,0.01,23.18,ABORT,saida_eixo,0,0
1788450100.35,253.10,-0.00,23.18,ABORT,saida_eixo,0,0
1788450100.45,253.19,-0.00,23.18,ABORT,saida_eixo,0,0
1788450100.56,253.30,0.00,23.18,ABORT,saida_eixo,0,0
1788450100.66,253.39,0.01,23.18,ABORT,saida_eixo,0,0
1788450100.76,253.50,0.01,23.18,ABORT,saida_eixo,0,0
1788450100.86,253.59,0.01,23.18,ABORT,saida_eixo,0,0
1788450100.96,253.70,0.01,23.18,ABORT,saida_eixo,0,0
1788450101.06,253.79,0.00,23.18,ABORT,saida_eixo,0,0
1788450101.16,253.90,0.00,23.18,ABORT,saida_eixo,0,0
1788450101.26,253.99,0.00,23.18,ABORT,saida_eixo,0,0
1788450101.37,254.10,0.01,23.18,ABORT,saida_eixo,0,0
1788450101.47,254.19,-0.00,23.18,ABORT,saida_eixo,0,0
1788450101.57,254.30,0.01,23.18,ABORT,saida_eixo,0,0
1788450101.67,254.40,0.01,23.18,ABORT,saida_eixo,0,0
1788450101.78,254.50,0.00,23.18,ABORT,saida_eixo,0,0
1788450101.88,254.60,0.00,23.18,ABORT,saida_eixo,0,0
1788450101.98,254.70,0.01,23.18,ABORT,saida_eixo,0,0
1788450102.08,254.79,0.00,23.18,ABORT,saida_eixo,0,0
1788450102.18,254.90,0.00,23.18,ABORT,saida_eixo,0,0
1788450102.28,254.99,0.00,23.18,ABORT,saida_eixo,0,0
1788450102.39,255.10,0.01,23.18,ABORT,saida_eixo,0,0
1788450102.49,255.19,0.01,23.18,ABORT,saida_eixo,0,0
1788450102.59,255.29,-0.00,23.18,ABORT,saida_eixo,0,0
1788450102.69,255.39,-0.00,23.18,ABORT,saida_eixo,0,0
1788450102.79,255.50,0.01,23.18,ABORT,saida_eixo,0,0
1788450102.89,255.59,0.01,23.18,ABORT,saida_eixo,0,0
1788450102.99,255.70,0.01,23.18,ABORT,saida_eixo,0,0
1788450103.09,255.79,0.01,23.18,ABORT,saida_eixo,0,0
1788450103.19,255.90,0.00,23.18,ABORT,saida_eixo,0,0
1788450103.29,256.00,0.00,23.18,ABORT,saida_eixo,0,0
1788450103.40,256.10,0.01,23.18,ABORT,saida_eixo,0,0
1788450103.50,256.19,0.01,23.18,ABORT,saida_eixo,0,0
1788450103.60,256.29,0.01,23.18,ABORT,saida_eixo,0,0
1788450103.70,256.39,-0.00,23.18,ABORT,saida_eixo,0,0
1788450103.80,256.50,0.01,23.18,ABORT,saida_eixo,0,0
1788450103.90,256.60,0.01,23.18,ABORT,saida_eixo,0,0
1788450104.00,256.69,0.01,23.18,ABORT,saida_eixo,0,0
1788450104.10,256.80,0.00,23.18,ABORT,saida_eixo,0,0
1788450104.20,256.90,0.01,23.18,ABORT,saida_eixo,0,0
1788450104.30,256.99,0.00,23.18,ABORT,saida_eixo,0,0
1788450104.41,257.10,0.01,23.18,ABORT,saida_eixo,0,0
1788450104.51,257.19,0.00,23.18,ABORT,saida_eixo,0,0
1788450104.61,257.30,0.01,23.18,ABORT,saida_eixo,0,0
1788450104.71,257.39,0.01,23.18,ABORT,saida_eixo,0,0
1788450104.82,257.50,-0.00,23.18,ABORT,saida_eixo,0,0
1788450104.91,257.59,-0.00,23.18,ABORT,saida_eixo,0,0
1788450105.02,257.70,0.01,23.18,ABORT,saida_eixo,0,0
1788450105.12,257.79,0.01,23.18,ABORT,saida_eixo,0,0
1788450105.22,257.90,0.00,23.18,ABORT,saida_eixo,0,0
1788450105.32,258.00,0.00,23.18,ABORT,saida_eixo,0,0
1788450105.42,258.09,0.00,23.18,ABORT,saida_eixo,0,0
1788450105.52,258.20,0.00,23.18,ABORT,saida_eixo,0,0
1788450105.62,258.30,0.00,23.18,ABORT,saida_eixo,0,0
1788450105.73,258.39,0.01,23.18,ABORT,saida_eixo,0,0
1788450105.83,258.50,0.01,23.18,ABORT,saida_eixo,0,0
1788450105.93,258.59,-0.00,23.18,ABORT,saida_eixo,0,0
1788450106.03,258.70,0.01,23.18,ABORT,saida_eixo,0,0
1788450106.13,258.80,0.01,23.18,ABORT,saida_eixo,0,0
1788450106.23,258.89,0.01,23.18,ABORT,saida_eixo,0,0
1788450106.33,258.99,0.00,23.18,ABORT,saida_eixo,0,0
1788450106.44,259.10,0.01,23.18,ABORT,saida_eixo,0,0
1788450106.54,259.19,0.00,23.18,ABORT,saida_eixo,0,0
1788450106.64,259.29,0.01,23.18,ABORT,saida_eixo,0,0
1788450106.74,259.39,0.00,23.18,ABORT,saida_eixo,0,0
1788450106.84,259.49,0.01,23.18,ABORT,saida_eixo,0,0
1788450106.94,259.59,0.01,23.18,ABORT,saida_eixo,0,0
1788450107.04,259.69,-0.00,23.18,ABORT,saida_eixo,0,0
1788450107.14,259.80,-0.00,23.18,ABORT,saida_eixo,0,0
1788450107.25,259.90,0.01,23.18,ABORT,saida_eixo,0,0
1788450107.35,259.99,0.01,23.18,ABORT,saida_eixo,0,0
1788450107.45,260.10,0.01,23.18,ABORT,saida_eixo,0,0
1788450107.55,260.19,0.01,23.18,ABORT,saida_eixo,0,0
1788450107.65,260.29,0.01,23.18,ABORT,saida_eixo,0,0
1788450107.75,260.39,0.00,23.18,ABORT,saida_eixo,0,0
1788450107.85,260.49,0.01,23.18,ABORT,saida_eixo,0,0
1788450107.95,260.59,0.01,23.18,ABORT,saida_eixo,0,0
1788450108.05,260.69,0.01,23.18,ABORT,saida_eixo,0,0
1788450108.15,260.79,0.01,23.18,ABORT,saida_eixo,0,0
1788450108.26,260.90,-0.00,23.18,ABORT,saida_eixo,0,0
1788450108.35,260.99,-0.00,23.18,ABORT,saida_eixo,0,0
1788450108.46,261.10,0.01,23.18,ABORT,saida_eixo,0,0
1788450108.56,261.19,0.01,23.18,ABORT,saida_eixo,0,0
1788450108.66,261.30,0.01,23.18,ABORT,saida_eixo,0,0
1788450108.76,261.39,0.01,23.18,ABORT,saida_eixo,0,0
1788450108.86,261.49,0.01,23.18,ABORT,saida_eixo,0,0
1788450108.96,261.60,0.00,23.18,ABORT,saida_eixo,0,0
1788450109.06,261.69,0.01,23.18,ABORT,saida_eixo,0,0
1788450109.16,261.80,0.01,23.18,ABORT,saida_eixo,0,0
1788450109.26,261.89,-0.00,23.18,ABORT,saida_eixo,0,0
1788450109.37,262.00,-0.00,23.18,ABORT,saida_eixo,0,0
1788450109.47,262.10,0.00,23.18,ABORT,saida_eixo,0,0
1788450109.57,262.19,0.01,23.18,ABORT,saida_eixo,0,0
1788450109.67,262.30,0.01,23.18,ABORT,saida_eixo,0,0
1788450109.77,262.39,0.00,23.18,ABORT,saida_eixo,0,0
1788450109.87,262.50,0.00,23.18,ABORT,saida_eixo,0,0
1788450109.97,262.60,0.01,23.18,ABORT,saida_eixo,0,0
1788450110.08,262.70,0.00,23.18,ABORT,saida_eixo,0,0
1788450110.18,262.79,0.01,23.18,ABORT,saida_eixo,0,0
1788450110.28,262.89,0.01,23.18,ABORT,saida_eixo,0,0
1788450110.38,262.99,0.01,23.18,ABORT,saida_eixo,0,0
1788450110.48,263.10,0.01,23.18,ABORT,saida_eixo,0,0
1788450110.58,263.19,0.01,23.18,ABORT,saida_eixo,0,0
1788450110.68,263.30,0.00,23.18,ABORT,saida_eixo,0,0
1788450110.78,263.39,0.00,23.18,ABORT,saida_eixo,0,0
1788450110.89,263.50,0.00,23.18,ABORT,saida_eixo,0,0
1788450110.99,263.60,0.00,23.18,ABORT,saida_eixo,0,0
1788450111.09,263.70,0.01,23.18,ABORT,saida_eixo,0,0
1788450111.19,263.80,0.01,23.18,ABORT,saida_eixo,0,0
1788450111.29,263.90,-0.00,23.18,ABORT,saida_eixo,0,0
1788450111.39,263.99,0.01,23.18,ABORT,saida_eixo,0,0
1788450111.49,264.10,-0.00,23.18,ABORT,saida_eixo,0,0
1788450111.59,264.20,0.01,23.18,ABORT,saida_eixo,0,0
1788450111.70,264.30,0.01,23.18,ABORT,saida_eixo,0,0
1788450111.80,264.40,0.00,23.18,ABORT,saida_eixo,0,0
1788450111.90,264.50,0.00,23.18,ABORT,saida_eixo,0,0
1788450112.00,264.60,0.00,23.18,ABORT,saida_eixo,0,0
1788450112.10,264.70,0.00,23.18,ABORT,saida_eixo,0,0
1788450112.20,264.80,0.01,23.18,ABORT,saida_eixo,0,0
1788450112.30,264.90,0.01,23.18,ABORT,saida_eixo,0,0
1788450112.40,265.00,0.01,23.18,ABORT,saida_eixo,0,0
1788450112.50,265.09,0.01,23.18,ABORT,saida_eixo,0,0
1788450112.60,265.19,0.01,23.18,ABORT,saida_eixo,0,0
1788450112.71,265.29,-0.00,23.18,ABORT,saida_eixo,0,0
1788450112.80,265.39,-0.00,23.18,ABORT,saida_eixo,0,0
1788450112.91,265.50,0.00,23.18,ABORT,saida_eixo,0,0
1788450113.01,265.60,0.01,23.18,ABORT,saida_eixo,0,0
1788450113.11,265.69,0.01,23.18,ABORT,saida_eixo,0,0
1788450113.21,265.80,0.01,23.18,ABORT,saida_eixo,0,0
1788450113.31,265.90,0.00,23.18,ABORT,saida_eixo,0,0
1788450113.41,266.00,0.01,23.18,ABORT,saida_eixo,0,0
1788450113.51,266.10,0.01,23.18,ABORT,saida_eixo,0,0
1788450113.61,266.19,0.01,23.18,ABORT,saida_eixo,0,0
1788450113.72,266.30,-0.00,23.18,ABORT,saida_eixo,0,0
1788450113.81,266.39,0.01,23.18,ABORT,saida_eixo,0,0
1788450113.92,266.50,0.01,23.18,ABORT,saida_eixo,0,0
1788450114.02,266.59,0.01,23.18,ABORT,saida_eixo,0,0
1788450114.12,266.69,0.00,23.18,ABORT,saida_eixo,0,0
1788450114.22,266.80,0.00,23.18,ABORT,saida_eixo,0,0
1788450114.32,266.90,0.00,23.18,ABORT,saida_eixo,0,0
1788450114.42,266.99,0.01,23.18,ABORT,saida_eixo,0,0
1788450114.52,267.09,0.00,23.18,ABORT,saida_eixo,0,0
1788450114.62,267.19,0.00,23.18,ABORT,saida_eixo,0,0
1788450114.72,267.30,0.01,23.18,ABORT,saida_eixo,0,0
1788450114.82,267.39,-0.00,23.18,ABORT,saida_eixo,0,0
1788450114.92,267.50,0.01,23.18,ABORT,saida_eixo,0,0
1788450115.02,267.59,0.01,23.18,ABORT,saida_eixo,0,0
1788450115.12,267.69,0.01,23.18,ABORT,saida_eixo,0,0
1788450115.22,267.79,0.00,23.18,ABORT,saida_eixo,0,0
1788450115.33,267.90,0.00,23.18,ABORT,saida_eixo,0,0
1788450115.42,267.99,0.00,23.18,ABORT,saida_eixo,0,0
1788450115.53,268.09,0.01,23.18,ABORT,saida_eixo,0,0
1788450115.63,268.19,0.00,23.18,ABORT,saida_eixo,0,0
1788450115.73,268.30,0.01,23.18,ABORT,saida_eixo,0,0
1788450115.83,268.39,0.01,23.18,ABORT,saida_eixo,0,0
1788450115.93,268.50,-0.00,23.18,ABORT,saida_eixo,0,0
1788450116.03,268.60,-0.00,23.18,ABORT,saida_eixo,0,0
1788450116.14,268.70,0.01,23.18,ABORT,saida_eixo,0,0
1788450116.23,268.80,0.00,23.18,ABORT,saida_eixo,0,0
1788450116.34,268.90,0.01,23.18,ABORT,saida_eixo,0,0
1788450116.43,269.00,0.01,23.18,ABORT,saida_eixo,0,0
1788450116.54,269.10,0.00,23.18,ABORT,saida_eixo,0,0
1788450116.64,269.19,0.01,23.18,ABORT,saida_eixo,0,0
1788450116.74,269.29,0.01,23.18,ABORT,saida_eixo,0,0
1788450116.84,269.39,0.01,23.18,ABORT,saida_eixo,0,0
1788450116.94,269.50,0.01,23.18,ABORT,saida_eixo,0,0
1788450117.04,269.60,-0.00,23.18,ABORT,saida_eixo,0,0
1788450117.15,269.69,-0.00,23.18,ABORT,saida_eixo,0,0
1788450117.25,269.80,0.01,23.18,ABORT,saida_eixo,0,0
1788450117.35,269.90,0.00,23.18,ABORT,saida_eixo,0,0
1788450117.45,270.00,0.01,23.18,ABORT,saida_eixo,0,0
1788450117.55,270.10,0.00,23.18,ABORT,saida_eixo,0,0
1788450117.65,270.19,0.01,23.18,ABORT,saida_eixo,0,0
1788450117.75,270.29,0.01,23.18,ABORT,saida_eixo,0,0
1788450117.85,270.39,0.01,23.18,ABORT,saida_eixo,0,0
1788450117.95,270.50,0.01,23.18,ABORT,saida_eixo,0,0
1788450118.05,270.60,0.01,23.18,ABORT,saida_eixo,0,0
1788450118.16,270.70,-0.00,23.18,ABORT,saida_eixo,0,0
1788450118.26,270.79,-0.00,23.18,ABORT,saida_eixo,0,0
1788450118.36,270.90,0.01,23.18,ABORT,saida_eixo,0,0
1788450118.46,270.99,0.01,23.18,ABORT,saida_eixo,0,0
1788450118.56,271.09,0.01,23.18,ABORT,saida_eixo,0,0
1788450118.66,271.19,0.01,23.18,ABORT,saida_eixo,0,0
1788450118.76,271.30,0.00,23.18,ABORT,saida_eixo,0,0
1788450118.87,271.39,0.00,23.18,ABORT,saida_eixo,0,0
1788450118.97,271.49,0.00,23.18,ABORT,saida_eixo,0,0
1788450119.07,271.60,0.01,23.18,ABORT,saida_eixo,0,0
1788450119.17,271.70,-0.00,23.18,ABORT,saida_eixo,0,0
1788450119.27,271.80,-0.00,23.18,ABORT,saida_eixo,0,0
1788450119.37,271.90,0.01,23.18,ABORT,saida_eixo,0,0
1788450119.47,271.99,0.01,23.18,ABORT,saida_eixo,0,0
1788450119.57,272.09,0.01,23.18,ABORT,saida_eixo,0,0
1788450119.67,272.19,0.00,23.18,ABORT,saida_eixo,0,0
1788450119.77,272.30,0.00,23.18,ABORT,saida_eixo,0,0
1788450119.87,272.39,0.00,23.18,ABORT,saida_eixo,0,0
1788450119.97,272.49,0.00,23.18,ABORT,saida_eixo,0,0
1788450120.07,272.60,0.01,23.18,ABORT,saida_eixo,0,0
1788450120.18,272.70,0.01,23.18,ABORT,saida_eixo,0,0
1788450120.28,272.79,0.01,23.18,ABORT,saida_eixo,0,0
1788450120.37,272.89,0.01,23.18,ABORT,saida_eixo,0,0
1788450120.47,272.99,-0.00,23.18,ABORT,saida_eixo,0,0
1788450120.57,273.09,-0.00,23.18,ABORT,saida_eixo,0,0
1788450120.68,273.19,0.00,23.18,ABORT,saida_eixo,0,0
1788450120.78,273.30,0.01,23.18,ABORT,saida_eixo,0,0
1788450120.88,273.39,0.01,23.18,ABORT,saida_eixo,0,0
1788450120.98,273.49,0.01,23.18,ABORT,saida_eixo,0,0
1788450121.08,273.59,0.00,23.18,ABORT,saida_eixo,0,0
1788450121.18,273.69,0.00,23.18,ABORT,saida_eixo,0,0
1788450121.28,273.80,0.01,23.18,ABORT,saida_eixo,0,0
1788450121.38,273.90,-0.00,23.18,ABORT,saida_eixo,0,0
1788450121.48,273.99,-0.00,23.18,ABORT,saida_eixo,0,0
1788450121.58,274.10,-0.00,23.18,ABORT,saida_eixo,0,0
1788450121.68,274.19,-0.00,23.18,ABORT,saida_eixo,0,0
1788450121.78,274.29,0.01,23.18,ABORT,saida_eixo,0,0
1788450121.88,274.39,0.01,23.18,ABORT,saida_eixo,0,0
1788450121.98,274.49,0.00,23.18,ABORT,saida_eixo,0,0
1788450122.08,274.59,0.01,23.18,ABORT,saida_eixo,0,0
1788450122.19,274.70,0.00,23.18,ABORT,saida_eixo,0,0
1788450122.28,274.79,0.01,23.18,ABORT,saida_eixo,0,0
1788450122.39,274.89,0.01,23.18,ABORT,saida_eixo,0,0
1788450122.49,274.99,0.01,23.18,ABORT,saida_eixo,0,0
1788450122.59,275.10,-0.00,23.18,ABORT,saida_eixo,0,0
1788450122.69,275.19,-0.00,23.18,ABORT,saida_eixo,0,0
1788450122.79,275.29,-0.00,23.18,ABORT,saida_eixo,0,0
1788450122.89,275.40,0.00,23.18,ABORT,saida_eixo,0,0
1788450122.99,275.50,0.01,23.18,ABORT,saida_eixo,0,0
1788450123.09,275.59,0.01,23.18,ABORT,saida_eixo,0,0
1788450123.19,275.70,0.00,23.18,ABORT,saida_eixo,0,0
1788450123.30,275.80,0.01,23.18,ABORT,saida_eixo,0,0
1788450123.40,275.90,0.01,23.18,ABORT,saida_eixo,0,0
1788450123.50,275.99,0.01,23.18,ABORT,saida_eixo,0,0
1788450123.60,276.10,-0.00,23.18,ABORT,saida_eixo,0,0
1788450123.70,276.19,0.01,23.18,ABORT,saida_eixo,0,0
1788450123.81,276.30,0.01,23.18,ABORT,saida_eixo,0,0
1788450123.90,276.39,-0.00,23.18,ABORT,saida_eixo,0,0
1788450124.01,276.50,0.00,23.18,ABORT,saida_eixo,0,0
1788450124.11,276.59,0.01,23.18,ABORT,saida_eixo,0,0
1788450124.21,276.69,0.01,23.18,ABORT,saida_eixo,0,0
1788450124.31,276.79,0.00,23.18,ABORT,saida_eixo,0,0
1788450124.41,276.90,0.01,23.18,ABORT,saida_eixo,0,0
1788450124.51,277.00,0.00,23.18,ABORT,saida_eixo,0,0
1788450124.62,277.10,0.01,23.18,ABORT,saida_eixo,0,0
1788450124.72,277.19,0.01,23.18,ABORT,saida_eixo,0,0
1788450124.82,277.30,-0.00,23.18,ABORT,saida_eixo,0,0
1788450124.92,277.39,-0.00,23.18,ABORT,saida_eixo,0,0
1788450125.02,277.49,0.01,23.18,ABORT,saida_eixo,0,0
1788450125.13,277.60,0.00,23.18,ABORT,saida_eixo,0,0
1788450125.23,277.70,0.01,23.18,ABORT,saida_eixo,0,0
1788450125.33,277.79,0.01,23.18,ABORT,saida_eixo,0,0
1788450125.43,277.90,0.01,23.18,ABORT,saida_eixo,0,0
1788450125.53,278.00,0.00,23.18,ABORT,saida_eixo,0,0
1788450125.63,278.09,0.00,23.18,ABORT,saida_eixo,0,0
1788450125.73,278.20,0.01,23.18,ABORT,saida_eixo,0,0
1788450125.84,278.30,-0.00,23.18,ABORT,saida_eixo,0,0
1788450125.93,278.39,-0.00,23.18,ABORT,saida_eixo,0,0
1788450126.03,278.50,0.01,23.18,ABORT,saida_eixo,0,0
1788450126.14,278.60,0.01,23.18,ABORT,saida_eixo,0,0
1788450126.24,278.69,0.01,23.18,ABORT,saida_eixo,0,0
1788450126.34,278.80,0.01,23.18,ABORT,saida_eixo,0,0
1788450126.44,278.89,0.00,23.18,ABORT,saida_eixo,0,0
1788450126.54,279.00,0.00,23.18,ABORT,saida_eixo,0,0
1788450126.64,279.10,0.00,23.18,ABORT,saida_eixo,0,0
1788450126.75,279.20,0.01,23.18,ABORT,saida_eixo,0,0
1788450126.85,279.30,-0.00,23.18,ABORT,saida_eixo,0,0
1788450126.94,279.39,0.01,23.18,ABORT,saida_eixo,0,0
1788450127.05,279.50,-0.00,23.18,ABORT,saida_eixo,0,0
1788450127.15,279.60,-0.00,23.18,ABORT,saida_eixo,0,0
1788450127.25,279.69,0.01,23.18,ABORT,saida_eixo,0,0
1788450127.35,279.79,0.01,23.18,ABORT,saida_eixo,0,0
1788450127.45,279.89,0.00,23.18,ABORT,saida_eixo,0,0
1788450127.55,279.99,0.01,23.18,ABORT,saida_eixo,0,0
1788450127.65,280.10,0.01,23.18,ABORT,saida_eixo,0,0
1788450127.75,280.19,0.01,23.18,ABORT,saida_eixo,0,0
1788450127.85,280.30,0.01,23.18,ABORT,saida_eixo,0,0
1788450127.95,280.39,0.01,23.18,ABORT,saida_eixo,0,0
1788450128.05,280.49,0.01,23.18,ABORT,saida_eixo,0,0
1788450128.16,280.60,-0.00,23.18,ABORT,saida_eixo,0,0
1788450128.26,280.70,0.01,23.18,ABORT,saida_eixo,0,0
1788450128.36,280.79,0.01,23.18,ABORT,saida_eixo,0,0
1788450128.46,280.89,0.01,23.18,ABORT,saida_eixo,0,0
1788450128.56,281.00,0.01,23.18,ABORT,saida_eixo,0,0
1788450128.66,281.09,0.00,23.18,ABORT,saida_eixo,0,0
1788450128.76,281.19,0.00,23.18,ABORT,saida_eixo,0,0
1788450128.86,281.29,0.01,23.18,ABORT,saida_eixo,0,0
1788450128.96,281.39,0.00,23.18,ABORT,saida_eixo,0,0
1788450129.07,281.50,-0.00,23.18,ABORT,saida_eixo,0,0
1788450129.17,281.59,0.01,23.18,ABORT,saida_eixo,0,0
1788450129.27,281.70,-0.00,23.18,ABORT,saida_eixo,0,0
1788450129.37,281.80,0.01,23.18,ABORT,saida_eixo,0,0
1788450129.48,281.90,0.01,23.18,ABORT,saida_eixo,0,0
1788450129.58,282.00,0.01,23.18,ABORT,saida_eixo,0,0
1788450129.68,282.10,0.01,23.18,ABORT,saida_eixo,0,0
1788450129.78,282.19,0.00,23.18,ABORT,saida_eixo,0,0
1788450129.88,282.30,0.01,23.18,ABORT,saida_eixo,0,0
1788450129.98,282.39,0.00,23.18,ABORT,saida_eixo,0,0
1788450130.08,282.49,0.00,23.18,ABORT,saida_eixo,0,0
1788450130.18,282.59,0.01,23.18,ABORT,saida_eixo,0,0
1788450130.28,282.70,-0.00,23.18,ABORT,saida_eixo,0,0
1788450130.38,282.79,0.01,23.18,ABORT,saida_eixo,0,0
1788450130.48,282.89,-0.00,23.18,ABORT,saida_eixo,0,0
1788450130.58,282.99,-0.00,23.18,ABORT,saida_eixo,0,0
1788450130.68,283.09,0.01,23.18,ABORT,saida_eixo,0,0
1788450130.79,283.19,0.00,23.18,ABORT,saida_eixo,0,0
1788450130.89,283.29,0.01,23.18,ABORT,saida_eixo,0,0
1788450130.99,283.39,0.00,23.18,ABORT,saida_eixo,0,0
1788450131.09,283.50,0.01,23.18,ABORT,saida_eixo,0,0
1788450131.19,283.60,0.01,23.18,ABORT,saida_eixo,0,0
1788450131.30,283.70,-0.00,23.18,ABORT,saida_eixo,0,0
1788450131.40,283.80,0.01,23.18,ABORT,saida_eixo,0,0
1788450131.50,283.90,0.01,23.18,ABORT,saida_eixo,0,0
1788450131.60,283.99,-0.00,23.18,ABORT,saida_eixo,0,0
1788450131.70,284.10,0.01,23.18,ABORT,saida_eixo,0,0
1788450131.80,284.19,0.01,23.18,ABORT,saida_eixo,0,0
1788450131.91,284.30,0.00,23.18,ABORT,saida_eixo,0,0
1788450132.01,284.40,0.00,23.18,ABORT,saida_eixo,0,0
1788450132.11,284.50,0.00,23.18,ABORT,saida_eixo,0,0
1788450132.21,284.60,0.01,23.18,ABORT,saida_eixo,0,0
1788450132.31,284.70,0.01,23.18,ABORT,saida_eixo,0,0
1788450132.41,284.80,0.01,23.18,ABORT,saida_eixo,0,0
1788450132.52,284.89,0.01,23.18,ABORT,saida_eixo,0,0
1788450132.61,284.99,-0.00,23.18,ABORT,saida_eixo,0,0
1788450132.72,285.10,0.01,23.18,ABORT,saida_eixo,0,0
1788450132.82,285.19,0.01,23.18,ABORT,saida_eixo,0,0
1788450132.92,285.29,0.01,23.18,ABORT,saida_eixo,0,0
1788450133.02,285.39,0.00,23.18,ABORT,saida_eixo,0,0
1788450133.12,285.50,0.00,23.18,ABORT,saida_eixo,0,0
1788450133.22,285.60,0.01,23.18,ABORT,saida_eixo,0,0
1788450133.32,285.70,0.01,23.18,ABORT,saida_eixo,0,0
1788450133.42,285.79,0.01,23.18,ABORT,saida_eixo,0,0
1788450133.52,285.89,0.00,23.18,ABORT,saida_eixo,0,0
1788450133.62,285.99,0.01,23.18,ABORT,saida_eixo,0,0
1788450133.72,286.09,0.01,23.18,ABORT,saida_eixo,0,0
1788450133.82,286.19,-0.00,23.18,ABORT,saida_eixo,0,0
1788450133.93,286.30,0.01,23.18,ABORT,saida_eixo,0,0
1788450134.03,286.40,0.00,23.18,ABORT,saida_eixo,0,0
1788450134.13,286.49,0.01,23.18,ABORT,saida_eixo,0,0
1788450134.23,286.60,0.00,23.18,ABORT,saida_eixo,0,0
1788450134.33,286.70,0.00,23.18,ABORT,saida_eixo,0,0
1788450134.43,286.79,0.00,23.18,ABORT,saida_eixo,0,0
1788450134.54,286.90,0.01,23.18,ABORT,saida_eixo,0,0
1788450134.64,286.99,0.01,23.18,ABORT,saida_eixo,0,0
1788450134.74,287.10,-0.00,23.18,ABORT,saida_eixo,0,0
1788450134.84,287.19,-0.00,23.18,ABORT,saida_eixo,0,0
1788450134.94,287.30,-0.00,23.18,ABORT,saida_eixo,0,0
1788450135.04,287.39,0.01,23.18,ABORT,saida_eixo,0,0
1788450135.15,287.50,0.00,23.18,ABORT,saida_eixo,0,0
1788450135.25,287.59,0.00,23.18,ABORT,saida_eixo,0,0
1788450135.35,287.69,0.01,23.18,ABORT,saida_eixo,0,0
1788450135.45,287.80,0.01,23.18,ABORT,saida_eixo,0,0
1788450135.55,287.89,0.01,23.18,ABORT,saida_eixo,0,0
1788450135.65,288.00,0.00,23.18,ABORT,saida_eixo,0,0
1788450135.75,288.09,0.00,23.18,ABORT,saida_eixo,0,0
1788450135.85,288.19,0.01,23.18,ABORT,saida_eixo,0,0
1788450135.95,288.30,-0.00,23.18,ABORT,saida_eixo,0,0
1788450136.05,288.39,-0.00,23.18,ABORT,saida_eixo,0,0
1788450136.16,288.50,0.01,23.18,ABORT,saida_eixo,0,0
1788450136.25,288.59,0.01,23.18,ABORT,saida_eixo,0,0
1788450136.36,288.69,0.00,23.18,ABORT,saida_eixo,0,0
1788450136.46,288.80,0.00,23.18,ABORT,saida_eixo,0,0
1788450136.56,288.90,0.01,23.18,ABORT,saida_eixo,0,0
1788450136.66,288.99,0.01,23.18,ABORT,saida_eixo,0,0
1788450136.77,289.10,-0.00,23.18,ABORT,saida_eixo,0,0
1788450136.86,289.19,0.01,23.18,ABORT,saida_eixo,0,0
1788450136.97,289.30,-0.00,23.18,ABORT,saida_eixo,0,0
1788450137.07,289.39,-0.00,23.18,ABORT,saida_eixo,0,0
1788450137.17,289.49,-0.00,23.18,ABORT,saida_eixo,0,0
1788450137.27,289.59,0.01,23.18,ABORT,saida_eixo,0,0
1788450137.37,289.69,0.01,23.18,ABORT,saida_eixo,0,0
1788450137.48,289.80,0.01,23.18,ABORT,saida_eixo,0,0
1788450137.58,289.90,0.01,23.18,ABORT,saida_eixo,0,0
1788450137.68,289.99,0.00,23.18,ABORT,saida_eixo,0,0
1788450137.78,290.10,0.01,23.18,ABORT,saida_eixo,0,0
1788450137.88,290.19,0.00,23.18,ABORT,saida_eixo,0,0
1788450137.98,290.30,0.01,23.18,ABORT,saida_eixo,0,0
1788450138.08,290.39,0.01,23.18,ABORT,saida_eixo,0,0
1788450138.18,290.50,-0.00,23.18,ABORT,saida_eixo,0,0
1788450138.28,290.60,0.01,23.18,ABORT,saida_eixo,0,0
1788450138.39,290.70,0.01,23.18,ABORT,saida_eixo,0,0
1788450138.49,290.80,0.01,23.18,ABORT,saida_eixo,0,0
1788450138.58,290.89,0.01,23.18,ABORT,saida_eixo,0,0
1788450138.68,290.99,0.00,23.18,ABORT,saida_eixo,0,0
1788450138.79,291.09,0.00,23.18,ABORT,saida_eixo,0,0
1788450138.88,291.19,0.00,23.18,ABORT,saida_eixo,0,0
1788450138.98,291.29,0.00,23.18,ABORT,saida_eixo,0,0
1788450139.09,291.39,0.00,23.18,ABORT,saida_eixo,0,0
1788450139.18,291.49,0.01,23.18,ABORT,saida_eixo,0,0
1788450139.29,291.60,-0.00,23.18,ABORT,saida_eixo,0,0
1788450139.39,291.69,-0.00,23.18,ABORT,saida_eixo,0,0
1788450139.49,291.79,0.01,23.18,ABORT,saida_eixo,0,0
1788450139.59,291.89,0.01,23.18,ABORT,saida_eixo,0,0
1788450139.69,292.00,0.00,23.18,ABORT,saida_eixo,0,0
1788450139.80,292.10,0.01,23.18,ABORT,saida_eixo,0,0
1788450139.90,292.19,0.01,23.18,ABORT,saida_eixo,0,0
1788450140.00,292.30,0.01,23.18,ABORT,saida_eixo,0,0
1788450140.10,292.40,0.01,23.18,ABORT,saida_eixo,0,0
1788450140.20,292.50,0.01,23.18,ABORT,saida_eixo,0,0
1788450140.30,292.60,-0.00,23.18,ABORT,saida_eixo,0,0
1788450140.41,292.70,0.01,23.18,ABORT,saida_eixo,0,0
1788450140.50,292.79,-0.00,23.18,ABORT,saida_eixo,0,0
1788450140.61,292.90,0.01,23.18,ABORT,saida_eixo,0,0
1788450140.71,293.00,0.01,23.18,ABORT,saida_eixo,0,0
1788450140.80,293.09,0.01,23.18,ABORT,saida_eixo,0,0
1788450140.91,293.19,0.01,23.18,ABORT,saida_eixo,0,0
1788450141.01,293.30,0.01,23.18,ABORT,saida_eixo,0,0
