wall,sim,lingueta_mm,lamina_deg,estado,fase,armvel_nz,armvel_n
1788450863.81,0.00,0.01,0.00,,,0,0
1788450864.17,1005.48,0.00,0.00,,,0,0
1788450864.17,1005.49,0.01,0.00,,,0,0
1788450864.27,1005.59,0.00,0.00,,,0,0
1788450864.37,1005.69,-0.00,0.00,,,0,0
1788450864.47,1005.79,-0.00,0.00,,,0,0
1788450864.58,1005.89,0.01,0.00,,,0,0
1788450864.68,1005.99,-0.01,0.00,,,0,0
1788450864.78,1006.09,0.01,0.00,,,0,0
1788450864.88,1006.19,-0.01,0.00,,,0,0
1788450864.98,1006.29,-0.00,0.00,,,0,0
1788450865.08,1006.39,-0.00,0.00,,,0,0
1788450865.18,1006.49,0.01,0.00,,,0,0
1788450865.28,1006.59,0.01,0.00,,,0,0
1788450865.38,1006.69,-0.00,0.00,,,0,0
1788450865.48,1006.79,0.00,0.00,,,0,0
1788450865.58,1006.89,0.00,0.00,,,0,0
1788450865.68,1006.99,0.01,0.00,,,0,0
1788450865.79,1007.09,0.00,0.00,,,0,0
1788450865.89,1007.19,-0.00,0.00,,,0,0
1788450865.99,1007.29,-0.00,0.00,,,0,0
1788450866.09,1007.39,0.00,0.00,,,0,0
1788450866.19,1007.49,0.01,0.00,,,0,0
1788450866.29,1007.59,0.00,0.00,,,0,0
1788450866.39,1007.69,0.00,0.00,,,0,0
1788450866.49,1007.79,0.00,0.00,,,0,0
1788450866.59,1007.89,0.01,0.00,,,0,0
1788450866.69,1007.99,0.00,0.00,,,0,0
1788450866.79,1008.09,-0.00,0.00,,,0,0
1788450866.89,1008.19,0.01,0.00,,,0,0
1788450866.99,1008.29,0.01,0.00,,,0,0
1788450867.09,1008.39,0.01,0.00,,,0,0
1788450867.19,1008.49,0.01,0.00,,,0,0
1788450867.29,1008.59,0.01,0.00,,,0,0
1788450867.39,1008.69,0.00,0.00,,,0,0
1788450867.49,1008.79,-0.00,0.00,,,0,0
1788450867.60,1008.89,0.00,0.00,,,0,0
1788450867.70,1008.99,-0.00,0.00,,,0,0
1788450867.80,1009.09,0.01,0.00,,,0,0
1788450867.90,1009.19,-0.00,0.00,,,0,0
1788450868.00,1009.29,0.00,0.00,,,0,0
1788450868.10,1009.39,-0.00,0.00,,,0,0
1788450868.20,1009.49,-0.00,0.00,,,0,0
1788450868.30,1009.59,0.00,0.00,,,0,0
1788450868.41,1009.69,0.00,0.00,,,0,0
1788450868.51,1009.79,0.01,0.00,,,0,0
1788450868.61,1009.89,0.00,0.00,,,0,0
1788450868.71,1009.99,-0.00,0.00,,,0,0
1788450868.81,1010.09,0.01,0.00,,,0,0
1788450868.91,1010.19,-0.00,0.00,,,0,0
1788450869.01,1010.29,0.00,0.00,,,0,0
1788450869.11,1010.39,0.00,0.00,,,0,0
1788450869.22,1010.49,0.00,0.00,,,0,0
1788450869.32,1010.59,0.01,0.00,,,0,0
1788450869.42,1010.69,0.00,0.00,,,0,0
1788450869.52,1010.79,0.00,0.00,,,0,0
1788450869.62,1010.89,0.01,0.00,,,0,0
1788450869.72,1010.99,-0.00,0.00,,,0,0
1788450869.82,1011.09,0.01,0.00,,,0,0
1788450869.92,1011.19,0.01,0.00,,,0,0
1788450870.02,1011.29,0.00,0.00,,,0,0
1788450870.12,1011.39,0.01,0.00,,,0,0
1788450870.22,1011.49,0.00,0.00,,,0,0
1788450870.32,1011.59,-0.00,0.00,,,0,0
1788450870.43,1011.69,0.00,0.00,,,0,0
1788450870.52,1011.79,0.01,0.00,,,0,0
1788450870.63,1011.89,-0.00,0.00,,,0,0
1788450870.73,1011.99,0.00,0.00,,,0,0
1788450870.82,1012.09,0.00,0.00,,,0,0
1788450870.93,1012.19,-0.00,0.00,,,0,0
1788450871.04,1012.29,0.00,0.00,,,0,0
1788450871.13,1012.39,-0.00,0.00,,,0,0
1788450871.24,1012.49,0.00,0.00,,,0,0
1788450871.37,1012.59,0.00,0.00,,,0,0
1788450871.46,1012.69,0.00,0.00,,,0,0
1788450871.54,1012.79,-0.00,0.00,,,0,0
1788450871.64,1012.89,-0.00,0.00,,,0,0
1788450871.74,1012.99,0.01,0.00,,,0,0
1788450871.84,1013.09,0.01,0.00,,,0,0
1788450871.94,1013.19,0.00,0.00,STOW_INIT,,0,1
1788450872.04,1013.29,0.00,0.00,SEARCH,,0,0
1788450872.14,1013.39,0.00,0.00,SEARCH,,0,0
1788450872.24,1013.49,-0.00,0.00,SEARCH,,0,0
1788450872.35,1013.59,0.00,0.00,SEARCH,,0,0
1788450872.45,1013.69,0.00,0.00,SEARCH,,0,0
1788450872.55,1013.79,0.00,0.00,SEARCH,,0,0
1788450872.65,1013.89,-0.00,0.00,SEARCH,,0,0
1788450872.75,1013.99,0.01,0.00,SEARCH,,0,0
1788450872.85,1014.09,-0.00,0.00,SEARCH,,0,0
1788450872.95,1014.19,-0.00,0.00,SEARCH,,0,0
1788450873.06,1014.29,0.00,0.00,SEARCH,,0,0
1788450873.16,1014.39,0.00,0.00,SEARCH,,0,0
1788450873.26,1014.49,0.01,0.00,SEARCH,,0,0
1788450873.36,1014.59,-0.00,0.00,SEARCH,,0,0
1788450873.46,1014.69,0.00,0.00,SEARCH,,0,0
1788450873.56,1014.79,-0.00,0.00,SEARCH,,0,0
1788450873.66,1014.89,0.00,0.00,SEARCH,,0,0
1788450873.76,1014.99,0.00,0.00,SEARCH,,0,0
1788450873.86,1015.09,-0.00,0.00,SEARCH,,0,0
1788450873.96,1015.19,0.01,0.00,SEARCH,,0,0
1788450874.06,1015.29,0.01,0.00,SEARCH,,0,0
1788450874.16,1015.39,0.00,0.00,SEARCH,,0,0
1788450874.27,1015.49,0.00,0.00,SEARCH,,0,0
1788450874.37,1015.59,0.00,0.00,SEARCH,,0,0
1788450874.47,1015.69,0.01,0.00,SEARCH,,0,0
1788450874.57,1015.79,0.01,0.00,SEARCH,,0,0
1788450874.67,1015.89,0.00,0.00,SEARCH,,0,0
1788450874.77,1015.99,0.00,0.00,SEARCH,,0,0
1788450874.87,1016.09,0.01,0.00,SEARCH,,0,0
1788450874.97,1016.19,0.00,0.00,SEARCH,,0,0
1788450875.08,1016.29,0.01,0.00,SEARCH,,0,0
1788450875.18,1016.39,0.00,0.00,SEARCH,,0,0
1788450875.28,1016.49,0.01,0.00,SEARCH,,0,0
1788450875.37,1016.59,-0.00,0.00,SEARCH,,0,0
1788450875.48,1016.69,0.01,0.00,SEARCH,,0,0
1788450875.58,1016.79,-0.00,0.00,SEARCH,,0,0
1788450875.68,1016.89,0.01,0.00,SEARCH,,0,0
1788450875.78,1016.99,0.01,0.00,SEARCH,,0,0
1788450875.89,1017.09,0.00,0.00,SEARCH,,0,0
1788450875.98,1017.19,-0.00,0.00,SEARCH,,0,0
1788450876.09,1017.29,0.01,0.00,SEARCH,,0,0
1788450876.19,1017.39,0.01,0.00,SEARCH,,0,0
1788450876.29,1017.49,-0.00,0.00,SEARCH,,0,0
1788450876.39,1017.59,0.00,0.00,SEARCH,,0,0
1788450876.49,1017.69,0.00,0.00,SEARCH,,0,0
1788450876.59,1017.79,-0.01,0.00,SEARCH,,0,0
1788450876.69,1017.89,-0.00,0.00,SEARCH,,0,0
1788450876.79,1017.99,-0.00,0.00,SEARCH,,0,0
1788450876.89,1018.09,0.00,0.00,SEARCH,,0,0
1788450877.00,1018.19,-0.00,0.00,SEARCH,,0,0
1788450877.10,1018.29,-0.00,0.00,SEARCH,,0,0
1788450877.20,1018.39,0.01,0.00,SEARCH,,0,0
1788450877.30,1018.49,-0.00,0.00,SEARCH,,0,0
1788450877.40,1018.59,0.00,0.00,SEARCH,,0,0
1788450877.50,1018.69,-0.01,0.00,SEARCH,,0,0
1788450877.60,1018.79,0.00,0.00,SEARCH,,0,0
1788450877.71,1018.89,0.00,0.00,SEARCH,,0,0
1788450877.80,1018.99,0.00,0.00,SEARCH,,0,0
1788450877.90,1019.09,-0.00,0.00,SEARCH,,0,0
1788450878.01,1019.19,0.01,0.00,SEARCH,,0,0
1788450878.11,1019.29,-0.00,0.00,SEARCH,,0,0
1788450878.21,1019.39,-0.00,0.00,SEARCH,,0,0
1788450878.31,1019.49,0.00,0.00,SEARCH,,0,0
1788450878.41,1019.59,0.00,0.00,SEARCH,,0,0
1788450878.51,1019.69,-0.00,0.00,SEARCH,,0,0
1788450878.61,1019.79,-0.00,0.00,SEARCH,,0,0
1788450878.71,1019.89,0.00,0.00,SEARCH,,0,0
1788450878.81,1019.99,0.01,0.00,SEARCH,,0,0
1788450878.91,1020.09,0.00,0.00,SEARCH,,0,0
1788450879.01,1020.19,0.00,0.00,SEARCH,,0,0
1788450879.12,1020.29,0.01,0.00,SEARCH,,0,0
1788450879.21,1020.39,0.00,0.00,SEARCH,,0,0
1788450879.32,1020.49,0.00,0.00,SEARCH,,0,0
1788450879.42,1020.59,0.00,0.00,SEARCH,,0,0
1788450879.51,1020.69,0.00,0.00,SEARCH,,0,0
1788450879.62,1020.79,-0.00,0.00,SEARCH,,0,0
1788450879.72,1020.89,0.01,0.00,SEARCH,,0,0
1788450879.82,1020.99,0.00,0.00,SEARCH,,0,0
1788450879.92,1021.09,0.00,0.00,SEARCH,,0,0
1788450880.02,1021.19,0.01,0.00,SEARCH,,0,0
1788450880.12,1021.29,0.00,0.00,SEARCH,,0,0
1788450880.22,1021.39,0.00,0.00,SEARCH,,0,0
1788450880.32,1021.49,0.00,0.00,SEARCH,,0,0
1788450880.42,1021.59,0.01,0.00,SEARCH,,0,0
1788450880.53,1021.69,0.01,0.00,SEARCH,,0,0
1788450880.63,1021.79,0.00,0.00,SEARCH,,0,0
1788450880.73,1021.89,0.01,0.00,SEARCH,,0,0
1788450880.83,1021.99,-0.00,0.00,SEARCH,,0,0
1788450880.93,1022.09,0.00,0.00,SEARCH,,0,0
1788450881.03,1022.19,-0.00,0.00,SEARCH,,0,0
1788450881.13,1022.29,-0.00,0.00,SEARCH,,0,0
1788450881.23,1022.39,-0.00,0.00,SEARCH,,0,0
1788450881.33,1022.49,0.01,0.00,SEARCH,,0,0
1788450881.43,1022.59,0.01,0.00,SEARCH,,0,0
1788450881.53,1022.69,0.00,0.00,SEARCH,,0,0
1788450881.64,1022.79,0.00,0.00,SEARCH,,0,0
1788450881.74,1022.89,0.00,0.00,SEARCH,,0,0
1788450881.84,1022.99,0.01,0.00,SEARCH,,0,0
1788450881.94,1023.09,0.01,0.00,SEARCH,,0,0
1788450882.04,1023.19,0.00,0.00,SEARCH,,0,0
1788450882.14,1023.29,0.00,0.00,SEARCH,,0,0
1788450882.24,1023.39,-0.00,0.00,SEARCH,,0,0
1788450882.34,1023.49,-0.00,0.00,SEARCH,,0,0
1788450882.44,1023.59,0.00,0.00,SEARCH,,0,0
1788450882.54,1023.69,0.00,0.00,SEARCH,,0,0
1788450882.64,1023.79,0.00,0.00,SEARCH,,0,0
1788450882.75,1023.89,-0.00,0.00,SEARCH,,0,0
1788450882.85,1023.99,0.00,0.00,SEARCH,,0,0
1788450882.95,1024.09,-0.00,0.00,SEARCH,,0,0
1788450883.05,1024.19,0.01,0.00,SEARCH,,0,0
1788450883.15,1024.29,-0.00,0.00,SEARCH,,0,0
1788450883.25,1024.39,0.01,0.00,SEARCH,,0,0
1788450883.35,1024.49,0.01,0.00,SEARCH,,0,0
1788450883.45,1024.59,0.00,0.00,SEARCH,,0,0
1788450883.55,1024.69,-0.00,0.00,SEARCH,,0,0
1788450883.65,1024.79,0.00,0.00,SEARCH,,0,0
1788450883.76,1024.89,0.00,0.00,SEARCH,,0,0
1788450883.86,1024.99,0.00,0.00,SEARCH,,0,0
1788450883.96,1025.09,0.00,0.00,SEARCH,,0,0
1788450884.06,1025.19,0.01,0.00,SEARCH,,0,0
1788450884.17,1025.29,0.01,0.00,SEARCH,,0,0
1788450884.27,1025.39,0.00,0.00,SEARCH,,0,0
1788450884.37,1025.49,-0.00,0.00,SEARCH,,0,0
1788450884.47,1025.59,0.00,0.00,SEARCH,,0,0
1788450884.57,1025.69,0.01,0.00,SEARCH,,0,0
1788450884.67,1025.79,0.00,0.00,SEARCH,,0,0
1788450884.78,1025.89,0.01,0.00,SEARCH,,0,0
1788450884.88,1025.99,0.00,0.00,SEARCH,,0,0
1788450884.98,1026.09,0.00,0.00,SEARCH,,0,0
1788450885.08,1026.19,0.01,0.00,SEARCH,,0,0
1788450885.18,1026.29,0.00,0.00,SEARCH,,0,0
1788450885.28,1026.39,0.00,0.00,SEARCH,,0,0
1788450885.38,1026.49,0.01,0.00,SEARCH,,0,0
1788450885.48,1026.59,0.00,0.00,SEARCH,,0,0
1788450885.58,1026.69,-0.00,0.00,SEARCH,,0,0
1788450885.68,1026.79,0.01,0.00,SEARCH,,0,0
1788450885.78,1026.89,0.01,0.00,SEARCH,,0,0
1788450885.88,1026.99,-0.00,0.00,SEARCH,,0,0
1788450885.98,1027.09,-0.00,0.00,SEARCH,,0,0
1788450886.09,1027.19,0.01,0.00,SEARCH,,0,0
1788450886.19,1027.29,0.01,0.00,SEARCH,,0,0
1788450886.29,1027.39,0.01,0.00,SEARCH,,0,0
1788450886.39,1027.49,0.00,0.00,SEARCH,,0,0
1788450886.49,1027.59,-0.00,0.00,SEARCH,,0,0
1788450886.59,1027.69,-0.00,0.00,SEARCH,,0,0
1788450886.69,1027.79,0.00,0.00,SEARCH,,0,0
1788450886.79,1027.89,-0.01,0.00,SEARCH,,0,0
1788450886.89,1027.99,0.01,0.00,SEARCH,,0,0
1788450886.99,1028.09,0.01,0.00,SEARCH,,0,0
1788450887.09,1028.19,-0.00,0.00,SEARCH,,0,0
1788450887.19,1028.29,-0.00,0.00,SEARCH,,0,0
1788450887.29,1028.39,0.00,0.00,SEARCH,,0,0
1788450887.40,1028.49,0.01,0.00,SEARCH,,0,0
1788450887.50,1028.59,0.00,0.00,SEARCH,,0,0
1788450887.60,1028.69,0.00,0.00,SEARCH,,0,0
1788450887.70,1028.79,-0.00,0.00,SEARCH,,0,0
1788450887.80,1028.89,0.00,0.00,SEARCH,,0,0
1788450887.90,1028.99,0.00,0.00,SEARCH,,0,0
1788450888.00,1029.09,0.01,0.00,SEARCH,,0,0
1788450888.10,1029.19,0.01,0.00,SEARCH,,0,0
1788450888.21,1029.29,0.01,0.00,SEARCH,,0,0
1788450888.31,1029.39,-0.00,0.00,SEARCH,,0,0
1788450888.41,1029.49,-0.00,0.00,SEARCH,,0,0
1788450888.51,1029.59,0.00,0.00,SEARCH,,0,0
1788450888.61,1029.69,-0.00,0.00,SEARCH,,0,0
1788450888.71,1029.79,0.00,0.00,SEARCH,,0,0
1788450888.81,1029.89,-0.00,0.00,SEARCH,,0,0
1788450888.91,1029.99,0.01,0.00,SEARCH,,0,0
1788450889.01,1030.09,-0.00,0.00,SEARCH,,0,0
1788450889.11,1030.19,-0.00,0.00,SEARCH,,0,0
1788450889.21,1030.29,0.01,0.00,SEARCH,,0,0
1788450889.31,1030.39,0.01,0.00,SEARCH,,0,0
1788450889.42,1030.49,0.00,0.00,SEARCH,,0,0
1788450889.52,1030.59,0.01,0.00,SEARCH,,0,0
1788450889.62,1030.69,0.00,0.00,SEARCH,,0,0
1788450889.72,1030.79,0.01,0.00,SEARCH,,0,0
1788450889.82,1030.89,0.01,0.00,SEARCH,,0,0
1788450889.92,1030.99,-0.00,0.00,SEARCH,,0,0
1788450890.02,1031.09,0.00,0.00,SEARCH,,0,0
1788450890.12,1031.19,0.01,0.00,SEARCH,,0,0
1788450890.22,1031.29,0.01,0.00,SEARCH,,0,0
1788450890.32,1031.39,0.00,0.00,SEARCH,,0,0
1788450890.43,1031.49,-0.00,0.00,SEARCH,,0,0
1788450890.52,1031.59,0.00,0.00,SEARCH,,0,0
1788450890.63,1031.69,0.01,0.00,SEARCH,,0,0
1788450890.73,1031.79,0.01,0.00,SEARCH,,0,0
1788450890.83,1031.89,0.00,0.00,SEARCH,,0,0
1788450890.93,1031.99,-0.00,0.00,SEARCH,,0,0
1788450891.03,1032.09,0.01,0.00,SEARCH,,0,0
1788450891.13,1032.19,0.00,0.00,SEARCH,,0,0
1788450891.24,1032.29,0.00,0.00,SEARCH,,0,0
1788450891.34,1032.39,-0.00,0.00,SEARCH,,0,0
1788450891.44,1032.49,0.00,0.00,SEARCH,,0,0
1788450891.54,1032.59,-0.01,0.00,SEARCH,,0,0
1788450891.64,1032.69,-0.00,0.00,SEARCH,,0,0
1788450891.74,1032.79,0.01,0.00,SEARCH,,0,0
1788450891.84,1032.89,-0.00,0.00,SEARCH,,0,0
1788450891.94,1032.99,0.01,0.00,SEARCH,,0,0
1788450892.04,1033.09,0.00,0.00,SEARCH,,0,0
1788450892.14,1033.19,0.00,0.00,SEARCH,,0,0
1788450892.24,1033.29,0.00,0.00,SEARCH,,0,0
1788450892.34,1033.39,0.00,0.00,SEARCH,,0,0
1788450892.45,1033.49,-0.00,0.00,SEARCH,,0,0
1788450892.55,1033.59,-0.00,0.00,SEARCH,,0,0
1788450892.65,1033.69,-0.00,0.00,SEARCH,,0,0
1788450892.75,1033.79,0.01,0.00,SEARCH,,0,0
1788450892.85,1033.89,-0.00,0.00,SEARCH,,0,0
1788450892.95,1033.99,0.01,0.00,APPROACH,,0,0
1788450893.05,1034.09,0.01,0.00,APPROACH,,0,0
1788450893.15,1034.19,0.00,0.00,APPROACH,,0,0
1788450893.25,1034.29,0.01,0.00,APPROACH,,0,0
1788450893.35,1034.39,0.01,0.00,APPROACH,,0,0
1788450893.45,1034.49,-0.00,0.00,APPROACH,,0,0
1788450893.55,1034.59,0.00,0.00,APPROACH,,0,0
1788450893.65,1034.69,-0.00,0.00,APPROACH,,0,0
1788450893.75,1034.79,0.00,0.00,APPROACH,,0,0
1788450893.86,1034.89,0.01,0.00,APPROACH,,0,0
1788450893.96,1034.99,-0.00,0.00,APPROACH,,0,0
1788450894.06,1035.09,0.01,0.00,APPROACH,,0,0
1788450894.16,1035.19,0.00,0.00,APPROACH,,0,0
1788450894.26,1035.29,0.01,0.00,APPROACH,,0,0
1788450894.36,1035.39,0.00,0.00,APPROACH,,0,0
1788450894.47,1035.49,-0.00,0.00,APPROACH,,0,0
1788450894.56,1035.59,0.00,0.00,APPROACH,,0,0
1788450894.67,1035.69,0.00,0.00,APPROACH,,0,0
1788450894.77,1035.79,-0.00,0.00,APPROACH,,0,0
1788450894.87,1035.89,-0.00,0.00,APPROACH,,0,0
1788450894.97,1035.99,0.00,0.00,APPROACH,,0,0
1788450895.07,1036.09,0.00,0.00,APPROACH,,0,0
1788450895.17,1036.19,0.01,0.00,APPROACH,,0,0
1788450895.28,1036.29,0.00,0.00,APPROACH,,0,0
1788450895.37,1036.39,0.00,0.00,APPROACH,,0,0
1788450895.47,1036.49,0.00,0.00,APPROACH,,0,0
1788450895.58,1036.59,0.00,0.00,APPROACH,,0,0
1788450895.68,1036.69,0.01,0.00,APPROACH,,0,0
1788450895.78,1036.79,0.00,0.00,APPROACH,,0,0
1788450895.88,1036.89,0.01,0.00,APPROACH,,0,0
1788450895.98,1036.99,0.01,0.00,APPROACH,,0,0
1788450896.08,1037.09,0.01,0.00,APPROACH,,0,0
1788450896.18,1037.19,-0.00,0.00,APPROACH,,0,0
1788450896.29,1037.29,0.00,0.00,APPROACH,,0,0
1788450896.39,1037.39,-0.00,0.00,APPROACH,,0,0
1788450896.49,1037.49,0.00,0.00,APPROACH,,0,0
1788450896.59,1037.59,0.01,0.00,APPROACH,,0,0
1788450896.69,1037.69,0.01,0.00,APPROACH,,0,0
1788450896.79,1037.79,0.00,0.00,APPROACH,,0,0
1788450896.89,1037.89,0.00,0.00,APPROACH,,0,0
1788450896.99,1037.99,-0.01,0.00,APPROACH,,0,0
1788450897.09,1038.09,-0.00,0.00,APPROACH,,0,0
1788450897.19,1038.19,-0.00,0.00,APPROACH,,0,0
1788450897.29,1038.29,0.00,0.00,APPROACH,,0,0
1788450897.39,1038.39,0.00,0.00,APPROACH,,0,0
1788450897.49,1038.49,0.00,0.00,APPROACH,,0,0
1788450897.59,1038.59,0.01,0.00,APPROACH,,0,0
1788450897.70,1038.69,-0.00,0.00,APPROACH,,0,0
1788450897.79,1038.79,-0.00,0.00,APPROACH,,0,0
1788450897.90,1038.89,0.00,0.00,APPROACH,,0,0
1788450898.00,1038.99,0.00,0.00,APPROACH,,0,0
1788450898.10,1039.09,-0.00,0.00,APPROACH,,0,0
1788450898.20,1039.19,-0.00,0.00,APPROACH,,0,0
1788450898.30,1039.29,0.00,0.00,APPROACH,,0,0
1788450898.40,1039.39,0.00,0.00,APPROACH,,0,0
1788450898.50,1039.49,0.01,0.00,APPROACH,,0,0
1788450898.60,1039.59,0.01,0.00,APPROACH,,0,0
1788450898.70,1039.69,0.01,0.00,APPROACH,,0,0
1788450898.81,1039.79,0.00,0.00,APPROACH,,0,0
1788450898.91,1039.89,0.00,0.00,APPROACH,,0,0
1788450899.01,1039.99,0.00,0.00,APPROACH,,0,0
1788450899.11,1040.09,0.01,0.00,APPROACH,,0,0
1788450899.21,1040.19,0.01,0.00,APPROACH,,0,0
1788450899.31,1040.29,-0.00,0.00,APPROACH,,0,0
1788450899.41,1040.39,-0.00,0.00,APPROACH,,0,0
1788450899.52,1040.49,0.00,0.00,APPROACH,,0,0
1788450899.61,1040.59,0.00,0.00,APPROACH,,0,0
1788450899.71,1040.69,0.01,0.00,APPROACH,,0,0
1788450899.81,1040.79,0.01,0.00,APPROACH,,0,0
1788450899.92,1040.89,0.01,0.00,APPROACH,,0,0
1788450900.02,1040.99,0.01,0.00,APPROACH,,0,0
1788450900.12,1041.09,0.00,0.00,APPROACH,,0,0
1788450900.22,1041.19,0.01,0.00,APPROACH,,0,0
1788450900.32,1041.29,0.00,0.00,APPROACH,,0,0
1788450900.42,1041.39,0.00,0.00,APPROACH,,0,0
1788450900.52,1041.49,0.00,0.00,APPROACH,,0,0
1788450900.62,1041.59,0.00,0.00,APPROACH,,0,0
1788450900.72,1041.69,0.01,0.00,APPROACH,,0,0
1788450900.82,1041.79,0.01,0.00,APPROACH,,0,0
1788450900.93,1041.89,0.01,0.00,APPROACH,,0,0
1788450901.03,1041.99,0.00,0.00,APPROACH,,0,0
1788450901.13,1042.09,0.00,0.00,APPROACH,,0,0
1788450901.23,1042.19,0.01,0.00,APPROACH,,0,0
1788450901.33,1042.29,0.01,0.00,APPROACH,,0,0
1788450901.43,1042.39,-0.00,0.00,APPROACH,,0,0
1788450901.53,1042.49,0.01,0.00,APPROACH,,0,0
1788450901.64,1042.59,0.00,0.00,APPROACH,,0,0
1788450901.74,1042.69,-0.00,0.00,APPROACH,,0,0
1788450901.83,1042.79,0.00,0.00,APPROACH,,0,0
1788450901.94,1042.89,0.01,0.00,APPROACH,,0,0
1788450902.04,1042.99,-0.00,0.00,APPROACH,,0,0
1788450902.14,1043.09,0.00,0.00,APPROACH,,0,0
1788450902.24,1043.19,0.01,0.00,APPROACH,,0,0
1788450902.34,1043.29,0.01,0.00,APPROACH,,0,0
1788450902.45,1043.39,0.01,0.00,APPROACH,,0,0
1788450902.55,1043.49,-0.00,0.00,APPROACH,,0,0
1788450902.65,1043.59,-0.00,0.00,APPROACH,,0,0
1788450902.75,1043.69,0.00,0.00,APPROACH,,0,0
1788450902.85,1043.79,0.01,0.00,APPROACH,,0,0
1788450902.95,1043.89,-0.00,0.00,APPROACH,,0,0
1788450903.05,1043.99,-0.00,0.00,APPROACH,,0,0
1788450903.15,1044.09,0.01,0.00,APPROACH,,0,0
1788450903.25,1044.19,0.01,0.00,APPROACH,,0,0
1788450903.36,1044.29,-0.00,0.00,APPROACH,,0,0
1788450903.46,1044.39,0.00,0.00,APPROACH,,0,0
1788450903.56,1044.49,-0.00,0.00,APPROACH,,0,0
1788450903.66,1044.59,-0.00,0.00,APPROACH,,0,0
1788450903.76,1044.69,-0.00,0.00,APPROACH,,0,0
1788450903.86,1044.79,0.00,0.00,APPROACH,,0,0
1788450903.96,1044.89,-0.00,0.00,APPROACH,,0,0
1788450904.06,1044.99,-0.00,0.00,APPROACH,,0,0
1788450904.16,1045.09,0.00,0.00,APPROACH,,0,0
1788450904.26,1045.19,0.01,0.00,APPROACH,,0,0
1788450904.36,1045.29,-0.00,0.00,APPROACH,,0,0
1788450904.46,1045.39,0.00,0.00,APPROACH,,0,0
1788450904.56,1045.49,0.00,0.00,APPROACH,,0,0
1788450904.67,1045.59,0.01,0.00,APPROACH,,0,0
1788450904.77,1045.69,0.01,0.00,APPROACH,,0,0
1788450904.87,1045.79,0.00,0.00,APPROACH,,0,0
1788450904.97,1045.89,-0.00,0.00,APPROACH,,0,0
1788450905.07,1045.99,0.00,0.00,APPROACH,,0,0
1788450905.17,1046.09,0.00,0.00,APPROACH,,0,0
1788450905.27,1046.19,0.00,0.00,APPROACH,,0,0
1788450905.38,1046.29,-0.00,0.00,APPROACH,,0,0
1788450905.48,1046.39,0.01,0.00,APPROACH,,0,0
1788450905.58,1046.49,0.00,0.00,APPROACH,,0,0
1788450905.68,1046.59,0.01,0.00,APPROACH,,0,0
1788450905.78,1046.69,0.00,0.00,APPROACH,,0,0
1788450905.88,1046.79,0.01,0.00,APPROACH,,0,0
1788450905.98,1046.89,0.00,0.00,APPROACH,,0,0
1788450906.08,1046.99,0.00,0.00,APPROACH,,0,0
1788450906.19,1047.09,0.00,0.00,APPROACH,,0,0
1788450906.28,1047.19,-0.00,0.00,APPROACH,,0,0
1788450906.39,1047.29,0.00,0.00,APPROACH,,0,0
1788450906.49,1047.39,0.00,0.00,APPROACH,,0,0
1788450906.59,1047.49,0.00,0.00,APPROACH,,0,0
1788450906.69,1047.59,0.01,0.00,APPROACH,,0,0
1788450906.79,1047.69,-0.01,0.00,APPROACH,,0,0
1788450906.89,1047.79,0.00,0.00,APPROACH,,0,0
1788450906.99,1047.89,-0.00,0.00,APPROACH,,0,0
1788450907.09,1047.99,0.01,0.00,APPROACH,,0,0
1788450907.20,1048.09,0.01,0.00,APPROACH,,0,0
1788450907.29,1048.19,-0.00,0.00,APPROACH,,0,0
1788450907.40,1048.29,-0.00,0.00,APPROACH,,0,0
1788450907.50,1048.39,0.01,0.00,APPROACH,,0,0
1788450907.60,1048.49,0.01,0.00,APPROACH,,0,0
1788450907.70,1048.59,-0.00,0.00,APPROACH,,0,0
1788450907.80,1048.69,0.00,0.00,APPROACH,,0,0
1788450907.90,1048.79,0.00,0.00,APPROACH,,0,0
1788450908.00,1048.89,-0.00,0.00,APPROACH,,0,0
1788450908.10,1048.99,-0.00,0.00,APPROACH,,0,0
1788450908.21,1049.09,0.01,0.00,APPROACH,,0,0
1788450908.31,1049.19,0.00,0.00,APPROACH,,0,0
1788450908.41,1049.29,0.00,0.00,APPROACH,,0,0
1788450908.51,1049.39,0.00,0.00,APPROACH,,0,0
1788450908.61,1049.49,0.01,0.00,APPROACH,,0,0
1788450908.71,1049.59,-0.00,0.00,APPROACH,,0,0
1788450908.82,1049.69,0.01,0.00,APPROACH,,0,0
1788450908.92,1049.79,-0.00,0.00,APPROACH,,0,0
1788450909.02,1049.89,0.01,0.00,APPROACH,,0,0
1788450909.12,1049.99,0.00,0.00,APPROACH,,0,0
1788450909.22,1050.09,-0.00,0.00,APPROACH,,0,0
1788450909.32,1050.19,-0.00,0.00,APPROACH,,0,0
1788450909.42,1050.29,0.01,0.00,APPROACH,,0,0
1788450909.52,1050.39,0.00,0.00,APPROACH,,0,0
1788450909.62,1050.49,0.01,0.00,APPROACH,,0,0
1788450909.72,1050.59,-0.00,0.00,APPROACH,,0,0
1788450909.83,1050.69,0.01,0.00,APPROACH,,0,0
1788450909.93,1050.79,0.00,0.00,APPROACH,,0,0
1788450910.03,1050.89,0.00,0.00,APPROACH,,0,0
1788450910.13,1050.99,0.00,0.00,APPROACH,,0,0
1788450910.23,1051.09,-0.00,0.00,APPROACH,,0,0
1788450910.33,1051.19,0.00,0.00,APPROACH,,0,0
1788450910.43,1051.29,0.01,0.00,APPROACH,,0,0
1788450910.53,1051.39,0.00,0.00,APPROACH,,0,0
1788450910.64,1051.49,0.00,0.00,APPROACH,,0,0
1788450910.74,1051.59,-0.00,0.00,APPROACH,,0,0
1788450910.84,1051.69,0.00,0.00,APPROACH,,0,0
1788450910.94,1051.79,0.00,0.00,APPROACH,,0,0
1788450911.04,1051.89,-0.00,0.00,APPROACH,,0,0
1788450911.14,1051.99,0.00,0.00,APPROACH,,0,0
1788450911.25,1052.09,0.01,0.00,APPROACH,,0,0
1788450911.35,1052.19,0.01,0.00,APPROACH,,0,0
1788450911.45,1052.29,0.00,0.00,APPROACH,,0,0
1788450911.55,1052.39,0.00,0.00,APPROACH,,0,0
1788450911.65,1052.49,-0.00,0.00,APPROACH,,0,0
1788450911.75,1052.59,0.00,0.00,APPROACH,,0,0
1788450911.85,1052.69,0.01,0.00,APPROACH,,0,0
1788450911.95,1052.79,0.00,0.00,APPROACH,,0,0
1788450912.05,1052.89,0.00,0.00,APPROACH,,0,0
1788450912.15,1052.99,0.01,0.00,APPROACH,,0,0
1788450912.25,1053.09,-0.00,0.00,APPROACH,,0,0
1788450912.36,1053.19,0.00,0.00,APPROACH,,0,0
1788450912.46,1053.29,0.00,0.00,APPROACH,,0,0
1788450912.56,1053.39,-0.00,0.00,APPROACH,,0,0
1788450912.66,1053.49,0.01,0.00,APPROACH,,0,0
1788450912.76,1053.59,0.01,0.00,APPROACH,,0,0
1788450912.86,1053.69,0.01,0.00,APPROACH,,0,0
1788450912.96,1053.79,0.00,0.00,APPROACH,,0,0
1788450913.06,1053.89,0.00,0.00,APPROACH,,0,0
1788450913.16,1053.99,0.01,0.00,APPROACH,,0,0
1788450913.27,1054.09,0.01,0.00,APPROACH,,0,0
1788450913.37,1054.19,0.01,0.00,APPROACH,,0,0
1788450913.47,1054.29,0.01,0.00,APPROACH,,0,0
1788450913.57,1054.39,0.00,0.00,APPROACH,,0,0
1788450913.67,1054.49,0.00,0.00,APPROACH,,0,0
1788450913.77,1054.59,0.01,0.00,APPROACH,,0,0
1788450913.87,1054.69,0.01,0.00,APPROACH,,0,0
1788450913.97,1054.79,-0.00,0.00,APPROACH,,0,0
1788450914.07,1054.89,0.00,0.00,APPROACH,,0,0
1788450914.17,1054.99,-0.00,0.00,APPROACH,,0,0
1788450914.27,1055.09,0.00,0.00,APPROACH,,0,0
1788450914.37,1055.19,-0.00,0.00,APPROACH,,0,0
1788450914.48,1055.29,-0.00,0.00,APPROACH,,0,0
1788450914.57,1055.39,-0.00,0.00,APPROACH,,0,0
1788450914.67,1055.49,0.01,0.00,APPROACH,,0,0
1788450914.77,1055.59,0.01,0.00,APPROACH,,0,0
1788450914.88,1055.69,0.00,0.00,APPROACH,,0,0
1788450914.98,1055.79,0.01,0.00,APPROACH,,0,0
1788450915.08,1055.89,0.00,0.00,APPROACH,,0,0
1788450915.18,1055.99,-0.00,0.00,APPROACH,,0,0
1788450915.28,1056.09,0.00,0.00,APPROACH,,0,0
1788450915.38,1056.19,0.00,0.00,APPROACH,,0,0
1788450915.48,1056.29,0.01,0.00,APPROACH,,0,0
1788450915.58,1056.39,0.00,0.00,APPROACH,,0,0
1788450915.68,1056.49,0.00,0.00,APPROACH,,0,0
1788450915.78,1056.59,-0.00,0.00,APPROACH,,0,0
1788450915.89,1056.69,0.00,0.00,APPROACH,,0,0
1788450915.98,1056.79,0.00,0.00,APPROACH,,0,0
1788450916.08,1056.89,0.01,0.00,APPROACH,,0,0
1788450916.18,1056.99,0.01,0.00,APPROACH,,0,0
1788450916.29,1057.09,0.00,0.00,APPROACH,,0,0
1788450916.38,1057.19,-0.00,0.00,APPROACH,,0,0
1788450916.49,1057.29,0.01,0.00,APPROACH,,0,0
1788450916.59,1057.39,-0.00,0.00,APPROACH,,0,0
1788450916.69,1057.49,-0.00,0.00,APPROACH,,0,0
1788450916.79,1057.59,0.01,0.00,APPROACH,,0,0
1788450916.89,1057.69,0.00,0.00,APPROACH,,0,0
1788450916.99,1057.79,0.00,0.00,APPROACH,,0,0
1788450917.09,1057.89,0.01,0.00,APPROACH,,0,0
1788450917.19,1057.99,0.01,0.00,APPROACH,,0,0
1788450917.29,1058.09,-0.00,0.00,APPROACH,,0,0
1788450917.39,1058.19,-0.00,0.00,APPROACH,,0,0
1788450917.49,1058.29,0.01,0.00,APPROACH,,0,0
1788450917.59,1058.39,-0.00,0.00,APPROACH,,0,0
1788450917.69,1058.49,0.01,0.00,APPROACH,,0,0
1788450917.79,1058.59,0.00,0.00,APPROACH,,0,0
1788450917.90,1058.69,-0.00,0.00,APPROACH,,0,0
1788450918.00,1058.79,0.00,0.00,APPROACH,,0,0
1788450918.10,1058.89,0.00,0.00,APPROACH,,0,0
1788450918.20,1058.99,-0.01,0.00,APPROACH,,0,0
1788450918.30,1059.09,0.01,0.00,APPROACH,,0,0
1788450918.40,1059.19,0.01,0.00,APPROACH,,0,0
1788450918.50,1059.29,-0.00,0.00,APPROACH,,0,0
1788450918.60,1059.39,-0.01,0.00,APPROACH,,0,0
1788450918.70,1059.49,0.00,0.00,APPROACH,,0,0
1788450918.80,1059.59,0.01,0.00,APPROACH,,0,0
1788450918.91,1059.69,-0.00,0.00,APPROACH,,0,0
1788450919.00,1059.79,0.00,0.00,APPROACH,,0,0
1788450919.11,1059.89,-0.00,0.00,APPROACH,,0,0
1788450919.21,1059.99,0.00,0.00,APPROACH,,0,0
1788450919.31,1060.09,0.00,0.00,APPROACH,,0,0
1788450919.41,1060.19,0.01,0.00,APPROACH,,0,0
1788450919.51,1060.29,0.00,0.00,APPROACH,,0,0
1788450919.61,1060.39,0.01,0.00,APPROACH,,0,0
1788450919.71,1060.49,-0.00,0.00,APPROACH,,0,0
1788450919.81,1060.59,-0.00,0.00,APPROACH,,0,0
1788450919.92,1060.69,0.01,0.00,APPROACH,,0,0
1788450920.01,1060.79,-0.00,0.00,APPROACH,,0,0
1788450920.11,1060.89,0.00,0.00,APPROACH,,0,0
1788450920.22,1060.99,-0.00,0.00,APPROACH,,0,0
1788450920.32,1061.09,0.00,0.00,APPROACH,,0,0
1788450920.41,1061.19,0.01,0.00,APPROACH,,0,0
1788450920.52,1061.29,0.00,0.00,APPROACH,,0,0
1788450920.62,1061.39,0.00,0.00,REFINE,,0,0
1788450920.72,1061.49,0.01,0.00,REFINE,,0,0
1788450920.83,1061.59,-0.00,0.00,REFINE,,0,0
1788450920.93,1061.69,0.01,0.00,REFINE,,0,0
1788450921.03,1061.79,0.00,0.00,REFINE,,0,0
1788450921.14,1061.89,0.00,0.00,REFINE,,0,0
1788450921.23,1061.99,0.01,0.00,REFINE,,0,0
1788450921.34,1062.09,0.00,0.00,REFINE,,0,0
1788450921.43,1062.19,-0.00,0.00,REFINE,,0,0
1788450921.54,1062.29,0.01,0.00,REFINE,,0,0
1788450921.64,1062.39,0.00,0.00,REFINE,,0,0
1788450921.74,1062.49,0.00,0.00,REFINE,,0,0
1788450921.83,1062.59,0.00,0.00,DEPLOY,,0,0
1788450921.93,1062.69,-0.00,0.00,DEPLOY,,0,0
1788450922.03,1062.79,-0.00,0.00,DEPLOY,,0,0
1788450922.14,1062.89,0.01,0.00,DEPLOY,,0,0
1788450922.23,1062.99,0.00,0.00,DEPLOY,,0,0
1788450922.33,1063.09,0.00,0.00,DEPLOY,,0,0
1788450922.43,1063.18,0.01,0.00,DEPLOY,,0,0
1788450922.54,1063.29,-0.00,0.00,DEPLOY,,0,0
1788450922.63,1063.39,-0.00,0.00,DEPLOY,,0,0
1788450922.74,1063.49,0.00,0.00,DEPLOY,,0,0
1788450922.84,1063.59,0.01,0.00,DEPLOY,,0,0
1788450922.94,1063.69,-0.00,0.00,DEPLOY,,0,0
1788450923.04,1063.79,0.00,0.00,DEPLOY,,0,0
1788450923.14,1063.89,0.01,0.00,DEPLOY,,0,0
1788450923.24,1063.99,-0.00,0.00,DEPLOY,,0,0
1788450923.34,1064.09,0.00,0.00,DEPLOY,,0,0
1788450923.44,1064.19,-0.00,0.00,DEPLOY,,0,0
1788450923.54,1064.29,-0.00,0.00,DEPLOY,,0,0
1788450923.64,1064.39,0.00,0.00,DEPLOY,,0,0
1788450923.74,1064.49,0.00,0.00,DEPLOY,,0,0
1788450923.84,1064.59,-0.00,0.00,DEPLOY,,0,0
1788450923.94,1064.69,-0.00,0.00,DEPLOY,,0,0
1788450924.04,1064.79,0.00,0.00,DEPLOY,,0,0
1788450924.14,1064.89,0.01,0.00,DEPLOY,,0,0
1788450924.24,1064.99,-0.01,0.00,DEPLOY,,0,0
1788450924.34,1065.09,0.00,0.00,DEPLOY,,0,0
1788450924.44,1065.19,0.01,0.00,DEPLOY,,0,0
1788450924.54,1065.29,0.00,0.00,DEPLOY,,0,0
1788450924.64,1065.39,0.01,0.00,DEPLOY,,0,0
1788450924.74,1065.49,0.01,0.00,DEPLOY,,0,0
1788450924.84,1065.59,-0.00,0.00,DEPLOY,,0,0
1788450924.94,1065.69,-0.00,0.00,DEPLOY,,0,0
1788450925.04,1065.79,0.01,0.00,DEPLOY,,0,0
1788450925.14,1065.89,0.01,0.00,DEPLOY,,0,0
1788450925.24,1065.99,0.01,0.00,DEPLOY,,0,0
1788450925.34,1066.09,0.00,0.00,DEPLOY,,0,0
1788450925.44,1066.19,-0.00,0.00,DEPLOY,,0,0
1788450925.54,1066.29,0.01,0.00,DEPLOY,,0,0
1788450925.64,1066.39,0.01,0.00,DEPLOY,,0,0
1788450925.74,1066.49,-0.00,0.00,DEPLOY,,0,0
1788450925.84,1066.59,-0.00,0.00,DEPLOY,,0,0
1788450925.94,1066.69,0.01,0.00,DEPLOY,,0,0
1788450926.04,1066.79,-0.00,0.00,DEPLOY,,0,0
1788450926.14,1066.89,0.00,0.00,DEPLOY,,0,0
1788450926.24,1066.99,0.01,0.00,DEPLOY,,0,0
1788450926.34,1067.09,-0.00,0.00,DEPLOY,,0,0
1788450926.44,1067.19,-0.00,0.00,DEPLOY,,0,0
1788450926.54,1067.29,0.01,0.00,DEPLOY,,0,0
1788450926.64,1067.39,0.00,0.00,DEPLOY,,0,0
1788450926.74,1067.49,0.01,0.00,DEPLOY,,0,0
1788450926.84,1067.59,0.00,0.00,DEPLOY,,0,0
1788450926.95,1067.69,0.01,0.00,DEPLOY,,0,0
1788450927.05,1067.79,0.00,0.00,DEPLOY,,0,0
1788450927.15,1067.89,-0.00,0.00,DEPLOY,,0,0
1788450927.25,1067.99,0.01,0.00,DEPLOY,,0,0
1788450927.35,1068.09,-0.00,0.00,DEPLOY,,0,0
1788450927.45,1068.19,-0.00,0.00,DEPLOY,,0,0
1788450927.56,1068.29,0.00,0.00,DEPLOY,,0,0
1788450927.65,1068.39,0.01,0.00,DEPLOY,,0,0
1788450927.75,1068.49,0.00,0.00,DEPLOY,,0,0
1788450927.85,1068.59,0.00,0.00,DEPLOY,,0,0
1788450927.95,1068.69,0.01,0.00,DEPLOY,,0,0
1788450928.06,1068.79,0.01,0.00,DEPLOY,,0,0
1788450928.16,1068.89,0.00,0.00,DEPLOY,,0,0
1788450928.25,1068.99,-0.00,0.00,DEPLOY,,0,0
1788450928.36,1069.09,-0.01,0.00,DEPLOY,,0,0
1788450928.46,1069.19,-0.00,0.00,DEPLOY,,0,0
1788450928.56,1069.29,-0.00,0.00,DEPLOY,,0,0
1788450928.66,1069.39,0.00,0.00,DEPLOY,,0,0
1788450928.76,1069.49,-0.00,0.00,DEPLOY,,0,0
1788450928.86,1069.59,-0.00,0.00,DEPLOY,,0,0
1788450928.96,1069.69,0.01,0.00,DEPLOY,,0,0
1788450929.06,1069.79,-0.00,0.00,DEPLOY,,0,0
1788450929.17,1069.89,0.00,0.00,DEPLOY,,0,0
1788450929.26,1069.99,-0.00,0.00,DEPLOY,,0,0
1788450929.36,1070.09,0.00,0.00,DEPLOY,,0,0
1788450929.47,1070.19,0.00,0.00,DEPLOY,,0,0
1788450929.57,1070.29,-0.00,0.00,DEPLOY,,0,0
1788450929.67,1070.39,0.01,0.00,DEPLOY,,0,0
1788450929.77,1070.49,0.00,0.00,DEPLOY,,0,0
1788450929.87,1070.59,0.01,0.00,DEPLOY,,0,0
1788450929.97,1070.69,0.01,0.00,DEPLOY,,0,0
1788450930.07,1070.79,-0.00,0.00,DEPLOY,,0,0
1788450930.17,1070.89,0.00,0.00,DEPLOY,,0,0
1788450930.27,1070.99,-0.00,0.00,DEPLOY,,0,0
1788450930.38,1071.09,0.00,0.00,DEPLOY,,0,0
1788450930.48,1071.19,-0.00,0.00,DEPLOY,,0,0
1788450930.58,1071.29,0.01,0.00,DEPLOY,,0,0
1788450930.68,1071.39,-0.00,0.00,DEPLOY,,0,0
1788450930.78,1071.49,0.00,0.00,DEPLOY,,0,0
1788450930.88,1071.59,0.01,0.00,DEPLOY,,0,0
1788450930.98,1071.69,0.00,0.00,DEPLOY,,0,0
1788450931.08,1071.79,0.01,0.00,DEPLOY,,0,0
1788450931.18,1071.89,0.00,0.00,DEPLOY,,0,0
1788450931.29,1071.99,0.01,0.00,DEPLOY,,0,0
1788450931.39,1072.09,0.01,0.00,DEPLOY,,0,0
1788450931.49,1072.19,0.00,0.00,DEPLOY,,0,0
1788450931.59,1072.29,0.00,0.00,DEPLOY,,0,0
1788450931.69,1072.39,-0.00,0.00,DEPLOY,,0,0
1788450931.79,1072.49,0.00,0.00,DEPLOY,,0,0
1788450931.89,1072.59,-0.00,0.00,DEPLOY,,0,0
1788450931.99,1072.69,0.00,0.00,DEPLOY,,0,0
1788450932.09,1072.79,0.01,0.00,DEPLOY,,0,0
1788450932.20,1072.89,0.00,0.00,DEPLOY,,0,0
1788450932.30,1072.99,0.01,0.00,DEPLOY,,0,0
1788450932.40,1073.09,0.00,0.00,DEPLOY,,0,0
1788450932.50,1073.19,0.00,0.00,DEPLOY,,0,0
1788450932.60,1073.29,0.01,0.00,DEPLOY,,0,0
1788450932.70,1073.39,0.01,0.00,DEPLOY,,0,0
1788450932.81,1073.49,0.00,0.00,DEPLOY,,0,0
1788450932.90,1073.59,0.01,0.00,DEPLOY,,0,0
1788450933.01,1073.69,0.00,0.00,DEPLOY,,0,0
1788450933.10,1073.79,-0.00,0.00,DEPLOY,,0,0
1788450933.21,1073.89,0.00,0.00,DEPLOY,,0,0
1788450933.31,1073.99,0.01,0.00,DEPLOY,,0,0
1788450933.41,1074.09,-0.00,0.00,DEPLOY,,0,0
1788450933.51,1074.19,0.00,0.00,DEPLOY,,0,0
1788450933.61,1074.29,0.01,0.00,DEPLOY,,0,0
1788450933.71,1074.39,-0.00,0.00,DEPLOY,,0,1
1788450933.81,1074.49,0.01,0.00,DEPLOY,,0,0
1788450933.91,1074.59,-0.00,0.00,DEPLOY,,0,0
1788450934.01,1074.69,-0.00,0.00,DEPLOY,,0,0
1788450934.11,1074.79,0.00,0.00,DEPLOY,,0,0
1788450934.22,1074.89,0.01,0.00,DEPLOY,,0,0
1788450934.32,1074.99,0.00,0.00,DEPLOY,,0,0
1788450934.42,1075.09,0.00,0.00,DEPLOY,,0,0
1788450934.52,1075.19,0.01,0.00,DEPLOY,,0,0
1788450934.62,1075.29,0.01,0.00,DEPLOY,,0,0
1788450934.72,1075.39,-0.00,0.00,DEPLOY,,0,0
1788450934.83,1075.49,0.01,0.00,DEPLOY,,0,0
1788450934.92,1075.59,0.00,0.00,DEPLOY,,0,0
1788450935.03,1075.69,-0.00,0.00,DEPLOY,,0,0
1788450935.13,1075.79,0.00,0.00,DEPLOY,,0,0
1788450935.23,1075.89,0.00,0.00,DEPLOY,,0,0
1788450935.33,1075.99,-0.00,0.00,DEPLOY,,0,0
1788450935.42,1076.09,0.00,0.00,DEPLOY,,0,0
1788450935.53,1076.19,0.01,0.00,DEPLOY,,0,0
1788450935.63,1076.29,0.00,0.00,DEPLOY,,0,0
1788450935.73,1076.39,-0.00,0.00,DEPLOY,,0,0
1788450935.83,1076.49,-0.00,0.00,DEPLOY,,0,0
1788450935.93,1076.59,-0.00,0.00,DEPLOY,,0,0
1788450936.03,1076.69,0.00,0.00,DEPLOY,,0,0
1788450936.13,1076.79,0.01,0.00,DEPLOY,,0,0
1788450936.23,1076.89,0.00,0.00,DEPLOY,,0,0
1788450936.33,1076.99,-0.00,0.00,DEPLOY,,0,0
1788450936.43,1077.09,-0.00,0.00,DEPLOY,,0,0
1788450936.54,1077.19,0.00,0.00,DEPLOY,,0,0
1788450936.64,1077.29,0.00,0.00,DEPLOY,,0,0
1788450936.74,1077.39,0.01,0.00,DEPLOY,,0,0
1788450936.84,1077.49,0.01,0.00,DEPLOY,,0,0
1788450936.94,1077.59,0.00,0.00,DEPLOY,,0,0
1788450937.04,1077.69,0.01,0.00,DEPLOY,,0,0
1788450937.14,1077.79,0.00,0.00,DEPLOY,,0,0
1788450937.25,1077.89,0.01,0.00,DEPLOY,,0,0
1788450937.35,1077.99,0.01,0.00,DEPLOY,,0,0
1788450937.45,1078.09,0.00,0.00,DEPLOY,,0,0
1788450937.55,1078.19,0.00,0.00,DEPLOY,,0,0
1788450937.65,1078.29,-0.00,0.00,DEPLOY,,0,0
1788450937.75,1078.39,0.01,0.00,DEPLOY,,0,0
1788450937.85,1078.49,0.01,0.00,DEPLOY,,0,0
1788450937.95,1078.59,0.01,0.00,DEPLOY,,0,0
1788450938.05,1078.69,0.01,0.00,DEPLOY,,0,0
1788450938.15,1078.79,-0.00,0.00,DEPLOY,,0,0
1788450938.25,1078.89,0.01,0.00,DEPLOY,,0,0
1788450938.35,1078.99,-0.00,0.00,DEPLOY,,0,0
1788450938.46,1079.09,0.01,0.00,DEPLOY,,0,0
1788450938.56,1079.19,0.01,0.00,DEPLOY,,0,0
1788450938.66,1079.29,-0.00,0.00,DEPLOY,,0,0
1788450938.76,1079.39,-0.00,0.00,DEPLOY,,0,0
1788450938.86,1079.49,0.01,0.00,DEPLOY,,0,0
1788450938.96,1079.59,0.00,0.00,DEPLOY,,0,0
1788450939.06,1079.69,-0.00,0.00,DEPLOY,,0,0
1788450939.16,1079.79,0.00,0.00,DEPLOY,,0,0
1788450939.26,1079.89,0.00,0.00,DEPLOY,,0,0
1788450939.36,1079.99,-0.00,0.00,DEPLOY,,0,0
1788450939.46,1080.09,0.01,0.00,DEPLOY,,0,0
1788450939.56,1080.19,-0.00,0.00,DEPLOY,,0,0
1788450939.67,1080.29,0.00,0.00,DEPLOY,,0,0
1788450939.77,1080.39,0.00,0.00,DEPLOY,,0,0
1788450939.87,1080.49,-0.00,0.00,DEPLOY,,0,0
1788450939.97,1080.59,0.01,0.00,DEPLOY,,0,0
1788450940.07,1080.69,-0.00,0.00,DEPLOY,,0,0
1788450940.17,1080.79,0.01,0.00,DEPLOY,,0,0
1788450940.27,1080.89,0.01,0.00,DEPLOY,,0,0
1788450940.37,1080.99,0.00,0.00,DEPLOY,,0,0
1788450940.47,1081.09,0.01,0.00,DEPLOY,,0,0
1788450940.57,1081.19,0.00,0.00,DEPLOY,,0,0
1788450940.67,1081.29,-0.00,0.00,DEPLOY,,0,0
1788450940.77,1081.39,0.01,0.00,DEPLOY,,0,0
1788450940.87,1081.49,-0.00,0.00,DEPLOY,,0,0
1788450940.98,1081.59,-0.00,0.00,DEPLOY,,0,0
1788450941.08,1081.69,-0.00,0.00,DEPLOY,,0,0
1788450941.18,1081.79,0.01,0.00,DEPLOY,,0,0
1788450941.28,1081.89,0.00,0.00,DEPLOY,,0,0
1788450941.38,1081.99,-0.00,0.00,DEPLOY,,0,0
1788450941.48,1082.09,-0.00,0.00,DEPLOY,,0,0
1788450941.58,1082.19,-0.00,0.00,DEPLOY,,0,0
1788450941.68,1082.29,0.00,0.00,DEPLOY,,0,0
1788450941.78,1082.39,0.00,0.00,DEPLOY,,0,0
1788450941.88,1082.49,0.01,0.00,DEPLOY,,0,0
1788450941.98,1082.59,0.00,0.00,DEPLOY,,0,0
1788450942.08,1082.69,-0.00,0.00,DEPLOY,,0,0
1788450942.18,1082.79,0.00,0.00,DEPLOY,,0,0
1788450942.29,1082.89,0.00,0.00,DEPLOY,,0,0
1788450942.39,1082.99,-0.00,0.00,DEPLOY,,0,0
1788450942.49,1083.09,0.00,0.00,DEPLOY,,0,0
1788450942.59,1083.19,0.00,0.00,DEPLOY,,0,0
1788450942.69,1083.29,0.01,0.00,DEPLOY,,0,0
1788450942.79,1083.39,0.01,0.00,DEPLOY,,0,0
1788450942.89,1083.49,0.01,0.00,DEPLOY,,0,0
1788450942.99,1083.59,0.00,0.00,DEPLOY,,0,0
1788450943.09,1083.69,0.00,0.00,DEPLOY,,0,0
1788450943.19,1083.79,0.01,0.00,DEPLOY,,0,0
1788450943.30,1083.89,0.01,0.00,DEPLOY,,0,0
1788450943.40,1083.99,0.00,0.00,DEPLOY,,0,0
1788450943.50,1084.09,-0.00,0.00,DEPLOY,,0,0
1788450943.60,1084.19,-0.00,0.00,DEPLOY,,0,0
1788450943.70,1084.29,-0.00,0.00,DEPLOY,,0,0
1788450943.80,1084.39,-0.00,0.00,DEPLOY,,0,0
1788450943.90,1084.49,-0.00,0.00,DEPLOY,,0,0
1788450944.01,1084.59,0.01,0.00,DEPLOY,,0,0
1788450944.11,1084.69,0.01,0.00,DEPLOY,,0,0
1788450944.21,1084.79,0.01,0.00,DEPLOY,,0,0
1788450944.31,1084.89,0.00,0.00,DEPLOY,,0,0
1788450944.41,1084.99,0.00,0.00,DEPLOY,,0,0
1788450944.52,1085.09,0.01,0.00,DEPLOY,,0,0
1788450944.61,1085.19,0.01,0.00,DEPLOY,,0,0
1788450944.72,1085.29,0.01,0.00,DEPLOY,,0,0
1788450944.82,1085.39,0.00,0.00,DEPLOY,,0,0
1788450944.92,1085.49,-0.00,0.00,DEPLOY,,0,0
1788450945.02,1085.59,-0.00,0.00,DEPLOY,,0,0
1788450945.12,1085.69,0.01,0.00,DEPLOY,,0,0
1788450945.22,1085.79,0.01,0.00,DEPLOY,,0,0
1788450945.32,1085.89,0.01,0.00,DEPLOY,,0,0
1788450945.42,1085.99,-0.00,0.00,DEPLOY,,0,0
1788450945.52,1086.09,0.00,0.00,DEPLOY,,0,0
1788450945.63,1086.19,0.00,0.00,DEPLOY,,0,0
1788450945.73,1086.29,-0.00,0.00,DEPLOY,,0,0
1788450945.83,1086.39,0.01,0.00,DEPLOY,,0,0
1788450945.93,1086.49,-0.00,0.00,DEPLOY,,0,0
1788450946.03,1086.59,0.01,0.00,DEPLOY,,0,0
1788450946.13,1086.69,0.01,0.00,DEPLOY,,0,0
1788450946.23,1086.79,0.00,0.00,DEPLOY,,0,0
1788450946.34,1086.89,0.01,0.00,DEPLOY,,0,0
1788450946.44,1086.99,0.00,0.00,DEPLOY,,0,0
1788450946.54,1087.09,-0.00,0.00,DEPLOY,,0,0
1788450946.64,1087.19,0.01,0.00,DEPLOY,,0,0
1788450946.74,1087.29,0.00,0.00,DEPLOY,,0,0
1788450946.84,1087.39,0.01,0.00,DEPLOY,,0,0
1788450946.94,1087.49,0.00,0.00,DEPLOY,,0,0
1788450947.04,1087.59,0.00,0.00,DEPLOY,,0,0
1788450947.14,1087.69,-0.00,0.00,DEPLOY,,0,0
1788450947.24,1087.79,0.00,0.00,DEPLOY,,0,0
1788450947.35,1087.89,0.01,0.00,DEPLOY,,0,0
1788450947.44,1087.99,0.01,0.00,DEPLOY,,0,0
1788450947.55,1088.09,0.00,0.00,DEPLOY,,0,0
1788450947.65,1088.19,0.00,0.00,DEPLOY,,0,0
1788450947.75,1088.29,0.00,0.00,MANIPULATE,orienta,0,0
1788450947.85,1088.39,0.01,0.00,MANIPULATE,orienta,0,0
1788450947.95,1088.49,0.00,0.00,MANIPULATE,orienta,0,0
1788450948.05,1088.59,0.00,0.00,MANIPULATE,orienta,2,2
1788450948.15,1088.69,0.01,0.00,MANIPULATE,orienta,2,2
1788450948.25,1088.79,0.01,0.00,MANIPULATE,orienta,2,2
1788450948.35,1088.89,0.00,0.00,MANIPULATE,orienta,2,2
1788450948.45,1088.99,0.00,0.00,MANIPULATE,orienta,2,2
1788450948.55,1089.09,0.00,0.00,MANIPULATE,orienta,2,2
1788450948.65,1089.19,0.00,0.00,MANIPULATE,orienta,1,1
1788450948.75,1089.29,-0.00,0.00,MANIPULATE,orienta,3,3
1788450948.85,1089.39,0.01,0.00,MANIPULATE,orienta,2,2
1788450948.96,1089.49,0.01,0.00,MANIPULATE,orienta,2,2
1788450949.05,1089.59,0.01,0.00,MANIPULATE,orienta,2,2
1788450949.15,1089.69,-0.00,0.00,MANIPULATE,orienta,2,2
1788450949.25,1089.79,-0.01,0.00,MANIPULATE,orienta,2,2
1788450949.35,1089.89,-0.00,0.00,MANIPULATE,orienta,2,2
1788450949.45,1089.99,-0.00,0.00,MANIPULATE,orienta,2,2
1788450949.55,1090.09,-0.00,0.00,MANIPULATE,orienta,2,2
1788450949.66,1090.19,0.01,0.00,MANIPULATE,orienta,2,2
1788450949.76,1090.29,0.01,0.00,MANIPULATE,orienta,2,2
1788450949.86,1090.39,-0.00,0.00,MANIPULATE,orienta,2,2
1788450949.96,1090.49,-0.00,0.00,MANIPULATE,orienta,2,2
1788450950.06,1090.59,0.00,0.00,MANIPULATE,orienta,2,2
1788450950.16,1090.69,0.00,0.00,MANIPULATE,orienta,2,2
1788450950.26,1090.79,0.01,0.00,MANIPULATE,orienta,2,2
1788450950.36,1090.89,0.00,0.00,MANIPULATE,orienta,2,2
1788450950.46,1090.99,0.00,0.00,MANIPULATE,orienta,2,2
1788450950.56,1091.09,0.00,0.00,MANIPULATE,orienta,2,2
1788450950.66,1091.19,0.00,0.00,MANIPULATE,orienta,1,1
1788450950.76,1091.29,0.01,0.00,MANIPULATE,orienta,3,3
1788450950.87,1091.39,0.01,0.00,MANIPULATE,orienta,1,1
1788450950.96,1091.49,0.01,0.00,MANIPULATE,orienta,3,3
1788450951.06,1091.59,0.00,0.00,MANIPULATE,orienta,2,2
1788450951.16,1091.69,-0.01,0.00,MANIPULATE,orienta,2,2
1788450951.26,1091.79,0.00,0.00,MANIPULATE,orienta,2,2
1788450951.37,1091.89,-0.00,0.00,MANIPULATE,orienta,2,2
1788450951.47,1091.99,-0.00,0.00,MANIPULATE,orienta,2,2
1788450951.57,1092.09,-0.01,0.00,MANIPULATE,orienta,2,2
1788450951.67,1092.19,0.01,0.00,MANIPULATE,orienta,2,2
1788450951.77,1092.29,-0.00,0.00,MANIPULATE,orienta,0,1
1788450951.87,1092.39,-0.00,0.00,MANIPULATE,orienta,0,0
1788450951.97,1092.49,0.01,0.00,MANIPULATE,orienta,0,0
1788450952.07,1092.59,0.01,0.00,MANIPULATE,orienta,0,0
1788450952.18,1092.69,-0.00,0.00,MANIPULATE,orienta,0,0
1788450952.28,1092.79,0.01,0.00,MANIPULATE,orienta,0,0
1788450952.38,1092.89,0.01,0.00,MANIPULATE,orienta,0,0
1788450952.48,1092.99,0.00,0.00,MANIPULATE,aproxima_lateral,0,0
1788450952.58,1093.09,0.01,0.00,MANIPULATE,aproxima_lateral,0,0
1788450952.68,1093.19,0.00,0.00,MANIPULATE,aproxima_lateral,1,1
1788450952.78,1093.29,-0.00,0.00,MANIPULATE,aproxima_lateral,2,2
1788450952.88,1093.39,0.01,0.00,MANIPULATE,aproxima_lateral,2,2
1788450952.98,1093.49,0.01,0.00,MANIPULATE,aproxima_lateral,2,2
1788450953.08,1093.59,0.00,0.00,MANIPULATE,aproxima_lateral,2,2
1788450953.18,1093.69,0.01,0.00,MANIPULATE,aproxima_lateral,2,2
1788450953.28,1093.79,-0.00,0.00,MANIPULATE,aproxima_lateral,2,2
1788450953.38,1093.89,-0.00,0.00,MANIPULATE,aproxima_lateral,2,2
1788450953.48,1093.99,0.01,0.00,MANIPULATE,aproxima_lateral,2,2
1788450953.58,1094.09,0.00,0.00,MANIPULATE,aproxima_lateral,2,2
1788450953.68,1094.19,0.00,0.00,MANIPULATE,aproxima_lateral,2,2
1788450953.78,1094.29,0.01,0.00,MANIPULATE,aproxima_lateral,2,2
1788450953.88,1094.39,-0.00,0.00,MANIPULATE,aproxima_lateral,2,2
1788450953.98,1094.49,-0.00,0.00,MANIPULATE,aproxima_lateral,2,2
1788450954.09,1094.59,0.00,0.00,MANIPULATE,aproxima_lateral,2,2
1788450954.19,1094.69,0.00,0.00,MANIPULATE,aproxima_lateral,2,2
1788450954.29,1094.79,-0.00,0.00,MANIPULATE,aproxima_lateral,2,2
1788450954.39,1094.89,-0.00,0.00,MANIPULATE,aproxima_lateral,2,2
1788450954.49,1094.99,0.01,0.00,MANIPULATE,aproxima_lateral,2,2
1788450954.59,1095.09,-0.00,0.00,MANIPULATE,aproxima_lateral,1,1
1788450954.69,1095.19,0.00,0.00,MANIPULATE,aproxima_lateral,3,3
1788450954.79,1095.29,-0.00,0.00,MANIPULATE,aproxima_lateral,2,2
1788450954.89,1095.39,-0.00,0.00,MANIPULATE,aproxima_lateral,2,2
1788450954.99,1095.49,0.00,0.00,MANIPULATE,aproxima_lateral,2,2
1788450955.09,1095.59,0.01,0.00,MANIPULATE,aproxima_lateral,2,2
1788450955.19,1095.69,-0.00,0.00,MANIPULATE,aproxima_lateral,2,2
1788450955.29,1095.79,-0.00,0.00,MANIPULATE,aproxima_lateral,2,2
1788450955.39,1095.89,0.00,0.00,MANIPULATE,aproxima_lateral,2,2
1788450955.49,1095.99,0.01,0.00,MANIPULATE,aproxima_lateral,2,2
1788450955.59,1096.09,-0.00,0.00,MANIPULATE,aproxima_lateral,2,2
1788450955.69,1096.19,0.00,0.00,MANIPULATE,aproxima_lateral,2,2
1788450955.79,1096.29,0.01,0.00,MANIPULATE,aproxima_lateral,2,2
1788450955.89,1096.39,0.00,0.00,MANIPULATE,aproxima_lateral,2,2
1788450956.00,1096.49,-0.00,0.00,MANIPULATE,aproxima_lateral,1,2
1788450956.10,1096.59,0.00,0.00,MANIPULATE,aproxima_lateral,0,0
1788450956.20,1096.69,-0.00,0.00,MANIPULATE,aproxima_lateral,0,0
1788450956.30,1096.79,0.00,0.00,MANIPULATE,aproxima_lateral,0,0
1788450956.40,1096.89,-0.00,0.00,MANIPULATE,aproxima_lateral,0,0
1788450956.50,1096.99,0.00,0.00,MANIPULATE,aproxima_lateral,0,0
1788450956.60,1097.09,0.01,0.00,MANIPULATE,aproxima_lateral,0,0
1788450956.70,1097.19,-0.00,0.00,MANIPULATE,atravessa,0,0
1788450956.80,1097.29,-0.00,0.00,MANIPULATE,atravessa,0,0
1788450956.91,1097.39,0.01,0.00,MANIPULATE,atravessa,0,0
1788450957.01,1097.49,0.01,0.00,MANIPULATE,atravessa,3,3
1788450957.10,1097.59,-0.00,0.00,MANIPULATE,atravessa,2,2
1788450957.21,1097.69,-0.00,0.00,MANIPULATE,atravessa,2,2
1788450957.30,1097.79,0.01,0.00,MANIPULATE,atravessa,2,2
1788450957.40,1097.89,-0.00,0.00,MANIPULATE,atravessa,2,2
1788450957.50,1097.99,0.00,0.00,MANIPULATE,atravessa,2,2
1788450957.60,1098.09,0.01,0.00,MANIPULATE,atravessa,2,2
1788450957.71,1098.19,-0.00,0.00,MANIPULATE,atravessa,2,2
1788450957.81,1098.29,-0.00,0.00,MANIPULATE,atravessa,2,2
1788450957.90,1098.39,0.01,0.00,MANIPULATE,atravessa,2,2
1788450958.01,1098.49,0.00,0.00,MANIPULATE,atravessa,2,2
1788450958.11,1098.59,0.01,0.00,MANIPULATE,atravessa,2,2
1788450958.21,1098.69,0.00,0.00,MANIPULATE,atravessa,2,2
1788450958.31,1098.79,0.00,0.00,MANIPULATE,atravessa,2,2
1788450958.41,1098.89,0.00,0.00,MANIPULATE,atravessa,2,2
1788450958.51,1098.99,0.00,0.00,MANIPULATE,atravessa,2,2
1788450958.61,1099.09,0.00,0.00,MANIPULATE,atravessa,2,2
1788450958.71,1099.19,0.01,0.00,MANIPULATE,atravessa,1,1
1788450958.81,1099.29,0.01,0.00,MANIPULATE,atravessa,3,3
1788450958.91,1099.39,0.01,0.00,MANIPULATE,atravessa,2,2
1788450959.01,1099.49,-0.00,0.00,MANIPULATE,atravessa,2,2
1788450959.11,1099.59,0.00,0.00,MANIPULATE,atravessa,2,2
1788450959.21,1099.69,0.00,-0.00,MANIPULATE,atravessa,2,2
1788450959.31,1099.79,0.00,0.00,MANIPULATE,atravessa,2,2
1788450959.41,1099.89,-0.00,0.00,MANIPULATE,atravessa,2,2
1788450959.51,1099.99,-0.00,-0.00,MANIPULATE,atravessa,1,1
1788450959.61,1100.09,0.01,0.00,MANIPULATE,atravessa,3,3
1788450959.71,1100.19,-0.00,0.00,MANIPULATE,atravessa,2,2
1788450959.82,1100.29,-0.01,-0.00,MANIPULATE,atravessa,2,2
1788450959.92,1100.39,-0.00,0.00,MANIPULATE,atravessa,2,2
1788450960.02,1100.49,-0.01,-0.00,MANIPULATE,atravessa,1,1
1788450960.12,1100.59,-0.01,0.00,MANIPULATE,atravessa,3,3
1788450960.22,1100.69,-0.00,0.00,MANIPULATE,atravessa,2,2
1788450960.32,1100.79,-0.01,-0.00,MANIPULATE,atravessa,2,2
1788450960.42,1100.89,0.01,0.00,MANIPULATE,atravessa,2,2
1788450960.52,1100.99,0.00,0.00,MANIPULATE,atravessa,2,2
1788450960.62,1101.09,-0.01,0.00,MANIPULATE,atravessa,2,2
1788450960.72,1101.19,0.01,0.01,MANIPULATE,atravessa,2,2
1788450960.82,1101.29,-0.01,0.00,MANIPULATE,atravessa,2,2
1788450960.92,1101.39,-0.00,0.00,MANIPULATE,atravessa,2,2
1788450961.02,1101.49,-0.00,0.00,MANIPULATE,atravessa,2,2
1788450961.12,1101.59,-0.01,0.00,MANIPULATE,atravessa,1,1
1788450961.22,1101.69,0.00,0.00,MANIPULATE,atravessa,3,3
1788450961.32,1101.79,0.01,0.01,MANIPULATE,atravessa,2,2
1788450961.43,1101.89,-0.00,0.00,MANIPULATE,atravessa,2,2
1788450961.53,1101.99,-0.01,-0.00,MANIPULATE,atravessa,1,2
1788450961.63,1102.09,-0.01,-0.00,MANIPULATE,atravessa,0,0
1788450961.73,1102.19,-0.01,-0.00,MANIPULATE,atravessa,0,0
1788450961.84,1102.29,-0.02,-0.00,MANIPULATE,atravessa,0,0
1788450961.94,1102.39,-0.00,0.00,MANIPULATE,atravessa,0,0
1788450962.04,1102.49,-0.02,0.00,MANIPULATE,atravessa,0,0
1788450962.14,1102.59,-0.01,-0.00,MANIPULATE,atravessa,0,0
1788450962.25,1102.69,-0.02,-0.00,MANIPULATE,captura,0,0
1788450962.34,1102.79,-0.02,0.00,MANIPULATE,captura,0,0
1788450962.44,1102.89,-0.01,-0.00,MANIPULATE,captura,1,1
1788450962.54,1102.99,0.00,0.00,MANIPULATE,captura,2,2
1788450962.64,1103.09,-0.00,-0.00,MANIPULATE,captura,2,2
1788450962.74,1103.19,0.00,0.03,MANIPULATE,captura,2,2
1788450962.85,1103.29,0.00,0.10,MANIPULATE,captura,2,2
1788450962.95,1103.39,0.01,0.18,MANIPULATE,captura,1,1
1788450963.05,1103.49,-0.00,0.28,MANIPULATE,captura,3,3
1788450963.15,1103.59,0.01,0.32,MANIPULATE,captura,2,2
1788450963.25,1103.69,0.37,0.32,MANIPULATE,captura,2,2
1788450963.36,1103.79,0.93,0.32,MANIPULATE,captura,1,1
1788450963.46,1103.89,1.28,0.31,MANIPULATE,captura,3,3
1788450963.56,1103.99,1.67,0.31,MANIPULATE,captura,1,1
1788450963.66,1104.09,1.95,0.30,MANIPULATE,captura,2,2
1788450963.76,1104.19,2.23,0.30,MANIPULATE,captura,2,2
1788450963.86,1104.29,2.44,0.29,MANIPULATE,captura,3,3
1788450963.96,1104.39,2.62,0.29,MANIPULATE,captura,2,2
1788450964.06,1104.49,2.78,0.28,MANIPULATE,captura,2,2
1788450964.16,1104.59,2.90,0.28,MANIPULATE,captura,2,2
1788450964.26,1104.69,2.79,0.27,MANIPULATE,captura,1,2
1788450964.36,1104.79,2.52,0.26,MANIPULATE,captura,0,0
1788450964.47,1104.89,2.09,0.25,MANIPULATE,captura,0,0
1788450964.57,1104.99,1.35,0.24,MANIPULATE,captura,0,0
1788450964.67,1105.09,0.71,0.24,MANIPULATE,captura,0,0
1788450964.77,1105.19,0.18,0.23,MANIPULATE,captura,0,0
1788450964.87,1105.29,0.00,0.23,MANIPULATE,captura,0,0
1788450964.97,1105.39,0.01,0.23,MANIPULATE,destrava,0,0
1788450965.07,1105.49,0.00,0.23,MANIPULATE,destrava,0,0
1788450965.17,1105.59,0.01,0.23,MANIPULATE,destrava,1,1
1788450965.27,1105.69,1.23,0.24,MANIPULATE,destrava,2,2
1788450965.37,1105.79,1.68,0.23,MANIPULATE,destrava,2,2
1788450965.48,1105.89,2.07,0.23,MANIPULATE,destrava,2,2
1788450965.57,1105.99,2.44,0.22,MANIPULATE,destrava,2,2
1788450965.67,1106.09,2.76,0.22,MANIPULATE,destrava,2,2
1788450965.77,1106.19,3.06,0.21,MANIPULATE,destrava,2,2
1788450965.87,1106.29,3.33,0.20,MANIPULATE,destrava,2,2
1788450965.98,1106.39,3.54,0.20,MANIPULATE,destrava,2,2
1788450966.08,1106.49,3.80,0.19,MANIPULATE,destrava,2,2
1788450966.18,1106.59,3.93,0.18,MANIPULATE,destrava,2,2
1788450966.28,1106.69,4.13,0.17,MANIPULATE,destrava,2,2
1788450966.38,1106.79,3.59,0.17,MANIPULATE,destrava,2,2
1788450966.48,1106.89,3.29,0.17,MANIPULATE,destrava,2,2
1788450966.58,1106.99,3.61,0.17,MANIPULATE,destrava,1,1
1788450966.68,1107.09,2.86,0.18,MANIPULATE,destrava,3,3
1788450966.78,1107.19,2.54,0.19,MANIPULATE,destrava,2,2
1788450966.88,1107.29,2.59,0.18,MANIPULATE,destrava,2,2
1788450966.98,1107.39,3.38,0.19,MANIPULATE,destrava,2,2
1788450967.08,1107.49,3.07,0.19,MANIPULATE,destrava,2,2
1788450967.18,1107.59,2.94,0.19,MANIPULATE,destrava,2,2
1788450967.28,1107.69,3.76,0.20,MANIPULATE,destrava,2,2
1788450967.38,1107.79,3.81,0.21,MANIPULATE,destrava,2,2
1788450967.48,1107.89,3.53,0.21,MANIPULATE,destrava,2,2
1788450967.58,1107.99,3.58,0.21,MANIPULATE,destrava,2,2
1788450967.68,1108.09,2.87,0.13,MANIPULATE,destrava,2,2
1788450967.78,1108.19,2.72,0.12,MANIPULATE,destrava,2,2
1788450967.88,1108.29,2.77,0.12,MANIPULATE,destrava,2,2
1788450967.98,1108.39,2.17,0.05,MANIPULATE,destrava,2,2
1788450968.08,1108.49,1.59,-0.00,MANIPULATE,destrava,2,2
1788450968.18,1108.59,1.15,0.00,MANIPULATE,destrava,2,2
1788450968.28,1108.69,1.07,-0.00,MANIPULATE,destrava,2,2
1788450968.38,1108.79,0.93,-0.01,MANIPULATE,destrava,2,2
1788450968.49,1108.89,0.93,0.00,MANIPULATE,destrava,2,2
1788450968.59,1108.99,1.02,-0.00,MANIPULATE,destrava,2,2
1788450968.69,1109.09,1.02,-0.00,MANIPULATE,destrava,2,2
1788450968.79,1109.19,1.11,0.00,MANIPULATE,destrava,2,2
1788450968.89,1109.29,1.11,-0.01,MANIPULATE,destrava,2,2
1788450968.99,1109.39,1.09,-0.00,MANIPULATE,destrava,2,2
1788450969.09,1109.49,1.07,-0.01,MANIPULATE,destrava,2,2
1788450969.19,1109.59,0.95,-0.01,MANIPULATE,destrava,2,2
1788450969.29,1109.69,0.86,-0.00,MANIPULATE,destrava,2,2
1788450969.39,1109.79,0.92,-0.00,MANIPULATE,destrava,2,2
1788450969.49,1109.89,0.83,-0.00,MANIPULATE,destrava,2,2
1788450969.59,1109.99,0.85,0.01,MANIPULATE,destrava,2,2
1788450969.70,1110.09,0.81,-0.01,MANIPULATE,destrava,2,2
1788450969.80,1110.19,0.81,0.00,MANIPULATE,destrava,2,2
1788450969.90,1110.29,0.84,-0.01,MANIPULATE,destrava,2,2
1788450970.00,1110.39,0.85,-0.00,MANIPULATE,destrava,2,2
1788450970.10,1110.49,0.91,-0.00,MANIPULATE,destrava,2,2
1788450970.20,1110.59,0.86,-0.01,MANIPULATE,destrava,2,2
1788450970.30,1110.69,0.87,-0.00,MANIPULATE,destrava,2,2
1788450970.40,1110.79,0.89,-0.00,MANIPULATE,destrava,2,2
1788450970.50,1110.89,0.87,-0.01,MANIPULATE,destrava,2,2
1788450970.60,1110.99,0.66,-0.01,MANIPULATE,destrava,2,2
1788450970.70,1111.09,0.44,-0.01,MANIPULATE,destrava,2,2
1788450970.81,1111.19,0.36,0.00,MANIPULATE,destrava,2,2
1788450970.90,1111.29,0.41,0.00,MANIPULATE,destrava,1,1
1788450971.01,1111.39,0.44,0.00,MANIPULATE,destrava,3,3
1788450971.10,1111.49,0.53,0.00,MANIPULATE,destrava,2,2
1788450971.20,1111.59,0.68,0.00,MANIPULATE,destrava,2,2
1788450971.30,1111.69,0.82,-0.00,MANIPULATE,destrava,2,2
1788450971.40,1111.79,0.94,-0.01,MANIPULATE,destrava,2,2
1788450971.51,1111.89,1.05,-0.01,MANIPULATE,destrava,2,2
1788450971.61,1111.99,1.18,-0.00,MANIPULATE,destrava,2,2
1788450971.71,1112.09,1.24,-0.01,MANIPULATE,destrava,2,2
1788450971.81,1112.19,1.14,-0.01,MANIPULATE,destrava,2,2
1788450971.91,1112.29,0.99,-0.01,MANIPULATE,destrava,2,2
1788450972.01,1112.39,0.83,-0.01,MANIPULATE,destrava,2,2
1788450972.11,1112.49,0.65,-0.01,MANIPULATE,destrava,2,2
1788450972.21,1112.59,0.44,-0.02,MANIPULATE,destrava,2,2
1788450972.31,1112.69,0.23,-0.01,MANIPULATE,destrava,2,2
1788450972.41,1112.79,0.17,-0.00,MANIPULATE,destrava,2,2
1788450972.51,1112.89,0.18,-0.00,MANIPULATE,destrava,2,2
1788450972.61,1112.98,0.22,-0.00,MANIPULATE,destrava,2,2
1788450972.71,1113.09,0.33,-0.00,MANIPULATE,destrava,2,2
1788450972.81,1113.19,0.39,-0.00,MANIPULATE,destrava,2,2
1788450972.91,1113.29,0.48,-0.01,MANIPULATE,destrava,2,2
1788450973.01,1113.39,0.60,-0.00,MANIPULATE,destrava,2,2
1788450973.11,1113.49,0.69,-0.01,MANIPULATE,destrava,2,2
1788450973.21,1113.59,0.89,-0.00,MANIPULATE,destrava,2,2
1788450973.31,1113.69,1.05,-0.00,MANIPULATE,destrava,2,2
1788450973.42,1113.79,1.07,-0.01,MANIPULATE,destrava,1,1
1788450973.52,1113.89,0.99,-0.02,MANIPULATE,destrava,3,3
1788450973.62,1113.99,0.92,-0.02,MANIPULATE,destrava,1,1
1788450973.72,1114.09,0.82,-0.02,MANIPULATE,destrava,2,2
1788450973.82,1114.19,0.71,-0.02,MANIPULATE,destrava,3,3
1788450973.92,1114.29,0.56,-0.02,MANIPULATE,destrava,2,2
1788450974.02,1114.39,0.42,-0.02,MANIPULATE,destrava,2,2
1788450974.12,1114.49,0.28,-0.02,MANIPULATE,destrava,2,2
1788450974.22,1114.59,0.12,-0.02,MANIPULATE,destrava,1,1
1788450974.32,1114.69,-0.02,-0.02,MANIPULATE,destrava,2,2
1788450974.43,1114.79,0.04,-0.01,MANIPULATE,destrava,2,2
1788450974.53,1114.89,-0.03,-0.02,MANIPULATE,destrava,3,3
1788450974.63,1114.99,-0.02,-0.02,MANIPULATE,destrava,2,2
1788450974.73,1115.09,-0.03,-0.02,MANIPULATE,destrava,2,2
1788450974.83,1115.19,-0.03,-0.02,MANIPULATE,destrava,2,2
1788450974.93,1115.29,-0.02,-0.02,MANIPULATE,destrava,2,2
1788450975.03,1115.39,-0.03,-0.02,MANIPULATE,destrava,2,2
1788450975.13,1115.49,0.23,-0.01,MANIPULATE,destrava,2,2
1788450975.23,1115.59,0.09,-0.03,MANIPULATE,destrava,2,2
1788450975.33,1115.69,-0.02,-0.02,MANIPULATE,destrava,2,2
1788450975.43,1115.79,-0.03,-0.02,MANIPULATE,destrava,1,1
1788450975.53,1115.89,-0.02,-0.02,MANIPULATE,destrava,3,3
1788450975.64,1115.99,-0.02,-0.02,MANIPULATE,destrava,2,2
1788450975.74,1116.09,-0.02,-0.02,MANIPULATE,destrava,2,2
1788450975.84,1116.19,-0.04,-0.02,MANIPULATE,destrava,2,2
1788450975.94,1116.29,-0.03,-0.02,MANIPULATE,destrava,2,2
1788450976.04,1116.39,-0.03,-0.02,MANIPULATE,destrava,2,2
1788450976.14,1116.49,-0.02,-0.02,MANIPULATE,destrava,2,2
1788450976.24,1116.59,-0.03,-0.02,MANIPULATE,destrava,2,2
1788450976.34,1116.69,0.00,-0.02,MANIPULATE,destrava,1,1
1788450976.44,1116.79,0.04,-0.02,MANIPULATE,destrava,3,3
1788450976.54,1116.89,0.07,-0.03,MANIPULATE,destrava,2,2
1788450976.64,1116.99,0.09,-0.02,MANIPULATE,destrava,2,2
1788450976.75,1117.09,0.17,-0.02,MANIPULATE,destrava,2,2
1788450976.85,1117.19,0.22,-0.03,MANIPULATE,destrava,2,2
1788450976.95,1117.29,0.31,-0.03,MANIPULATE,destrava,2,2
1788450977.04,1117.39,0.42,-0.02,MANIPULATE,destrava,2,2
1788450977.15,1117.49,0.52,-0.03,MANIPULATE,destrava,2,2
1788450977.25,1117.59,0.61,-0.03,MANIPULATE,destrava,2,2
1788450977.35,1117.69,0.76,-0.03,MANIPULATE,destrava,2,2
1788450977.45,1117.79,0.93,-0.03,MANIPULATE,destrava,2,2
1788450977.55,1117.89,1.15,-0.03,MANIPULATE,destrava,2,2
1788450977.65,1117.99,1.39,-0.03,MANIPULATE,destrava,2,2
1788450977.75,1118.09,1.66,-0.03,MANIPULATE,destrava,2,2
1788450977.85,1118.19,2.07,-0.04,MANIPULATE,destrava,2,2
1788450977.95,1118.29,2.50,-0.03,MANIPULATE,destrava,2,2
1788450978.06,1118.39,2.56,-0.04,MANIPULATE,destrava,1,1
1788450978.16,1118.49,2.80,-0.03,MANIPULATE,destrava,3,3
1788450978.26,1118.59,2.99,-0.03,MANIPULATE,destrava,1,1
1788450978.36,1118.69,3.25,-0.03,MANIPULATE,destrava,3,3
1788450978.46,1118.79,3.81,-0.02,MANIPULATE,destrava,2,2
1788450978.56,1118.89,4.57,-0.03,MANIPULATE,destrava,2,2
1788450978.66,1118.99,5.34,-0.03,MANIPULATE,destrava,2,2
1788450978.76,1119.09,6.04,-0.04,MANIPULATE,destrava,2,2
1788450978.86,1119.19,7.07,-0.05,MANIPULATE,destrava,2,2
1788450978.97,1119.29,8.11,-0.04,MANIPULATE,destrava,1,1
1788450979.07,1119.39,9.10,-0.03,MANIPULATE,destrava,2,2
1788450979.17,1119.49,10.21,-0.03,MANIPULATE,destrava,3,3
1788450979.27,1119.59,11.28,-0.03,MANIPULATE,destrava,2,2
1788450979.37,1119.69,12.39,-0.04,MANIPULATE,destrava,2,2
1788450979.47,1119.79,13.55,-0.05,MANIPULATE,destrava,2,2
1788450979.57,1119.89,14.79,-0.05,MANIPULATE,destrava,1,1
1788450979.67,1119.99,16.04,-0.03,MANIPULATE,destrava,2,2
1788450979.77,1120.09,17.36,-0.04,MANIPULATE,destrava,2,2
1788450979.87,1120.19,18.61,-0.03,MANIPULATE,destrava,3,3
1788450979.97,1120.29,19.84,-0.04,MANIPULATE,destrava,2,2
1788450980.07,1120.39,20.01,0.02,MANIPULATE,destrava,2,2
1788450980.17,1120.49,20.02,0.07,MANIPULATE,destrava,2,2
1788450980.27,1120.59,20.03,-0.06,MANIPULATE,destrava,2,2
1788450980.37,1120.69,20.10,0.02,MANIPULATE,destrava,2,2
1788450980.47,1120.79,20.09,0.02,MANIPULATE,destrava,2,2
1788450980.57,1120.89,20.10,0.02,MANIPULATE,destrava,2,2
1788450980.67,1120.99,20.11,-0.05,MANIPULATE,destrava,2,2
1788450980.78,1121.09,20.09,-0.02,MANIPULATE,destrava,2,2
1788450980.88,1121.19,20.05,-0.06,MANIPULATE,destrava,2,2
1788450980.98,1121.29,20.14,-0.05,MANIPULATE,destrava,2,2
1788450981.08,1121.39,20.05,-0.08,MANIPULATE,destrava,2,2
1788450981.18,1121.49,20.01,-0.07,MANIPULATE,destrava,2,2
1788450981.28,1121.59,20.01,-0.03,MANIPULATE,destrava,2,2
1788450981.38,1121.69,20.07,-0.10,MANIPULATE,destrava,2,2
1788450981.48,1121.79,20.00,0.06,MANIPULATE,destrava,2,2
1788450981.58,1121.89,20.04,-0.03,MANIPULATE,destrava,2,2
1788450981.68,1121.99,20.02,0.03,MANIPULATE,destrava,2,2
1788450981.78,1122.09,20.01,-0.08,MANIPULATE,destrava,2,2
1788450981.88,1122.19,20.06,-0.03,MANIPULATE,destrava,2,2
1788450981.98,1122.29,20.02,0.03,MANIPULATE,destrava,2,2
1788450982.08,1122.39,20.02,-0.06,MANIPULATE,destrava,2,2
1788450982.19,1122.49,20.02,-0.08,MANIPULATE,destrava,2,2
1788450982.28,1122.59,19.95,-0.03,MANIPULATE,destrava,2,2
1788450982.39,1122.69,19.97,0.08,MANIPULATE,destrava,2,2
1788450982.49,1122.79,20.01,0.08,MANIPULATE,destrava,2,2
1788450982.59,1122.89,20.01,0.04,MANIPULATE,destrava,2,2
1788450982.69,1122.99,20.00,-0.04,MANIPULATE,destrava,2,2
1788450982.79,1123.09,19.96,-0.03,MANIPULATE,destrava,2,2
1788450982.89,1123.19,20.00,0.05,MANIPULATE,destrava,2,2
1788450982.99,1123.29,19.98,0.03,MANIPULATE,destrava,2,2
1788450983.09,1123.39,20.00,0.06,MANIPULATE,destrava,2,2
1788450983.19,1123.49,19.95,-0.03,MANIPULATE,destrava,2,2
1788450983.29,1123.59,19.96,-0.03,MANIPULATE,destrava,2,2
1788450983.39,1123.69,20.07,0.03,MANIPULATE,destrava,2,2
1788450983.49,1123.79,20.04,-0.02,MANIPULATE,destrava,2,2
1788450983.59,1123.89,20.02,-0.05,MANIPULATE,destrava,2,2
1788450983.69,1123.99,19.97,-0.08,MANIPULATE,destrava,2,2
1788450983.79,1124.09,20.05,0.02,MANIPULATE,destrava,2,2
1788450983.89,1124.19,19.99,-0.09,MANIPULATE,destrava,2,2
1788450983.99,1124.29,20.05,0.02,MANIPULATE,destrava,2,2
1788450984.09,1124.39,19.80,0.03,MANIPULATE,destrava,2,2
1788450984.19,1124.49,19.69,-0.03,MANIPULATE,destrava,2,2
1788450984.30,1124.59,19.58,-0.02,MANIPULATE,destrava,2,2
1788450984.40,1124.69,19.42,-0.15,MANIPULATE,destrava,2,2
1788450984.50,1124.79,19.33,0.02,MANIPULATE,destrava,2,2
1788450984.60,1124.89,19.15,-0.02,MANIPULATE,destrava,2,2
1788450984.70,1124.99,19.09,0.05,MANIPULATE,destrava,2,2
1788450984.80,1125.09,18.88,0.06,MANIPULATE,destrava,2,2
1788450984.90,1125.19,18.67,0.09,MANIPULATE,destrava,2,2
1788450985.00,1125.29,18.51,0.02,MANIPULATE,destrava,2,2
1788450985.10,1125.39,18.39,-0.14,MANIPULATE,destrava,2,2
1788450985.20,1125.49,18.19,-0.01,MANIPULATE,destrava,2,2
1788450985.30,1125.59,18.09,-0.02,MANIPULATE,destrava,2,2
1788450985.41,1125.69,18.00,0.07,MANIPULATE,destrava,2,2
1788450985.50,1125.79,17.77,-0.14,MANIPULATE,destrava,2,2
1788450985.61,1125.89,17.57,0.08,MANIPULATE,destrava,2,2
1788450985.70,1125.99,17.53,-0.01,MANIPULATE,destrava,1,1
1788450985.80,1126.09,17.30,-0.14,MANIPULATE,destrava,3,3
1788450985.91,1126.19,17.09,-0.15,MANIPULATE,destrava,1,1
1788450986.00,1126.29,16.99,-0.08,MANIPULATE,destrava,3,3
1788450986.11,1126.39,16.78,-0.09,MANIPULATE,destrava,1,1
1788450986.21,1126.49,16.62,0.02,MANIPULATE,destrava,3,3
1788450986.31,1126.59,16.36,-0.08,MANIPULATE,destrava,2,2
1788450986.41,1126.69,16.12,-0.04,MANIPULATE,destrava,2,2
1788450986.51,1126.79,16.09,-0.11,MANIPULATE,destrava,2,2
1788450986.61,1126.89,15.82,-0.02,MANIPULATE,destrava,2,2
1788450986.71,1126.99,15.70,0.03,MANIPULATE,destrava,2,2
1788450986.81,1127.09,15.61,0.01,MANIPULATE,destrava,2,2
1788450986.91,1127.19,15.39,-0.02,MANIPULATE,destrava,2,2
1788450987.01,1127.29,15.21,-0.01,MANIPULATE,destrava,2,2
1788450987.11,1127.39,15.15,0.02,MANIPULATE,destrava,2,2
1788450987.21,1127.49,14.94,-0.05,MANIPULATE,destrava,2,2
1788450987.31,1127.59,14.81,0.02,MANIPULATE,destrava,1,1
1788450987.42,1127.69,14.65,-0.06,MANIPULATE,destrava,3,3
1788450987.52,1127.79,14.52,-0.02,MANIPULATE,destrava,1,1
1788450987.62,1127.89,14.34,-0.11,MANIPULATE,destrava,3,3
1788450987.72,1127.99,14.30,-0.11,MANIPULATE,destrava,2,2
1788450987.82,1128.09,14.08,-0.03,MANIPULATE,destrava,2,2
1788450987.92,1128.19,13.93,-0.06,MANIPULATE,destrava,2,2
1788450988.02,1128.29,13.76,0.06,MANIPULATE,destrava,2,2
1788450988.12,1128.39,13.65,-0.06,MANIPULATE,destrava,2,2
1788450988.22,1128.49,13.53,-0.06,MANIPULATE,destrava,2,2
1788450988.32,1128.59,13.39,-0.09,MANIPULATE,destrava,2,2
1788450988.43,1128.69,13.37,-0.10,MANIPULATE,destrava,1,1
1788450988.53,1128.79,13.20,-0.11,MANIPULATE,destrava,3,3
1788450988.63,1128.89,13.11,-0.01,MANIPULATE,destrava,2,2
1788450988.73,1128.99,12.98,-0.02,MANIPULATE,destrava,1,1
1788450988.83,1129.09,12.89,-0.07,MANIPULATE,destrava,3,3
1788450988.93,1129.19,12.82,-0.02,MANIPULATE,destrava,1,1
1788450989.03,1129.29,12.84,-0.03,MANIPULATE,destrava,2,2
1788450989.13,1129.39,12.65,-0.06,MANIPULATE,destrava,3,3
1788450989.23,1129.49,12.69,-0.03,MANIPULATE,destrava,2,2
1788450989.34,1129.59,12.52,0.04,MANIPULATE,destrava,2,2
1788450989.44,1129.69,12.47,0.05,MANIPULATE,destrava,2,2
1788450989.54,1129.79,12.43,-0.03,MANIPULATE,destrava,2,2
1788450989.64,1129.89,12.51,-0.03,MANIPULATE,destrava,2,2
1788450989.74,1129.99,12.54,-0.03,MANIPULATE,destrava,2,2
1788450989.84,1130.09,12.60,-0.03,MANIPULATE,destrava,2,2
1788450989.94,1130.19,12.67,-0.06,MANIPULATE,destrava,2,2
1788450990.04,1130.29,12.69,-0.03,MANIPULATE,destrava,2,2
1788450990.14,1130.39,12.75,0.04,MANIPULATE,destrava,2,2
1788450990.25,1130.49,12.84,0.04,MANIPULATE,destrava,2,2
1788450990.35,1130.59,12.79,0.03,MANIPULATE,destrava,2,2
1788450990.45,1130.69,12.93,-0.05,MANIPULATE,destrava,2,2
1788450990.55,1130.79,12.95,0.03,MANIPULATE,destrava,2,2
1788450990.65,1130.89,13.00,-0.12,MANIPULATE,destrava,2,2
1788450990.75,1130.99,13.06,-0.07,MANIPULATE,destrava,2,2
1788450990.85,1131.09,13.22,-0.03,MANIPULATE,destrava,2,2
1788450990.95,1131.19,13.30,-0.09,MANIPULATE,destrava,2,2
1788450991.05,1131.29,13.29,-0.05,MANIPULATE,destrava,2,2
1788450991.15,1131.39,13.40,-0.07,MANIPULATE,destrava,2,2
1788450991.26,1131.49,13.45,0.03,MANIPULATE,destrava,2,2
1788450991.36,1131.59,13.55,-0.02,MANIPULATE,destrava,2,2
1788450991.46,1131.69,13.50,-0.05,MANIPULATE,destrava,2,2
1788450991.56,1131.79,13.67,-0.13,MANIPULATE,destrava,2,2
1788450991.66,1131.89,13.84,-0.02,MANIPULATE,destrava,2,2
1788450991.76,1131.99,13.94,-0.03,MANIPULATE,destrava,2,2
1788450991.86,1132.09,14.02,-0.05,MANIPULATE,destrava,2,2
1788450991.97,1132.19,14.03,-0.12,MANIPULATE,destrava,1,1
1788450992.07,1132.29,14.23,-0.04,MANIPULATE,destrava,3,3
1788450992.17,1132.39,14.34,-0.12,MANIPULATE,destrava,2,2
1788450992.27,1132.49,14.41,0.02,MANIPULATE,destrava,2,2
1788450992.38,1132.59,14.51,0.03,MANIPULATE,destrava,2,2
1788450992.48,1132.69,14.74,-0.08,MANIPULATE,destrava,2,2
1788450992.58,1132.79,14.82,0.07,MANIPULATE,destrava,2,2
1788450992.68,1132.89,14.83,-0.07,MANIPULATE,destrava,2,2
1788450992.78,1132.99,15.00,-0.08,MANIPULATE,destrava,2,2
1788450992.89,1133.09,15.06,-0.09,MANIPULATE,destrava,2,2
1788450992.99,1133.19,15.20,-0.04,MANIPULATE,destrava,2,2
1788450993.09,1133.29,15.23,-0.11,MANIPULATE,destrava,2,2
1788450993.19,1133.39,15.37,-0.03,MANIPULATE,destrava,2,2
1788450993.29,1133.49,15.48,-0.09,MANIPULATE,destrava,2,2
1788450993.39,1133.59,15.62,-0.12,MANIPULATE,destrava,2,2
1788450993.49,1133.69,15.70,-0.04,MANIPULATE,destrava,2,2
1788450993.60,1133.79,15.73,-0.03,MANIPULATE,destrava,2,2
1788450993.70,1133.89,15.81,-0.09,MANIPULATE,destrava,2,2
1788450993.80,1133.99,15.98,0.05,MANIPULATE,destrava,2,2
1788450993.90,1134.09,16.05,-0.02,MANIPULATE,destrava,2,2
1788450994.00,1134.19,16.11,-0.09,MANIPULATE,destrava,2,2
1788450994.10,1134.29,16.28,-0.04,MANIPULATE,destrava,2,2
1788450994.20,1134.39,16.33,-0.03,MANIPULATE,destrava,2,2
1788450994.30,1134.49,16.41,-0.04,MANIPULATE,destrava,2,2
1788450994.41,1134.59,16.52,-0.10,MANIPULATE,destrava,1,1
1788450994.51,1134.69,16.64,-0.09,MANIPULATE,destrava,3,3
1788450994.61,1134.79,16.69,-0.04,MANIPULATE,destrava,2,2
1788450994.71,1134.89,16.69,-0.02,MANIPULATE,destrava,2,2
1788450994.81,1134.99,16.92,-0.07,MANIPULATE,destrava,2,2
1788450994.92,1135.09,16.84,-0.02,MANIPULATE,destrava,2,2
1788450995.02,1135.19,17.01,-0.13,MANIPULATE,destrava,2,2
1788450995.12,1135.29,17.05,-0.07,MANIPULATE,destrava,2,2
1788450995.22,1135.39,17.13,0.06,MANIPULATE,destrava,2,2
1788450995.32,1135.49,17.25,-0.02,MANIPULATE,destrava,2,2
1788450995.43,1135.59,17.12,-0.01,MANIPULATE,destrava,2,2
1788450995.52,1135.69,17.36,-0.02,MANIPULATE,destrava,2,2
1788450995.63,1135.79,17.40,0.04,MANIPULATE,destrava,2,2
1788450995.73,1135.89,17.38,-0.01,MANIPULATE,destrava,2,2
1788450995.83,1135.99,17.47,-0.11,MANIPULATE,destrava,2,2
1788450995.93,1136.09,17.48,-0.04,MANIPULATE,destrava,2,2
1788450996.03,1136.19,17.48,0.04,MANIPULATE,destrava,2,2
1788450996.13,1136.29,17.52,-0.11,MANIPULATE,destrava,2,2
1788450996.23,1136.39,17.48,0.05,MANIPULATE,destrava,2,2
1788450996.33,1136.49,17.37,-0.07,MANIPULATE,destrava,2,2
1788450996.43,1136.59,17.38,-0.11,MANIPULATE,destrava,2,2
1788450996.53,1136.69,17.44,-0.08,MANIPULATE,destrava,2,2
1788450996.63,1136.79,17.49,-0.07,MANIPULATE,destrava,2,2
1788450996.74,1136.89,17.44,-0.10,MANIPULATE,destrava,2,2
1788450996.84,1136.99,17.45,0.02,MANIPULATE,destrava,2,2
1788450996.94,1137.09,17.52,-0.08,MANIPULATE,destrava,2,2
1788450997.04,1137.19,17.44,-0.09,MANIPULATE,destrava,2,2
1788450997.14,1137.29,17.20,-0.03,MANIPULATE,destrava,2,2
1788450997.24,1137.39,17.36,-0.13,MANIPULATE,destrava,2,2
1788450997.34,1137.49,17.14,-0.10,MANIPULATE,destrava,2,2
1788450997.44,1137.59,17.24,-0.01,MANIPULATE,destrava,2,2
1788450997.54,1137.69,17.27,-0.10,MANIPULATE,destrava,2,2
1788450997.64,1137.79,17.29,-0.05,MANIPULATE,destrava,2,2
1788450997.74,1137.89,17.15,0.03,MANIPULATE,destrava,2,2
1788450997.84,1137.99,17.02,0.07,MANIPULATE,destrava,2,2
1788450997.94,1138.09,17.12,0.04,MANIPULATE,destrava,2,2
1788450998.04,1138.19,17.11,-0.07,MANIPULATE,destrava,2,2
1788450998.14,1138.29,17.09,-0.05,MANIPULATE,destrava,2,2
1788450998.25,1138.39,16.80,0.02,MANIPULATE,destrava,1,1
1788450998.35,1138.49,16.95,0.01,MANIPULATE,destrava,3,3
1788450998.45,1138.59,16.95,0.03,MANIPULATE,destrava,2,2
1788450998.55,1138.69,16.85,0.05,MANIPULATE,destrava,2,2
1788450998.65,1138.79,16.69,-0.12,MANIPULATE,destrava,2,2
1788450998.75,1138.89,16.75,-0.08,MANIPULATE,destrava,2,2
1788450998.85,1138.99,16.64,-0.02,MANIPULATE,destrava,2,2
1788450998.95,1139.09,16.68,-0.02,MANIPULATE,destrava,2,2
1788450999.05,1139.19,16.67,-0.00,MANIPULATE,destrava,2,2
1788450999.15,1139.29,16.68,0.05,MANIPULATE,destrava,2,2
1788450999.26,1139.39,16.58,-0.06,MANIPULATE,destrava,2,2
1788450999.36,1139.49,16.57,0.11,MANIPULATE,destrava,2,2
1788450999.46,1139.59,16.39,-0.12,MANIPULATE,destrava,2,2
1788450999.56,1139.69,16.55,-0.12,MANIPULATE,destrava,2,2
1788450999.66,1139.79,16.47,-0.02,MANIPULATE,destrava,2,2
1788450999.76,1139.89,16.50,-0.02,MANIPULATE,destrava,2,2
1788450999.86,1139.99,16.52,0.03,MANIPULATE,destrava,2,2
1788450999.96,1140.09,16.52,-0.12,MANIPULATE,destrava,2,2
1788451000.07,1140.19,16.59,0.03,MANIPULATE,destrava,2,2
1788451000.17,1140.29,16.53,0.04,MANIPULATE,destrava,2,2
1788451000.27,1140.39,16.52,0.04,MANIPULATE,destrava,1,1
1788451000.37,1140.49,16.56,0.04,MANIPULATE,destrava,3,3
1788451000.48,1140.59,16.62,-0.11,MANIPULATE,destrava,2,2
1788451000.58,1140.69,16.71,-0.02,MANIPULATE,destrava,2,2
1788451000.68,1140.79,16.76,0.03,MANIPULATE,destrava,2,2
1788451000.78,1140.89,16.75,-0.03,MANIPULATE,destrava,2,2
1788451000.88,1140.99,16.69,-0.07,MANIPULATE,destrava,2,2
1788451000.98,1141.09,16.81,-0.07,MANIPULATE,destrava,2,2
1788451001.08,1141.19,16.69,-0.02,MANIPULATE,destrava,2,2
1788451001.18,1141.29,16.89,-0.10,MANIPULATE,destrava,2,2
1788451001.28,1141.39,16.78,-0.08,MANIPULATE,destrava,2,2
1788451001.39,1141.49,16.85,0.03,MANIPULATE,destrava,2,2
1788451001.49,1141.59,16.88,-0.05,MANIPULATE,destrava,2,2
1788451001.60,1141.69,16.93,-0.03,MANIPULATE,destrava,2,2
1788451001.70,1141.79,17.05,-0.03,MANIPULATE,destrava,2,2
1788451001.80,1141.89,17.12,-0.12,MANIPULATE,destrava,2,2
1788451001.90,1141.99,16.99,-0.02,MANIPULATE,destrava,2,2
1788451002.00,1142.09,17.04,-0.02,MANIPULATE,destrava,1,1
1788451002.11,1142.19,17.10,-0.02,MANIPULATE,destrava,3,3
1788451002.21,1142.29,17.30,0.03,MANIPULATE,destrava,2,2
1788451002.31,1142.39,17.32,-0.12,MANIPULATE,destrava,2,2
1788451002.41,1142.49,17.38,-0.11,MANIPULATE,destrava,2,2
1788451002.51,1142.59,17.43,-0.12,MANIPULATE,destrava,2,2
1788451002.62,1142.69,17.40,-0.05,MANIPULATE,destrava,2,2
1788451002.72,1142.79,17.44,-0.03,MANIPULATE,destrava,2,2
1788451002.82,1142.89,17.50,-0.03,MANIPULATE,destrava,2,2
1788451002.92,1142.99,17.63,-0.03,MANIPULATE,destrava,1,1
1788451003.03,1143.09,17.54,-0.03,MANIPULATE,destrava,3,3
1788451003.13,1143.19,17.58,-0.03,MANIPULATE,destrava,1,1
1788451003.23,1143.29,17.68,-0.12,MANIPULATE,destrava,3,3
1788451003.33,1143.39,17.79,-0.12,MANIPULATE,destrava,2,2
1788451003.43,1143.49,17.73,-0.07,MANIPULATE,destrava,2,2
1788451003.54,1143.59,17.78,-0.07,MANIPULATE,destrava,2,2
1788451003.64,1143.69,17.80,-0.03,MANIPULATE,destrava,2,2
1788451003.74,1143.79,17.84,0.03,MANIPULATE,destrava,1,1
1788451003.84,1143.89,17.89,-0.03,MANIPULATE,destrava,3,3
1788451003.94,1143.99,17.92,-0.03,MANIPULATE,destrava,2,2
1788451004.04,1144.09,18.00,-0.11,MANIPULATE,destrava,2,2
1788451004.15,1144.19,18.09,-0.11,MANIPULATE,destrava,2,2
1788451004.25,1144.29,17.98,-0.02,MANIPULATE,destrava,2,2
1788451004.35,1144.39,18.13,0.03,MANIPULATE,destrava,2,2
1788451004.45,1144.49,18.12,-0.04,MANIPULATE,destrava,2,2
1788451004.55,1144.59,18.22,-0.03,MANIPULATE,destrava,2,2
1788451004.66,1144.69,18.27,0.03,MANIPULATE,destrava,2,2
1788451004.76,1144.79,18.30,0.02,MANIPULATE,destrava,2,2
1788451004.86,1144.89,18.34,-0.11,MANIPULATE,destrava,2,2
1788451004.96,1144.99,18.31,-0.07,MANIPULATE,destrava,2,2
1788451005.06,1145.09,18.34,0.03,MANIPULATE,destrava,2,2
1788451005.16,1145.19,18.37,-0.03,MANIPULATE,destrava,2,2
1788451005.26,1145.29,18.43,-0.04,MANIPULATE,destrava,2,2
1788451005.36,1145.39,18.42,-0.09,MANIPULATE,destrava,2,2
1788451005.47,1145.49,18.53,0.03,MANIPULATE,destrava,2,2
1788451005.57,1145.59,18.45,-0.02,MANIPULATE,destrava,2,2
1788451005.67,1145.69,18.64,0.03,MANIPULATE,destrava,2,2
1788451005.77,1145.79,18.56,-0.02,MANIPULATE,destrava,2,2
1788451005.87,1145.89,18.67,-0.11,MANIPULATE,destrava,2,2
1788451005.98,1145.99,18.67,-0.09,MANIPULATE,destrava,1,2
1788451006.08,1146.09,18.66,-0.03,MANIPULATE,destrava,0,0
1788451006.18,1146.19,18.71,0.04,ABORT_SAFE,destrava,0,1
1788451006.29,1146.29,18.79,-0.02,ABORT_SAFE,destrava,0,0
1788451006.39,1146.38,18.82,0.03,ABORT_SAFE,destrava,0,0
1788451006.49,1146.49,19.02,-0.11,ABORT_SAFE,destrava,0,0
1788451006.59,1146.59,19.01,-0.09,ABORT,destrava,0,0
1788451006.69,1146.69,19.17,-0.03,ABORT,destrava,0,0
1788451006.80,1146.79,19.16,0.59,ABORT,destrava,0,0
1788451006.90,1146.89,17.44,-0.02,ABORT,destrava,0,0
1788451007.00,1146.99,15.47,0.23,ABORT,destrava,0,0
1788451007.10,1147.09,11.61,0.56,ABORT,destrava,0,0
1788451007.21,1147.19,12.00,0.59,ABORT,destrava,0,0
1788451007.31,1147.29,12.04,0.58,ABORT,destrava,0,0
1788451007.41,1147.39,13.52,0.21,ABORT,destrava,0,0
1788451007.51,1147.49,0.00,0.00,ABORT,destrava,0,0
1788451007.62,1147.59,0.01,0.46,ABORT,destrava,0,0
1788451007.72,1147.69,0.00,0.46,ABORT,destrava,0,0
1788451007.82,1147.79,-0.01,0.46,ABORT,destrava,0,0
1788451007.92,1147.89,0.00,0.46,ABORT,destrava,0,0
1788451008.02,1147.99,0.00,0.46,ABORT,destrava,0,0
1788451008.12,1148.09,0.01,0.46,ABORT,destrava,0,0
1788451008.23,1148.19,-0.00,0.46,ABORT,destrava,0,0
1788451008.32,1148.29,-0.00,0.46,ABORT,destrava,0,0
1788451008.42,1148.39,0.00,0.46,ABORT,destrava,0,0
1788451008.53,1148.49,-0.00,0.46,ABORT,destrava,0,0
1788451008.63,1148.59,0.00,0.46,ABORT,destrava,0,0
1788451008.73,1148.69,-0.00,0.46,ABORT,destrava,0,0
1788451008.83,1148.79,0.01,0.46,ABORT,destrava,0,0
1788451008.93,1148.89,0.00,0.46,ABORT,destrava,0,0
1788451009.03,1148.99,-0.00,0.46,ABORT,destrava,0,0
1788451009.13,1149.09,0.00,0.46,ABORT,destrava,0,0
1788451009.23,1149.19,0.00,0.46,ABORT,destrava,0,0
1788451009.33,1149.29,0.01,0.46,ABORT,destrava,0,0
1788451009.43,1149.39,0.01,0.46,ABORT,destrava,0,0
1788451009.53,1149.49,0.00,0.46,ABORT,destrava,0,0
1788451009.63,1149.59,0.00,0.46,ABORT,destrava,0,0
1788451009.73,1149.69,-0.00,0.46,ABORT,destrava,0,0
1788451009.83,1149.79,0.00,0.46,ABORT,destrava,0,0
1788451009.93,1149.89,0.01,0.46,ABORT,destrava,0,0
1788451010.03,1149.99,-0.00,0.46,ABORT,destrava,0,0
1788451010.13,1150.09,0.01,0.46,ABORT,destrava,0,0
1788451010.23,1150.19,-0.00,0.46,ABORT,destrava,0,0
1788451010.34,1150.29,0.00,0.46,ABORT,destrava,0,0
1788451010.44,1150.39,0.01,0.46,ABORT,destrava,0,0
1788451010.54,1150.49,0.01,0.46,ABORT,destrava,0,0
1788451010.64,1150.59,-0.01,0.46,ABORT,destrava,0,0
1788451010.74,1150.69,0.00,0.46,ABORT,destrava,0,0
1788451010.84,1150.79,0.01,0.46,ABORT,destrava,0,0
1788451010.94,1150.89,0.01,0.46,ABORT,destrava,0,0
1788451011.04,1150.99,0.00,0.46,ABORT,destrava,0,0
1788451011.15,1151.09,0.01,0.46,ABORT,destrava,0,0
1788451011.25,1151.19,0.00,0.46,ABORT,destrava,0,0
1788451011.35,1151.29,0.00,0.46,ABORT,destrava,0,0
1788451011.45,1151.39,-0.00,0.46,ABORT,destrava,0,0
1788451011.55,1151.49,0.00,0.46,ABORT,destrava,0,0
1788451011.65,1151.59,0.01,0.46,ABORT,destrava,0,0
1788451011.75,1151.69,-0.00,0.46,ABORT,destrava,0,0
1788451011.85,1151.79,0.01,0.46,ABORT,destrava,0,0
1788451011.95,1151.89,-0.00,0.46,ABORT,saida_eixo,0,0
1788451012.05,1151.99,0.01,0.46,ABORT,saida_eixo,0,0
1788451012.15,1152.09,0.00,0.46,ABORT,saida_eixo,0,0
1788451012.25,1152.19,-0.00,0.46,ABORT,saida_eixo,0,0
1788451012.35,1152.29,-0.00,0.46,ABORT,saida_eixo,0,0
1788451012.45,1152.39,0.01,0.46,ABORT,saida_eixo,0,0
1788451012.55,1152.49,0.00,0.46,ABORT,saida_eixo,0,0
1788451012.65,1152.59,0.00,0.46,ABORT,saida_eixo,0,0
1788451012.75,1152.69,0.01,0.46,ABORT,saida_eixo,0,0
1788451012.85,1152.79,0.00,0.46,ABORT,saida_eixo,0,0
1788451012.96,1152.89,0.00,0.46,ABORT,saida_eixo,0,0
1788451013.05,1152.99,0.01,0.46,ABORT,saida_eixo,0,0
1788451013.15,1153.09,0.00,0.46,ABORT,saida_eixo,0,0
1788451013.25,1153.19,-0.00,0.46,ABORT,saida_eixo,0,0
1788451013.35,1153.29,0.01,0.46,ABORT,saida_eixo,0,0
1788451013.45,1153.39,0.00,0.46,ABORT,saida_eixo,0,0
1788451013.56,1153.49,-0.00,0.46,ABORT,saida_eixo,0,0
1788451013.66,1153.59,0.00,0.46,ABORT,saida_eixo,0,0
1788451013.77,1153.69,0.00,0.46,ABORT,saida_eixo,0,0
1788451013.87,1153.79,0.01,0.46,ABORT,saida_eixo,0,0
1788451013.97,1153.89,0.00,0.46,ABORT,saida_eixo,0,0
1788451014.08,1153.99,0.00,0.46,ABORT,saida_eixo,0,0
1788451014.18,1154.09,-0.00,0.46,ABORT,saida_eixo,0,0
1788451014.28,1154.19,0.01,0.46,ABORT,saida_eixo,0,0
1788451014.38,1154.29,0.01,0.46,ABORT,saida_eixo,0,0
1788451014.48,1154.39,-0.00,0.46,ABORT,saida_eixo,0,0
1788451014.59,1154.49,-0.00,0.46,ABORT,saida_eixo,0,0
1788451014.69,1154.59,0.00,0.46,ABORT,saida_eixo,0,0
1788451014.80,1154.69,0.00,0.46,ABORT,saida_eixo,0,0
1788451014.89,1154.79,0.00,0.46,ABORT,saida_eixo,0,0
1788451014.99,1154.89,0.01,0.46,ABORT,saida_eixo,0,0
1788451015.09,1154.99,0.00,0.46,ABORT,saida_eixo,0,0
1788451015.20,1155.09,-0.00,0.46,ABORT,saida_eixo,0,0
1788451015.30,1155.19,0.00,0.46,ABORT,saida_eixo,0,0
1788451015.40,1155.29,0.01,0.46,ABORT,saida_eixo,0,0
1788451015.50,1155.39,0.01,0.46,ABORT,saida_eixo,0,0
1788451015.60,1155.49,0.00,0.46,ABORT,saida_eixo,0,0
1788451015.70,1155.59,0.00,0.46,ABORT,saida_eixo,0,0
1788451015.80,1155.69,-0.00,0.46,ABORT,saida_eixo,0,0
1788451015.90,1155.79,0.01,0.46,ABORT,saida_eixo,0,0
1788451016.00,1155.89,0.01,0.46,ABORT,saida_eixo,0,0
1788451016.10,1155.99,0.00,0.46,ABORT,saida_eixo,0,0
1788451016.20,1156.09,0.00,0.46,ABORT,saida_eixo,0,0
1788451016.30,1156.19,0.01,0.46,ABORT,saida_eixo,0,0
1788451016.40,1156.29,0.00,0.46,ABORT,saida_eixo,0,0
1788451016.50,1156.39,0.01,0.46,ABORT,saida_eixo,0,0
1788451016.60,1156.49,0.01,0.46,ABORT,saida_eixo,0,0
1788451016.71,1156.59,-0.00,0.46,ABORT,saida_eixo,0,0
1788451016.81,1156.69,-0.00,0.46,ABORT,saida_eixo,0,0
1788451016.91,1156.79,0.00,0.46,ABORT,saida_eixo,0,0
1788451017.01,1156.89,0.00,0.46,ABORT,saida_eixo,0,0
1788451017.11,1156.99,0.01,0.46,ABORT,saida_eixo,0,0
1788451017.21,1157.09,0.01,0.46,ABORT,saida_eixo,0,0
1788451017.31,1157.19,0.00,0.46,ABORT,saida_eixo,0,0
1788451017.41,1157.29,-0.00,0.46,ABORT,saida_eixo,0,0
1788451017.51,1157.39,-0.00,0.46,ABORT,saida_eixo,0,0
1788451017.61,1157.49,0.00,0.46,ABORT,saida_eixo,0,0
1788451017.71,1157.59,-0.00,0.46,ABORT,saida_eixo,0,0
1788451017.82,1157.69,0.01,0.46,ABORT,saida_eixo,0,0
1788451017.91,1157.79,0.00,0.46,ABORT,saida_eixo,0,0
1788451018.01,1157.89,0.01,0.46,ABORT,saida_eixo,0,0
1788451018.12,1157.99,-0.00,0.46,ABORT,saida_eixo,0,0
1788451018.22,1158.09,0.00,0.46,ABORT,saida_eixo,0,0
1788451018.32,1158.19,-0.00,0.46,ABORT,saida_eixo,0,0
1788451018.42,1158.29,-0.00,0.46,ABORT,saida_eixo,0,0
1788451018.52,1158.39,0.01,0.46,ABORT,saida_eixo,0,0
1788451018.62,1158.49,0.00,0.46,ABORT,saida_eixo,0,0
1788451018.72,1158.59,-0.01,0.46,ABORT,saida_eixo,0,0
1788451018.82,1158.69,0.01,0.46,ABORT,saida_eixo,0,0
1788451018.92,1158.79,0.01,0.46,ABORT,saida_eixo,0,0
1788451019.02,1158.89,0.01,0.46,ABORT,saida_eixo,0,0
1788451019.12,1158.99,-0.00,0.46,ABORT,saida_eixo,0,0
1788451019.22,1159.09,-0.00,0.46,ABORT,saida_eixo,0,0
1788451019.33,1159.19,0.00,0.46,ABORT,saida_eixo,0,0
1788451019.43,1159.29,-0.00,0.46,ABORT,saida_eixo,0,0
1788451019.53,1159.39,-0.00,0.46,ABORT,saida_eixo,0,0
1788451019.63,1159.49,-0.00,0.46,ABORT,saida_eixo,0,0
1788451019.73,1159.59,0.01,0.46,ABORT,saida_eixo,0,0
1788451019.83,1159.69,0.01,0.46,ABORT,saida_eixo,0,0
1788451019.93,1159.79,0.00,0.46,ABORT,saida_eixo,0,0
1788451020.03,1159.89,0.01,0.46,ABORT,saida_eixo,0,0
1788451020.13,1159.99,0.01,0.46,ABORT,saida_eixo,0,0
1788451020.24,1160.09,-0.01,0.46,ABORT,saida_eixo,0,0
1788451020.33,1160.19,-0.00,0.46,ABORT,saida_eixo,0,0
1788451020.43,1160.29,-0.00,0.46,ABORT,saida_eixo,0,0
1788451020.53,1160.39,-0.00,0.46,ABORT,saida_eixo,0,0
1788451020.64,1160.49,0.01,0.46,ABORT,saida_eixo,0,0
1788451020.74,1160.59,-0.00,0.46,ABORT,saida_eixo,0,0
1788451020.84,1160.69,0.01,0.46,ABORT,saida_eixo,0,0
1788451020.94,1160.79,0.01,0.46,ABORT,saida_eixo,0,0
1788451021.04,1160.89,0.01,0.46,ABORT,saida_eixo,0,0
1788451021.14,1160.99,-0.01,0.46,ABORT,saida_eixo,0,0
1788451021.24,1161.09,0.00,0.46,ABORT,saida_eixo,0,0
1788451021.34,1161.19,0.01,0.46,ABORT,saida_eixo,0,0
1788451021.45,1161.29,0.00,0.46,ABORT,saida_eixo,0,0
1788451021.55,1161.39,0.00,0.46,ABORT,saida_eixo,0,0
1788451021.65,1161.49,-0.00,0.46,ABORT,saida_eixo,0,0
1788451021.75,1161.59,0.00,0.46,ABORT,saida_eixo,0,0
1788451021.85,1161.69,0.01,0.46,ABORT,saida_eixo,0,0
1788451021.95,1161.79,-0.00,0.46,ABORT,saida_eixo,0,0
1788451022.05,1161.89,0.01,0.46,ABORT,saida_eixo,0,0
1788451022.15,1161.98,0.00,0.46,ABORT,saida_eixo,0,0
1788451022.25,1162.09,0.01,0.46,ABORT,saida_eixo,0,0
1788451022.35,1162.18,-0.00,0.46,ABORT,saida_eixo,0,0
1788451022.45,1162.29,0.00,0.46,ABORT,saida_eixo,0,0
1788451022.55,1162.39,-0.00,0.46,ABORT,saida_eixo,0,0
1788451022.65,1162.49,0.01,0.46,ABORT,saida_eixo,0,0
1788451022.76,1162.59,0.00,0.46,ABORT,saida_eixo,0,0
1788451022.86,1162.69,0.01,0.46,ABORT,saida_eixo,0,0
1788451022.96,1162.79,0.01,0.46,ABORT,saida_eixo,0,0
1788451023.07,1162.89,0.01,0.46,ABORT,saida_eixo,0,0
1788451023.17,1162.99,0.00,0.46,ABORT,saida_eixo,0,0
1788451023.28,1163.09,-0.00,0.46,ABORT,saida_eixo,0,0
1788451023.37,1163.19,0.00,0.46,ABORT,saida_eixo,0,0
1788451023.48,1163.29,0.01,0.46,ABORT,saida_eixo,0,0
1788451023.58,1163.39,0.00,0.46,ABORT,saida_eixo,0,0
1788451023.68,1163.49,-0.00,0.46,ABORT,saida_eixo,0,0
1788451023.79,1163.59,-0.00,0.46,ABORT,saida_eixo,0,0
1788451023.88,1163.69,-0.00,0.46,ABORT,saida_eixo,0,0
1788451023.98,1163.79,0.00,0.46,ABORT,saida_eixo,0,0
1788451024.09,1163.89,0.00,0.46,ABORT,saida_eixo,0,0
1788451024.19,1163.99,0.01,0.46,ABORT,saida_eixo,0,0
1788451024.29,1164.09,0.00,0.46,ABORT,saida_eixo,0,0
1788451024.39,1164.19,-0.00,0.46,ABORT,saida_eixo,0,0
1788451024.49,1164.29,0.00,0.46,ABORT,saida_eixo,0,0
1788451024.59,1164.39,0.01,0.46,ABORT,saida_eixo,0,0
1788451024.69,1164.49,0.00,0.46,ABORT,saida_eixo,0,0
1788451024.79,1164.59,0.00,0.46,ABORT,saida_eixo,0,0
1788451024.90,1164.69,0.01,0.46,ABORT,saida_eixo,0,0
1788451024.99,1164.79,0.01,0.46,ABORT,saida_eixo,0,0
1788451025.09,1164.89,0.01,0.46,ABORT,saida_eixo,0,0
1788451025.19,1164.99,0.01,0.46,ABORT,saida_eixo,0,0
1788451025.30,1165.09,-0.00,0.46,ABORT,saida_eixo,0,0
1788451025.40,1165.19,0.01,0.46,ABORT,saida_eixo,0,0
1788451025.50,1165.29,-0.00,0.46,ABORT,saida_eixo,0,0
1788451025.60,1165.39,0.01,0.46,ABORT,saida_eixo,0,0
1788451025.71,1165.49,0.00,0.46,ABORT,saida_eixo,0,0
1788451025.81,1165.59,0.01,0.46,ABORT,saida_eixo,0,0
1788451025.90,1165.69,0.01,0.46,ABORT,saida_eixo,0,0
1788451026.01,1165.79,0.00,0.46,ABORT,saida_eixo,0,0
1788451026.10,1165.89,0.00,0.46,ABORT,saida_eixo,0,0
1788451026.21,1165.99,-0.00,0.46,ABORT,saida_eixo,0,0
1788451026.31,1166.09,-0.00,0.46,ABORT,saida_eixo,0,0
1788451026.41,1166.19,0.01,0.46,ABORT,saida_eixo,0,0
1788451026.52,1166.29,-0.00,0.46,ABORT,saida_eixo,0,0
1788451026.62,1166.39,-0.00,0.46,ABORT,saida_eixo,0,0
1788451026.72,1166.48,-0.00,0.46,ABORT,saida_eixo,0,0
1788451026.82,1166.59,-0.00,0.46,ABORT,saida_eixo,0,0
1788451026.92,1166.69,0.00,0.46,ABORT,saida_eixo,0,0
1788451027.02,1166.79,-0.00,0.46,ABORT,saida_eixo,0,0
1788451027.12,1166.89,0.00,0.46,ABORT,saida_eixo,0,0
1788451027.22,1166.99,0.00,0.46,ABORT,saida_eixo,0,0
1788451027.33,1167.09,0.01,0.46,ABORT,saida_eixo,0,0
1788451027.43,1167.19,0.00,0.46,ABORT,saida_eixo,0,0
1788451027.54,1167.29,0.01,0.46,ABORT,saida_eixo,0,0
1788451027.63,1167.39,0.01,0.46,ABORT,saida_eixo,0,0
1788451027.74,1167.49,0.00,0.46,ABORT,saida_eixo,0,0
1788451027.84,1167.59,-0.01,0.46,ABORT,saida_eixo,0,0
1788451027.95,1167.69,0.00,0.46,ABORT,saida_eixo,0,0
1788451028.05,1167.79,0.00,0.46,ABORT,saida_eixo,0,0
1788451028.15,1167.89,0.01,0.46,ABORT,saida_eixo,0,0
1788451028.25,1167.99,0.00,0.46,ABORT,saida_eixo,0,0
1788451028.36,1168.09,0.00,0.46,ABORT,saida_eixo,0,0
1788451028.46,1168.19,0.01,0.46,ABORT,saida_eixo,0,0
1788451028.57,1168.29,0.00,0.46,ABORT,saida_eixo,0,0
1788451028.67,1168.39,-0.01,0.46,ABORT,saida_eixo,0,0
1788451028.78,1168.49,0.00,0.46,ABORT,saida_eixo,0,0
1788451028.88,1168.59,0.01,0.46,ABORT,saida_eixo,0,0
1788451028.98,1168.69,-0.00,0.46,ABORT,saida_eixo,0,0
1788451029.08,1168.79,0.00,0.46,ABORT,saida_eixo,0,0
1788451029.18,1168.89,0.00,0.46,ABORT,saida_eixo,0,0
1788451029.29,1168.99,0.01,0.46,ABORT,saida_eixo,0,0
1788451029.39,1169.09,-0.00,0.46,ABORT,saida_eixo,0,0
1788451029.50,1169.19,-0.00,0.46,ABORT,saida_eixo,0,0
1788451029.61,1169.29,0.00,0.46,ABORT,saida_eixo,0,0
1788451029.71,1169.39,0.01,0.46,ABORT,saida_eixo,0,0
1788451029.81,1169.49,0.01,0.46,ABORT,saida_eixo,0,0
1788451029.92,1169.59,0.00,0.46,ABORT,saida_eixo,0,0
1788451030.02,1169.69,0.01,0.46,ABORT,saida_eixo,0,0
1788451030.13,1169.79,-0.00,0.46,ABORT,saida_eixo,0,0
1788451030.23,1169.89,-0.00,0.46,ABORT,saida_eixo,0,0
1788451030.33,1169.99,0.01,0.47,ABORT,saida_eixo,0,0
1788451030.43,1170.09,0.01,0.47,ABORT,saida_eixo,0,0
1788451030.53,1170.19,0.00,0.47,ABORT,saida_eixo,0,0
1788451030.63,1170.29,0.00,0.47,ABORT,saida_eixo,0,0
1788451030.73,1170.39,0.00,0.47,ABORT,saida_eixo,0,0
1788451030.83,1170.49,0.01,0.47,ABORT,saida_eixo,0,0
1788451030.93,1170.59,-0.00,0.47,ABORT,saida_eixo,0,0
1788451031.04,1170.69,-0.00,0.47,ABORT,saida_eixo,0,0
1788451031.14,1170.79,0.01,0.47,ABORT,saida_eixo,0,0
1788451031.25,1170.89,0.01,0.47,ABORT,saida_eixo,0,0
1788451031.34,1170.99,0.00,0.47,ABORT,saida_eixo,0,0
1788451031.45,1171.09,0.01,0.47,ABORT,saida_eixo,0,0
1788451031.55,1171.19,-0.00,0.47,ABORT,saida_eixo,0,0
1788451031.65,1171.29,0.01,0.47,ABORT,saida_eixo,0,0
1788451031.75,1171.39,0.00,0.47,ABORT,saida_eixo,0,0
1788451031.85,1171.49,0.01,0.47,ABORT,saida_eixo,0,0
1788451031.95,1171.59,-0.01,0.47,ABORT,saida_eixo,0,0
1788451032.05,1171.69,0.01,0.47,ABORT,saida_eixo,0,0
1788451032.15,1171.79,0.00,0.47,ABORT,saida_eixo,0,0
1788451032.25,1171.89,0.01,0.47,ABORT,saida_eixo,0,0
1788451032.35,1171.99,0.00,0.47,ABORT,saida_eixo,0,0
1788451032.46,1172.09,0.00,0.47,ABORT,saida_eixo,0,0
1788451032.55,1172.19,-0.00,0.47,ABORT,saida_eixo,0,0
1788451032.65,1172.29,0.00,0.47,ABORT,saida_eixo,0,0
1788451032.76,1172.39,-0.00,0.47,ABORT,saida_eixo,0,0
1788451032.86,1172.49,0.01,0.47,ABORT,saida_eixo,0,0
1788451032.96,1172.59,0.00,0.47,ABORT,saida_eixo,0,0
1788451033.06,1172.69,0.01,0.47,ABORT,saida_eixo,0,0
1788451033.16,1172.79,-0.00,0.47,ABORT,saida_eixo,0,0
1788451033.26,1172.89,-0.00,0.47,ABORT,saida_eixo,0,0
1788451033.36,1172.99,-0.00,0.47,ABORT,saida_eixo,0,0
1788451033.46,1173.09,0.01,0.47,ABORT,saida_eixo,0,0
1788451033.56,1173.19,0.01,0.47,ABORT,saida_eixo,0,0
1788451033.66,1173.29,0.01,0.47,ABORT,saida_eixo,0,0
1788451033.76,1173.39,-0.00,0.47,ABORT,saida_eixo,0,0
1788451033.86,1173.49,0.01,0.47,ABORT,saida_eixo,0,0
1788451033.97,1173.59,0.01,0.47,ABORT,saida_eixo,0,0
1788451034.07,1173.69,0.01,0.47,ABORT,saida_eixo,0,0
1788451034.17,1173.79,-0.00,0.47,ABORT,saida_eixo,0,0
1788451034.28,1173.89,0.00,0.47,ABORT,saida_eixo,0,0
1788451034.38,1173.99,0.01,0.47,ABORT,saida_eixo,0,0
1788451034.48,1174.09,0.00,0.47,ABORT,saida_eixo,0,0
1788451034.58,1174.19,-0.00,0.47,ABORT,saida_eixo,0,0
1788451034.68,1174.29,0.00,0.47,ABORT,saida_eixo,0,0
1788451034.78,1174.39,0.01,0.47,ABORT,saida_eixo,0,0
1788451034.88,1174.49,0.01,0.47,ABORT,saida_eixo,0,0
1788451034.98,1174.59,-0.00,0.47,ABORT,saida_eixo,0,0
1788451035.08,1174.69,0.01,0.47,ABORT,saida_eixo,0,0
1788451035.18,1174.79,-0.00,0.47,ABORT,saida_eixo,0,0
1788451035.28,1174.89,0.00,0.47,ABORT,saida_eixo,0,0
1788451035.38,1174.99,-0.00,0.47,ABORT,saida_eixo,0,0
1788451035.49,1175.09,0.00,0.47,ABORT,saida_eixo,0,0
1788451035.59,1175.19,-0.00,0.47,ABORT,saida_eixo,0,0
1788451035.69,1175.29,0.00,0.47,ABORT,saida_eixo,0,0
1788451035.79,1175.39,-0.00,0.47,ABORT,saida_eixo,0,0
1788451035.89,1175.49,0.01,0.47,ABORT,saida_eixo,0,0
1788451035.99,1175.59,0.01,0.47,ABORT,saida_eixo,0,0
1788451036.09,1175.69,0.01,0.47,ABORT,saida_eixo,0,0
1788451036.19,1175.79,-0.01,0.47,ABORT,saida_eixo,0,0
1788451036.30,1175.89,0.01,0.47,ABORT,saida_eixo,0,0
1788451036.40,1175.99,0.01,0.47,ABORT,saida_eixo,0,0
1788451036.50,1176.09,0.00,0.47,ABORT,saida_eixo,0,0
1788451036.60,1176.19,0.00,0.47,ABORT,saida_eixo,0,0
1788451036.70,1176.29,0.00,0.47,ABORT,saida_eixo,0,0
1788451036.80,1176.39,0.00,0.47,ABORT,saida_eixo,0,0
1788451036.91,1176.49,0.00,0.47,ABORT,saida_eixo,0,0
1788451037.00,1176.59,-0.00,0.47,ABORT,saida_eixo,0,0
1788451037.11,1176.69,0.01,0.47,ABORT,saida_eixo,0,0
1788451037.21,1176.79,-0.00,0.47,ABORT,saida_eixo,0,0
1788451037.31,1176.89,-0.00,0.47,ABORT,saida_eixo,0,0
1788451037.41,1176.99,0.01,0.47,ABORT,saida_eixo,0,0
1788451037.51,1177.09,0.00,0.47,ABORT,saida_eixo,0,0
1788451037.61,1177.19,0.00,0.47,ABORT,saida_eixo,0,0
1788451037.71,1177.29,0.01,0.47,ABORT,saida_eixo,0,0
1788451037.81,1177.39,0.00,0.47,ABORT,saida_eixo,0,0
1788451037.92,1177.49,0.01,0.47,ABORT,saida_eixo,0,0
1788451038.02,1177.59,0.01,0.47,ABORT,saida_eixo,0,0
1788451038.12,1177.69,0.01,0.47,ABORT,saida_eixo,0,0
1788451038.22,1177.79,0.00,0.47,ABORT,saida_eixo,0,0
1788451038.32,1177.89,0.01,0.47,ABORT,saida_eixo,0,0
1788451038.42,1177.99,-0.00,0.47,ABORT,saida_eixo,0,0
1788451038.52,1178.09,0.01,0.47,ABORT,saida_eixo,0,0
1788451038.62,1178.19,0.01,0.47,ABORT,saida_eixo,0,0
1788451038.72,1178.29,0.00,0.47,ABORT,saida_eixo,0,0
1788451038.82,1178.39,0.01,0.47,ABORT,saida_eixo,0,0
1788451038.93,1178.49,-0.00,0.47,ABORT,saida_eixo,0,0
1788451039.02,1178.59,-0.00,0.47,ABORT,saida_eixo,0,0
1788451039.13,1178.69,-0.00,0.47,ABORT,saida_eixo,0,0
1788451039.23,1178.79,0.01,0.47,ABORT,saida_eixo,0,0
1788451039.33,1178.89,-0.00,0.47,ABORT,saida_eixo,0,0
1788451039.43,1178.99,0.01,0.47,ABORT,saida_eixo,0,0
1788451039.53,1179.09,-0.00,0.47,ABORT,saida_eixo,0,0
1788451039.63,1179.19,0.01,0.47,ABORT,saida_eixo,0,0
1788451039.73,1179.29,-0.00,0.47,ABORT,saida_eixo,0,0
1788451039.83,1179.39,0.00,0.47,ABORT,saida_eixo,0,0
1788451039.93,1179.49,0.01,0.47,ABORT,saida_eixo,0,0
1788451040.04,1179.59,0.00,0.47,ABORT,saida_eixo,0,0
1788451040.14,1179.69,0.00,0.47,ABORT,saida_eixo,0,0
1788451040.24,1179.79,0.00,0.47,ABORT,saida_eixo,0,0
1788451040.34,1179.89,-0.00,0.47,ABORT,saida_eixo,0,0
1788451040.44,1179.99,0.01,0.47,ABORT,saida_eixo,0,0
1788451040.54,1180.09,-0.00,0.47,ABORT,saida_eixo,0,0
1788451040.64,1180.19,0.00,0.47,ABORT,saida_eixo,0,0
1788451040.75,1180.29,-0.00,0.47,ABORT,saida_eixo,0,0
1788451040.84,1180.39,0.00,0.47,ABORT,saida_eixo,0,0
1788451040.95,1180.49,0.00,0.47,ABORT,saida_eixo,0,0
1788451041.05,1180.59,0.01,0.47,ABORT,saida_eixo,0,0
1788451041.15,1180.69,0.01,0.47,ABORT,saida_eixo,0,0
1788451041.25,1180.79,0.01,0.47,ABORT,saida_eixo,0,0
1788451041.35,1180.89,-0.00,0.47,ABORT,saida_eixo,0,0
1788451041.45,1180.99,0.00,0.47,ABORT,saida_eixo,0,0
1788451041.56,1181.09,0.01,0.47,ABORT,saida_eixo,0,0
1788451041.66,1181.19,-0.00,0.47,ABORT,saida_eixo,0,0
1788451041.76,1181.29,-0.01,0.47,ABORT,saida_eixo,0,0
1788451041.86,1181.39,0.00,0.47,ABORT,saida_eixo,0,0
1788451041.96,1181.49,0.01,0.47,ABORT,saida_eixo,0,0
1788451042.06,1181.59,0.00,0.47,ABORT,saida_eixo,0,0
1788451042.16,1181.69,-0.00,0.47,ABORT,saida_eixo,0,0
1788451042.26,1181.79,-0.00,0.47,ABORT,saida_eixo,0,0
1788451042.37,1181.89,0.01,0.47,ABORT,saida_eixo,0,0
1788451042.46,1181.99,-0.00,0.47,ABORT,saida_eixo,0,0
1788451042.56,1182.09,0.00,0.47,ABORT,saida_eixo,0,0
1788451042.66,1182.19,0.01,0.47,ABORT,saida_eixo,0,0
1788451042.76,1182.29,0.01,0.47,ABORT,saida_eixo,0,0
1788451042.86,1182.39,0.00,0.47,ABORT,saida_eixo,0,0
1788451042.97,1182.49,0.00,0.47,ABORT,saida_eixo,0,0
1788451043.07,1182.59,-0.00,0.47,ABORT,saida_eixo,0,0
1788451043.17,1182.69,-0.00,0.47,ABORT,saida_eixo,0,0
1788451043.27,1182.79,0.00,0.47,ABORT,saida_eixo,0,0
1788451043.37,1182.89,-0.00,0.47,ABORT,saida_eixo,0,0
1788451043.47,1182.99,0.01,0.47,ABORT,saida_eixo,0,0
1788451043.57,1183.09,-0.00,0.47,ABORT,saida_eixo,0,0
1788451043.67,1183.19,0.00,0.47,ABORT,saida_eixo,0,0
1788451043.78,1183.29,0.00,0.47,ABORT,saida_eixo,0,0
1788451043.88,1183.39,0.01,0.47,ABORT,saida_eixo,0,0
1788451043.98,1183.49,-0.00,0.47,ABORT,saida_eixo,0,0
1788451044.08,1183.59,-0.00,0.47,ABORT,saida_eixo,0,0
1788451044.18,1183.69,0.00,0.47,ABORT,saida_eixo,0,0
1788451044.28,1183.79,0.01,0.47,ABORT,saida_eixo,0,0
1788451044.39,1183.89,0.00,0.47,ABORT,saida_eixo,0,0
1788451044.48,1183.99,0.00,0.47,ABORT,saida_eixo,0,0
1788451044.59,1184.09,0.01,0.47,ABORT,saida_eixo,0,0
1788451044.69,1184.19,0.00,0.47,ABORT,saida_eixo,0,0
1788451044.79,1184.29,-0.00,0.47,ABORT,saida_eixo,0,0
1788451044.89,1184.39,-0.00,0.47,ABORT,saida_eixo,0,0
1788451044.99,1184.49,-0.00,0.47,ABORT,saida_eixo,0,0
1788451045.09,1184.59,0.01,0.47,ABORT,saida_eixo,0,0
1788451045.19,1184.69,0.00,0.47,ABORT,saida_eixo,0,0
1788451045.29,1184.79,0.00,0.47,ABORT,saida_eixo,0,0
1788451045.39,1184.89,0.01,0.47,ABORT,saida_eixo,0,0
1788451045.49,1184.99,-0.00,0.47,ABORT,saida_eixo,0,0
1788451045.59,1185.09,0.01,0.47,ABORT,saida_eixo,0,0
1788451045.70,1185.19,0.00,0.47,ABORT,saida_eixo,0,0
1788451045.80,1185.29,0.00,0.47,ABORT,saida_eixo,0,0
1788451045.90,1185.39,0.00,0.47,ABORT,saida_eixo,0,0
1788451046.00,1185.49,0.00,0.47,ABORT,saida_eixo,0,0
1788451046.10,1185.59,0.01,0.47,ABORT,saida_eixo,0,0
1788451046.20,1185.69,0.00,0.47,ABORT,saida_eixo,0,0
1788451046.30,1185.79,-0.01,0.47,ABORT,saida_eixo,0,0
1788451046.40,1185.89,0.01,0.47,ABORT,saida_eixo,0,0
1788451046.50,1185.99,0.01,0.47,ABORT,saida_eixo,0,0
1788451046.60,1186.09,0.01,0.47,ABORT,saida_eixo,0,0
1788451046.70,1186.19,0.01,0.47,ABORT,saida_eixo,0,0
1788451046.81,1186.29,0.00,0.47,ABORT,saida_eixo,0,0
1788451046.91,1186.39,-0.00,0.47,ABORT,saida_eixo,0,0
1788451047.01,1186.49,0.01,0.47,ABORT,saida_eixo,0,0
1788451047.12,1186.59,0.01,0.47,ABORT,saida_eixo,0,0
1788451047.22,1186.69,0.01,0.47,ABORT,saida_eixo,0,0
1788451047.32,1186.79,0.01,0.47,ABORT,saida_eixo,0,0
1788451047.42,1186.89,0.01,0.47,ABORT,saida_eixo,0,0
1788451047.52,1186.99,0.01,0.47,ABORT,saida_eixo,0,0
1788451047.62,1187.09,0.01,0.47,ABORT,saida_eixo,0,0
1788451047.72,1187.19,0.01,0.47,ABORT,saida_eixo,0,0
1788451047.83,1187.29,0.00,0.47,ABORT,saida_eixo,0,0
1788451047.93,1187.39,0.01,0.47,ABORT,saida_eixo,0,0
1788451048.03,1187.49,0.01,0.47,ABORT,saida_eixo,0,0
1788451048.13,1187.59,0.01,0.47,ABORT,saida_eixo,0,0
1788451048.23,1187.69,0.00,0.47,ABORT,saida_eixo,0,0
1788451048.33,1187.79,0.01,0.47,ABORT,saida_eixo,0,0
1788451048.43,1187.89,0.01,0.47,ABORT,saida_eixo,0,0
1788451048.53,1187.99,0.00,0.47,ABORT,saida_eixo,0,0
1788451048.63,1188.09,0.01,0.47,ABORT,saida_eixo,0,0
1788451048.73,1188.19,-0.00,0.47,ABORT,saida_eixo,0,0
1788451048.84,1188.29,-0.00,0.47,ABORT,saida_eixo,0,0
1788451048.94,1188.39,-0.00,0.47,ABORT,saida_eixo,0,0
1788451049.04,1188.49,-0.00,0.47,ABORT,saida_eixo,0,0
1788451049.14,1188.59,-0.00,0.47,ABORT,saida_eixo,0,0
1788451049.24,1188.69,0.00,0.47,ABORT,saida_eixo,0,0
1788451049.34,1188.79,-0.00,0.47,ABORT,saida_eixo,0,0
1788451049.45,1188.89,-0.00,0.47,ABORT,saida_eixo,0,0
1788451049.55,1188.99,-0.00,0.47,ABORT,saida_eixo,0,0
1788451049.65,1189.09,0.00,0.47,ABORT,saida_eixo,0,0
1788451049.75,1189.19,-0.00,0.47,ABORT,saida_eixo,0,0
1788451049.85,1189.29,-0.00,0.47,ABORT,saida_eixo,0,0
1788451049.95,1189.39,0.00,0.47,ABORT,saida_eixo,0,0
1788451050.05,1189.49,0.00,0.47,ABORT,saida_eixo,0,0
1788451050.16,1189.59,0.00,0.47,ABORT,saida_eixo,0,0
1788451050.26,1189.69,0.00,0.47,ABORT,saida_eixo,0,0
1788451050.36,1189.79,0.01,0.47,ABORT,saida_eixo,0,0
1788451050.46,1189.89,0.01,0.47,ABORT,saida_eixo,0,0
1788451050.56,1189.99,-0.01,0.47,ABORT,saida_eixo,0,0
1788451050.66,1190.09,0.00,0.47,ABORT,saida_eixo,0,0
1788451050.76,1190.19,0.01,0.47,ABORT,saida_eixo,0,0
1788451050.86,1190.29,-0.00,0.47,ABORT,saida_eixo,0,0
1788451050.96,1190.39,-0.00,0.47,ABORT,saida_eixo,0,0
1788451051.06,1190.49,0.00,0.47,ABORT,saida_eixo,0,0
1788451051.16,1190.59,-0.00,0.47,ABORT,saida_eixo,0,0
1788451051.26,1190.69,0.00,0.47,ABORT,saida_eixo,0,0
1788451051.36,1190.79,-0.00,0.47,ABORT,saida_eixo,0,0
1788451051.46,1190.89,0.00,0.47,ABORT,saida_eixo,0,0
1788451051.57,1190.99,0.00,0.47,ABORT,saida_eixo,0,0
1788451051.66,1191.09,0.01,0.47,ABORT,saida_eixo,0,0
1788451051.76,1191.19,0.01,0.47,ABORT,saida_eixo,0,0
1788451051.87,1191.29,0.01,0.47,ABORT,saida_eixo,0,0
1788451051.97,1191.39,-0.00,0.47,ABORT,saida_eixo,0,0
1788451052.07,1191.49,-0.01,0.47,ABORT,saida_eixo,0,0
1788451052.17,1191.59,0.00,0.47,ABORT,saida_eixo,0,0
1788451052.27,1191.69,0.00,0.47,ABORT,saida_eixo,0,0
1788451052.37,1191.79,0.00,0.47,ABORT,saida_eixo,0,0
1788451052.47,1191.89,0.01,0.47,ABORT,saida_eixo,0,0
1788451052.57,1191.99,-0.00,0.47,ABORT,saida_eixo,0,0
1788451052.67,1192.09,0.01,0.47,ABORT,saida_eixo,0,0
1788451052.78,1192.19,0.00,0.47,ABORT,saida_eixo,0,0
1788451052.88,1192.29,0.00,0.47,ABORT,saida_eixo,0,0
1788451052.98,1192.39,0.00,0.47,ABORT,saida_eixo,0,0
1788451053.08,1192.49,0.00,0.47,ABORT,saida_eixo,0,0
1788451053.18,1192.59,0.01,0.47,ABORT,saida_eixo,0,0
1788451053.29,1192.69,0.01,0.47,ABORT,saida_eixo,0,0
1788451053.39,1192.79,0.00,0.47,ABORT,saida_eixo,0,0
1788451053.49,1192.89,0.01,0.47,ABORT,saida_eixo,0,0
1788451053.59,1192.99,0.00,0.47,ABORT,saida_eixo,0,0
1788451053.69,1193.09,0.00,0.47,ABORT,saida_eixo,0,0
1788451053.79,1193.19,0.00,0.47,ABORT,saida_eixo,0,0
1788451053.89,1193.29,0.01,0.47,ABORT,saida_eixo,0,0
1788451053.99,1193.39,0.00,0.47,ABORT,saida_eixo,0,0
1788451054.09,1193.49,0.01,0.47,ABORT,saida_eixo,0,0
1788451054.19,1193.59,0.01,0.47,ABORT,saida_eixo,0,0
1788451054.29,1193.69,-0.00,0.47,ABORT,saida_eixo,0,0
1788451054.40,1193.79,0.00,0.47,ABORT,saida_eixo,0,0
1788451054.49,1193.89,-0.00,0.47,ABORT,saida_eixo,0,0
1788451054.60,1193.99,-0.00,0.47,ABORT,saida_eixo,0,0
1788451054.70,1194.09,-0.00,0.47,ABORT,saida_eixo,0,0
1788451054.80,1194.19,0.00,0.47,ABORT,saida_eixo,0,0
1788451054.90,1194.29,0.00,0.47,ABORT,saida_eixo,0,0
1788451055.00,1194.39,0.00,0.47,ABORT,saida_eixo,0,0
1788451055.10,1194.49,0.01,0.47,ABORT,saida_eixo,0,0
1788451055.20,1194.59,-0.00,0.47,ABORT,saida_eixo,0,0
1788451055.31,1194.69,0.01,0.47,ABORT,saida_eixo,0,0
1788451055.40,1194.79,0.01,0.47,ABORT,saida_eixo,0,0
1788451055.51,1194.89,0.01,0.47,ABORT,saida_eixo,0,0
1788451055.61,1194.99,0.00,0.47,ABORT,saida_eixo,0,0
1788451055.71,1195.09,0.00,0.47,ABORT,saida_eixo,0,0
1788451055.81,1195.19,0.01,0.47,ABORT,saida_eixo,0,0
1788451055.91,1195.29,0.00,0.47,ABORT,saida_eixo,0,0
1788451056.01,1195.39,-0.00,0.47,ABORT,saida_eixo,0,0
1788451056.11,1195.49,-0.00,0.47,ABORT,saida_eixo,0,0
1788451056.21,1195.59,-0.00,0.47,ABORT,saida_eixo,0,0
1788451056.31,1195.69,-0.00,0.47,ABORT,saida_eixo,0,0
1788451056.41,1195.79,0.00,0.47,ABORT,saida_eixo,0,0
1788451056.52,1195.89,0.01,0.47,ABORT,saida_eixo,0,0
1788451056.62,1195.99,0.01,0.47,ABORT,saida_eixo,0,0
1788451056.72,1196.09,0.00,0.47,ABORT,saida_eixo,0,0
1788451056.82,1196.19,0.00,0.47,ABORT,saida_eixo,0,0
1788451056.92,1196.29,0.01,0.47,ABORT,saida_eixo,0,0
1788451057.02,1196.39,-0.00,0.47,ABORT,saida_eixo,0,0
1788451057.12,1196.49,0.01,0.47,ABORT,saida_eixo,0,0
1788451057.22,1196.59,0.00,0.47,ABORT,saida_eixo,0,0
1788451057.32,1196.69,0.01,0.47,ABORT,saida_eixo,0,0
1788451057.42,1196.79,0.00,0.47,ABORT,saida_eixo,0,0
1788451057.52,1196.89,0.00,0.47,ABORT,saida_eixo,0,0
1788451057.62,1196.99,0.01,0.47,ABORT,saida_eixo,0,0
1788451057.73,1197.09,0.00,0.47,ABORT,saida_eixo,0,0
1788451057.82,1197.19,0.01,0.47,ABORT,saida_eixo,0,0
1788451057.93,1197.29,-0.00,0.47,ABORT,saida_eixo,0,0
1788451058.03,1197.39,0.00,0.47,ABORT,saida_eixo,0,0
1788451058.12,1197.49,0.00,0.47,ABORT,saida_eixo,0,0
1788451058.23,1197.59,0.01,0.47,ABORT,saida_eixo,0,0
1788451058.33,1197.69,0.00,0.47,ABORT,saida_eixo,0,0
1788451058.43,1197.79,0.00,0.47,ABORT,saida_eixo,0,0
1788451058.53,1197.89,0.01,0.47,ABORT,saida_eixo,0,0
1788451058.63,1197.99,0.00,0.47,ABORT,saida_eixo,0,0
1788451058.73,1198.09,-0.00,0.47,ABORT,saida_eixo,0,0
1788451058.83,1198.19,0.01,0.47,ABORT,saida_eixo,0,0
1788451058.93,1198.29,-0.00,0.47,ABORT,saida_eixo,0,0
1788451059.03,1198.39,0.00,0.47,ABORT,saida_eixo,0,0
1788451059.13,1198.49,0.00,0.47,ABORT,saida_eixo,0,0
1788451059.23,1198.59,0.01,0.47,ABORT,saida_eixo,0,0
1788451059.34,1198.69,0.01,0.47,ABORT,saida_eixo,0,0
1788451059.44,1198.79,0.00,0.47,ABORT,saida_eixo,0,0
1788451059.54,1198.89,-0.00,0.47,ABORT,saida_eixo,0,0
1788451059.64,1198.99,0.01,0.47,ABORT,saida_eixo,0,0
1788451059.74,1199.09,0.00,0.47,ABORT,saida_eixo,0,0
1788451059.84,1199.19,-0.00,0.47,ABORT,saida_eixo,0,0
1788451059.94,1199.29,0.00,0.47,ABORT,saida_eixo,0,0
1788451060.04,1199.39,0.01,0.47,ABORT,saida_eixo,0,0
1788451060.14,1199.49,-0.00,0.47,ABORT,saida_eixo,0,0
1788451060.25,1199.59,0.00,0.47,ABORT,saida_eixo,0,0
1788451060.35,1199.69,0.00,0.47,ABORT,saida_eixo,0,0
1788451060.45,1199.79,0.00,0.47,ABORT,saida_eixo,0,0
1788451060.55,1199.89,0.00,0.47,ABORT,saida_eixo,0,0
1788451060.65,1199.99,0.00,0.47,ABORT,saida_eixo,0,0
1788451060.75,1200.09,0.01,0.47,ABORT,saida_eixo,0,0
1788451060.85,1200.19,0.00,0.47,ABORT,saida_eixo,0,0
1788451060.95,1200.29,0.01,0.47,ABORT,saida_eixo,0,0
1788451061.05,1200.39,0.00,0.47,ABORT,saida_eixo,0,0
1788451061.15,1200.49,0.00,0.47,ABORT,saida_eixo,0,0
1788451061.26,1200.59,-0.00,0.47,ABORT,saida_eixo,0,0
1788451061.36,1200.69,0.01,0.47,ABORT,saida_eixo,0,0
1788451061.46,1200.79,0.00,0.47,ABORT,saida_eixo,0,0
1788451061.56,1200.89,0.00,0.47,ABORT,saida_eixo,0,0
1788451061.66,1200.99,0.00,0.47,ABORT,saida_eixo,0,0
1788451061.76,1201.09,0.00,0.47,ABORT,saida_eixo,0,0
1788451061.86,1201.19,0.00,0.47,ABORT,saida_eixo,0,0
1788451061.97,1201.29,0.00,0.47,ABORT,saida_eixo,0,0
1788451062.06,1201.39,-0.00,0.47,ABORT,saida_eixo,0,0
1788451062.17,1201.49,0.01,0.47,ABORT,saida_eixo,0,0
1788451062.26,1201.59,0.00,0.47,ABORT,saida_eixo,0,0
1788451062.36,1201.69,0.01,0.47,ABORT,saida_eixo,0,0
1788451062.47,1201.79,-0.00,0.47,ABORT,saida_eixo,0,0
1788451062.57,1201.89,-0.00,0.47,ABORT,saida_eixo,0,0
1788451062.67,1201.99,0.00,0.47,ABORT,saida_eixo,0,0
1788451062.77,1202.09,0.00,0.47,ABORT,saida_eixo,0,0
1788451062.87,1202.19,0.01,0.47,ABORT,saida_eixo,0,0
1788451062.97,1202.29,0.01,0.47,ABORT,saida_eixo,0,0
1788451063.07,1202.39,-0.01,0.47,ABORT,saida_eixo,0,0
1788451063.18,1202.49,0.00,0.47,ABORT,saida_eixo,0,0
1788451063.28,1202.59,0.01,0.47,ABORT,saida_eixo,0,0
1788451063.38,1202.69,0.01,0.47,ABORT,saida_eixo,0,0
1788451063.48,1202.79,-0.00,0.47,ABORT,saida_eixo,0,0
1788451063.58,1202.89,0.00,0.47,ABORT,saida_eixo,0,0
1788451063.68,1202.99,0.00,0.47,ABORT,saida_eixo,0,0
1788451063.79,1203.09,-0.00,0.47,ABORT,saida_eixo,0,0
1788451063.89,1203.19,-0.00,0.47,ABORT,saida_eixo,0,0
1788451063.99,1203.29,-0.00,0.47,ABORT,saida_eixo,0,0
1788451064.09,1203.39,0.01,0.47,ABORT,saida_eixo,0,0
1788451064.19,1203.49,0.01,0.47,ABORT,saida_eixo,0,0
1788451064.29,1203.59,-0.00,0.47,ABORT,saida_eixo,0,0
1788451064.40,1203.69,0.00,0.47,ABORT,saida_eixo,0,0
1788451064.50,1203.79,-0.00,0.47,ABORT,saida_eixo,0,0
1788451064.60,1203.89,-0.00,0.47,ABORT,saida_eixo,0,0
1788451064.70,1203.99,-0.00,0.47,ABORT,saida_eixo,0,0
1788451064.80,1204.09,0.00,0.47,ABORT,saida_eixo,0,0
1788451064.90,1204.19,0.01,0.47,ABORT,saida_eixo,0,0
1788451065.00,1204.29,0.00,0.47,ABORT,saida_eixo,0,0
1788451065.10,1204.39,-0.00,0.47,ABORT,saida_eixo,0,0
1788451065.20,1204.49,0.01,0.47,ABORT,saida_eixo,0,0
1788451065.31,1204.59,0.01,0.47,ABORT,saida_eixo,0,0
1788451065.41,1204.69,0.01,0.47,ABORT,saida_eixo,0,0
1788451065.51,1204.79,-0.00,0.47,ABORT,saida_eixo,0,0
1788451065.61,1204.89,-0.00,0.47,ABORT,saida_eixo,0,0
1788451065.71,1204.99,0.01,0.47,ABORT,saida_eixo,0,0
1788451065.81,1205.09,0.01,0.47,ABORT,saida_eixo,0,0
1788451065.91,1205.19,-0.00,0.47,ABORT,saida_eixo,0,0
1788451066.01,1205.29,0.00,0.47,ABORT,saida_eixo,0,0
1788451066.12,1205.39,0.00,0.47,ABORT,saida_eixo,0,0
1788451066.22,1205.49,0.01,0.47,ABORT,saida_eixo,0,0
1788451066.32,1205.59,-0.00,0.47,ABORT,saida_eixo,0,0
1788451066.42,1205.69,0.01,0.47,ABORT,saida_eixo,0,0
1788451066.52,1205.79,-0.00,0.47,ABORT,saida_eixo,0,0
1788451066.62,1205.89,0.00,0.47,ABORT,saida_eixo,0,0
1788451066.72,1205.99,0.00,0.47,ABORT,saida_eixo,0,0
1788451066.83,1206.09,0.00,0.47,ABORT,saida_eixo,0,0
1788451066.92,1206.19,0.00,0.47,ABORT,saida_eixo,0,0
1788451067.03,1206.29,0.00,0.47,ABORT,saida_eixo,0,0
1788451067.13,1206.39,0.00,0.47,ABORT,saida_eixo,0,0
1788451067.23,1206.49,0.01,0.47,ABORT,saida_eixo,0,0
1788451067.33,1206.59,0.01,0.47,ABORT,saida_eixo,0,0
1788451067.44,1206.69,0.01,0.47,ABORT,saida_eixo,0,0
1788451067.53,1206.79,0.01,0.47,ABORT,saida_eixo,0,0
1788451067.64,1206.89,0.01,0.47,ABORT,saida_eixo,0,0
1788451067.74,1206.99,-0.00,0.47,ABORT,saida_eixo,0,0
1788451067.84,1207.09,0.00,0.47,ABORT,saida_eixo,0,0
1788451067.94,1207.19,0.01,0.47,ABORT,saida_eixo,0,0
1788451068.04,1207.29,0.00,0.47,ABORT,saida_eixo,0,0
1788451068.14,1207.39,0.00,0.47,ABORT,saida_eixo,0,0
1788451068.24,1207.49,0.00,0.47,ABORT,saida_eixo,0,0
1788451068.34,1207.59,-0.00,0.47,ABORT,saida_eixo,0,0
1788451068.44,1207.69,0.00,0.47,ABORT,saida_eixo,0,0
1788451068.54,1207.79,0.01,0.47,ABORT,saida_eixo,0,0
1788451068.65,1207.89,-0.00,0.47,ABORT,saida_eixo,0,0
1788451068.74,1207.99,0.01,0.47,ABORT,saida_eixo,0,0
1788451068.85,1208.09,-0.00,0.47,ABORT,saida_eixo,0,0
1788451068.95,1208.19,0.01,0.47,ABORT,saida_eixo,0,0
1788451069.05,1208.29,0.00,0.47,ABORT,saida_eixo,0,0
1788451069.15,1208.39,0.00,0.47,ABORT,saida_eixo,0,0
1788451069.25,1208.49,0.01,0.47,ABORT,saida_eixo,0,0
1788451069.35,1208.59,0.00,0.47,ABORT,saida_eixo,0,0
1788451069.45,1208.69,0.00,0.47,ABORT,saida_eixo,0,0
1788451069.55,1208.79,0.00,0.47,ABORT,saida_eixo,0,0
1788451069.65,1208.89,0.00,0.47,ABORT,saida_eixo,0,0
1788451069.75,1208.99,0.01,0.47,ABORT,saida_eixo,0,0
1788451069.85,1209.09,0.00,0.47,ABORT,saida_eixo,0,0
1788451069.96,1209.19,0.01,0.47,ABORT,saida_eixo,0,0
1788451070.06,1209.29,-0.00,0.47,ABORT,saida_eixo,0,0
1788451070.16,1209.39,0.00,0.47,ABORT,saida_eixo,0,0
1788451070.26,1209.49,0.00,0.47,ABORT,saida_eixo,0,0
1788451070.36,1209.59,0.01,0.47,ABORT,saida_eixo,0,0
1788451070.46,1209.69,-0.00,0.47,ABORT,saida_eixo,0,0
1788451070.56,1209.79,0.01,0.47,ABORT,saida_eixo,0,0
1788451070.66,1209.89,-0.00,0.47,ABORT,saida_eixo,0,0
1788451070.76,1209.99,0.01,0.47,ABORT,saida_eixo,0,0
1788451070.86,1210.09,0.00,0.47,ABORT,saida_eixo,0,0
1788451070.97,1210.19,-0.00,0.47,ABORT,saida_eixo,0,0
1788451071.07,1210.29,-0.00,0.47,ABORT,saida_eixo,0,0
1788451071.17,1210.39,0.00,0.47,ABORT,saida_eixo,0,0
1788451071.26,1210.49,0.01,0.47,ABORT,saida_eixo,0,0
1788451071.37,1210.59,0.00,0.47,ABORT,saida_eixo,0,0
1788451071.47,1210.69,-0.00,0.47,ABORT,saida_eixo,0,0
1788451071.57,1210.79,-0.00,0.47,ABORT,saida_eixo,0,0
1788451071.67,1210.89,0.01,0.47,ABORT,saida_eixo,0,0
1788451071.77,1210.99,-0.00,0.47,ABORT,saida_eixo,0,0
1788451071.87,1211.09,0.00,0.47,ABORT,saida_eixo,0,0
1788451071.97,1211.19,0.01,0.47,ABORT,saida_eixo,0,0
1788451072.07,1211.29,0.01,0.47,ABORT,saida_eixo,0,0
1788451072.17,1211.39,-0.00,0.47,ABORT,saida_eixo,0,0
1788451072.28,1211.49,0.00,0.47,ABORT,saida_eixo,0,0
1788451072.37,1211.59,-0.00,0.47,ABORT,saida_eixo,0,0
1788451072.48,1211.69,-0.00,0.47,ABORT,saida_eixo,0,0
1788451072.58,1211.79,0.00,0.47,ABORT,saida_eixo,0,0
1788451072.68,1211.89,-0.00,0.47,ABORT,saida_eixo,0,0
1788451072.78,1211.99,0.01,0.47,ABORT,saida_eixo,0,0
1788451072.88,1212.09,0.00,0.47,ABORT,saida_eixo,0,0
1788451072.98,1212.19,0.00,0.47,ABORT,saida_eixo,0,0
1788451073.09,1212.29,-0.00,0.47,ABORT,saida_eixo,0,0
1788451073.19,1212.39,0.00,0.47,ABORT,saida_eixo,0,0
1788451073.29,1212.49,0.01,0.47,ABORT,saida_eixo,0,0
1788451073.39,1212.59,-0.00,0.47,ABORT,saida_eixo,0,0
1788451073.49,1212.69,-0.00,0.47,ABORT,saida_eixo,0,0
1788451073.59,1212.79,0.00,0.47,ABORT,saida_eixo,0,0
1788451073.69,1212.89,0.00,0.47,ABORT,saida_eixo,0,0
1788451073.79,1212.99,0.00,0.47,ABORT,saida_eixo,0,0
1788451073.89,1213.09,0.01,0.47,ABORT,saida_eixo,0,0
1788451073.99,1213.19,-0.00,0.47,ABORT,saida_eixo,0,0
1788451074.09,1213.29,-0.00,0.47,ABORT,saida_eixo,0,0
1788451074.19,1213.39,0.00,0.47,ABORT,saida_eixo,0,0
1788451074.30,1213.49,0.00,0.47,ABORT,saida_eixo,0,0
1788451074.39,1213.59,0.01,0.47,ABORT,saida_eixo,0,0
1788451074.50,1213.69,0.00,0.47,ABORT,saida_eixo,0,0
1788451074.60,1213.79,0.00,0.47,ABORT,saida_eixo,0,0
1788451074.70,1213.89,-0.00,0.47,ABORT,saida_eixo,0,0
1788451074.80,1213.99,-0.00,0.47,ABORT,saida_eixo,0,0
1788451074.90,1214.09,0.01,0.47,ABORT,saida_eixo,0,0
1788451075.00,1214.19,0.01,0.47,ABORT,saida_eixo,0,0
1788451075.10,1214.29,0.00,0.47,ABORT,saida_eixo,0,0
1788451075.20,1214.39,0.00,0.47,ABORT,saida_eixo,0,0
1788451075.31,1214.49,0.00,0.47,ABORT,saida_eixo,0,0
1788451075.41,1214.59,0.01,0.47,ABORT,saida_eixo,0,0
1788451075.51,1214.69,0.00,0.47,ABORT,saida_eixo,0,0
1788451075.61,1214.79,0.01,0.47,ABORT,saida_eixo,0,0
1788451075.71,1214.89,0.01,0.47,ABORT,saida_eixo,0,0
1788451075.81,1214.99,0.00,0.47,ABORT,saida_eixo,0,0
1788451075.91,1215.09,-0.00,0.47,ABORT,saida_eixo,0,0
1788451076.01,1215.19,-0.00,0.47,ABORT,saida_eixo,0,0
1788451076.11,1215.29,0.01,0.47,ABORT,saida_eixo,0,0
1788451076.21,1215.39,0.00,0.47,ABORT,saida_eixo,0,0
1788451076.31,1215.49,0.01,0.47,ABORT,saida_eixo,0,0
1788451076.41,1215.59,0.01,0.47,ABORT,saida_eixo,0,0
1788451076.51,1215.69,0.00,0.47,ABORT,saida_eixo,0,0
1788451076.61,1215.79,0.00,0.47,ABORT,saida_eixo,0,0
1788451076.71,1215.89,0.00,0.47,ABORT,saida_eixo,0,0
1788451076.82,1215.99,0.00,0.47,ABORT,saida_eixo,0,0
1788451076.92,1216.09,-0.00,0.47,ABORT,saida_eixo,0,0
1788451077.02,1216.19,-0.00,0.47,ABORT,saida_eixo,0,0
1788451077.12,1216.29,-0.00,0.47,ABORT,saida_eixo,0,0
1788451077.22,1216.39,-0.00,0.47,ABORT,saida_eixo,0,0
1788451077.32,1216.49,-0.00,0.47,ABORT,saida_eixo,0,0
1788451077.42,1216.59,0.00,0.47,ABORT,saida_eixo,0,0
1788451077.52,1216.69,0.01,0.47,ABORT,saida_eixo,0,0
1788451077.62,1216.79,0.01,0.47,ABORT,saida_eixo,0,0
1788451077.72,1216.89,-0.00,0.47,ABORT,saida_eixo,0,0
1788451077.82,1216.99,0.01,0.47,ABORT,saida_eixo,0,0
1788451077.92,1217.09,-0.00,0.47,ABORT,saida_eixo,0,0
1788451078.02,1217.19,-0.00,0.47,ABORT,saida_eixo,0,0
1788451078.13,1217.29,0.00,0.47,ABORT,saida_eixo,0,0
1788451078.22,1217.39,0.00,0.47,ABORT,saida_eixo,0,0
1788451078.33,1217.49,0.01,0.47,ABORT,saida_eixo,0,0
1788451078.42,1217.59,0.01,0.47,ABORT,saida_eixo,0,0
1788451078.53,1217.69,-0.00,0.47,ABORT,saida_eixo,0,0
1788451078.63,1217.79,0.01,0.47,ABORT,saida_eixo,0,0
1788451078.73,1217.89,-0.00,0.47,ABORT,saida_eixo,0,0
1788451078.83,1217.99,0.01,0.47,ABORT,saida_eixo,0,0
1788451078.93,1218.09,-0.00,0.47,ABORT,saida_eixo,0,0
1788451079.03,1218.19,0.00,0.47,ABORT,saida_eixo,0,0
1788451079.13,1218.29,0.00,0.47,ABORT,saida_eixo,0,0
1788451079.23,1218.39,0.01,0.47,ABORT,saida_eixo,0,0
1788451079.33,1218.49,0.00,0.47,ABORT,saida_eixo,0,0
1788451079.43,1218.59,-0.00,0.47,ABORT,saida_eixo,0,0
1788451079.53,1218.69,0.01,0.47,ABORT,saida_eixo,0,0
1788451079.63,1218.79,0.01,0.47,ABORT,saida_eixo,0,0
1788451079.73,1218.89,0.00,0.47,ABORT,saida_eixo,0,0
1788451079.83,1218.99,0.01,0.47,ABORT,saida_eixo,0,0
1788451079.94,1219.09,0.00,0.47,ABORT,saida_eixo,0,0
1788451080.04,1219.19,-0.00,0.47,ABORT,saida_eixo,0,0
1788451080.13,1219.29,-0.00,0.47,ABORT,saida_eixo,0,0
1788451080.24,1219.39,0.01,0.47,ABORT,saida_eixo,0,0
1788451080.34,1219.49,0.00,0.47,ABORT,saida_eixo,0,0
1788451080.44,1219.59,0.01,0.47,ABORT,saida_eixo,0,0
1788451080.54,1219.69,0.00,0.47,ABORT,saida_eixo,0,0
1788451080.64,1219.79,0.01,0.47,ABORT,saida_eixo,0,0
1788451080.75,1219.89,0.00,0.47,ABORT,saida_eixo,0,0
1788451080.84,1219.99,-0.00,0.47,ABORT,saida_eixo,0,0
1788451080.95,1220.09,-0.00,0.47,ABORT,saida_eixo,0,0
1788451081.04,1220.19,0.01,0.47,ABORT,saida_eixo,0,0
1788451081.15,1220.29,0.00,0.47,ABORT,saida_eixo,0,0
1788451081.24,1220.39,0.01,0.47,ABORT,saida_eixo,0,0
1788451081.35,1220.49,0.01,0.47,ABORT,saida_eixo,0,0
1788451081.45,1220.59,0.00,0.47,ABORT,saida_eixo,0,0
1788451081.55,1220.69,0.00,0.47,ABORT,saida_eixo,0,0
1788451081.65,1220.79,0.00,0.47,ABORT,saida_eixo,0,0
1788451081.75,1220.89,0.01,0.47,ABORT,saida_eixo,0,0
1788451081.85,1220.99,-0.00,0.47,ABORT,saida_eixo,0,0
1788451081.95,1221.09,0.01,0.47,ABORT,saida_eixo,0,0
