wall,sim,lingueta_mm,lamina_deg,estado,fase,armvel_nz,armvel_n
1788473613.55,0.00,0.00,29.14,,,0,0
1788473613.96,1073.61,0.01,29.14,,,0,0
1788473613.97,1073.62,0.00,29.14,,,0,0
1788473614.07,1073.71,-0.01,29.14,,,0,0
1788473614.17,1073.82,0.00,29.14,,,0,0
1788473614.27,1073.92,0.00,29.14,,,0,0
1788473614.37,1074.02,-0.00,29.14,,,0,0
1788473614.47,1074.12,0.00,29.14,,,0,0
1788473614.57,1074.21,0.01,29.14,,,0,0
1788473614.67,1074.31,-0.00,29.14,,,0,0
1788473614.77,1074.41,0.01,29.14,,,0,0
1788473614.87,1074.52,-0.00,0.00,,,0,0
1788473614.97,1074.62,0.01,0.00,,,0,0
1788473615.07,1074.72,0.01,0.00,,,0,0
1788473615.18,1074.82,-0.00,0.00,,,0,0
1788473615.28,1074.92,-0.00,0.00,,,0,0
1788473615.38,1075.02,0.01,0.00,,,0,0
1788473615.48,1075.12,0.01,0.00,,,0,0
1788473615.58,1075.22,-0.00,0.00,,,0,0
1788473615.68,1075.32,0.00,0.00,,,0,0
1788473615.78,1075.42,0.00,0.00,,,0,0
1788473615.88,1075.52,-0.00,0.00,,,0,0
1788473615.98,1075.62,0.00,0.00,,,0,0
1788473616.08,1075.71,0.00,0.00,,,0,0
1788473616.19,1075.82,0.00,0.00,,,0,0
1788473616.29,1075.92,-0.00,0.00,,,0,0
1788473616.39,1076.02,0.01,0.00,,,0,0
1788473616.49,1076.12,0.00,0.00,,,0,0
1788473616.59,1076.22,-0.01,0.00,,,0,0
1788473616.70,1076.32,0.01,0.00,,,0,0
1788473616.80,1076.42,0.00,0.00,,,0,0
1788473616.90,1076.52,0.01,0.00,,,0,0
1788473617.00,1076.62,0.01,0.00,,,0,0
1788473617.10,1076.72,0.01,0.00,,,0,0
1788473617.20,1076.82,0.00,0.00,,,0,0
1788473617.30,1076.92,-0.00,0.00,,,0,0
1788473617.40,1077.02,0.00,0.00,,,0,0
1788473617.50,1077.12,-0.00,0.00,,,0,0
1788473617.61,1077.21,0.00,0.00,,,0,0
1788473617.71,1077.31,-0.00,0.00,,,0,0
1788473617.81,1077.41,0.00,0.00,,,0,0
1788473617.91,1077.51,0.00,0.00,,,0,0
1788473618.01,1077.62,-0.00,0.00,,,0,0
1788473618.11,1077.72,0.00,0.00,,,0,0
1788473618.21,1077.82,0.01,0.00,,,0,0
1788473618.32,1077.92,0.00,0.00,,,0,0
1788473618.42,1078.02,0.00,0.00,,,0,0
1788473618.52,1078.11,0.00,0.00,,,0,0
1788473618.62,1078.22,0.01,0.00,,,0,0
1788473618.73,1078.32,-0.00,0.00,,,0,0
1788473618.83,1078.41,-0.00,0.00,,,0,0
1788473618.93,1078.52,-0.00,0.00,,,0,0
1788473619.03,1078.61,0.00,0.00,,,0,0
1788473619.14,1078.72,0.01,0.00,,,0,0
1788473619.24,1078.82,0.01,0.00,,,0,0
1788473619.34,1078.92,0.00,0.00,,,0,0
1788473619.44,1079.02,0.00,0.00,,,0,0
1788473619.54,1079.12,0.01,0.00,,,0,0
1788473619.64,1079.21,0.00,0.00,,,0,0
1788473619.74,1079.32,0.01,0.00,,,0,0
1788473619.84,1079.41,0.00,0.00,,,0,0
1788473619.94,1079.52,0.00,0.00,,,0,0
1788473620.04,1079.62,0.00,0.00,,,0,0
1788473620.15,1079.72,-0.00,0.00,,,0,0
1788473620.25,1079.82,-0.00,0.00,,,0,0
1788473620.35,1079.92,0.01,0.00,,,0,0
1788473620.45,1080.02,-0.00,0.00,,,0,0
1788473620.56,1080.12,-0.00,0.00,,,0,0
1788473620.66,1080.22,0.01,0.00,,,0,0
1788473620.76,1080.32,0.01,0.00,,,0,0
1788473620.87,1080.42,0.00,0.00,,,0,0
1788473620.97,1080.52,-0.01,0.00,,,0,0
1788473621.07,1080.62,-0.00,0.00,,,0,0
1788473621.17,1080.72,0.00,0.00,,,0,0
1788473621.28,1080.82,0.01,0.00,,,0,0
1788473621.38,1080.92,0.00,0.00,,,0,0
1788473621.48,1081.02,-0.00,0.00,,,0,0
1788473621.58,1081.12,0.01,0.00,,,0,0
1788473621.68,1081.22,0.01,0.00,,,0,0
1788473621.78,1081.32,-0.00,0.00,,,0,0
1788473621.88,1081.42,0.00,0.00,,,0,0
1788473621.98,1081.52,-0.00,0.00,,,0,0
1788473622.09,1081.62,-0.00,0.00,,,0,0
1788473622.19,1081.72,-0.00,0.00,,,0,0
1788473622.29,1081.82,-0.00,0.00,,,0,0
1788473622.39,1081.92,-0.00,0.00,,,0,0
1788473622.49,1082.01,0.00,0.00,,,0,0
1788473622.60,1082.12,0.01,0.00,,,0,0
1788473622.69,1082.21,0.01,0.00,,,0,0
1788473622.82,1082.32,-0.00,0.00,,,0,0
1788473622.91,1082.41,0.00,0.00,,,0,0
1788473623.01,1082.51,-0.00,0.00,,,0,0
1788473623.11,1082.61,0.00,0.00,,,0,0
1788473623.22,1082.72,0.01,0.00,,,0,0
1788473623.32,1082.81,0.01,0.00,,,0,0
1788473623.41,1082.91,-0.01,0.00,,,0,0
1788473623.51,1083.01,-0.00,0.00,,,0,0
1788473623.61,1083.11,0.01,0.00,,,0,0
1788473623.74,1083.21,-0.00,0.00,STOW_INIT,,0,0
1788473623.83,1083.32,0.01,0.00,STOW_INIT,,0,1
1788473623.94,1083.42,0.01,0.00,STOW_INIT,,0,0
1788473624.04,1083.52,0.01,0.00,STOW_INIT,,0,0
1788473624.14,1083.62,0.01,0.00,SEARCH,,0,0
1788473624.24,1083.72,0.00,0.00,SEARCH,,0,0
1788473624.34,1083.81,0.00,0.00,SEARCH,,0,0
1788473624.44,1083.91,-0.00,0.00,SEARCH,,0,0
1788473624.54,1084.02,-0.00,0.00,SEARCH,,0,0
1788473624.64,1084.11,0.00,0.00,SEARCH,,0,0
1788473624.75,1084.22,-0.00,0.00,SEARCH,,0,0
1788473624.85,1084.32,0.00,0.00,SEARCH,,0,0
1788473624.95,1084.41,0.01,0.00,SEARCH,,0,0
1788473625.05,1084.52,0.01,0.00,SEARCH,,0,0
1788473625.15,1084.62,0.01,0.00,SEARCH,,0,0
1788473625.26,1084.72,-0.00,0.00,SEARCH,,0,0
1788473625.36,1084.82,0.00,0.00,SEARCH,,0,0
1788473625.46,1084.91,0.01,0.00,SEARCH,,0,0
1788473625.56,1085.02,0.01,0.00,SEARCH,,0,0
1788473625.66,1085.12,0.01,0.00,SEARCH,,0,0
1788473625.76,1085.22,-0.00,0.00,SEARCH,,0,0
1788473625.87,1085.32,-0.00,0.00,SEARCH,,0,0
1788473625.97,1085.42,0.01,0.00,SEARCH,,0,0
1788473626.07,1085.51,0.01,0.00,SEARCH,,0,0
1788473626.17,1085.62,-0.00,0.00,SEARCH,,0,0
1788473626.27,1085.71,0.00,0.00,SEARCH,,0,0
1788473626.37,1085.82,0.01,0.00,SEARCH,,0,0
1788473626.47,1085.92,-0.00,0.00,SEARCH,,0,0
1788473626.57,1086.02,0.01,0.00,SEARCH,,0,0
1788473626.67,1086.12,-0.01,0.00,SEARCH,,0,0
1788473626.77,1086.22,0.00,0.00,SEARCH,,0,0
1788473626.88,1086.32,0.00,0.00,SEARCH,,0,0
1788473626.98,1086.42,0.00,0.00,SEARCH,,0,0
1788473627.08,1086.52,-0.00,0.00,SEARCH,,0,0
1788473627.18,1086.62,0.00,0.00,SEARCH,,0,0
1788473627.29,1086.72,0.01,0.00,SEARCH,,0,0
1788473627.38,1086.81,0.01,0.00,SEARCH,,0,0
1788473627.49,1086.91,0.00,0.00,SEARCH,,0,0
1788473627.59,1087.01,0.00,0.00,SEARCH,,0,0
1788473627.69,1087.11,0.00,0.00,SEARCH,,0,0
1788473627.79,1087.22,-0.00,0.00,SEARCH,,0,0
1788473627.90,1087.32,0.01,0.00,SEARCH,,0,0
1788473627.99,1087.42,0.00,0.00,SEARCH,,0,0
1788473628.10,1087.52,0.00,0.00,SEARCH,,0,0
1788473628.20,1087.62,0.00,0.00,SEARCH,,0,0
1788473628.30,1087.72,0.01,0.00,SEARCH,,0,0
1788473628.41,1087.82,-0.00,0.00,SEARCH,,0,0
1788473628.51,1087.92,-0.00,0.00,SEARCH,,0,0
1788473628.61,1088.02,-0.00,0.00,SEARCH,,0,0
1788473628.71,1088.12,-0.00,0.00,SEARCH,,0,0
1788473628.81,1088.22,0.01,0.00,SEARCH,,0,0
1788473628.92,1088.32,0.01,0.00,SEARCH,,0,0
1788473629.02,1088.41,0.00,0.00,SEARCH,,0,0
1788473629.13,1088.52,-0.00,0.00,SEARCH,,0,0
1788473629.23,1088.62,-0.00,0.00,SEARCH,,0,0
1788473629.33,1088.72,-0.00,0.00,SEARCH,,0,0
1788473629.43,1088.82,-0.00,0.00,SEARCH,,0,0
1788473629.53,1088.92,0.00,0.00,SEARCH,,0,0
1788473629.63,1089.01,0.01,0.00,SEARCH,,0,0
1788473629.73,1089.12,0.00,0.00,SEARCH,,0,0
1788473629.83,1089.21,0.01,0.00,SEARCH,,0,0
1788473629.94,1089.32,0.01,0.00,SEARCH,,0,0
1788473630.04,1089.42,0.00,0.00,SEARCH,,0,0
1788473630.14,1089.52,0.00,0.00,SEARCH,,0,0
1788473630.24,1089.62,-0.00,0.00,SEARCH,,0,0
1788473630.35,1089.72,0.01,0.00,SEARCH,,0,0
1788473630.45,1089.82,0.01,0.00,SEARCH,,0,0
1788473630.55,1089.92,0.00,0.00,SEARCH,,0,0
1788473630.65,1090.02,-0.00,0.00,SEARCH,,0,0
1788473630.76,1090.12,-0.00,0.00,SEARCH,,0,0
1788473630.86,1090.22,-0.00,0.00,SEARCH,,0,0
1788473630.96,1090.32,-0.01,0.00,SEARCH,,0,0
1788473631.06,1090.42,0.00,0.00,SEARCH,,0,0
1788473631.16,1090.52,-0.00,0.00,SEARCH,,0,0
1788473631.26,1090.61,0.01,0.00,SEARCH,,0,0
1788473631.36,1090.72,0.01,0.00,SEARCH,,0,0
1788473631.46,1090.82,0.00,0.00,SEARCH,,0,0
1788473631.57,1090.92,0.00,0.00,SEARCH,,0,0
1788473631.67,1091.01,0.01,0.00,SEARCH,,0,0
1788473631.77,1091.12,0.00,0.00,SEARCH,,0,0
1788473631.87,1091.22,-0.00,0.00,SEARCH,,0,0
1788473631.98,1091.32,-0.00,0.00,SEARCH,,0,0
1788473632.08,1091.42,-0.00,0.00,SEARCH,,0,0
1788473632.18,1091.51,-0.01,0.00,SEARCH,,0,0
1788473632.28,1091.62,-0.00,0.00,SEARCH,,0,0
1788473632.39,1091.72,0.01,0.00,SEARCH,,0,0
1788473632.49,1091.82,0.00,0.00,SEARCH,,0,0
1788473632.60,1091.92,0.00,0.00,SEARCH,,0,0
1788473632.70,1092.02,-0.00,0.00,SEARCH,,0,0
1788473632.79,1092.11,0.01,0.00,SEARCH,,0,0
1788473632.90,1092.21,-0.00,0.00,SEARCH,,0,0
1788473633.00,1092.32,0.00,0.00,SEARCH,,0,0
1788473633.10,1092.42,-0.00,0.00,SEARCH,,0,0
1788473633.20,1092.52,0.01,0.00,SEARCH,,0,0
1788473633.31,1092.62,0.01,0.00,SEARCH,,0,0
1788473633.41,1092.72,0.00,0.00,SEARCH,,0,0
1788473633.51,1092.82,-0.00,0.00,SEARCH,,0,0
1788473633.61,1092.91,0.01,0.00,SEARCH,,0,0
1788473633.72,1093.02,-0.00,0.00,SEARCH,,0,0
1788473633.81,1093.11,-0.00,0.00,SEARCH,,0,0
1788473633.92,1093.21,-0.00,0.00,SEARCH,,0,0
1788473634.02,1093.32,0.00,0.00,SEARCH,,0,0
1788473634.12,1093.42,0.00,0.00,SEARCH,,0,0
1788473634.22,1093.51,-0.00,0.00,SEARCH,,0,0
1788473634.32,1093.62,0.00,0.00,SEARCH,,0,0
1788473634.42,1093.71,0.01,0.00,SEARCH,,0,0
1788473634.52,1093.82,0.00,0.00,SEARCH,,0,0
1788473634.62,1093.91,0.01,0.00,SEARCH,,0,0
1788473634.72,1094.02,0.01,0.00,SEARCH,,0,0
1788473634.83,1094.12,-0.00,0.00,SEARCH,,0,0
1788473634.93,1094.22,-0.00,0.00,SEARCH,,0,0
1788473635.03,1094.32,0.01,0.00,SEARCH,,0,0
1788473635.13,1094.41,0.00,0.00,SEARCH,,0,0
1788473635.23,1094.52,0.00,0.00,SEARCH,,0,0
1788473635.34,1094.62,0.01,0.00,SEARCH,,0,0
1788473635.43,1094.72,0.01,0.00,SEARCH,,0,0
1788473635.54,1094.82,0.00,0.00,SEARCH,,0,0
1788473635.64,1094.92,0.01,0.00,SEARCH,,0,0
1788473635.74,1095.02,0.01,0.00,SEARCH,,0,0
1788473635.84,1095.12,0.01,0.00,SEARCH,,0,0
1788473635.95,1095.22,-0.00,0.00,SEARCH,,0,0
1788473636.06,1095.32,0.01,0.00,SEARCH,,0,0
1788473636.15,1095.42,0.01,0.00,SEARCH,,0,0
1788473636.26,1095.52,0.01,0.00,SEARCH,,0,0
1788473636.36,1095.62,0.00,0.00,SEARCH,,0,0
1788473636.46,1095.72,-0.01,0.00,SEARCH,,0,0
1788473636.56,1095.82,0.00,0.00,SEARCH,,0,0
1788473636.66,1095.92,-0.00,0.00,SEARCH,,0,0
1788473636.76,1096.01,-0.00,0.00,SEARCH,,0,0
1788473636.86,1096.12,0.01,0.00,SEARCH,,0,0
1788473636.96,1096.22,0.00,0.00,SEARCH,,0,0
1788473637.06,1096.32,0.01,0.00,SEARCH,,0,0
1788473637.16,1096.42,-0.00,0.00,SEARCH,,0,0
1788473637.26,1096.52,0.00,0.00,SEARCH,,0,0
1788473637.37,1096.62,0.00,0.00,SEARCH,,0,0
1788473637.47,1096.72,0.01,0.00,SEARCH,,0,0
1788473637.57,1096.82,0.00,0.00,SEARCH,,0,0
1788473637.67,1096.92,0.00,0.00,SEARCH,,0,0
1788473637.77,1097.02,0.00,0.00,SEARCH,,0,0
1788473637.87,1097.12,0.00,0.00,SEARCH,,0,0
1788473637.97,1097.21,-0.00,0.00,SEARCH,,0,0
1788473638.07,1097.32,0.00,0.00,SEARCH,,0,0
1788473638.18,1097.42,0.01,0.00,SEARCH,,0,0
1788473638.28,1097.52,-0.00,0.00,SEARCH,,0,0
1788473638.38,1097.62,-0.00,0.00,SEARCH,,0,0
1788473638.48,1097.72,0.00,0.00,SEARCH,,0,0
1788473638.59,1097.82,-0.00,0.00,SEARCH,,0,0
1788473638.69,1097.92,-0.00,0.00,SEARCH,,0,0
1788473638.79,1098.02,-0.01,0.00,SEARCH,,0,0
1788473638.89,1098.12,0.01,0.00,SEARCH,,0,0
1788473639.00,1098.22,-0.00,0.00,SEARCH,,0,0
1788473639.10,1098.32,-0.00,0.00,SEARCH,,0,0
1788473639.20,1098.42,0.01,0.00,SEARCH,,0,0
1788473639.30,1098.52,-0.00,0.00,SEARCH,,0,0
1788473639.40,1098.62,0.00,0.00,SEARCH,,0,0
1788473639.50,1098.72,0.01,0.00,SEARCH,,0,0
1788473639.60,1098.82,0.00,0.00,SEARCH,,0,0
1788473639.71,1098.92,0.01,0.00,SEARCH,,0,0
1788473639.81,1099.01,0.00,0.00,SEARCH,,0,0
1788473639.91,1099.12,0.00,0.00,SEARCH,,0,0
1788473640.02,1099.22,-0.00,0.00,SEARCH,,0,0
1788473640.12,1099.32,0.01,0.00,SEARCH,,0,0
1788473640.22,1099.42,0.01,0.00,SEARCH,,0,0
1788473640.33,1099.52,0.00,0.00,SEARCH,,0,0
1788473640.43,1099.62,0.01,0.00,SEARCH,,0,0
1788473640.53,1099.72,-0.00,0.00,SEARCH,,0,0
1788473640.63,1099.82,-0.00,0.00,SEARCH,,0,0
1788473640.74,1099.92,0.01,0.00,SEARCH,,0,0
1788473640.84,1100.02,0.00,0.00,SEARCH,,0,0
1788473640.94,1100.12,-0.00,0.00,SEARCH,,0,0
1788473641.04,1100.22,0.01,0.00,SEARCH,,0,0
1788473641.14,1100.32,-0.00,0.00,SEARCH,,0,0
1788473641.24,1100.41,0.00,0.00,SEARCH,,0,0
1788473641.34,1100.52,0.00,0.00,SEARCH,,0,0
1788473641.44,1100.62,0.01,0.00,SEARCH,,0,0
1788473641.54,1100.71,-0.00,0.00,SEARCH,,0,0
1788473641.64,1100.82,0.00,0.00,SEARCH,,0,0
1788473641.74,1100.92,0.01,0.00,SEARCH,,0,0
1788473641.85,1101.02,0.00,0.00,SEARCH,,0,0
1788473641.95,1101.12,0.01,0.00,SEARCH,,0,0
1788473642.05,1101.22,0.00,0.00,SEARCH,,0,0
1788473642.15,1101.32,-0.00,0.00,SEARCH,,0,0
1788473642.26,1101.42,0.00,0.00,SEARCH,,0,0
1788473642.36,1101.52,0.00,0.00,SEARCH,,0,0
1788473642.46,1101.62,0.00,0.00,SEARCH,,0,0
1788473642.56,1101.72,-0.00,0.00,SEARCH,,0,0
1788473642.67,1101.82,0.00,0.00,SEARCH,,0,0
1788473642.77,1101.92,0.01,0.00,SEARCH,,0,0
1788473642.87,1102.02,-0.01,0.00,SEARCH,,0,0
1788473642.97,1102.12,0.01,0.00,SEARCH,,0,0
1788473643.07,1102.21,0.01,0.00,SEARCH,,0,0
1788473643.17,1102.32,0.00,0.00,SEARCH,,0,0
1788473643.27,1102.41,0.00,0.00,SEARCH,,0,0
1788473643.37,1102.52,0.01,0.00,SEARCH,,0,0
1788473643.47,1102.62,-0.00,0.00,SEARCH,,0,0
1788473643.58,1102.72,-0.00,0.00,SEARCH,,0,0
1788473643.68,1102.82,-0.00,0.00,SEARCH,,0,0
1788473643.78,1102.92,0.00,0.00,SEARCH,,0,0
1788473643.88,1103.02,0.00,0.00,SEARCH,,0,0
1788473643.98,1103.12,-0.00,0.00,SEARCH,,0,0
1788473644.09,1103.22,-0.00,0.00,SEARCH,,0,0
1788473644.19,1103.32,0.01,0.00,SEARCH,,0,0
1788473644.29,1103.42,0.01,0.00,SEARCH,,0,0
1788473644.39,1103.52,-0.00,0.00,SEARCH,,0,0
1788473644.49,1103.62,-0.00,0.00,SEARCH,,0,0
1788473644.60,1103.72,0.01,0.00,SEARCH,,0,0
1788473644.70,1103.82,-0.00,0.00,SEARCH,,0,0
1788473644.80,1103.91,0.00,0.00,SEARCH,,0,0
1788473644.90,1104.02,0.00,0.00,SEARCH,,0,0
1788473645.00,1104.12,-0.00,0.00,SEARCH,,0,0
1788473645.10,1104.22,-0.00,0.00,SEARCH,,0,0
1788473645.21,1104.32,0.01,0.00,SEARCH,,0,0
1788473645.31,1104.41,0.00,0.00,SEARCH,,0,0
1788473645.41,1104.51,0.01,0.00,SEARCH,,0,0
1788473645.51,1104.61,0.01,0.00,SEARCH,,0,0
1788473645.61,1104.71,-0.00,0.00,SEARCH,,0,0
1788473645.71,1104.82,0.00,0.00,SEARCH,,0,0
1788473645.81,1104.92,0.00,0.00,SEARCH,,0,0
1788473645.91,1105.02,0.00,0.00,SEARCH,,0,0
1788473646.02,1105.12,0.01,0.00,APPROACH,,0,0
1788473646.12,1105.21,0.01,0.00,APPROACH,,0,0
1788473646.22,1105.32,0.00,0.00,APPROACH,,0,0
1788473646.32,1105.41,0.01,0.00,APPROACH,,0,0
1788473646.42,1105.52,0.01,0.00,APPROACH,,0,0
1788473646.52,1105.62,-0.00,0.00,APPROACH,,0,0
1788473646.62,1105.71,0.01,0.00,APPROACH,,0,0
1788473646.72,1105.82,0.01,0.00,APPROACH,,0,0
1788473646.82,1105.91,0.00,0.00,APPROACH,,0,0
1788473646.92,1106.02,0.00,0.00,APPROACH,,0,0
1788473647.02,1106.12,-0.00,0.00,APPROACH,,0,0
1788473647.12,1106.22,0.00,0.00,APPROACH,,0,0
1788473647.22,1106.32,-0.00,0.00,APPROACH,,0,0
1788473647.33,1106.42,0.00,0.00,APPROACH,,0,0
1788473647.43,1106.52,0.00,0.00,APPROACH,,0,0
1788473647.53,1106.62,0.00,0.00,APPROACH,,0,0
1788473647.64,1106.72,0.00,0.00,APPROACH,,0,0
1788473647.74,1106.82,0.00,0.00,APPROACH,,0,0
1788473647.84,1106.92,-0.00,0.00,APPROACH,,0,0
1788473647.94,1107.02,0.00,0.00,APPROACH,,0,0
1788473648.04,1107.12,0.01,0.00,APPROACH,,0,0
1788473648.14,1107.22,0.00,0.00,APPROACH,,0,0
1788473648.25,1107.32,-0.00,0.00,APPROACH,,0,0
1788473648.35,1107.41,0.00,0.00,APPROACH,,0,0
1788473648.45,1107.52,0.01,0.00,APPROACH,,0,0
1788473648.55,1107.62,-0.00,0.00,APPROACH,,0,0
1788473648.65,1107.72,0.01,0.00,APPROACH,,0,0
1788473648.76,1107.82,0.01,0.00,APPROACH,,0,0
1788473648.86,1107.92,0.00,0.00,APPROACH,,0,0
1788473648.96,1108.02,-0.00,0.00,APPROACH,,0,0
1788473649.06,1108.12,0.00,0.00,APPROACH,,0,0
1788473649.17,1108.22,-0.00,0.00,APPROACH,,0,0
1788473649.27,1108.32,0.01,0.00,APPROACH,,0,0
1788473649.37,1108.41,-0.00,0.00,APPROACH,,0,0
1788473649.47,1108.52,-0.00,0.00,APPROACH,,0,0
1788473649.57,1108.62,0.01,0.00,APPROACH,,0,0
1788473649.67,1108.72,0.00,0.00,APPROACH,,0,0
1788473649.77,1108.81,-0.00,0.00,APPROACH,,0,0
1788473649.87,1108.92,0.00,0.00,APPROACH,,0,0
1788473649.97,1109.02,0.01,0.00,APPROACH,,0,0
1788473650.07,1109.12,0.00,0.00,APPROACH,,0,0
1788473650.17,1109.22,0.00,0.00,APPROACH,,0,0
1788473650.27,1109.32,0.01,0.00,APPROACH,,0,0
1788473650.38,1109.42,-0.00,0.00,APPROACH,,0,0
1788473650.48,1109.52,-0.00,0.00,APPROACH,,0,0
1788473650.59,1109.62,0.00,0.00,APPROACH,,0,0
1788473650.69,1109.72,-0.00,0.00,APPROACH,,0,0
1788473650.79,1109.82,0.00,0.00,APPROACH,,0,0
1788473650.89,1109.91,0.01,0.00,APPROACH,,0,0
1788473650.99,1110.02,0.01,0.00,APPROACH,,0,0
1788473651.10,1110.12,0.01,0.00,APPROACH,,0,0
1788473651.20,1110.22,0.00,0.00,APPROACH,,0,0
1788473651.30,1110.32,0.01,0.00,APPROACH,,0,0
1788473651.40,1110.41,0.00,0.00,APPROACH,,0,0
1788473651.50,1110.52,0.00,0.00,APPROACH,,0,0
1788473651.61,1110.62,0.01,0.00,APPROACH,,0,0
1788473651.71,1110.72,-0.00,0.00,APPROACH,,0,0
1788473651.81,1110.82,-0.00,0.00,APPROACH,,0,0
1788473651.91,1110.92,0.00,0.00,APPROACH,,0,0
1788473652.01,1111.02,0.01,0.00,APPROACH,,0,0
1788473652.11,1111.12,-0.00,0.00,APPROACH,,0,0
1788473652.21,1111.22,0.00,0.00,APPROACH,,0,0
1788473652.32,1111.32,0.01,0.00,APPROACH,,0,0
1788473652.42,1111.42,0.01,0.00,APPROACH,,0,0
1788473652.52,1111.52,0.00,0.00,APPROACH,,0,0
1788473652.62,1111.62,-0.00,0.00,APPROACH,,0,0
1788473652.73,1111.72,-0.00,0.00,APPROACH,,0,0
1788473652.83,1111.82,0.00,0.00,APPROACH,,0,0
1788473652.93,1111.92,0.01,0.00,APPROACH,,0,0
1788473653.03,1112.02,0.00,0.00,APPROACH,,0,0
1788473653.14,1112.12,0.00,0.00,APPROACH,,0,0
1788473653.24,1112.22,0.01,0.00,APPROACH,,0,0
1788473653.34,1112.32,0.01,0.00,APPROACH,,0,0
1788473653.44,1112.42,-0.00,0.00,APPROACH,,0,0
1788473653.54,1112.52,0.00,0.00,APPROACH,,0,0
1788473653.65,1112.62,0.00,0.00,APPROACH,,0,0
1788473653.74,1112.72,-0.00,0.00,APPROACH,,0,0
1788473653.85,1112.82,-0.00,0.00,APPROACH,,0,0
1788473653.95,1112.92,0.00,0.00,APPROACH,,0,0
1788473654.05,1113.02,-0.00,0.00,APPROACH,,0,0
1788473654.15,1113.12,-0.00,0.00,APPROACH,,0,0
1788473654.25,1113.21,0.01,0.00,APPROACH,,0,0
1788473654.35,1113.32,0.01,0.00,APPROACH,,0,0
1788473654.45,1113.41,0.01,0.00,APPROACH,,0,0
1788473654.56,1113.52,0.00,0.00,APPROACH,,0,0
1788473654.66,1113.61,-0.00,0.00,APPROACH,,0,0
1788473654.76,1113.72,0.00,0.00,APPROACH,,0,0
1788473654.86,1113.82,-0.00,0.00,APPROACH,,0,0
1788473654.96,1113.92,0.00,0.00,APPROACH,,0,0
1788473655.06,1114.02,-0.00,0.00,APPROACH,,0,0
1788473655.16,1114.12,0.00,0.00,APPROACH,,0,0
1788473655.27,1114.22,-0.00,0.00,APPROACH,,0,0
1788473655.37,1114.32,0.00,0.00,APPROACH,,0,0
1788473655.47,1114.42,0.00,0.00,APPROACH,,0,0
1788473655.57,1114.52,0.00,0.00,APPROACH,,0,0
1788473655.68,1114.62,0.00,0.00,APPROACH,,0,0
1788473655.78,1114.72,0.01,0.00,APPROACH,,0,0
1788473655.88,1114.82,0.00,0.00,APPROACH,,0,0
1788473655.98,1114.92,0.00,0.00,APPROACH,,0,0
1788473656.09,1115.02,0.00,0.00,APPROACH,,0,0
1788473656.19,1115.12,-0.00,0.00,APPROACH,,0,0
1788473656.29,1115.22,0.00,0.00,APPROACH,,0,0
1788473656.40,1115.32,0.01,0.00,APPROACH,,0,0
1788473656.50,1115.42,0.00,0.00,APPROACH,,0,0
1788473656.60,1115.52,0.01,0.00,APPROACH,,0,0
1788473656.70,1115.62,0.01,0.00,APPROACH,,0,0
1788473656.80,1115.72,0.01,0.00,APPROACH,,0,0
1788473656.91,1115.82,-0.00,0.00,APPROACH,,0,0
1788473657.01,1115.92,0.00,0.00,APPROACH,,0,0
1788473657.11,1116.02,-0.00,0.00,APPROACH,,0,0
1788473657.21,1116.12,0.01,0.00,APPROACH,,0,0
1788473657.31,1116.22,0.01,0.00,APPROACH,,0,0
1788473657.41,1116.32,0.00,0.00,APPROACH,,0,0
1788473657.51,1116.42,-0.00,0.00,APPROACH,,0,0
1788473657.62,1116.52,0.01,0.00,APPROACH,,0,0
1788473657.72,1116.62,0.01,0.00,APPROACH,,0,0
1788473657.82,1116.72,-0.00,0.00,APPROACH,,0,0
1788473657.92,1116.82,0.00,0.00,APPROACH,,0,0
1788473658.02,1116.92,0.01,0.00,APPROACH,,0,0
1788473658.12,1117.02,-0.00,0.00,APPROACH,,0,0
1788473658.22,1117.12,0.01,0.00,APPROACH,,0,0
1788473658.33,1117.22,-0.00,0.00,APPROACH,,0,0
1788473658.43,1117.32,0.00,0.00,APPROACH,,0,0
1788473658.53,1117.42,0.00,0.00,APPROACH,,0,0
1788473658.63,1117.52,0.01,0.00,APPROACH,,0,0
1788473658.73,1117.62,0.01,0.00,APPROACH,,0,0
1788473658.83,1117.72,0.00,0.00,APPROACH,,0,0
1788473658.93,1117.81,0.01,0.00,APPROACH,,0,0
1788473659.03,1117.92,0.01,0.00,APPROACH,,0,0
1788473659.14,1118.02,0.00,0.00,APPROACH,,0,0
1788473659.24,1118.12,0.01,0.00,APPROACH,,0,0
1788473659.34,1118.22,-0.00,0.00,APPROACH,,0,0
1788473659.44,1118.32,-0.00,0.00,APPROACH,,0,0
1788473659.54,1118.42,0.00,0.00,APPROACH,,0,0
1788473659.65,1118.52,-0.00,0.00,APPROACH,,0,0
1788473659.74,1118.62,0.00,0.00,APPROACH,,0,0
1788473659.85,1118.72,0.00,0.00,APPROACH,,0,0
1788473659.95,1118.82,0.01,0.00,APPROACH,,0,0
1788473660.05,1118.92,-0.00,0.00,APPROACH,,0,0
1788473660.15,1119.02,-0.00,0.00,APPROACH,,0,0
1788473660.25,1119.12,-0.00,0.00,APPROACH,,0,0
1788473660.35,1119.22,-0.00,0.00,APPROACH,,0,0
1788473660.45,1119.32,0.01,0.00,APPROACH,,0,0
1788473660.55,1119.41,0.01,0.00,APPROACH,,0,0
1788473660.65,1119.52,0.00,0.00,APPROACH,,0,0
1788473660.75,1119.62,-0.00,0.00,APPROACH,,0,0
1788473660.86,1119.72,-0.00,0.00,APPROACH,,0,0
1788473660.96,1119.82,-0.00,0.00,APPROACH,,0,0
1788473661.06,1119.92,-0.00,0.00,APPROACH,,0,0
1788473661.16,1120.02,0.01,0.00,APPROACH,,0,0
1788473661.26,1120.12,0.01,0.00,APPROACH,,0,0
1788473661.36,1120.22,0.00,0.00,APPROACH,,0,0
1788473661.47,1120.32,0.01,0.00,APPROACH,,0,0
1788473661.57,1120.42,0.01,0.00,APPROACH,,0,0
1788473661.67,1120.52,0.00,0.00,APPROACH,,0,0
1788473661.77,1120.62,0.01,0.00,APPROACH,,0,0
1788473661.87,1120.72,-0.00,0.00,APPROACH,,0,0
1788473661.97,1120.82,0.00,0.00,APPROACH,,0,0
1788473662.08,1120.92,0.01,0.00,APPROACH,,0,0
1788473662.18,1121.02,0.00,0.00,APPROACH,,0,0
1788473662.28,1121.12,0.01,0.00,APPROACH,,0,0
1788473662.39,1121.22,-0.00,0.00,APPROACH,,0,0
1788473662.49,1121.32,-0.00,0.00,APPROACH,,0,0
1788473662.59,1121.42,-0.00,0.00,APPROACH,,0,0
1788473662.69,1121.52,-0.00,0.00,APPROACH,,0,0
1788473662.80,1121.62,0.01,0.00,APPROACH,,0,0
1788473662.90,1121.72,0.01,0.00,APPROACH,,0,0
1788473663.00,1121.82,0.01,0.00,APPROACH,,0,0
1788473663.10,1121.92,0.00,0.00,APPROACH,,0,0
1788473663.20,1122.02,0.00,0.00,APPROACH,,0,0
1788473663.31,1122.12,0.00,0.00,APPROACH,,0,0
1788473663.41,1122.22,0.01,0.00,APPROACH,,0,0
1788473663.51,1122.32,-0.00,0.00,APPROACH,,0,0
1788473663.61,1122.42,0.00,0.00,APPROACH,,0,0
1788473663.72,1122.52,-0.00,0.00,APPROACH,,0,0
1788473663.82,1122.62,-0.00,0.00,APPROACH,,0,0
1788473663.92,1122.71,0.01,0.00,APPROACH,,0,0
1788473664.02,1122.82,-0.00,0.00,APPROACH,,0,0
1788473664.12,1122.91,0.00,0.00,APPROACH,,0,0
1788473664.22,1123.02,0.00,0.00,APPROACH,,0,0
1788473664.32,1123.12,0.00,0.00,APPROACH,,0,0
1788473664.42,1123.22,0.01,0.00,APPROACH,,0,0
1788473664.52,1123.32,-0.00,0.00,APPROACH,,0,0
1788473664.62,1123.42,0.01,0.00,APPROACH,,0,0
1788473664.73,1123.52,-0.00,0.00,APPROACH,,0,0
1788473664.83,1123.62,0.01,0.00,APPROACH,,0,0
1788473664.93,1123.72,0.00,0.00,APPROACH,,0,0
1788473665.03,1123.82,-0.00,0.00,APPROACH,,0,0
1788473665.13,1123.92,-0.00,0.00,APPROACH,,0,0
1788473665.24,1124.02,0.00,0.00,APPROACH,,0,0
1788473665.34,1124.12,-0.00,0.00,APPROACH,,0,0
1788473665.44,1124.22,0.00,0.00,APPROACH,,0,0
1788473665.55,1124.32,0.00,0.00,APPROACH,,0,0
1788473665.65,1124.42,0.01,0.00,APPROACH,,0,0
1788473665.75,1124.52,0.00,0.00,APPROACH,,0,0
1788473665.85,1124.62,-0.00,0.00,APPROACH,,0,0
1788473665.95,1124.72,-0.00,0.00,APPROACH,,0,0
1788473666.06,1124.82,0.01,0.00,APPROACH,,0,0
1788473666.16,1124.92,0.00,0.00,APPROACH,,0,0
1788473666.26,1125.02,0.01,0.00,APPROACH,,0,0
1788473666.36,1125.12,0.01,0.00,APPROACH,,0,0
1788473666.46,1125.22,-0.00,0.00,APPROACH,,0,0
1788473666.57,1125.32,-0.00,0.00,APPROACH,,0,0
1788473666.67,1125.42,-0.00,0.00,APPROACH,,0,0
1788473666.77,1125.52,0.00,0.00,APPROACH,,0,0
1788473666.87,1125.62,0.00,0.00,APPROACH,,0,0
1788473666.97,1125.72,0.00,0.00,APPROACH,,0,0
1788473667.07,1125.82,0.01,0.00,APPROACH,,0,0
1788473667.18,1125.92,0.00,0.00,APPROACH,,0,0
1788473667.28,1126.02,0.01,0.00,APPROACH,,0,0
1788473667.38,1126.12,0.00,0.00,APPROACH,,0,0
1788473667.48,1126.22,0.00,0.00,APPROACH,,0,0
1788473667.58,1126.32,0.00,0.00,APPROACH,,0,0
1788473667.68,1126.42,0.01,0.00,APPROACH,,0,0
1788473667.78,1126.52,0.01,0.00,APPROACH,,0,0
1788473667.88,1126.62,0.01,0.00,APPROACH,,0,0
1788473667.98,1126.72,-0.00,0.00,APPROACH,,0,0
1788473668.09,1126.82,-0.00,0.00,APPROACH,,0,0
1788473668.19,1126.91,-0.00,0.00,APPROACH,,0,0
1788473668.29,1127.02,0.00,0.00,APPROACH,,0,0
1788473668.39,1127.12,-0.00,0.00,APPROACH,,0,0
1788473668.49,1127.22,0.01,0.00,APPROACH,,0,0
1788473668.59,1127.32,0.01,0.00,APPROACH,,0,0
1788473668.69,1127.42,-0.00,0.00,APPROACH,,0,0
1788473668.79,1127.52,-0.00,0.00,APPROACH,,0,0
1788473668.89,1127.62,0.00,0.00,APPROACH,,0,0
1788473668.99,1127.71,0.01,0.00,APPROACH,,0,0
1788473669.09,1127.82,0.01,0.00,APPROACH,,0,0
1788473669.20,1127.92,0.01,0.00,APPROACH,,0,0
1788473669.30,1128.02,-0.00,0.00,APPROACH,,0,0
1788473669.40,1128.12,0.00,0.00,APPROACH,,0,0
1788473669.50,1128.22,0.00,0.00,APPROACH,,0,0
1788473669.60,1128.32,0.01,0.00,APPROACH,,0,0
1788473669.70,1128.41,0.01,0.00,APPROACH,,0,0
1788473669.81,1128.52,0.00,0.00,APPROACH,,0,0
1788473669.91,1128.62,0.00,0.00,APPROACH,,0,0
1788473670.01,1128.72,-0.01,0.00,APPROACH,,0,0
1788473670.11,1128.82,0.00,0.00,APPROACH,,0,0
1788473670.22,1128.92,-0.00,0.00,APPROACH,,0,0
1788473670.32,1129.02,-0.00,0.00,APPROACH,,0,0
1788473670.42,1129.12,-0.01,0.00,APPROACH,,0,0
1788473670.52,1129.22,0.01,0.00,APPROACH,,0,0
1788473670.62,1129.31,0.01,0.00,APPROACH,,0,0
1788473670.72,1129.42,0.00,0.00,APPROACH,,0,0
1788473670.82,1129.52,0.01,0.00,APPROACH,,0,0
1788473670.92,1129.62,0.01,0.00,APPROACH,,0,0
1788473671.02,1129.72,0.00,0.00,APPROACH,,0,0
1788473671.12,1129.82,0.01,0.00,APPROACH,,0,0
1788473671.22,1129.92,0.00,0.00,APPROACH,,0,0
1788473671.33,1130.02,0.01,0.00,APPROACH,,0,0
1788473671.43,1130.12,-0.00,0.00,APPROACH,,0,0
1788473671.53,1130.22,0.00,0.00,APPROACH,,0,0
1788473671.64,1130.32,-0.00,0.00,APPROACH,,0,0
1788473671.73,1130.41,0.00,0.00,APPROACH,,0,0
1788473671.83,1130.51,0.00,0.00,APPROACH,,0,0
1788473671.94,1130.62,0.00,0.00,APPROACH,,0,0
1788473672.04,1130.72,0.00,0.00,APPROACH,,0,0
1788473672.14,1130.82,0.00,0.00,APPROACH,,0,0
1788473672.24,1130.92,-0.00,0.00,APPROACH,,0,0
1788473672.34,1131.02,0.01,0.00,APPROACH,,0,0
1788473672.44,1131.12,-0.00,0.00,APPROACH,,0,0
1788473672.54,1131.22,0.00,0.00,APPROACH,,0,0
1788473672.64,1131.32,0.01,0.00,APPROACH,,0,0
1788473672.75,1131.42,-0.00,0.00,APPROACH,,0,0
1788473672.84,1131.52,0.00,0.00,APPROACH,,0,0
1788473672.95,1131.62,0.00,0.00,APPROACH,,0,0
1788473673.05,1131.72,0.00,0.00,REFINE,,0,0
1788473673.15,1131.82,-0.00,0.00,REFINE,,0,0
1788473673.26,1131.92,-0.00,0.00,REFINE,,0,0
1788473673.36,1132.02,0.01,0.00,REFINE,,0,0
1788473673.46,1132.12,0.00,0.00,REFINE,,0,0
1788473673.56,1132.21,0.01,0.00,REFINE,,0,0
1788473673.67,1132.32,0.00,0.00,REFINE,,0,0
1788473673.77,1132.42,0.00,0.00,REFINE,,0,0
1788473673.87,1132.52,0.00,0.00,REFINE,,0,0
1788473673.97,1132.62,0.00,0.00,REFINE,,0,0
1788473674.08,1132.72,-0.00,0.00,REFINE,,0,0
1788473674.18,1132.82,-0.00,0.00,REFINE,,0,0
1788473674.27,1132.91,0.01,0.00,DEPLOY,,0,0
1788473674.37,1133.01,-0.00,0.00,DEPLOY,,0,0
1788473674.47,1133.11,-0.00,0.00,DEPLOY,,0,0
1788473674.57,1133.21,0.00,0.00,DEPLOY,,0,0
1788473674.67,1133.31,0.01,0.00,DEPLOY,,0,0
1788473674.77,1133.41,0.00,0.00,DEPLOY,,0,0
1788473674.88,1133.51,0.00,0.00,DEPLOY,,0,0
1788473674.98,1133.61,-0.00,0.00,DEPLOY,,0,0
1788473675.08,1133.71,0.00,0.00,DEPLOY,,0,0
1788473675.18,1133.81,0.00,0.00,DEPLOY,,0,0
1788473675.28,1133.91,0.01,0.00,DEPLOY,,0,0
1788473675.38,1134.01,0.01,0.00,DEPLOY,,0,0
1788473675.48,1134.11,0.01,0.00,DEPLOY,,0,0
1788473675.58,1134.21,-0.00,0.00,DEPLOY,,0,0
1788473675.68,1134.31,-0.01,0.00,DEPLOY,,0,0
1788473675.78,1134.41,0.00,0.00,DEPLOY,,0,0
1788473675.88,1134.51,-0.00,0.00,DEPLOY,,0,0
1788473675.98,1134.61,0.00,0.00,DEPLOY,,0,0
1788473676.08,1134.71,-0.00,0.00,DEPLOY,,0,0
1788473676.18,1134.81,0.01,0.00,DEPLOY,,0,0
1788473676.28,1134.91,-0.00,0.00,DEPLOY,,0,0
1788473676.38,1135.01,-0.00,0.00,DEPLOY,,0,0
1788473676.48,1135.11,0.00,0.00,DEPLOY,,0,0
1788473676.58,1135.21,0.01,0.00,DEPLOY,,0,0
1788473676.68,1135.31,0.00,0.00,DEPLOY,,0,0
1788473676.78,1135.41,0.01,0.00,DEPLOY,,0,0
1788473676.88,1135.51,0.00,0.00,DEPLOY,,0,0
1788473676.98,1135.61,0.01,0.00,DEPLOY,,0,0
1788473677.08,1135.71,0.01,0.00,DEPLOY,,0,0
1788473677.18,1135.81,-0.00,0.00,DEPLOY,,0,0
1788473677.28,1135.91,-0.00,0.00,DEPLOY,,0,0
1788473677.38,1136.01,0.01,0.00,DEPLOY,,0,0
1788473677.48,1136.11,0.01,0.00,DEPLOY,,0,0
1788473677.58,1136.21,0.00,0.00,DEPLOY,,0,0
1788473677.68,1136.31,0.01,0.00,DEPLOY,,0,0
1788473677.78,1136.41,0.00,0.00,DEPLOY,,0,0
1788473677.88,1136.51,0.01,0.00,DEPLOY,,0,0
1788473677.98,1136.61,0.00,0.00,DEPLOY,,0,0
1788473678.08,1136.71,-0.00,0.00,DEPLOY,,0,0
1788473678.18,1136.81,-0.00,0.00,DEPLOY,,0,0
1788473678.28,1136.91,0.01,0.00,DEPLOY,,0,0
1788473678.38,1137.01,0.00,0.00,DEPLOY,,0,0
1788473678.48,1137.11,0.00,0.00,DEPLOY,,0,0
1788473678.58,1137.21,-0.00,0.00,DEPLOY,,0,0
1788473678.68,1137.31,0.00,0.00,DEPLOY,,0,0
1788473678.78,1137.41,-0.01,0.00,DEPLOY,,0,0
1788473678.88,1137.51,-0.00,0.00,DEPLOY,,0,0
1788473678.98,1137.61,0.01,0.00,DEPLOY,,0,0
1788473679.08,1137.72,-0.00,0.00,DEPLOY,,0,0
1788473679.18,1137.82,0.00,0.00,DEPLOY,,0,0
1788473679.29,1137.91,0.00,0.00,DEPLOY,,0,0
1788473679.38,1138.01,0.00,0.00,DEPLOY,,0,0
1788473679.49,1138.12,-0.00,0.00,DEPLOY,,0,0
1788473679.59,1138.22,0.01,0.00,DEPLOY,,0,0
1788473679.69,1138.32,0.00,0.00,DEPLOY,,0,0
1788473679.79,1138.42,-0.01,0.00,DEPLOY,,0,0
1788473679.89,1138.52,0.00,0.00,DEPLOY,,0,0
1788473679.99,1138.62,0.01,0.00,DEPLOY,,0,0
1788473680.09,1138.71,-0.00,0.00,DEPLOY,,0,0
1788473680.20,1138.82,0.01,0.00,DEPLOY,,0,0
1788473680.30,1138.91,0.01,0.00,DEPLOY,,0,0
1788473680.40,1139.02,-0.00,0.00,DEPLOY,,0,0
1788473680.50,1139.12,-0.00,0.00,DEPLOY,,0,0
1788473680.60,1139.22,0.00,0.00,DEPLOY,,0,0
1788473680.71,1139.32,-0.00,0.00,DEPLOY,,0,0
1788473680.81,1139.42,-0.00,0.00,DEPLOY,,0,0
1788473680.91,1139.52,-0.00,0.00,DEPLOY,,0,0
1788473681.01,1139.62,0.00,0.00,DEPLOY,,0,0
1788473681.11,1139.72,0.00,0.00,DEPLOY,,0,0
1788473681.21,1139.82,0.00,0.00,DEPLOY,,0,0
1788473681.32,1139.92,0.01,0.00,DEPLOY,,0,0
1788473681.42,1140.02,0.00,0.00,DEPLOY,,0,0
1788473681.52,1140.12,0.01,0.00,DEPLOY,,0,0
1788473681.62,1140.22,0.00,0.00,DEPLOY,,0,0
1788473681.72,1140.32,-0.00,0.00,DEPLOY,,0,0
1788473681.83,1140.42,0.00,0.00,DEPLOY,,0,0
1788473681.93,1140.52,-0.00,0.00,DEPLOY,,0,0
1788473682.03,1140.62,0.00,0.00,DEPLOY,,0,0
1788473682.13,1140.72,-0.00,0.00,DEPLOY,,0,0
1788473682.23,1140.82,-0.00,0.00,DEPLOY,,0,0
1788473682.34,1140.92,0.01,0.00,DEPLOY,,0,0
1788473682.44,1141.02,0.01,0.00,DEPLOY,,0,0
1788473682.55,1141.12,0.00,0.00,DEPLOY,,0,0
1788473682.64,1141.22,0.00,0.00,DEPLOY,,0,0
1788473682.75,1141.32,0.00,0.00,DEPLOY,,0,0
1788473682.85,1141.42,0.01,0.00,DEPLOY,,0,0
1788473682.95,1141.52,0.01,0.00,DEPLOY,,0,0
1788473683.05,1141.62,-0.00,0.00,DEPLOY,,0,0
1788473683.16,1141.72,0.01,0.00,DEPLOY,,0,0
1788473683.25,1141.82,0.01,0.00,DEPLOY,,0,0
1788473683.36,1141.92,-0.00,0.00,DEPLOY,,0,0
1788473683.46,1142.02,0.00,0.00,DEPLOY,,0,0
1788473683.56,1142.12,0.01,0.00,DEPLOY,,0,0
1788473683.67,1142.22,-0.00,0.00,DEPLOY,,0,0
1788473683.77,1142.32,-0.00,0.00,DEPLOY,,0,0
1788473683.87,1142.42,0.00,0.00,DEPLOY,,0,0
1788473683.97,1142.52,-0.00,0.00,DEPLOY,,0,0
1788473684.07,1142.62,0.00,0.00,DEPLOY,,0,0
1788473684.17,1142.72,-0.00,0.00,DEPLOY,,0,0
1788473684.27,1142.82,-0.00,0.00,DEPLOY,,0,0
1788473684.37,1142.92,0.00,0.00,DEPLOY,,0,0
1788473684.47,1143.02,0.01,0.00,DEPLOY,,0,0
1788473684.58,1143.12,0.00,0.00,DEPLOY,,0,0
1788473684.67,1143.21,-0.00,0.00,DEPLOY,,0,0
1788473684.78,1143.32,0.01,0.00,DEPLOY,,0,0
1788473684.88,1143.42,0.01,0.00,DEPLOY,,0,0
1788473684.98,1143.52,-0.00,0.00,DEPLOY,,0,0
1788473685.08,1143.62,0.00,0.00,DEPLOY,,0,0
1788473685.19,1143.72,0.00,0.00,DEPLOY,,0,0
1788473685.29,1143.82,-0.00,0.00,DEPLOY,,0,0
1788473685.39,1143.92,-0.00,0.00,DEPLOY,,0,0
1788473685.49,1144.02,0.00,0.00,DEPLOY,,0,0
1788473685.59,1144.12,-0.00,0.00,DEPLOY,,0,0
1788473685.69,1144.21,0.00,0.00,DEPLOY,,0,0
1788473685.79,1144.32,0.01,0.00,DEPLOY,,0,0
1788473685.89,1144.41,0.01,0.00,DEPLOY,,0,0
1788473685.99,1144.52,-0.00,0.00,DEPLOY,,0,0
1788473686.09,1144.62,0.00,0.00,DEPLOY,,0,1
1788473686.19,1144.72,-0.00,0.00,DEPLOY,,0,0
1788473686.29,1144.82,0.00,0.00,DEPLOY,,0,0
1788473686.39,1144.92,-0.00,0.00,DEPLOY,,0,0
1788473686.49,1145.02,0.01,0.00,DEPLOY,,0,0
1788473686.60,1145.12,-0.00,0.00,DEPLOY,,0,0
1788473686.70,1145.22,0.00,0.00,DEPLOY,,0,0
1788473686.80,1145.32,-0.00,0.00,DEPLOY,,0,0
1788473686.90,1145.42,0.00,0.00,DEPLOY,,0,0
1788473687.01,1145.52,0.00,0.00,DEPLOY,,0,0
1788473687.11,1145.62,0.01,0.00,DEPLOY,,0,0
1788473687.21,1145.72,0.01,0.00,DEPLOY,,0,0
1788473687.31,1145.82,0.01,0.00,DEPLOY,,0,0
1788473687.41,1145.92,0.00,0.00,DEPLOY,,0,0
1788473687.51,1146.02,0.01,0.00,DEPLOY,,0,0
1788473687.61,1146.11,-0.00,0.00,DEPLOY,,0,0
1788473687.71,1146.21,0.00,0.00,DEPLOY,,0,0
1788473687.81,1146.31,0.00,0.00,DEPLOY,,0,0
1788473687.92,1146.42,-0.00,0.00,DEPLOY,,0,0
1788473688.01,1146.51,0.01,0.00,DEPLOY,,0,0
1788473688.12,1146.62,0.01,0.00,DEPLOY,,0,0
1788473688.22,1146.71,0.01,0.00,DEPLOY,,0,0
1788473688.32,1146.82,-0.00,0.00,DEPLOY,,0,0
1788473688.42,1146.92,-0.00,0.00,DEPLOY,,0,0
1788473688.52,1147.02,0.00,0.00,DEPLOY,,0,0
1788473688.62,1147.12,0.01,0.00,DEPLOY,,0,0
1788473688.72,1147.22,0.00,0.00,DEPLOY,,0,0
1788473688.82,1147.32,0.01,0.00,DEPLOY,,0,0
1788473688.93,1147.42,0.00,0.00,DEPLOY,,0,0
1788473689.03,1147.52,-0.00,0.00,DEPLOY,,0,0
1788473689.13,1147.62,0.01,0.00,DEPLOY,,0,0
1788473689.24,1147.72,0.01,0.00,DEPLOY,,0,0
1788473689.34,1147.82,-0.00,0.00,DEPLOY,,0,0
1788473689.44,1147.92,0.00,0.00,DEPLOY,,0,0
1788473689.54,1148.02,0.01,0.00,DEPLOY,,0,0
1788473689.65,1148.12,-0.01,0.00,DEPLOY,,0,0
1788473689.75,1148.21,0.01,0.00,DEPLOY,,0,0
1788473689.85,1148.32,-0.00,0.00,DEPLOY,,0,0
1788473689.95,1148.41,0.00,0.00,DEPLOY,,0,0
1788473690.05,1148.52,-0.00,0.00,DEPLOY,,0,0
1788473690.15,1148.62,0.00,0.00,DEPLOY,,0,0
1788473690.25,1148.72,-0.00,0.00,DEPLOY,,0,0
1788473690.35,1148.82,0.00,0.00,DEPLOY,,0,0
1788473690.46,1148.92,0.01,0.00,DEPLOY,,0,0
1788473690.55,1149.02,0.01,0.00,DEPLOY,,0,0
1788473690.65,1149.12,0.00,0.00,DEPLOY,,0,0
1788473690.75,1149.22,0.01,0.00,DEPLOY,,0,0
1788473690.86,1149.32,-0.00,0.00,DEPLOY,,0,0
1788473690.96,1149.42,-0.00,0.00,DEPLOY,,0,0
1788473691.06,1149.52,0.00,0.00,DEPLOY,,0,0
1788473691.16,1149.62,0.00,0.00,DEPLOY,,0,0
1788473691.27,1149.72,-0.00,0.00,DEPLOY,,0,0
1788473691.37,1149.82,0.00,0.00,DEPLOY,,0,0
1788473691.47,1149.92,0.01,0.00,DEPLOY,,0,0
1788473691.57,1150.02,-0.00,0.00,DEPLOY,,0,0
1788473691.67,1150.12,-0.00,0.00,DEPLOY,,0,0
1788473691.77,1150.21,0.00,0.00,DEPLOY,,0,0
1788473691.88,1150.32,-0.00,0.00,DEPLOY,,0,0
1788473691.98,1150.42,0.01,0.00,DEPLOY,,0,0
1788473692.07,1150.52,0.01,0.00,DEPLOY,,0,0
1788473692.18,1150.62,0.00,0.00,DEPLOY,,0,0
1788473692.28,1150.72,0.00,0.00,DEPLOY,,0,0
1788473692.38,1150.82,-0.00,0.00,DEPLOY,,0,0
1788473692.48,1150.92,-0.00,0.00,DEPLOY,,0,0
1788473692.58,1151.02,-0.00,0.00,DEPLOY,,0,0
1788473692.69,1151.12,-0.00,0.00,DEPLOY,,0,0
1788473692.79,1151.22,0.01,0.00,DEPLOY,,0,0
1788473692.89,1151.32,0.00,0.00,DEPLOY,,0,0
1788473692.99,1151.41,0.01,0.00,DEPLOY,,0,0
1788473693.09,1151.52,0.01,0.00,DEPLOY,,0,0
1788473693.19,1151.62,0.01,0.00,DEPLOY,,0,0
1788473693.29,1151.72,0.00,0.00,DEPLOY,,0,0
1788473693.40,1151.82,0.00,0.00,DEPLOY,,0,0
1788473693.50,1151.92,0.00,0.00,DEPLOY,,0,0
1788473693.60,1152.02,0.01,0.00,DEPLOY,,0,0
1788473693.70,1152.12,0.00,0.00,DEPLOY,,0,0
1788473693.80,1152.22,0.01,0.00,DEPLOY,,0,0
1788473693.91,1152.32,-0.00,0.00,DEPLOY,,0,0
1788473694.01,1152.41,-0.00,0.00,DEPLOY,,0,0
1788473694.11,1152.52,-0.01,0.00,DEPLOY,,0,0
1788473694.21,1152.62,-0.00,0.00,DEPLOY,,0,0
1788473694.31,1152.72,0.01,0.00,DEPLOY,,0,0
1788473694.41,1152.82,0.01,0.00,DEPLOY,,0,0
1788473694.52,1152.92,0.01,0.00,DEPLOY,,0,0
1788473694.62,1153.02,0.00,0.00,DEPLOY,,0,0
1788473694.72,1153.12,0.00,0.00,DEPLOY,,0,0
1788473694.82,1153.22,0.00,0.00,DEPLOY,,0,0
1788473694.92,1153.31,0.01,0.00,MANIPULATE,,0,0
1788473695.02,1153.42,-0.00,0.00,MANIPULATE,,0,0
1788473695.13,1153.52,0.00,0.00,MANIPULATE,,0,0
1788473695.23,1153.62,0.00,0.00,MANIPULATE,,0,0
1788473695.33,1153.72,-0.00,0.00,MANIPULATE,,0,0
1788473695.43,1153.82,-0.00,0.00,MANIPULATE,,0,0
1788473695.54,1153.92,0.00,0.00,MANIPULATE,,0,0
1788473695.63,1154.02,-0.00,0.00,MANIPULATE,,0,0
1788473695.74,1154.12,0.00,0.00,MANIPULATE,,0,0
1788473695.84,1154.22,0.00,0.00,MANIPULATE,,0,0
1788473695.95,1154.32,0.01,0.00,MANIPULATE,,0,0
1788473696.05,1154.42,-0.00,0.00,MANIPULATE,,0,0
1788473696.16,1154.52,-0.00,0.00,MANIPULATE,,0,0
1788473696.25,1154.62,-0.00,0.00,MANIPULATE,,0,0
1788473696.36,1154.72,0.01,0.00,MANIPULATE,,0,0
1788473696.46,1154.82,0.00,0.00,MANIPULATE,,0,0
1788473696.56,1154.92,-0.00,0.00,MANIPULATE,,0,0
1788473696.66,1155.02,-0.00,0.00,MANIPULATE,,0,0
1788473696.76,1155.12,0.01,0.00,MANIPULATE,,0,0
1788473696.86,1155.22,-0.00,0.00,MANIPULATE,,0,0
1788473696.97,1155.32,0.00,0.00,MANIPULATE,,0,0
1788473697.07,1155.41,0.00,0.00,MANIPULATE,,0,0
1788473697.17,1155.52,0.01,0.00,MANIPULATE,,0,0
1788473697.27,1155.62,-0.00,0.00,MANIPULATE,,0,0
1788473697.38,1155.72,0.00,0.00,MANIPULATE,,0,0
1788473697.48,1155.82,0.00,0.00,MANIPULATE,orienta,0,0
1788473697.59,1155.92,0.01,0.00,MANIPULATE,orienta,0,0
1788473697.69,1156.02,0.00,0.00,MANIPULATE,orienta,0,0
1788473697.79,1156.12,0.01,0.00,MANIPULATE,orienta,0,0
1788473697.90,1156.22,0.00,0.00,MANIPULATE,orienta,0,0
1788473697.99,1156.32,0.00,0.00,MANIPULATE,orienta,0,0
1788473698.09,1156.41,-0.00,0.00,MANIPULATE,orienta,0,0
1788473698.20,1156.52,0.00,0.00,MANIPULATE,orienta,0,0
1788473698.30,1156.62,-0.00,0.00,MANIPULATE,orienta,0,0
1788473698.40,1156.72,-0.00,0.00,MANIPULATE,orienta,0,0
1788473698.50,1156.82,0.01,0.00,MANIPULATE,orienta,0,0
1788473698.61,1156.92,0.00,0.00,MANIPULATE,orienta,0,0
1788473698.71,1157.01,0.01,0.00,MANIPULATE,orienta,0,0
1788473698.81,1157.12,0.00,0.00,MANIPULATE,orienta,0,0
1788473698.91,1157.21,0.00,0.00,MANIPULATE,orienta,0,0
1788473699.02,1157.32,-0.00,0.00,MANIPULATE,orienta,0,0
1788473699.12,1157.42,0.00,0.00,MANIPULATE,orienta,0,0
1788473699.22,1157.51,0.01,0.00,MANIPULATE,orienta,0,0
1788473699.32,1157.62,0.01,0.00,MANIPULATE,orienta,0,0
1788473699.42,1157.71,0.00,0.00,MANIPULATE,orienta,0,0
1788473699.52,1157.82,-0.00,0.00,MANIPULATE,orienta,0,0
1788473699.62,1157.92,-0.01,0.00,MANIPULATE,orienta,0,0
1788473699.72,1158.02,0.00,0.00,MANIPULATE,orienta,0,0
1788473699.82,1158.12,-0.00,0.00,MANIPULATE,orienta,0,0
1788473699.92,1158.22,-0.00,0.00,MANIPULATE,orienta,0,0
1788473700.03,1158.32,-0.00,0.00,MANIPULATE,orienta,0,0
1788473700.13,1158.42,0.01,0.00,MANIPULATE,orienta,0,0
1788473700.23,1158.52,-0.00,0.00,MANIPULATE,orienta,0,0
1788473700.33,1158.62,-0.00,0.00,MANIPULATE,orienta,0,0
1788473700.43,1158.72,0.00,0.00,MANIPULATE,orienta,0,0
1788473700.54,1158.82,0.01,0.00,MANIPULATE,orienta,0,0
1788473700.64,1158.92,0.00,0.00,MANIPULATE,orienta,0,0
1788473700.74,1159.02,0.00,0.00,MANIPULATE,orienta,0,0
1788473700.85,1159.12,-0.00,0.00,MANIPULATE,orienta,0,0
1788473700.95,1159.22,0.00,0.00,MANIPULATE,orienta,0,0
1788473701.05,1159.32,0.00,0.00,MANIPULATE,orienta,0,0
1788473701.15,1159.41,0.01,0.00,MANIPULATE,orienta,0,0
1788473701.26,1159.52,0.01,0.00,MANIPULATE,orienta,0,0
1788473701.36,1159.62,0.00,0.00,MANIPULATE,orienta,0,0
1788473701.47,1159.72,0.00,0.00,MANIPULATE,orienta,0,0
1788473701.57,1159.82,-0.00,0.00,MANIPULATE,orienta,0,0
1788473701.67,1159.92,0.00,0.00,MANIPULATE,orienta,0,0
1788473701.77,1160.02,-0.00,0.00,MANIPULATE,orienta,0,0
1788473701.87,1160.11,0.01,0.00,MANIPULATE,aproxima_lateral,0,0
1788473701.97,1160.21,-0.00,0.00,MANIPULATE,aproxima_lateral,0,0
1788473702.07,1160.32,0.01,0.00,MANIPULATE,aproxima_lateral,0,0
1788473702.17,1160.41,0.01,0.00,MANIPULATE,aproxima_lateral,0,0
1788473702.28,1160.52,0.00,0.00,MANIPULATE,aproxima_lateral,0,0
1788473702.38,1160.62,0.01,0.00,MANIPULATE,aproxima_lateral,0,0
1788473702.48,1160.72,0.01,0.00,MANIPULATE,aproxima_lateral,0,0
1788473702.58,1160.82,0.00,0.00,MANIPULATE,aproxima_lateral,0,0
1788473702.69,1160.92,0.01,0.00,MANIPULATE,aproxima_lateral,0,0
1788473702.79,1161.02,0.00,0.00,MANIPULATE,aproxima_lateral,0,0
1788473702.89,1161.12,0.01,0.00,MANIPULATE,aproxima_lateral,0,0
1788473702.99,1161.22,-0.00,0.00,MANIPULATE,aproxima_lateral,0,0
1788473703.10,1161.32,0.00,0.00,MANIPULATE,aproxima_lateral,0,0
1788473703.20,1161.42,-0.00,0.00,MANIPULATE,aproxima_lateral,0,0
1788473703.31,1161.52,0.01,0.00,MANIPULATE,aproxima_lateral,0,0
1788473703.41,1161.62,0.01,0.00,MANIPULATE,aproxima_lateral,0,0
1788473703.51,1161.72,0.00,0.00,MANIPULATE,aproxima_lateral,0,0
1788473703.61,1161.82,0.01,0.00,MANIPULATE,aproxima_lateral,0,0
1788473703.71,1161.92,-0.00,0.00,MANIPULATE,aproxima_lateral,0,0
1788473703.81,1162.02,-0.00,0.00,MANIPULATE,aproxima_lateral,0,0
1788473703.91,1162.11,0.01,0.00,MANIPULATE,aproxima_lateral,0,0
1788473704.01,1162.21,-0.00,0.00,MANIPULATE,aproxima_lateral,0,0
1788473704.12,1162.32,-0.00,0.00,MANIPULATE,aproxima_lateral,0,0
1788473704.21,1162.42,0.01,0.00,MANIPULATE,aproxima_lateral,0,0
1788473704.32,1162.52,-0.00,0.00,MANIPULATE,aproxima_lateral,0,0
1788473704.42,1162.62,-0.00,0.00,MANIPULATE,aproxima_lateral,0,0
1788473704.52,1162.72,-0.00,0.00,MANIPULATE,aproxima_lateral,0,0
1788473704.63,1162.82,0.01,0.01,MANIPULATE,aproxima_lateral,0,0
1788473704.73,1162.91,0.01,0.01,MANIPULATE,aproxima_lateral,0,0
1788473704.83,1163.02,0.00,0.01,MANIPULATE,aproxima_lateral,0,0
1788473704.93,1163.12,-0.00,0.01,MANIPULATE,aproxima_lateral,0,0
1788473705.03,1163.22,-0.00,0.01,MANIPULATE,aproxima_lateral,0,0
1788473705.13,1163.31,-0.00,0.01,MANIPULATE,aproxima_lateral,0,0
1788473705.23,1163.42,-0.00,0.01,MANIPULATE,aproxima_lateral,0,0
1788473705.34,1163.52,-0.00,0.01,MANIPULATE,aproxima_lateral,0,0
1788473705.44,1163.62,0.00,0.00,MANIPULATE,aproxima_lateral,0,0
1788473705.55,1163.72,-0.00,0.00,MANIPULATE,aproxima_lateral,0,0
1788473705.65,1163.82,0.00,0.00,MANIPULATE,aproxima_lateral,0,0
1788473705.75,1163.91,0.00,-0.00,MANIPULATE,atravessa,0,0
1788473705.85,1164.01,-0.01,0.00,MANIPULATE,atravessa,0,0
1788473705.95,1164.12,-0.00,-0.00,MANIPULATE,atravessa,0,0
1788473706.05,1164.22,-0.00,-0.00,MANIPULATE,atravessa,0,0
1788473706.15,1164.32,0.00,0.00,MANIPULATE,atravessa,0,0
1788473706.26,1164.42,0.00,-0.00,MANIPULATE,atravessa,0,0
1788473706.36,1164.52,0.00,-0.00,MANIPULATE,atravessa,0,0
1788473706.46,1164.62,-0.00,0.00,MANIPULATE,atravessa,0,0
1788473706.57,1164.72,0.01,-0.00,MANIPULATE,atravessa,0,0
1788473706.67,1164.82,-0.00,0.00,MANIPULATE,atravessa,0,0
1788473706.77,1164.92,-0.00,0.00,MANIPULATE,atravessa,0,0
1788473706.87,1165.02,-0.00,0.00,MANIPULATE,atravessa,0,0
1788473706.98,1165.12,-0.00,0.00,MANIPULATE,atravessa,0,0
1788473707.08,1165.21,-0.00,0.00,MANIPULATE,atravessa,0,0
1788473707.19,1165.32,-0.00,0.01,MANIPULATE,atravessa,0,0
1788473707.29,1165.42,-0.00,0.00,MANIPULATE,atravessa,0,0
1788473707.39,1165.52,0.01,-0.00,MANIPULATE,atravessa,0,0
1788473707.49,1165.62,-0.00,0.00,MANIPULATE,atravessa,0,0
1788473707.59,1165.72,-0.00,-0.00,MANIPULATE,atravessa,0,0
1788473707.69,1165.81,-0.00,0.00,MANIPULATE,atravessa,0,0
1788473707.79,1165.91,-0.00,0.00,MANIPULATE,atravessa,0,0
1788473707.89,1166.02,0.95,0.21,MANIPULATE,atravessa,0,0
1788473707.99,1166.12,0.54,0.10,MANIPULATE,atravessa,0,0
1788473708.10,1166.22,-0.00,0.09,MANIPULATE,atravessa,0,0
1788473708.20,1166.32,0.01,0.07,MANIPULATE,atravessa,0,0
1788473708.30,1166.42,0.00,0.06,MANIPULATE,atravessa,0,0
1788473708.40,1166.51,-0.00,0.05,MANIPULATE,atravessa,0,0
1788473708.51,1166.62,-0.00,0.04,MANIPULATE,atravessa,0,0
1788473708.61,1166.72,0.01,0.03,MANIPULATE,atravessa,0,0
1788473708.71,1166.82,0.00,0.03,MANIPULATE,atravessa,0,0
1788473708.81,1166.92,0.00,0.02,MANIPULATE,atravessa,0,0
1788473708.91,1167.02,0.01,0.02,MANIPULATE,atravessa,0,0
1788473709.01,1167.12,-0.00,0.01,MANIPULATE,atravessa,0,0
1788473709.11,1167.22,0.00,0.01,MANIPULATE,atravessa,0,0
1788473709.22,1167.32,0.01,-0.00,MANIPULATE,atravessa,0,0
1788473709.32,1167.42,0.00,-0.00,MANIPULATE,captura,0,0
1788473709.42,1167.52,0.00,-0.00,MANIPULATE,captura,0,0
1788473709.52,1167.62,0.01,-0.00,MANIPULATE,captura,0,0
1788473709.62,1167.71,0.01,-0.00,MANIPULATE,captura,0,0
1788473709.72,1167.82,0.01,-0.00,MANIPULATE,captura,0,0
1788473709.83,1167.92,-0.00,-0.00,MANIPULATE,destrava,0,0
1788473709.93,1168.02,0.01,-0.00,MANIPULATE,destrava,0,0
1788473710.04,1168.12,0.01,-0.00,MANIPULATE,destrava,0,0
1788473710.14,1168.22,0.51,0.01,MANIPULATE,destrava,2,2
1788473710.24,1168.32,1.05,0.01,MANIPULATE,destrava,2,2
1788473710.35,1168.42,1.66,0.00,MANIPULATE,destrava,2,2
1788473710.44,1168.52,2.27,-0.00,MANIPULATE,destrava,2,2
1788473710.55,1168.61,2.73,-0.00,MANIPULATE,destrava,2,2
1788473710.65,1168.71,3.02,0.00,MANIPULATE,destrava,2,2
1788473710.75,1168.82,3.17,0.00,MANIPULATE,destrava,2,2
1788473710.85,1168.91,3.23,-0.00,MANIPULATE,destrava,2,2
1788473710.95,1169.02,3.30,0.00,MANIPULATE,destrava,2,2
1788473711.05,1169.12,3.34,-0.00,MANIPULATE,destrava,2,2
1788473711.16,1169.22,3.37,-0.00,MANIPULATE,destrava,2,2
1788473711.26,1169.32,3.46,-0.00,MANIPULATE,destrava,2,2
1788473711.36,1169.41,4.39,-0.00,MANIPULATE,destrava,2,2
1788473711.46,1169.52,4.75,-0.00,MANIPULATE,destrava,2,2
1788473711.56,1169.61,4.29,-0.00,MANIPULATE,destrava,2,2
1788473711.66,1169.71,5.47,-0.00,MANIPULATE,destrava,2,2
1788473711.76,1169.82,5.55,0.00,MANIPULATE,destrava,2,2
1788473711.87,1169.92,4.99,0.00,MANIPULATE,destrava,2,2
1788473711.97,1170.02,4.76,0.01,MANIPULATE,destrava,2,2
1788473712.07,1170.12,5.61,0.00,MANIPULATE,destrava,2,2
1788473712.17,1170.22,5.87,0.01,MANIPULATE,destrava,2,2
1788473712.28,1170.32,5.66,0.01,MANIPULATE,destrava,2,2
1788473712.38,1170.41,6.63,0.01,MANIPULATE,destrava,2,2
1788473712.48,1170.52,6.78,0.00,MANIPULATE,destrava,2,2
1788473712.58,1170.62,7.18,0.00,MANIPULATE,destrava,2,2
1788473712.69,1170.72,8.22,0.00,MANIPULATE,destrava,2,2
1788473712.79,1170.82,7.72,-0.00,MANIPULATE,destrava,2,2
1788473712.89,1170.92,7.77,0.00,MANIPULATE,destrava,2,2
1788473712.99,1171.02,7.96,0.00,MANIPULATE,destrava,2,2
1788473713.10,1171.12,7.91,-0.00,MANIPULATE,destrava,2,2
1788473713.20,1171.21,8.08,0.00,MANIPULATE,destrava,2,2
1788473713.30,1171.31,8.02,-0.00,MANIPULATE,destrava,2,2
1788473713.40,1171.42,8.20,0.00,MANIPULATE,destrava,2,2
1788473713.50,1171.51,8.16,-0.00,MANIPULATE,destrava,2,2
1788473713.60,1171.61,8.05,0.00,MANIPULATE,destrava,2,2
1788473713.71,1171.71,7.90,-0.01,MANIPULATE,destrava,2,2
1788473713.81,1171.82,7.91,-0.00,MANIPULATE,destrava,2,2
1788473713.91,1171.91,7.92,-0.01,MANIPULATE,destrava,2,2
1788473714.01,1172.01,7.86,-0.00,MANIPULATE,destrava,2,2
1788473714.11,1172.11,7.97,-0.00,MANIPULATE,destrava,2,2
1788473714.21,1172.21,7.83,-0.00,MANIPULATE,destrava,2,2
1788473714.31,1172.31,7.93,0.00,MANIPULATE,destrava,2,2
1788473714.42,1172.42,7.84,-0.01,MANIPULATE,destrava,2,2
1788473714.52,1172.51,7.76,-0.00,MANIPULATE,destrava,2,2
1788473714.62,1172.61,7.81,-0.01,MANIPULATE,destrava,2,2
1788473714.72,1172.71,7.70,0.00,MANIPULATE,destrava,2,2
1788473714.82,1172.82,7.89,0.00,MANIPULATE,destrava,2,2
1788473714.93,1172.92,7.80,-0.00,MANIPULATE,destrava,2,2
1788473715.03,1173.01,7.77,0.00,MANIPULATE,destrava,2,2
1788473715.13,1173.11,7.74,-0.01,MANIPULATE,destrava,2,2
1788473715.23,1173.22,7.66,0.00,MANIPULATE,destrava,2,2
1788473715.34,1173.32,7.79,-0.00,MANIPULATE,destrava,2,2
1788473715.44,1173.41,7.68,-0.00,MANIPULATE,destrava,2,2
1788473715.54,1173.51,7.55,-0.00,MANIPULATE,destrava,2,2
1788473715.64,1173.61,7.68,0.01,MANIPULATE,destrava,2,2
1788473715.75,1173.71,7.56,-0.00,MANIPULATE,destrava,2,2
1788473715.85,1173.82,7.53,0.00,MANIPULATE,destrava,2,2
1788473715.95,1173.91,7.67,-0.00,MANIPULATE,destrava,2,2
1788473716.05,1174.02,7.49,-0.01,MANIPULATE,destrava,2,2
1788473716.16,1174.12,7.42,0.00,MANIPULATE,destrava,2,2
1788473716.26,1174.22,7.45,-0.01,MANIPULATE,destrava,2,2
1788473716.36,1174.31,7.36,-0.00,MANIPULATE,destrava,2,2
1788473716.46,1174.42,7.42,-0.00,MANIPULATE,destrava,2,2
1788473716.56,1174.51,7.23,-0.01,MANIPULATE,destrava,2,2
1788473716.67,1174.62,7.28,0.05,MANIPULATE,destrava,2,2
1788473716.77,1174.72,7.26,-0.00,MANIPULATE,destrava,2,2
1788473716.87,1174.82,7.27,0.03,MANIPULATE,destrava,2,2
1788473716.97,1174.91,7.29,-0.00,MANIPULATE,destrava,2,2
1788473717.07,1175.02,7.30,-0.00,MANIPULATE,destrava,2,2
1788473717.18,1175.12,7.19,-0.01,MANIPULATE,destrava,2,2
1788473717.28,1175.22,6.95,-0.01,MANIPULATE,destrava,2,2
1788473717.38,1175.32,6.92,0.00,MANIPULATE,destrava,2,2
1788473717.48,1175.41,7.01,-0.01,MANIPULATE,destrava,2,2
1788473717.59,1175.51,6.90,0.00,MANIPULATE,destrava,2,2
1788473717.69,1175.62,6.93,-0.01,MANIPULATE,destrava,2,2
1788473717.79,1175.72,6.86,0.01,MANIPULATE,destrava,2,2
1788473717.89,1175.82,6.95,-0.00,MANIPULATE,destrava,2,2
1788473717.99,1175.91,7.02,0.01,MANIPULATE,destrava,2,2
1788473718.09,1176.01,7.22,0.03,MANIPULATE,destrava,2,2
1788473718.20,1176.12,7.22,-0.00,MANIPULATE,destrava,2,2
1788473718.31,1176.22,7.21,-0.00,MANIPULATE,destrava,2,2
1788473718.40,1176.32,7.24,-0.00,MANIPULATE,destrava,2,2
1788473718.50,1176.41,7.10,-0.01,MANIPULATE,destrava,3,3
1788473718.61,1176.51,6.95,-0.01,MANIPULATE,destrava,1,1
1788473718.71,1176.62,6.71,-0.01,MANIPULATE,destrava,2,2
1788473718.81,1176.72,6.47,-0.01,MANIPULATE,destrava,2,2
1788473718.91,1176.82,6.14,-0.02,MANIPULATE,destrava,2,2
1788473719.01,1176.91,6.20,-0.00,MANIPULATE,destrava,2,2
1788473719.11,1177.01,6.32,-0.00,MANIPULATE,destrava,2,2
1788473719.22,1177.12,6.35,-0.01,MANIPULATE,destrava,2,2
1788473719.33,1177.22,6.39,-0.01,MANIPULATE,destrava,2,2
1788473719.42,1177.32,6.27,-0.01,MANIPULATE,destrava,2,2
1788473719.52,1177.42,6.35,-0.01,MANIPULATE,destrava,2,2
1788473719.63,1177.52,6.25,-0.01,MANIPULATE,destrava,2,2
1788473719.73,1177.62,6.29,-0.02,MANIPULATE,destrava,2,2
1788473719.83,1177.71,6.21,-0.00,MANIPULATE,destrava,3,3
1788473719.94,1177.82,6.44,-0.01,MANIPULATE,destrava,0,0
1788473720.05,1177.92,6.47,-0.00,MANIPULATE,destrava,3,3
1788473720.15,1178.02,6.50,-0.01,MANIPULATE,destrava,2,2
1788473720.26,1178.12,6.44,-0.01,MANIPULATE,destrava,2,2
1788473720.36,1178.22,6.43,-0.02,MANIPULATE,destrava,2,2
1788473720.46,1178.32,6.42,-0.00,MANIPULATE,destrava,2,2
1788473720.56,1178.42,6.28,-0.00,MANIPULATE,destrava,2,2
1788473720.66,1178.52,6.13,-0.02,MANIPULATE,destrava,2,2
1788473720.76,1178.62,5.83,-0.02,MANIPULATE,destrava,2,2
1788473720.86,1178.71,5.59,-0.02,MANIPULATE,destrava,2,2
1788473720.96,1178.81,5.30,-0.02,MANIPULATE,destrava,3,3
1788473721.07,1178.92,5.38,-0.00,MANIPULATE,destrava,1,1
1788473721.17,1179.02,5.35,-0.01,MANIPULATE,destrava,2,2
1788473721.27,1179.12,5.35,-0.01,MANIPULATE,destrava,2,2
1788473721.37,1179.21,5.28,-0.02,MANIPULATE,destrava,2,2
1788473721.48,1179.32,5.43,-0.01,MANIPULATE,destrava,2,2
1788473721.58,1179.42,5.39,-0.01,MANIPULATE,destrava,2,2
1788473721.67,1179.51,5.30,-0.01,MANIPULATE,destrava,2,2
1788473721.78,1179.61,5.46,-0.01,MANIPULATE,destrava,2,2
1788473721.88,1179.72,5.50,-0.01,MANIPULATE,destrava,2,2
1788473721.98,1179.81,5.44,-0.01,MANIPULATE,destrava,2,2
1788473722.08,1179.91,5.33,-0.01,MANIPULATE,destrava,2,2
1788473722.18,1180.01,5.14,-0.00,MANIPULATE,destrava,2,2
1788473722.29,1180.12,4.92,-0.02,MANIPULATE,destrava,2,2
1788473722.39,1180.22,4.60,-0.03,MANIPULATE,destrava,2,2
1788473722.49,1180.31,4.56,-0.01,MANIPULATE,destrava,2,2
1788473722.59,1180.41,4.76,-0.01,MANIPULATE,destrava,2,2
1788473722.69,1180.52,4.69,-0.01,MANIPULATE,destrava,2,2
1788473722.79,1180.61,4.71,-0.01,MANIPULATE,destrava,2,2
1788473722.89,1180.71,4.49,-0.03,MANIPULATE,destrava,2,2
1788473722.99,1180.82,4.30,-0.00,MANIPULATE,destrava,2,2
1788473723.10,1180.92,4.48,-0.01,MANIPULATE,destrava,2,2
1788473723.20,1181.02,4.34,-0.01,MANIPULATE,destrava,2,2
1788473723.30,1181.12,4.39,-0.02,MANIPULATE,destrava,2,2
1788473723.40,1181.21,4.36,-0.03,MANIPULATE,destrava,2,2
1788473723.50,1181.31,4.29,-0.00,MANIPULATE,destrava,2,2
1788473723.60,1181.41,4.19,-0.00,MANIPULATE,destrava,2,2
1788473723.71,1181.52,4.16,-0.01,MANIPULATE,destrava,2,2
1788473723.81,1181.61,4.14,-0.02,MANIPULATE,destrava,2,2
1788473723.91,1181.71,3.98,-0.00,MANIPULATE,destrava,2,2
1788473724.01,1181.82,4.06,-0.02,MANIPULATE,destrava,2,2
1788473724.11,1181.91,4.03,-0.00,MANIPULATE,destrava,2,2
1788473724.21,1182.01,4.17,-0.01,MANIPULATE,destrava,2,2
1788473724.32,1182.12,4.22,-0.02,MANIPULATE,destrava,2,2
1788473724.42,1182.22,4.23,-0.00,MANIPULATE,destrava,2,2
1788473724.53,1182.32,4.39,-0.00,MANIPULATE,destrava,2,2
1788473724.63,1182.41,4.54,-0.02,MANIPULATE,destrava,2,2
1788473724.73,1182.51,4.48,-0.02,MANIPULATE,destrava,2,2
1788473724.83,1182.61,4.33,-0.02,MANIPULATE,destrava,2,2
1788473724.93,1182.71,4.26,-0.02,MANIPULATE,destrava,2,2
1788473725.03,1182.82,4.24,-0.02,MANIPULATE,destrava,2,2
1788473725.13,1182.91,4.38,-0.01,MANIPULATE,destrava,2,2
1788473725.23,1183.02,4.70,-0.00,MANIPULATE,destrava,2,2
1788473725.33,1183.12,4.70,-0.02,MANIPULATE,destrava,2,2
1788473725.43,1183.21,4.64,-0.02,MANIPULATE,destrava,2,2
1788473725.54,1183.32,4.59,-0.02,MANIPULATE,destrava,2,2
1788473725.63,1183.42,4.48,-0.02,MANIPULATE,destrava,2,2
1788473725.73,1183.51,4.41,-0.02,MANIPULATE,destrava,2,2
1788473725.83,1183.61,4.45,-0.02,MANIPULATE,destrava,2,2
1788473725.94,1183.71,4.46,-0.02,MANIPULATE,destrava,2,2
1788473726.04,1183.81,4.49,-0.02,MANIPULATE,destrava,2,2
1788473726.15,1183.92,4.60,-0.02,MANIPULATE,destrava,2,2
1788473726.24,1184.01,4.69,-0.01,MANIPULATE,destrava,2,2
1788473726.34,1184.12,4.80,-0.02,MANIPULATE,destrava,2,2
1788473726.44,1184.21,4.92,-0.01,MANIPULATE,destrava,2,2
1788473726.55,1184.32,5.01,-0.02,MANIPULATE,destrava,2,2
1788473726.65,1184.42,5.20,-0.02,MANIPULATE,destrava,2,2
1788473726.75,1184.52,5.30,-0.02,MANIPULATE,destrava,2,2
1788473726.85,1184.62,5.50,-0.02,MANIPULATE,destrava,2,2
1788473726.95,1184.71,5.71,-0.02,MANIPULATE,destrava,2,2
1788473727.05,1184.82,5.92,-0.02,MANIPULATE,destrava,2,2
1788473727.16,1184.92,6.11,-0.02,MANIPULATE,destrava,2,2
1788473727.25,1185.02,6.39,-0.02,MANIPULATE,destrava,2,2
1788473727.35,1185.11,6.67,-0.01,MANIPULATE,destrava,2,2
1788473727.45,1185.21,7.01,-0.01,MANIPULATE,destrava,2,2
1788473727.56,1185.32,7.34,-0.00,MANIPULATE,destrava,2,2
1788473727.66,1185.42,7.71,-0.01,MANIPULATE,destrava,2,2
1788473727.76,1185.52,8.11,-0.01,MANIPULATE,destrava,2,2
1788473727.86,1185.61,8.52,-0.01,MANIPULATE,destrava,2,2
1788473727.97,1185.72,9.26,-0.00,MANIPULATE,destrava,2,2
1788473728.06,1185.81,9.57,-0.02,MANIPULATE,destrava,2,2
1788473728.16,1185.91,10.31,-0.02,MANIPULATE,destrava,3,3
1788473728.27,1186.01,10.92,-0.02,MANIPULATE,destrava,1,1
1788473728.37,1186.12,11.47,-0.03,MANIPULATE,destrava,2,2
1788473728.47,1186.21,12.09,-0.03,MANIPULATE,destrava,2,2
1788473728.57,1186.32,12.51,-0.05,MANIPULATE,destrava,2,2
1788473728.67,1186.41,13.05,-0.05,MANIPULATE,destrava,2,2
1788473728.77,1186.52,13.68,-0.02,MANIPULATE,destrava,2,2
1788473728.88,1186.61,14.22,-0.02,MANIPULATE,destrava,2,2
1788473728.98,1186.71,14.78,-0.04,MANIPULATE,destrava,2,2
1788473729.09,1186.82,15.27,-0.01,MANIPULATE,destrava,2,2
1788473729.18,1186.91,15.86,-0.05,MANIPULATE,destrava,2,2
1788473729.28,1187.01,16.36,-0.04,MANIPULATE,destrava,2,2
1788473729.38,1187.12,16.99,-0.03,MANIPULATE,destrava,2,2
1788473729.48,1187.21,17.60,-0.03,MANIPULATE,destrava,2,2
1788473729.59,1187.32,18.15,-0.04,MANIPULATE,destrava,2,2
1788473729.69,1187.41,18.66,-0.04,MANIPULATE,destrava,2,2
1788473729.78,1187.51,19.20,-0.06,MANIPULATE,destrava,2,2
1788473729.88,1187.61,19.77,-0.05,MANIPULATE,destrava,2,2
1788473729.99,1187.72,20.02,-0.03,MANIPULATE,destrava,2,2
1788473730.09,1187.82,20.02,-0.03,MANIPULATE,destrava,2,2
1788473730.19,1187.91,20.01,-0.04,MANIPULATE,destrava,2,2
1788473730.29,1188.02,20.02,-0.05,MANIPULATE,destrava,2,2
1788473730.39,1188.11,20.00,-0.04,MANIPULATE,destrava,2,2
1788473730.49,1188.21,20.00,-0.04,MANIPULATE,destrava,2,2
1788473730.59,1188.32,20.02,-0.04,MANIPULATE,destrava,2,2
1788473730.69,1188.41,20.00,-0.04,MANIPULATE,destrava,2,2
1788473730.79,1188.52,20.01,-0.06,MANIPULATE,destrava,2,2
1788473730.89,1188.62,20.01,-0.04,MANIPULATE,destrava,2,2
1788473731.00,1188.72,20.02,-0.03,MANIPULATE,destrava,2,2
1788473731.10,1188.82,20.01,-0.03,MANIPULATE,destrava,2,2
1788473731.20,1188.91,20.00,-0.05,MANIPULATE,destrava,2,2
1788473731.30,1189.02,20.01,-0.04,MANIPULATE,destrava,2,2
1788473731.40,1189.12,20.02,-0.03,MANIPULATE,destrava,2,2
1788473731.50,1189.21,20.02,-0.03,MANIPULATE,destrava,2,2
1788473731.60,1189.31,20.01,-0.04,MANIPULATE,destrava,2,2
1788473731.70,1189.41,20.01,-0.03,MANIPULATE,destrava,2,2
1788473731.80,1189.51,20.02,-0.04,MANIPULATE,destrava,2,2
1788473731.90,1189.61,20.01,-0.03,MANIPULATE,destrava,2,2
1788473732.01,1189.72,20.01,-0.03,MANIPULATE,destrava,2,2
1788473732.11,1189.82,20.01,-0.07,MANIPULATE,destrava,2,2
1788473732.21,1189.91,20.02,-0.07,MANIPULATE,destrava,2,2
1788473732.31,1190.02,20.02,-0.06,MANIPULATE,destrava,2,2
1788473732.41,1190.12,20.01,-0.06,MANIPULATE,destrava,2,2
1788473732.51,1190.22,20.02,-0.07,MANIPULATE,destrava,2,2
1788473732.61,1190.32,20.03,-0.04,MANIPULATE,destrava,2,2
1788473732.71,1190.41,20.04,-0.07,MANIPULATE,destrava,2,2
1788473732.81,1190.52,20.04,-0.07,MANIPULATE,destrava,2,2
1788473732.91,1190.61,20.02,-0.06,MANIPULATE,destrava,2,2
1788473733.02,1190.72,20.03,-0.01,MANIPULATE,destrava,2,2
1788473733.12,1190.81,20.05,-0.04,MANIPULATE,destrava,2,2
1788473733.22,1190.91,20.02,-0.04,MANIPULATE,destrava,2,2
1788473733.32,1191.01,20.02,-0.05,MANIPULATE,destrava,2,2
1788473733.42,1191.11,20.03,0.02,MANIPULATE,destrava,2,2
1788473733.52,1191.21,20.04,-0.05,MANIPULATE,destrava,2,2
1788473733.62,1191.31,20.06,-0.02,MANIPULATE,destrava,2,2
1788473733.72,1191.41,20.04,-0.04,MANIPULATE,destrava,2,2
1788473733.83,1191.52,20.02,-0.04,MANIPULATE,destrava,2,2
1788473733.92,1191.61,20.05,-0.01,MANIPULATE,destrava,2,2
1788473734.02,1191.71,20.03,0.02,MANIPULATE,destrava,2,2
1788473734.12,1191.82,20.04,-0.01,MANIPULATE,destrava,2,2
1788473734.23,1191.92,20.02,-0.03,MANIPULATE,destrava,2,2
1788473734.33,1192.01,20.10,-0.02,MANIPULATE,destrava,2,2
1788473734.43,1192.12,20.01,-0.06,MANIPULATE,destrava,2,2
1788473734.53,1192.21,20.04,-0.03,MANIPULATE,destrava,2,2
1788473734.63,1192.32,20.06,-0.01,MANIPULATE,destrava,2,2
1788473734.73,1192.42,20.01,-0.01,MANIPULATE,destrava,2,2
1788473734.84,1192.52,20.05,-0.02,MANIPULATE,destrava,2,2
1788473734.94,1192.62,20.03,-0.03,MANIPULATE,destrava,2,2
1788473735.03,1192.71,20.10,-0.03,MANIPULATE,destrava,2,2
1788473735.14,1192.82,20.05,-0.04,MANIPULATE,destrava,2,2
1788473735.24,1192.92,20.03,-0.02,MANIPULATE,destrava,2,2
1788473735.34,1193.01,20.06,-0.03,MANIPULATE,destrava,2,2
1788473735.44,1193.12,20.05,-0.02,MANIPULATE,destrava,2,2
1788473735.54,1193.22,20.05,-0.01,MANIPULATE,destrava,2,2
1788473735.65,1193.32,20.05,-0.04,MANIPULATE,destrava,2,2
1788473735.75,1193.42,20.09,-0.02,MANIPULATE,destrava,2,2
1788473735.85,1193.52,20.05,-0.04,MANIPULATE,destrava,2,2
1788473735.95,1193.61,20.06,-0.03,MANIPULATE,destrava,2,2
1788473736.06,1193.72,20.04,-0.05,MANIPULATE,destrava,2,2
1788473736.16,1193.82,20.05,-0.04,MANIPULATE,destrava,2,2
1788473736.26,1193.92,20.05,-0.03,MANIPULATE,destrava,2,2
1788473736.36,1194.02,20.06,-0.01,MANIPULATE,destrava,2,2
1788473736.46,1194.12,20.05,-0.04,MANIPULATE,destrava,2,2
1788473736.56,1194.22,20.07,-0.01,MANIPULATE,destrava,2,2
1788473736.66,1194.31,20.06,-0.03,MANIPULATE,destrava,2,2
1788473736.76,1194.41,20.04,-0.02,MANIPULATE,destrava,2,2
1788473736.86,1194.52,20.04,-0.02,MANIPULATE,destrava,2,2
1788473736.96,1194.62,20.04,-0.01,MANIPULATE,destrava,2,2
1788473737.07,1194.72,20.05,-0.04,MANIPULATE,destrava,2,2
1788473737.16,1194.81,20.04,-0.01,MANIPULATE,destrava,2,2
1788473737.27,1194.92,20.05,-0.04,MANIPULATE,destrava,2,2
1788473737.37,1195.02,20.05,-0.05,MANIPULATE,destrava,2,2
1788473737.47,1195.12,20.05,-0.04,MANIPULATE,destrava,2,2
1788473737.57,1195.21,20.06,-0.03,MANIPULATE,destrava,2,2
1788473737.67,1195.31,20.06,-0.03,MANIPULATE,destrava,2,2
1788473737.77,1195.41,20.02,-0.03,MANIPULATE,destrava,2,2
1788473737.87,1195.52,20.07,-0.04,MANIPULATE,destrava,2,2
1788473737.97,1195.61,20.02,-0.05,MANIPULATE,destrava,2,2
1788473738.07,1195.71,20.05,-0.05,MANIPULATE,destrava,2,2
1788473738.18,1195.82,20.05,-0.05,MANIPULATE,destrava,2,2
1788473738.28,1195.92,20.05,-0.07,MANIPULATE,destrava,2,2
1788473738.38,1196.02,20.03,-0.03,MANIPULATE,destrava,2,2
1788473738.48,1196.11,20.04,-0.02,MANIPULATE,destrava,2,2
1788473738.58,1196.21,20.02,-0.05,MANIPULATE,destrava,2,2
1788473738.69,1196.32,20.05,-0.02,MANIPULATE,destrava,2,2
1788473738.79,1196.41,20.02,-0.01,MANIPULATE,destrava,2,2
1788473738.90,1196.52,20.01,-0.01,MANIPULATE,destrava,2,2
1788473739.00,1196.62,20.07,-0.01,MANIPULATE,destrava,2,2
1788473739.09,1196.71,20.00,-0.03,MANIPULATE,destrava,2,2
1788473739.20,1196.82,20.00,-0.02,MANIPULATE,destrava,2,2
1788473739.30,1196.91,20.01,-0.05,MANIPULATE,destrava,2,2
1788473739.40,1197.02,20.03,-0.01,MANIPULATE,destrava,2,2
1788473739.50,1197.12,20.01,-0.03,MANIPULATE,destrava,2,2
1788473739.60,1197.22,20.01,-0.03,MANIPULATE,destrava,2,2
1788473739.71,1197.32,20.02,-0.03,MANIPULATE,destrava,2,2
1788473739.81,1197.41,20.05,-0.06,MANIPULATE,destrava,2,2
1788473739.91,1197.51,20.01,-0.10,MANIPULATE,destrava,2,2
1788473740.01,1197.62,20.02,-0.09,MANIPULATE,destrava,2,2
1788473740.11,1197.72,20.01,-0.07,MANIPULATE,destrava,1,1
1788473740.21,1197.82,20.00,-0.08,MANIPULATE,destrava,3,3
1788473740.32,1197.92,20.01,-0.09,MANIPULATE,destrava,2,2
1788473740.42,1198.02,20.00,-0.04,MANIPULATE,destrava,2,2
1788473740.52,1198.12,20.02,-0.05,MANIPULATE,destrava,2,2
1788473740.62,1198.21,20.01,-0.08,MANIPULATE,destrava,2,2
1788473740.71,1198.31,20.01,-0.09,MANIPULATE,destrava,2,2
1788473740.81,1198.41,20.00,-0.07,MANIPULATE,destrava,2,2
1788473740.92,1198.52,20.01,-0.08,MANIPULATE,destrava,2,2
1788473741.02,1198.61,20.01,-0.08,MANIPULATE,destrava,2,2
1788473741.12,1198.71,19.97,-0.07,MANIPULATE,destrava,2,2
1788473741.22,1198.81,19.91,-0.04,MANIPULATE,destrava,2,2
1788473741.32,1198.91,20.01,-0.07,MANIPULATE,destrava,2,2
1788473741.42,1199.01,20.02,-0.09,MANIPULATE,destrava,2,2
1788473741.53,1199.12,19.88,-0.07,MANIPULATE,destrava,2,2
1788473741.63,1199.22,19.97,-0.11,MANIPULATE,destrava,2,2
1788473741.73,1199.32,19.90,-0.08,MANIPULATE,destrava,2,2
1788473741.83,1199.42,19.86,-0.08,MANIPULATE,destrava,2,2
1788473741.93,1199.52,19.99,-0.07,MANIPULATE,destrava,2,2
1788473742.03,1199.62,19.73,-0.06,MANIPULATE,destrava,2,2
1788473742.13,1199.72,19.79,-0.08,MANIPULATE,destrava,2,2
1788473742.23,1199.81,19.77,-0.07,MANIPULATE,destrava,2,2
1788473742.33,1199.91,19.69,-0.08,MANIPULATE,destrava,2,2
1788473742.43,1200.01,19.64,-0.02,MANIPULATE,destrava,2,2
1788473742.54,1200.12,19.65,-0.07,MANIPULATE,destrava,2,2
1788473742.64,1200.22,19.37,-0.03,MANIPULATE,destrava,2,2
1788473742.74,1200.32,19.23,-0.07,MANIPULATE,destrava,2,2
1788473742.84,1200.42,19.04,-0.03,MANIPULATE,destrava,2,2
1788473742.95,1200.52,18.92,-0.06,MANIPULATE,destrava,2,2
1788473743.05,1200.61,18.80,-0.08,MANIPULATE,destrava,2,2
1788473743.15,1200.71,18.75,-0.07,MANIPULATE,destrava,2,2
1788473743.25,1200.81,18.60,-0.10,MANIPULATE,destrava,2,2
1788473743.36,1200.92,18.41,-0.12,MANIPULATE,destrava,2,2
1788473743.45,1201.02,18.36,-0.08,MANIPULATE,destrava,2,2
1788473743.55,1201.11,18.19,-0.10,MANIPULATE,destrava,2,2
1788473743.65,1201.21,18.03,-0.10,MANIPULATE,destrava,2,2
1788473743.75,1201.32,17.89,-0.08,MANIPULATE,destrava,2,2
1788473743.86,1201.42,17.73,-0.12,MANIPULATE,destrava,2,2
1788473743.96,1201.52,17.67,-0.03,MANIPULATE,destrava,2,2
1788473744.06,1201.62,17.50,-0.09,MANIPULATE,destrava,2,2
1788473744.16,1201.72,17.35,-0.10,MANIPULATE,destrava,2,2
1788473744.26,1201.81,17.26,-0.02,MANIPULATE,destrava,2,2
1788473744.36,1201.91,17.17,-0.10,MANIPULATE,destrava,2,2
1788473744.46,1202.01,17.09,-0.03,MANIPULATE,destrava,2,2
1788473744.56,1202.12,17.10,-0.10,MANIPULATE,destrava,2,2
1788473744.66,1202.21,16.96,-0.10,MANIPULATE,destrava,2,2
1788473744.77,1202.32,16.97,-0.10,MANIPULATE,destrava,2,2
1788473744.87,1202.42,16.90,-0.10,MANIPULATE,destrava,2,2
1788473744.97,1202.51,16.78,-0.03,MANIPULATE,destrava,2,2
1788473745.07,1202.62,16.80,-0.10,MANIPULATE,destrava,2,2
1788473745.18,1202.72,16.74,-0.07,MANIPULATE,destrava,2,2
1788473745.28,1202.82,16.73,-0.10,MANIPULATE,destrava,2,2
1788473745.38,1202.92,16.70,-0.11,MANIPULATE,destrava,2,2
1788473745.48,1203.01,16.71,-0.07,MANIPULATE,destrava,2,2
1788473745.58,1203.12,16.66,-0.06,MANIPULATE,destrava,2,2
1788473745.68,1203.21,16.63,-0.08,MANIPULATE,destrava,2,2
1788473745.78,1203.31,16.62,-0.07,MANIPULATE,destrava,2,2
1788473745.89,1203.42,16.58,-0.08,MANIPULATE,destrava,2,2
1788473746.00,1203.52,16.64,-0.07,MANIPULATE,destrava,2,2
1788473746.10,1203.62,16.71,-0.06,MANIPULATE,destrava,2,2
1788473746.20,1203.72,16.69,-0.06,MANIPULATE,destrava,2,2
1788473746.30,1203.82,16.73,-0.09,MANIPULATE,destrava,2,2
1788473746.40,1203.91,16.69,-0.09,MANIPULATE,destrava,2,2
1788473746.50,1204.02,16.79,-0.06,MANIPULATE,destrava,2,2
1788473746.60,1204.11,16.88,-0.07,MANIPULATE,destrava,2,2
1788473746.70,1204.21,16.95,-0.09,MANIPULATE,destrava,2,2
1788473746.81,1204.32,17.09,-0.06,MANIPULATE,destrava,2,2
1788473746.91,1204.41,17.11,-0.06,MANIPULATE,destrava,2,2
1788473747.01,1204.52,17.27,-0.03,MANIPULATE,destrava,2,2
1788473747.11,1204.62,17.38,-0.09,MANIPULATE,destrava,2,2
1788473747.22,1204.72,17.60,-0.09,MANIPULATE,destrava,2,2
1788473747.32,1204.81,17.70,-0.05,MANIPULATE,destrava,2,2
1788473747.42,1204.91,17.90,-0.08,MANIPULATE,destrava,2,2
1788473747.52,1205.02,18.10,-0.07,MANIPULATE,destrava,2,2
1788473747.63,1205.12,18.25,-0.05,MANIPULATE,destrava,2,2
1788473747.73,1205.21,18.46,-0.08,MANIPULATE,destrava,2,2
1788473747.83,1205.32,18.59,-0.06,MANIPULATE,destrava,2,2
1788473747.93,1205.41,18.79,-0.08,MANIPULATE,destrava,2,2
1788473748.03,1205.51,18.97,-0.08,MANIPULATE,destrava,2,2
1788473748.13,1205.61,19.15,-0.08,MANIPULATE,destrava,2,2
1788473748.24,1205.72,19.27,-0.06,MANIPULATE,destrava,2,2
1788473748.33,1205.82,19.48,-0.09,MANIPULATE,destrava,2,2
1788473748.43,1205.91,19.62,-0.08,MANIPULATE,destrava,2,2
1788473748.53,1206.01,19.73,-0.09,MANIPULATE,destrava,2,2
1788473748.63,1206.11,19.80,-0.09,MANIPULATE,destrava,2,2
1788473748.74,1206.22,19.88,-0.07,MANIPULATE,destrava,2,2
1788473748.83,1206.31,19.96,-0.09,MANIPULATE,destrava,2,2
1788473748.93,1206.41,20.01,-0.07,MANIPULATE,destrava,2,2
1788473749.03,1206.51,19.99,-0.07,MANIPULATE,destrava,2,2
1788473749.14,1206.61,19.94,-0.09,MANIPULATE,destrava,2,2
1788473749.24,1206.71,19.96,-0.04,MANIPULATE,destrava,2,2
1788473749.34,1206.81,19.92,-0.06,MANIPULATE,destrava,2,2
1788473749.44,1206.92,20.01,-0.05,MANIPULATE,destrava,2,2
1788473749.54,1207.02,19.95,-0.06,MANIPULATE,destrava,2,2
1788473749.64,1207.12,19.92,-0.07,MANIPULATE,destrava,2,2
1788473749.74,1207.21,19.89,-0.09,MANIPULATE,destrava,2,2
1788473749.85,1207.32,19.83,-0.06,MANIPULATE,destrava,2,2
1788473749.95,1207.42,19.78,-0.09,MANIPULATE,destrava,2,2
1788473750.05,1207.52,19.71,-0.05,MANIPULATE,destrava,2,2
1788473750.15,1207.61,19.76,-0.08,MANIPULATE,destrava,2,2
1788473750.25,1207.71,19.73,-0.08,MANIPULATE,destrava,2,2
1788473750.35,1207.82,19.62,-0.06,MANIPULATE,destrava,2,2
1788473750.46,1207.92,19.52,-0.09,MANIPULATE,destrava,2,2
1788473750.56,1208.02,19.46,-0.06,MANIPULATE,destrava,2,2
1788473750.66,1208.12,19.40,-0.09,MANIPULATE,destrava,2,2
1788473750.76,1208.21,19.27,-0.06,MANIPULATE,destrava,2,2
1788473750.86,1208.31,19.28,-0.07,MANIPULATE,destrava,2,2
1788473750.96,1208.41,19.22,-0.04,MANIPULATE,destrava,2,2
1788473751.06,1208.52,19.13,-0.06,MANIPULATE,destrava,2,3
1788473751.17,1208.62,18.98,-0.07,MANIPULATE,destrava,0,0
1788473751.27,1208.72,19.03,-0.08,ABORT_SAFE,destrava,0,1
1788473751.38,1208.82,19.13,-0.09,ABORT_SAFE,destrava,0,0
1788473751.49,1208.91,19.28,-0.07,ABORT_SAFE,destrava,0,0
1788473751.59,1209.02,19.42,-0.04,ABORT_SAFE,destrava,0,0
1788473751.69,1209.11,19.62,-0.08,ABORT,destrava,0,0
1788473751.79,1209.21,19.81,-0.05,ABORT,destrava,0,0
1788473751.90,1209.32,17.58,0.03,ABORT,destrava,0,0
1788473752.00,1209.42,15.25,-0.23,ABORT,destrava,0,0
1788473752.11,1209.52,19.90,-0.10,ABORT,destrava,0,0
1788473752.22,1209.62,19.26,0.08,ABORT,destrava,0,0
1788473752.32,1209.72,19.27,0.53,ABORT,destrava,0,0
1788473752.42,1209.82,19.85,0.44,ABORT,destrava,0,0
1788473752.52,1209.92,19.83,-0.01,ABORT,destrava,0,0
1788473752.62,1210.01,19.75,-0.07,ABORT,destrava,0,0
1788473752.72,1210.11,19.80,-0.03,ABORT,destrava,0,0
1788473752.82,1210.21,20.00,-0.00,ABORT,destrava,0,0
1788473752.92,1210.31,20.00,0.00,ABORT,destrava,0,0
1788473753.02,1210.41,0.00,0.00,ABORT,destrava,0,0
1788473753.12,1210.51,0.01,-0.00,ABORT,destrava,0,0
1788473753.22,1210.61,-0.00,0.00,ABORT,destrava,0,0
1788473753.32,1210.71,0.01,0.00,ABORT,destrava,0,0
1788473753.42,1210.82,-0.00,0.00,ABORT,destrava,0,0
1788473753.52,1210.91,0.00,0.00,ABORT,destrava,0,0
1788473753.62,1211.01,0.00,0.00,ABORT,destrava,0,0
1788473753.72,1211.11,0.00,0.00,ABORT,destrava,0,0
1788473753.83,1211.21,-0.00,0.00,ABORT,destrava,0,0
1788473753.92,1211.31,-0.00,0.00,ABORT,destrava,0,0
1788473754.02,1211.41,0.00,0.00,ABORT,destrava,0,0
1788473754.13,1211.52,0.00,0.00,ABORT,destrava,0,0
1788473754.23,1211.62,0.00,0.00,ABORT,destrava,0,0
1788473754.33,1211.72,-0.00,0.00,ABORT,destrava,0,0
1788473754.43,1211.82,0.01,0.00,ABORT,destrava,0,0
1788473754.54,1211.92,-0.00,0.00,ABORT,destrava,0,0
1788473754.64,1212.02,0.01,0.00,ABORT,destrava,0,0
1788473754.74,1212.12,-0.00,0.00,ABORT,destrava,0,0
1788473754.84,1212.22,0.01,0.00,ABORT,destrava,0,0
1788473754.95,1212.32,0.01,0.00,ABORT,destrava,0,0
1788473755.05,1212.42,0.00,0.00,ABORT,destrava,0,0
1788473755.15,1212.51,-0.00,0.00,ABORT,saida_eixo,0,0
1788473755.25,1212.61,0.01,0.00,ABORT,saida_eixo,0,0
1788473755.35,1212.71,-0.00,0.00,ABORT,saida_eixo,0,0
1788473755.45,1212.82,0.00,0.00,ABORT,saida_eixo,0,0
1788473755.55,1212.91,0.00,0.00,ABORT,saida_eixo,0,0
1788473755.65,1213.01,0.00,0.00,ABORT,saida_eixo,0,0
1788473755.75,1213.11,-0.00,0.00,ABORT,saida_eixo,0,0
1788473755.85,1213.21,-0.00,0.00,ABORT,saida_eixo,0,0
1788473755.95,1213.31,0.00,0.00,ABORT,saida_eixo,0,0
1788473756.05,1213.41,0.01,0.00,ABORT,saida_eixo,0,0
1788473756.16,1213.52,0.00,0.00,ABORT,saida_eixo,0,0
1788473756.26,1213.62,0.01,0.00,ABORT,saida_eixo,0,0
1788473756.36,1213.71,0.01,0.00,ABORT,saida_eixo,0,0
1788473756.46,1213.81,-0.00,0.00,ABORT,saida_eixo,0,0
1788473756.56,1213.91,-0.00,0.00,ABORT,saida_eixo,0,0
1788473756.66,1214.02,0.01,0.00,ABORT,saida_eixo,0,0
1788473756.77,1214.12,-0.00,0.00,ABORT,saida_eixo,0,0
1788473756.87,1214.22,0.00,0.00,ABORT,saida_eixo,0,0
1788473756.98,1214.32,0.01,0.00,ABORT,saida_eixo,0,0
1788473757.08,1214.42,0.00,0.00,ABORT,saida_eixo,0,0
1788473757.18,1214.52,0.00,0.00,ABORT,saida_eixo,0,0
1788473757.28,1214.62,0.00,0.00,ABORT,saida_eixo,0,0
1788473757.39,1214.72,0.01,0.00,ABORT,saida_eixo,0,0
1788473757.49,1214.82,-0.00,0.00,ABORT,saida_eixo,0,0
1788473757.59,1214.91,0.00,0.00,ABORT,saida_eixo,0,0
1788473757.69,1215.01,0.01,0.00,ABORT,saida_eixo,0,0
1788473757.78,1215.11,0.01,0.00,ABORT,saida_eixo,0,0
1788473757.89,1215.22,0.01,0.00,ABORT,saida_eixo,0,0
1788473758.00,1215.32,0.00,0.00,ABORT,saida_eixo,0,0
1788473758.09,1215.42,-0.00,0.00,ABORT,saida_eixo,0,0
1788473758.19,1215.52,-0.00,0.00,ABORT,saida_eixo,0,0
1788473758.29,1215.61,-0.00,0.00,ABORT,saida_eixo,0,0
1788473758.39,1215.71,-0.00,0.00,ABORT,saida_eixo,0,0
1788473758.50,1215.82,0.01,0.00,ABORT,saida_eixo,0,0
1788473758.59,1215.91,0.01,0.00,ABORT,saida_eixo,0,0
1788473758.69,1216.01,-0.00,0.00,ABORT,saida_eixo,0,0
1788473758.79,1216.11,-0.00,0.00,ABORT,saida_eixo,0,0
1788473758.90,1216.21,0.00,0.00,ABORT,saida_eixo,0,0
1788473759.00,1216.31,0.00,0.00,ABORT,saida_eixo,0,0
1788473759.10,1216.42,0.00,0.00,ABORT,saida_eixo,0,0
1788473759.20,1216.51,0.01,0.00,ABORT,saida_eixo,0,0
1788473759.30,1216.61,0.00,0.00,ABORT,saida_eixo,0,0
1788473759.40,1216.71,0.00,0.00,ABORT,saida_eixo,0,0
1788473759.50,1216.82,0.00,0.00,ABORT,saida_eixo,0,0
1788473759.61,1216.92,-0.00,0.00,ABORT,saida_eixo,0,0
1788473759.72,1217.02,0.01,0.00,ABORT,saida_eixo,0,0
1788473759.82,1217.12,0.00,0.00,ABORT,saida_eixo,0,0
1788473759.92,1217.22,0.01,0.00,ABORT,saida_eixo,0,0
1788473760.03,1217.32,0.00,0.00,ABORT,saida_eixo,0,0
1788473760.13,1217.42,0.01,0.00,ABORT,saida_eixo,0,0
1788473760.24,1217.52,-0.00,0.00,ABORT,saida_eixo,0,0
1788473760.34,1217.61,0.01,0.00,ABORT,saida_eixo,0,0
1788473760.44,1217.71,0.01,0.00,ABORT,saida_eixo,0,0
1788473760.54,1217.81,-0.00,0.00,ABORT,saida_eixo,0,0
1788473760.64,1217.91,0.01,0.00,ABORT,saida_eixo,0,0
1788473760.74,1218.01,0.01,0.00,ABORT,saida_eixo,0,0
1788473760.84,1218.12,-0.00,0.00,ABORT,saida_eixo,0,0
1788473760.94,1218.21,0.00,0.00,ABORT,saida_eixo,0,0
1788473761.04,1218.31,-0.00,0.00,ABORT,saida_eixo,0,0
1788473761.14,1218.42,0.00,0.00,ABORT,saida_eixo,0,0
1788473761.24,1218.52,0.01,0.00,ABORT,saida_eixo,0,0
1788473761.34,1218.61,-0.00,0.00,ABORT,saida_eixo,0,0
1788473761.44,1218.71,-0.00,0.00,ABORT,saida_eixo,0,0
1788473761.54,1218.81,0.01,0.00,ABORT,saida_eixo,0,0
1788473761.64,1218.91,0.01,0.00,ABORT,saida_eixo,0,0
1788473761.74,1219.01,0.00,0.00,ABORT,saida_eixo,0,0
1788473761.84,1219.11,0.00,0.00,ABORT,saida_eixo,0,0
1788473761.94,1219.21,0.00,0.00,ABORT,saida_eixo,0,0
1788473762.04,1219.31,-0.00,0.00,ABORT,saida_eixo,0,0
1788473762.14,1219.41,-0.00,0.00,ABORT,saida_eixo,0,0
1788473762.24,1219.51,0.01,0.00,ABORT,saida_eixo,0,0
1788473762.35,1219.62,-0.00,0.00,ABORT,saida_eixo,0,0
1788473762.46,1219.72,0.00,0.00,ABORT,saida_eixo,0,0
1788473762.56,1219.82,0.01,0.00,ABORT,saida_eixo,0,0
1788473762.67,1219.92,0.01,0.00,ABORT,saida_eixo,0,0
1788473762.77,1220.02,0.00,0.00,ABORT,saida_eixo,0,0
1788473762.88,1220.12,0.00,0.00,ABORT,saida_eixo,0,0
1788473762.98,1220.21,-0.00,0.00,ABORT,saida_eixo,0,0
1788473763.08,1220.31,0.00,0.00,ABORT,saida_eixo,0,0
1788473763.18,1220.41,0.01,0.00,ABORT,saida_eixo,0,0
1788473763.28,1220.51,0.00,0.00,ABORT,saida_eixo,0,0
1788473763.38,1220.61,0.00,0.00,ABORT,saida_eixo,0,0
1788473763.48,1220.71,0.01,0.00,ABORT,saida_eixo,0,0
1788473763.58,1220.82,0.00,0.00,ABORT,saida_eixo,0,0
1788473763.68,1220.92,0.01,0.00,ABORT,saida_eixo,0,0
1788473763.78,1221.02,0.00,0.00,ABORT,saida_eixo,0,0
1788473763.88,1221.11,0.01,0.00,ABORT,saida_eixo,0,0
1788473763.99,1221.21,-0.00,0.00,ABORT,saida_eixo,0,0
1788473764.10,1221.32,0.01,0.00,ABORT,saida_eixo,0,0
1788473764.20,1221.42,0.01,0.00,ABORT,saida_eixo,0,2
1788473764.30,1221.51,0.00,0.00,ABORT,saida_eixo,0,2
1788473764.40,1221.61,0.01,0.00,ABORT,saida_eixo,0,2
1788473764.50,1221.71,0.00,0.00,ABORT,saida_eixo,0,2
1788473764.60,1221.81,-0.00,0.00,ABORT,saida_eixo,0,2
1788473764.70,1221.92,0.01,0.00,ABORT,saida_eixo,0,2
1788473764.81,1222.02,0.00,0.00,ABORT,saida_eixo,0,2
1788473764.91,1222.12,0.00,0.00,ABORT,saida_eixo,0,2
1788473765.01,1222.22,-0.00,0.00,ABORT,saida_eixo,0,2
1788473765.12,1222.32,-0.00,0.00,ABORT,saida_eixo,0,2
1788473765.22,1222.41,-0.00,0.00,ABORT,saida_eixo,0,2
1788473765.32,1222.52,0.01,0.00,ABORT,saida_eixo,0,2
1788473765.42,1222.62,0.00,0.00,ABORT,saida_eixo,0,2
1788473765.53,1222.72,0.00,0.00,ABORT,saida_eixo,0,2
1788473765.64,1222.82,0.00,0.00,ABORT,saida_eixo,0,2
1788473765.74,1222.92,-0.00,0.00,ABORT,saida_eixo,0,2
1788473765.84,1223.02,-0.00,0.00,ABORT,saida_eixo,0,2
1788473765.94,1223.12,0.01,0.00,ABORT,saida_eixo,0,2
1788473766.04,1223.22,0.00,0.00,ABORT,saida_eixo,0,2
1788473766.15,1223.32,0.00,0.00,ABORT,saida_eixo,0,2
1788473766.25,1223.42,0.01,0.00,ABORT,saida_eixo,0,2
1788473766.35,1223.52,-0.00,0.00,ABORT,saida_eixo,0,2
1788473766.46,1223.62,-0.00,0.00,ABORT,saida_eixo,0,2
1788473766.56,1223.72,0.00,0.00,ABORT,saida_eixo,0,2
1788473766.66,1223.82,0.01,0.00,ABORT,saida_eixo,0,2
1788473766.76,1223.92,-0.00,0.00,ABORT,saida_eixo,0,2
1788473766.87,1224.02,-0.00,0.00,ABORT,saida_eixo,0,2
1788473766.97,1224.12,0.01,0.00,ABORT,saida_eixo,0,2
1788473767.07,1224.22,-0.00,0.00,ABORT,saida_eixo,0,2
1788473767.18,1224.32,0.00,0.00,ABORT,saida_eixo,0,2
1788473767.28,1224.41,0.00,0.00,ABORT,saida_eixo,0,2
1788473767.38,1224.52,-0.00,0.00,ABORT,saida_eixo,0,2
1788473767.48,1224.62,-0.00,0.00,ABORT,saida_eixo,0,2
1788473767.58,1224.72,0.01,0.00,ABORT,saida_eixo,0,2
1788473767.68,1224.81,-0.01,0.00,ABORT,saida_eixo,0,2
1788473767.78,1224.92,-0.00,0.00,ABORT,saida_eixo,0,2
1788473767.89,1225.02,0.00,0.00,ABORT,saida_eixo,0,2
1788473767.99,1225.12,0.01,0.00,ABORT,saida_eixo,0,2
1788473768.09,1225.22,-0.01,0.00,ABORT,saida_eixo,0,2
1788473768.19,1225.32,0.00,0.00,ABORT,saida_eixo,0,2
1788473768.29,1225.42,0.01,0.00,ABORT,saida_eixo,0,2
1788473768.40,1225.52,0.00,0.00,ABORT,saida_eixo,0,2
1788473768.50,1225.61,0.00,0.00,ABORT,saida_eixo,0,2
1788473768.60,1225.71,-0.00,0.00,ABORT,saida_eixo,0,2
1788473768.70,1225.81,0.00,0.00,ABORT,saida_eixo,0,2
1788473768.80,1225.92,0.00,0.00,ABORT,saida_eixo,0,2
1788473768.91,1226.02,0.01,0.00,ABORT,saida_eixo,0,2
1788473769.01,1226.12,0.01,0.00,ABORT,saida_eixo,0,2
1788473769.11,1226.22,0.01,0.00,ABORT,saida_eixo,0,2
1788473769.22,1226.32,0.00,0.00,ABORT,saida_eixo,0,2
1788473769.32,1226.42,-0.00,0.00,ABORT,saida_eixo,0,2
1788473769.43,1226.52,0.01,0.00,ABORT,saida_eixo,0,2
1788473769.52,1226.61,-0.00,0.00,ABORT,saida_eixo,0,2
1788473769.62,1226.71,0.00,0.00,ABORT,saida_eixo,0,2
1788473769.72,1226.82,-0.00,0.00,ABORT,saida_eixo,0,2
1788473769.83,1226.92,0.01,0.00,ABORT,saida_eixo,0,2
1788473769.93,1227.01,-0.00,0.00,ABORT,saida_eixo,0,2
1788473770.03,1227.11,-0.00,0.00,ABORT,saida_eixo,0,2
1788473770.13,1227.22,0.01,0.00,ABORT,saida_eixo,0,2
1788473770.23,1227.31,0.01,0.00,ABORT,saida_eixo,0,2
1788473770.33,1227.41,0.00,0.00,ABORT,saida_eixo,0,2
1788473770.43,1227.51,0.01,0.00,ABORT,saida_eixo,0,2
1788473770.53,1227.61,0.00,0.00,ABORT,saida_eixo,0,2
1788473770.63,1227.71,0.01,0.00,ABORT,saida_eixo,0,2
1788473770.73,1227.81,0.01,0.00,ABORT,saida_eixo,0,2
1788473770.83,1227.91,-0.00,0.00,ABORT,saida_eixo,0,2
1788473770.93,1228.01,-0.00,0.00,ABORT,saida_eixo,0,2
1788473771.04,1228.12,0.00,0.00,ABORT,saida_eixo,0,2
1788473771.14,1228.22,0.01,0.00,ABORT,saida_eixo,0,2
1788473771.24,1228.32,0.00,0.00,ABORT,saida_eixo,0,2
1788473771.35,1228.42,0.01,0.00,ABORT,saida_eixo,0,2
1788473771.45,1228.52,-0.00,0.00,ABORT,saida_eixo,0,2
1788473771.55,1228.61,0.01,0.00,ABORT,saida_eixo,0,2
1788473771.65,1228.71,0.00,0.00,ABORT,saida_eixo,0,2
1788473771.75,1228.81,-0.00,0.00,ABORT,saida_eixo,0,2
1788473771.85,1228.92,0.01,0.00,ABORT,saida_eixo,0,2
1788473771.96,1229.02,0.01,0.00,ABORT,saida_eixo,0,2
1788473772.06,1229.12,-0.00,0.00,ABORT,saida_eixo,0,2
1788473772.16,1229.22,0.00,0.00,ABORT,saida_eixo,0,2
1788473772.26,1229.32,-0.00,0.00,ABORT,saida_eixo,0,2
1788473772.37,1229.42,0.00,0.00,ABORT,saida_eixo,0,2
1788473772.48,1229.52,-0.00,0.00,ABORT,saida_eixo,0,2
1788473772.58,1229.62,0.00,0.00,ABORT,saida_eixo,0,2
1788473772.68,1229.72,0.00,0.00,ABORT,saida_eixo,0,2
1788473772.79,1229.82,0.00,0.00,ABORT,saida_eixo,0,2
1788473772.89,1229.92,0.00,0.00,ABORT,saida_eixo,0,2
1788473772.99,1230.02,0.00,0.00,ABORT,saida_eixo,0,2
1788473773.09,1230.12,0.00,0.00,ABORT,saida_eixo,0,2
1788473773.19,1230.22,0.00,0.00,ABORT,saida_eixo,0,2
1788473773.30,1230.32,0.00,0.00,ABORT,saida_eixo,0,2
1788473773.40,1230.41,-0.00,0.00,ABORT,saida_eixo,0,2
1788473773.50,1230.52,-0.01,0.00,ABORT,saida_eixo,0,2
1788473773.61,1230.62,0.00,0.00,ABORT,saida_eixo,0,2
1788473773.71,1230.72,0.01,0.00,ABORT,saida_eixo,0,2
1788473773.81,1230.82,-0.00,0.00,ABORT,saida_eixo,0,2
1788473773.92,1230.92,0.01,0.00,ABORT,saida_eixo,0,2
1788473774.02,1231.02,0.01,0.00,ABORT,saida_eixo,0,2
1788473774.12,1231.12,0.00,0.00,ABORT,saida_eixo,0,2
1788473774.22,1231.22,-0.00,0.00,ABORT,saida_eixo,0,2
1788473774.33,1231.32,0.00,0.00,ABORT,saida_eixo,0,2
1788473774.43,1231.42,-0.00,0.00,ABORT,saida_eixo,0,2
1788473774.53,1231.52,0.00,0.00,ABORT,saida_eixo,0,2
1788473774.63,1231.62,-0.00,0.00,ABORT,saida_eixo,0,2
1788473774.73,1231.72,0.00,0.00,ABORT,saida_eixo,0,2
1788473774.84,1231.82,0.00,0.00,ABORT,saida_eixo,0,2
1788473774.94,1231.92,0.00,0.00,ABORT,saida_eixo,0,2
1788473775.04,1232.02,0.00,0.00,ABORT,saida_eixo,0,2
1788473775.15,1232.12,0.00,0.00,ABORT,saida_eixo,0,2
1788473775.25,1232.22,0.00,0.00,ABORT,saida_eixo,0,2
1788473775.36,1232.32,0.01,0.00,ABORT,saida_eixo,0,2
1788473775.46,1232.42,0.01,0.00,ABORT,saida_eixo,0,2
1788473775.56,1232.51,0.00,0.00,ABORT,saida_eixo,0,2
1788473775.66,1232.61,-0.00,0.00,ABORT,saida_eixo,0,2
1788473775.76,1232.71,0.00,0.00,ABORT,saida_eixo,0,2
1788473775.86,1232.82,-0.00,0.00,ABORT,saida_eixo,0,2
1788473775.97,1232.92,-0.01,0.00,ABORT,saida_eixo,0,2
1788473776.07,1233.02,0.01,0.00,ABORT,saida_eixo,0,2
1788473776.17,1233.12,0.01,0.00,ABORT,saida_eixo,0,2
1788473776.27,1233.22,0.00,0.00,ABORT,saida_eixo,0,2
1788473776.38,1233.32,-0.00,0.00,ABORT,saida_eixo,0,2
1788473776.48,1233.42,0.00,0.00,ABORT,saida_eixo,0,2
1788473776.58,1233.52,-0.00,0.00,ABORT,saida_eixo,0,2
1788473776.68,1233.62,0.01,0.00,ABORT,saida_eixo,0,2
1788473776.78,1233.72,-0.00,0.00,ABORT,saida_eixo,0,2
1788473776.88,1233.82,-0.00,0.00,ABORT,saida_eixo,0,2
1788473776.98,1233.92,0.00,0.00,ABORT,saida_eixo,0,2
1788473777.09,1234.02,0.01,0.00,ABORT,saida_eixo,0,2
1788473777.19,1234.12,0.00,0.00,ABORT,saida_eixo,0,2
1788473777.29,1234.22,0.01,0.01,ABORT,saida_eixo,0,2
1788473777.39,1234.31,-0.00,0.01,ABORT,saida_eixo,0,2
1788473777.49,1234.41,0.01,0.01,ABORT,saida_eixo,0,2
1788473777.59,1234.51,0.01,0.01,ABORT,saida_eixo,0,2
1788473777.70,1234.62,0.00,0.01,ABORT,saida_eixo,0,2
1788473777.80,1234.72,-0.01,0.01,ABORT,saida_eixo,0,2
1788473777.90,1234.82,0.00,0.01,ABORT,saida_eixo,0,2
1788473778.00,1234.92,0.01,0.01,ABORT,saida_eixo,0,2
1788473778.11,1235.02,-0.00,0.01,ABORT,saida_eixo,0,2
1788473778.21,1235.12,0.01,0.01,ABORT,saida_eixo,0,2
1788473778.31,1235.22,0.01,0.01,ABORT,saida_eixo,0,2
1788473778.42,1235.32,0.01,0.01,ABORT,saida_eixo,0,2
1788473778.52,1235.42,-0.00,0.01,ABORT,saida_eixo,0,2
1788473778.62,1235.52,0.00,0.01,ABORT,saida_eixo,0,2
1788473778.73,1235.62,0.00,0.01,ABORT,saida_eixo,0,2
1788473778.83,1235.72,0.01,0.01,ABORT,saida_eixo,0,2
1788473778.93,1235.82,0.01,0.01,ABORT,saida_eixo,0,2
1788473779.04,1235.92,0.00,0.01,ABORT,saida_eixo,0,2
1788473779.14,1236.02,0.01,0.01,ABORT,saida_eixo,0,2
1788473779.24,1236.12,-0.00,0.01,ABORT,saida_eixo,0,2
1788473779.35,1236.21,-0.00,0.01,ABORT,saida_eixo,0,2
1788473779.45,1236.32,-0.00,0.01,ABORT,saida_eixo,0,2
1788473779.55,1236.41,0.01,0.01,ABORT,saida_eixo,0,2
1788473779.65,1236.51,0.00,0.01,ABORT,saida_eixo,0,2
1788473779.75,1236.61,0.00,0.01,ABORT,saida_eixo,0,2
1788473779.85,1236.71,-0.00,0.01,ABORT,saida_eixo,0,2
1788473779.95,1236.81,-0.00,0.01,ABORT,saida_eixo,0,2
1788473780.05,1236.91,0.01,0.01,ABORT,saida_eixo,0,2
1788473780.15,1237.01,0.00,0.01,ABORT,saida_eixo,0,2
1788473780.25,1237.11,0.00,0.01,ABORT,saida_eixo,0,2
1788473780.35,1237.21,0.01,0.01,ABORT,saida_eixo,0,2
1788473780.45,1237.31,-0.00,0.01,ABORT,saida_eixo,0,2
1788473780.55,1237.41,-0.00,0.01,ABORT,saida_eixo,0,2
1788473780.65,1237.51,0.00,0.01,ABORT,saida_eixo,0,2
1788473780.75,1237.61,0.01,0.01,ABORT,saida_eixo,0,2
1788473780.85,1237.71,-0.00,0.01,ABORT,saida_eixo,0,2
1788473780.95,1237.81,0.00,0.01,ABORT,saida_eixo,0,2
1788473781.05,1237.91,0.01,0.01,ABORT,saida_eixo,0,2
1788473781.15,1238.01,-0.00,0.01,ABORT,saida_eixo,0,2
1788473781.25,1238.11,0.00,0.01,ABORT,saida_eixo,0,2
1788473781.35,1238.21,-0.00,0.01,ABORT,saida_eixo,0,2
1788473781.45,1238.31,-0.00,0.01,ABORT,saida_eixo,0,2
1788473781.55,1238.41,0.00,0.01,ABORT,saida_eixo,0,2
1788473781.65,1238.51,0.01,0.01,ABORT,saida_eixo,0,2
1788473781.75,1238.61,-0.00,0.01,ABORT,saida_eixo,0,2
1788473781.85,1238.71,-0.00,0.01,ABORT,saida_eixo,0,2
1788473781.95,1238.81,0.00,0.01,ABORT,saida_eixo,0,2
1788473782.05,1238.91,0.01,0.01,ABORT,saida_eixo,0,2
1788473782.15,1239.01,-0.01,0.01,ABORT,saida_eixo,0,2
1788473782.25,1239.11,0.00,0.01,ABORT,saida_eixo,0,2
1788473782.35,1239.21,0.01,0.01,ABORT,saida_eixo,0,2
1788473782.45,1239.31,0.00,0.01,ABORT,saida_eixo,0,2
1788473782.55,1239.41,0.01,0.01,ABORT,saida_eixo,0,2
1788473782.65,1239.51,0.01,0.01,ABORT,saida_eixo,0,2
1788473782.75,1239.61,-0.00,0.01,ABORT,saida_eixo,0,2
1788473782.85,1239.71,-0.00,0.01,ABORT,saida_eixo,0,2
1788473782.95,1239.81,0.01,0.01,ABORT,saida_eixo,0,2
1788473783.05,1239.91,0.01,0.01,ABORT,saida_eixo,0,2
1788473783.15,1240.01,0.01,0.01,ABORT,saida_eixo,0,2
1788473783.25,1240.11,0.00,0.01,ABORT,saida_eixo,0,2
1788473783.35,1240.21,-0.00,0.01,ABORT,saida_eixo,0,2
1788473783.45,1240.31,0.01,0.01,ABORT,saida_eixo,0,2
1788473783.55,1240.41,0.01,0.01,ABORT,saida_eixo,0,2
1788473783.65,1240.51,-0.00,0.01,ABORT,saida_eixo,0,2
1788473783.75,1240.61,-0.00,0.01,ABORT,saida_eixo,0,2
1788473783.85,1240.71,0.01,0.01,ABORT,saida_eixo,0,2
1788473783.95,1240.81,-0.00,0.01,ABORT,saida_eixo,0,2
1788473784.05,1240.91,0.00,0.01,ABORT,saida_eixo,0,2
1788473784.15,1241.01,0.01,0.01,ABORT,saida_eixo,0,2
1788473784.25,1241.11,-0.00,0.01,ABORT,saida_eixo,0,2
1788473784.35,1241.21,-0.00,0.01,ABORT,saida_eixo,0,2
1788473784.45,1241.31,0.01,0.01,ABORT,saida_eixo,0,2
1788473784.55,1241.41,0.00,0.01,ABORT,saida_eixo,0,2
1788473784.65,1241.51,0.01,0.01,ABORT,saida_eixo,0,2
1788473784.75,1241.61,0.01,0.01,ABORT,saida_eixo,0,2
1788473784.85,1241.71,0.00,0.01,ABORT,saida_eixo,0,2
1788473784.95,1241.81,0.00,0.01,ABORT,saida_eixo,0,2
1788473785.05,1241.91,0.00,0.01,ABORT,saida_eixo,0,2
1788473785.15,1242.01,0.00,0.01,ABORT,saida_eixo,0,2
1788473785.25,1242.11,0.00,0.01,ABORT,saida_eixo,0,2
1788473785.35,1242.21,0.01,0.01,ABORT,saida_eixo,0,2
1788473785.45,1242.31,0.00,0.01,ABORT,saida_eixo,0,2
1788473785.55,1242.41,0.01,0.01,ABORT,saida_eixo,0,2
1788473785.65,1242.51,0.01,0.01,ABORT,saida_eixo,0,2
1788473785.75,1242.61,0.00,0.01,ABORT,saida_eixo,0,2
1788473785.85,1242.71,0.01,0.01,ABORT,saida_eixo,0,2
1788473785.95,1242.81,0.01,0.01,ABORT,saida_eixo,0,2
1788473786.05,1242.91,-0.00,0.01,ABORT,saida_eixo,0,2
1788473786.15,1243.01,0.00,0.01,ABORT,saida_eixo,0,2
1788473786.25,1243.11,-0.00,0.01,ABORT,saida_eixo,0,2
1788473786.35,1243.21,0.00,0.01,ABORT,saida_eixo,0,2
1788473786.45,1243.31,-0.00,0.01,ABORT,saida_eixo,0,2
1788473786.55,1243.41,0.00,0.01,ABORT,saida_eixo,0,2
1788473786.65,1243.51,0.00,0.01,ABORT,saida_eixo,0,2
1788473786.75,1243.61,-0.00,0.01,ABORT,saida_eixo,0,2
1788473786.85,1243.71,0.00,0.01,ABORT,saida_eixo,0,2
1788473786.95,1243.81,0.00,0.01,ABORT,saida_eixo,0,2
1788473787.05,1243.91,0.00,0.01,ABORT,saida_eixo,0,2
1788473787.15,1244.01,0.00,0.01,ABORT,saida_eixo,0,2
1788473787.25,1244.11,0.01,0.01,ABORT,saida_eixo,0,2
1788473787.36,1244.21,0.00,0.01,ABORT,saida_eixo,0,2
1788473787.46,1244.31,-0.01,0.01,ABORT,saida_eixo,0,2
1788473787.56,1244.41,0.00,0.01,ABORT,saida_eixo,0,2
1788473787.66,1244.51,0.01,0.01,ABORT,saida_eixo,0,2
1788473787.76,1244.61,-0.00,0.01,ABORT,saida_eixo,0,2
1788473787.86,1244.71,0.01,0.01,ABORT,saida_eixo,0,2
1788473787.96,1244.81,0.01,0.01,ABORT,saida_eixo,0,2
1788473788.06,1244.91,0.00,0.01,ABORT,saida_eixo,0,2
1788473788.16,1245.01,-0.00,0.01,ABORT,saida_eixo,0,2
1788473788.26,1245.11,0.00,0.01,ABORT,saida_eixo,0,2
1788473788.36,1245.21,-0.00,0.01,ABORT,saida_eixo,0,2
1788473788.46,1245.31,-0.00,0.01,ABORT,saida_eixo,0,2
1788473788.56,1245.41,-0.00,0.01,ABORT,saida_eixo,0,2
1788473788.66,1245.51,0.00,0.01,ABORT,saida_eixo,0,2
1788473788.76,1245.61,0.01,0.01,ABORT,saida_eixo,0,2
1788473788.86,1245.71,0.00,0.01,ABORT,saida_eixo,0,2
1788473788.96,1245.81,0.00,0.01,ABORT,saida_eixo,0,2
1788473789.06,1245.91,0.00,0.01,ABORT,saida_eixo,0,2
1788473789.16,1246.01,0.00,0.01,ABORT,saida_eixo,0,2
1788473789.26,1246.11,0.00,0.01,ABORT,saida_eixo,0,2
1788473789.36,1246.21,0.00,0.01,ABORT,saida_eixo,0,2
1788473789.46,1246.31,0.01,0.01,ABORT,saida_eixo,0,2
1788473789.56,1246.41,-0.00,0.01,ABORT,saida_eixo,0,2
1788473789.66,1246.51,0.00,0.01,ABORT,saida_eixo,0,2
1788473789.76,1246.61,-0.00,0.01,ABORT,saida_eixo,0,2
1788473789.86,1246.71,-0.00,0.01,ABORT,saida_eixo,0,2
1788473789.96,1246.81,-0.00,0.01,ABORT,saida_eixo,0,2
1788473790.06,1246.91,0.01,0.01,ABORT,saida_eixo,0,2
1788473790.16,1247.01,0.01,0.01,ABORT,saida_eixo,0,2
1788473790.26,1247.11,0.00,0.01,ABORT,saida_eixo,0,2
1788473790.36,1247.21,0.01,0.01,ABORT,saida_eixo,0,2
1788473790.46,1247.31,0.01,0.01,ABORT,saida_eixo,0,2
1788473790.56,1247.41,0.01,0.01,ABORT,saida_eixo,0,2
1788473790.66,1247.51,-0.00,0.01,ABORT,saida_eixo,0,2
1788473790.76,1247.61,0.00,0.01,ABORT,saida_eixo,0,2
1788473790.86,1247.71,0.00,0.01,ABORT,saida_eixo,0,2
1788473790.96,1247.81,-0.00,0.01,ABORT,saida_eixo,0,2
1788473791.06,1247.91,0.00,0.01,ABORT,saida_eixo,0,2
1788473791.16,1248.01,0.01,0.01,ABORT,saida_eixo,0,2
1788473791.26,1248.11,-0.00,0.01,ABORT,saida_eixo,0,2
1788473791.36,1248.21,-0.00,0.01,ABORT,saida_eixo,0,2
1788473791.46,1248.31,0.00,0.01,ABORT,saida_eixo,0,2
1788473791.56,1248.41,0.01,0.01,ABORT,saida_eixo,0,2
1788473791.66,1248.51,0.00,0.01,ABORT,saida_eixo,0,2
1788473791.76,1248.61,-0.00,0.01,ABORT,saida_eixo,0,2
1788473791.86,1248.71,-0.00,0.01,ABORT,saida_eixo,0,2
1788473791.96,1248.81,0.00,0.01,ABORT,saida_eixo,0,2
1788473792.06,1248.91,0.00,0.01,ABORT,saida_eixo,0,2
1788473792.16,1249.01,-0.00,0.01,ABORT,saida_eixo,0,2
1788473792.26,1249.11,-0.00,0.01,ABORT,saida_eixo,0,2
1788473792.36,1249.21,-0.00,0.01,ABORT,saida_eixo,0,2
1788473792.46,1249.31,0.01,0.01,ABORT,saida_eixo,0,2
1788473792.56,1249.41,-0.00,0.01,ABORT,saida_eixo,0,2
1788473792.66,1249.51,0.00,0.01,ABORT,saida_eixo,0,2
1788473792.76,1249.61,0.00,0.01,ABORT,saida_eixo,0,2
1788473792.86,1249.71,-0.00,0.01,ABORT,saida_eixo,0,2
1788473792.96,1249.81,-0.00,0.01,ABORT,saida_eixo,0,2
1788473793.06,1249.91,-0.00,0.01,ABORT,saida_eixo,0,2
1788473793.16,1250.01,0.00,0.01,ABORT,saida_eixo,0,2
1788473793.26,1250.11,0.00,0.01,ABORT,saida_eixo,0,2
1788473793.36,1250.21,0.01,0.01,ABORT,saida_eixo,0,2
1788473793.46,1250.31,0.01,0.01,ABORT,saida_eixo,0,2
1788473793.56,1250.41,-0.00,0.01,ABORT,saida_eixo,0,2
1788473793.66,1250.51,-0.00,0.01,ABORT,saida_eixo,0,2
1788473793.76,1250.61,-0.00,0.01,ABORT,saida_eixo,0,2
1788473793.86,1250.71,0.00,0.01,ABORT,saida_eixo,0,2
1788473793.96,1250.81,-0.00,0.01,ABORT,saida_eixo,0,2
1788473794.06,1250.91,0.01,0.01,ABORT,saida_eixo,0,2
1788473794.16,1251.01,-0.00,0.01,ABORT,saida_eixo,0,2
1788473794.26,1251.11,0.00,0.01,ABORT,saida_eixo,0,2
1788473794.36,1251.21,-0.00,0.01,ABORT,saida_eixo,0,2
1788473794.46,1251.31,-0.00,0.01,ABORT,saida_eixo,0,2
1788473794.56,1251.41,0.00,0.01,ABORT,saida_eixo,0,2
1788473794.66,1251.51,0.00,0.01,ABORT,saida_eixo,0,2
1788473794.76,1251.61,0.01,0.01,ABORT,saida_eixo,0,2
1788473794.86,1251.71,0.01,0.01,ABORT,saida_eixo,0,2
1788473794.96,1251.81,0.00,0.01,ABORT,saida_eixo,0,2
1788473795.06,1251.91,0.01,0.01,ABORT,saida_eixo,0,2
1788473795.16,1252.01,0.00,0.01,ABORT,saida_eixo,0,2
1788473795.26,1252.11,-0.00,0.01,ABORT,saida_eixo,0,2
1788473795.36,1252.21,-0.00,0.01,ABORT,saida_eixo,0,2
1788473795.46,1252.31,0.00,0.01,ABORT,saida_eixo,0,2
1788473795.56,1252.41,0.01,0.01,ABORT,saida_eixo,0,2
1788473795.66,1252.51,0.00,0.01,ABORT,saida_eixo,0,2
1788473795.76,1252.61,-0.00,0.01,ABORT,saida_eixo,0,2
1788473795.86,1252.71,0.01,0.01,ABORT,saida_eixo,0,2
1788473795.97,1252.81,-0.00,0.01,ABORT,saida_eixo,0,2
1788473796.06,1252.91,-0.01,0.01,ABORT,saida_eixo,0,2
1788473796.17,1253.02,0.01,0.01,ABORT,saida_eixo,0,2
1788473796.27,1253.11,0.01,0.01,ABORT,saida_eixo,0,2
1788473796.37,1253.21,0.00,0.01,ABORT,saida_eixo,0,2
1788473796.46,1253.31,0.01,0.01,ABORT,saida_eixo,0,2
1788473796.57,1253.41,0.01,0.01,ABORT,saida_eixo,0,2
1788473796.66,1253.51,-0.00,0.01,ABORT,saida_eixo,0,2
1788473796.77,1253.61,0.00,0.01,ABORT,saida_eixo,0,2
1788473796.87,1253.71,0.00,0.01,ABORT,saida_eixo,0,2
1788473796.97,1253.81,0.01,0.01,ABORT,saida_eixo,0,2
1788473797.07,1253.91,0.01,0.01,ABORT,saida_eixo,0,2
1788473797.17,1254.01,-0.00,0.01,ABORT,saida_eixo,0,2
1788473797.27,1254.11,0.00,0.01,ABORT,saida_eixo,0,2
1788473797.37,1254.21,0.00,0.01,ABORT,saida_eixo,0,2
1788473797.47,1254.31,0.01,0.01,ABORT,saida_eixo,0,2
1788473797.57,1254.41,0.01,0.01,ABORT,saida_eixo,0,2
1788473797.67,1254.51,-0.00,0.01,ABORT,saida_eixo,0,2
1788473797.77,1254.61,0.00,0.01,ABORT,saida_eixo,0,2
1788473797.87,1254.71,0.01,0.01,ABORT,saida_eixo,0,2
1788473797.97,1254.81,-0.00,0.01,ABORT,saida_eixo,0,2
1788473798.07,1254.91,0.01,0.01,ABORT,saida_eixo,0,2
1788473798.17,1255.02,0.01,0.01,ABORT,saida_eixo,0,2
1788473798.27,1255.11,-0.00,0.01,ABORT,saida_eixo,0,2
1788473798.37,1255.21,-0.00,0.01,ABORT,saida_eixo,0,2
1788473798.47,1255.31,0.01,0.01,ABORT,saida_eixo,0,2
1788473798.57,1255.41,0.01,0.01,ABORT,saida_eixo,0,2
1788473798.67,1255.51,0.00,0.01,ABORT,saida_eixo,0,2
1788473798.77,1255.61,0.01,0.01,ABORT,saida_eixo,0,2
1788473798.87,1255.71,0.01,0.01,ABORT,saida_eixo,0,2
1788473798.97,1255.81,0.01,0.01,ABORT,saida_eixo,0,2
1788473799.07,1255.91,0.01,0.01,ABORT,saida_eixo,0,2
1788473799.17,1256.01,0.00,0.01,ABORT,saida_eixo,0,2
1788473799.27,1256.11,0.00,0.01,ABORT,saida_eixo,0,2
1788473799.37,1256.21,-0.00,0.01,ABORT,saida_eixo,0,2
1788473799.47,1256.31,0.00,0.01,ABORT,saida_eixo,0,2
1788473799.57,1256.41,0.01,0.01,ABORT,saida_eixo,0,2
1788473799.67,1256.51,0.00,0.01,ABORT,saida_eixo,0,2
1788473799.77,1256.61,-0.00,0.01,ABORT,saida_eixo,0,2
1788473799.87,1256.71,0.00,0.01,ABORT,saida_eixo,0,2
1788473799.97,1256.81,0.01,0.01,ABORT,saida_eixo,0,2
1788473800.07,1256.91,-0.00,0.01,ABORT,saida_eixo,0,2
1788473800.17,1257.01,0.00,0.01,ABORT,saida_eixo,0,2
1788473800.27,1257.11,-0.00,0.01,ABORT,saida_eixo,0,2
1788473800.37,1257.21,-0.00,0.01,ABORT,saida_eixo,0,2
1788473800.47,1257.31,0.01,0.01,ABORT,saida_eixo,0,2
1788473800.57,1257.41,0.00,0.01,ABORT,saida_eixo,0,2
1788473800.67,1257.51,-0.00,0.01,ABORT,saida_eixo,0,2
1788473800.77,1257.61,0.01,0.01,ABORT,saida_eixo,0,2
1788473800.87,1257.71,0.01,0.01,ABORT,saida_eixo,0,2
1788473800.97,1257.81,0.00,0.01,ABORT,saida_eixo,0,2
1788473801.07,1257.91,0.00,0.01,ABORT,saida_eixo,0,2
1788473801.17,1258.01,-0.00,0.01,ABORT,saida_eixo,0,2
1788473801.27,1258.11,0.00,0.01,ABORT,saida_eixo,0,2
1788473801.37,1258.21,0.00,0.01,ABORT,saida_eixo,0,2
1788473801.47,1258.31,0.01,0.01,ABORT,saida_eixo,0,2
1788473801.57,1258.41,0.01,0.01,ABORT,saida_eixo,0,2
1788473801.67,1258.51,-0.00,0.01,ABORT,saida_eixo,0,2
1788473801.77,1258.61,-0.00,0.01,ABORT,saida_eixo,0,2
1788473801.87,1258.71,-0.00,0.01,ABORT,saida_eixo,0,2
1788473801.97,1258.81,-0.00,0.01,ABORT,saida_eixo,0,2
1788473802.07,1258.91,0.01,0.01,ABORT,saida_eixo,0,2
1788473802.17,1259.01,-0.00,0.01,ABORT,saida_eixo,0,2
1788473802.27,1259.11,-0.00,0.01,ABORT,saida_eixo,0,2
1788473802.37,1259.21,0.00,0.01,ABORT,saida_eixo,0,2
1788473802.47,1259.31,0.00,0.01,ABORT,saida_eixo,0,2
1788473802.57,1259.41,-0.00,0.01,ABORT,saida_eixo,0,2
1788473802.67,1259.51,0.00,0.01,ABORT,saida_eixo,0,2
1788473802.77,1259.61,-0.00,0.01,ABORT,saida_eixo,0,2
1788473802.87,1259.71,-0.00,0.01,ABORT,saida_eixo,0,2
1788473802.97,1259.81,0.01,0.01,ABORT,saida_eixo,0,2
1788473803.07,1259.91,0.00,0.01,ABORT,saida_eixo,0,2
1788473803.17,1260.01,0.00,0.01,ABORT,saida_eixo,0,2
1788473803.27,1260.11,0.01,0.01,ABORT,saida_eixo,0,2
1788473803.37,1260.21,0.01,0.01,ABORT,saida_eixo,0,2
1788473803.47,1260.31,0.00,0.01,ABORT,saida_eixo,0,2
1788473803.57,1260.41,0.01,0.01,ABORT,saida_eixo,0,2
1788473803.67,1260.51,0.00,0.01,ABORT,saida_eixo,0,2
1788473803.77,1260.61,0.01,0.01,ABORT,saida_eixo,0,2
1788473803.87,1260.71,0.00,0.01,ABORT,saida_eixo,0,2
1788473803.97,1260.81,0.01,0.01,ABORT,saida_eixo,0,2
1788473804.07,1260.91,0.01,0.01,ABORT,saida_eixo,0,2
1788473804.17,1261.01,0.00,0.01,ABORT,saida_eixo,0,2
1788473804.27,1261.11,0.00,0.01,ABORT,saida_eixo,0,2
1788473804.37,1261.21,-0.00,0.01,ABORT,saida_eixo,0,2
1788473804.47,1261.31,0.00,0.01,ABORT,saida_eixo,0,2
1788473804.57,1261.41,-0.00,0.01,ABORT,saida_eixo,0,2
1788473804.67,1261.51,0.00,0.01,ABORT,saida_eixo,0,2
1788473804.77,1261.61,0.00,0.01,ABORT,saida_eixo,0,2
1788473804.87,1261.71,0.01,0.01,ABORT,saida_eixo,0,2
1788473804.97,1261.81,0.01,0.01,ABORT,saida_eixo,0,2
1788473805.07,1261.91,0.00,0.01,ABORT,saida_eixo,0,2
1788473805.17,1262.01,0.01,0.01,ABORT,saida_eixo,0,2
1788473805.27,1262.11,0.00,0.01,ABORT,saida_eixo,0,2
1788473805.37,1262.21,0.01,0.01,ABORT,saida_eixo,0,2
1788473805.47,1262.31,0.00,0.01,ABORT,saida_eixo,0,2
1788473805.57,1262.41,0.01,0.01,ABORT,saida_eixo,0,2
1788473805.68,1262.51,0.01,0.01,ABORT,saida_eixo,0,2
1788473805.77,1262.61,0.00,0.01,ABORT,saida_eixo,0,2
1788473805.87,1262.71,0.00,0.01,ABORT,saida_eixo,0,2
1788473805.98,1262.81,0.01,0.01,ABORT,saida_eixo,0,2
1788473806.08,1262.91,-0.00,0.01,ABORT,saida_eixo,0,2
1788473806.18,1263.01,-0.00,0.01,ABORT,saida_eixo,0,2
1788473806.28,1263.11,-0.00,0.01,ABORT,saida_eixo,0,2
1788473806.38,1263.21,-0.00,0.01,ABORT,saida_eixo,0,2
1788473806.48,1263.31,0.00,0.01,ABORT,saida_eixo,0,2
1788473806.58,1263.41,0.00,0.01,ABORT,saida_eixo,0,2
1788473806.68,1263.51,-0.00,0.01,ABORT,saida_eixo,0,2
1788473806.78,1263.61,-0.00,0.01,ABORT,saida_eixo,0,2
1788473806.88,1263.71,0.01,0.01,ABORT,saida_eixo,0,2
1788473806.98,1263.81,-0.00,0.01,ABORT,saida_eixo,0,2
1788473807.08,1263.91,-0.00,0.01,ABORT,saida_eixo,0,2
1788473807.18,1264.01,0.00,0.01,ABORT,saida_eixo,0,2
1788473807.28,1264.11,-0.00,0.01,ABORT,saida_eixo,0,2
1788473807.38,1264.21,0.01,0.01,ABORT,saida_eixo,0,2
1788473807.48,1264.31,0.01,0.01,ABORT,saida_eixo,0,2
1788473807.58,1264.41,0.00,0.01,ABORT,saida_eixo,0,2
1788473807.68,1264.51,0.00,0.01,ABORT,saida_eixo,0,2
1788473807.78,1264.61,-0.00,0.01,ABORT,saida_eixo,0,2
1788473807.88,1264.71,0.00,0.01,ABORT,saida_eixo,0,2
1788473807.98,1264.81,0.00,0.01,ABORT,saida_eixo,0,2
1788473808.08,1264.91,0.01,0.01,ABORT,saida_eixo,0,2
1788473808.18,1265.01,0.01,0.01,ABORT,saida_eixo,0,2
1788473808.28,1265.11,-0.00,0.01,ABORT,saida_eixo,0,2
1788473808.38,1265.21,0.00,0.01,ABORT,saida_eixo,0,2
1788473808.48,1265.31,0.01,0.01,ABORT,saida_eixo,0,2
1788473808.58,1265.41,-0.00,0.01,ABORT,saida_eixo,0,2
1788473808.68,1265.51,-0.00,0.01,ABORT,saida_eixo,0,2
1788473808.78,1265.61,0.00,0.01,ABORT,saida_eixo,0,2
1788473808.88,1265.71,-0.00,0.01,ABORT,saida_eixo,0,2
1788473808.98,1265.81,0.00,0.01,ABORT,saida_eixo,0,2
1788473809.08,1265.91,0.01,0.01,ABORT,saida_eixo,0,2
1788473809.18,1266.01,-0.00,0.01,ABORT,saida_eixo,0,2
1788473809.28,1266.11,0.00,0.01,ABORT,saida_eixo,0,2
1788473809.38,1266.21,0.01,0.01,ABORT,saida_eixo,0,2
1788473809.48,1266.31,0.00,0.01,ABORT,saida_eixo,0,2
1788473809.58,1266.41,-0.00,0.01,ABORT,saida_eixo,0,2
1788473809.68,1266.51,0.00,0.01,ABORT,saida_eixo,0,2
1788473809.78,1266.61,0.00,0.01,ABORT,saida_eixo,0,2
1788473809.88,1266.71,0.01,0.01,ABORT,saida_eixo,0,2
1788473809.98,1266.81,0.01,0.01,ABORT,saida_eixo,0,2
1788473810.08,1266.91,0.00,0.01,ABORT,saida_eixo,0,2
1788473810.18,1267.01,0.01,0.01,ABORT,saida_eixo,0,2
1788473810.28,1267.11,0.00,0.01,ABORT,saida_eixo,0,2
1788473810.38,1267.21,0.01,0.01,ABORT,saida_eixo,0,2
1788473810.48,1267.31,0.01,0.01,ABORT,saida_eixo,0,2
1788473810.58,1267.41,-0.00,0.01,ABORT,saida_eixo,0,2
1788473810.68,1267.51,-0.00,0.01,ABORT,saida_eixo,0,2
1788473810.78,1267.61,0.00,0.01,ABORT,saida_eixo,0,2
1788473810.88,1267.71,0.01,0.01,ABORT,saida_eixo,0,2
1788473810.98,1267.81,0.00,0.01,ABORT,saida_eixo,0,2
1788473811.08,1267.91,0.00,0.01,ABORT,saida_eixo,0,2
1788473811.18,1268.01,0.00,0.01,ABORT,saida_eixo,0,2
1788473811.28,1268.11,0.01,0.01,ABORT,saida_eixo,0,2
1788473811.38,1268.21,0.01,0.01,ABORT,saida_eixo,0,2
1788473811.48,1268.31,-0.00,0.01,ABORT,saida_eixo,0,2
1788473811.58,1268.41,-0.00,0.01,ABORT,saida_eixo,0,2
1788473811.68,1268.51,0.01,0.01,ABORT,saida_eixo,0,2
1788473811.78,1268.62,0.01,0.01,ABORT,saida_eixo,0,2
1788473811.88,1268.71,0.01,0.01,ABORT,saida_eixo,0,2
1788473811.98,1268.81,0.01,0.01,ABORT,saida_eixo,0,2
1788473812.08,1268.91,0.01,0.01,ABORT,saida_eixo,0,2
1788473812.18,1269.01,-0.00,0.01,ABORT,saida_eixo,0,2
1788473812.28,1269.11,-0.00,0.01,ABORT,saida_eixo,0,2
1788473812.38,1269.21,0.00,0.01,ABORT,saida_eixo,0,2
1788473812.48,1269.31,0.00,0.01,ABORT,saida_eixo,0,2
1788473812.58,1269.41,0.00,0.01,ABORT,saida_eixo,0,2
1788473812.68,1269.51,0.00,0.01,ABORT,saida_eixo,0,2
1788473812.78,1269.61,-0.00,0.01,ABORT,saida_eixo,0,2
1788473812.88,1269.71,0.00,0.01,ABORT,saida_eixo,0,2
1788473812.98,1269.81,0.00,0.01,ABORT,saida_eixo,0,2
1788473813.08,1269.91,-0.01,0.01,ABORT,saida_eixo,0,2
1788473813.18,1270.01,-0.01,0.01,ABORT,saida_eixo,0,2
1788473813.28,1270.11,0.00,0.01,ABORT,saida_eixo,0,2
1788473813.38,1270.21,0.00,0.01,ABORT,saida_eixo,0,2
1788473813.48,1270.31,-0.00,0.02,ABORT,saida_eixo,0,2
1788473813.59,1270.42,0.00,0.02,ABORT,saida_eixo,0,2
1788473813.69,1270.52,-0.00,0.02,ABORT,saida_eixo,0,2
1788473813.79,1270.61,0.01,0.02,ABORT,saida_eixo,0,2
1788473813.89,1270.71,0.00,0.02,ABORT,saida_eixo,0,2
1788473813.99,1270.81,-0.00,0.02,ABORT,saida_eixo,0,2
1788473814.09,1270.91,-0.00,0.02,ABORT,saida_eixo,0,2
1788473814.19,1271.01,0.01,0.02,ABORT,saida_eixo,0,2
1788473814.29,1271.11,0.01,0.02,ABORT,saida_eixo,0,2
1788473814.39,1271.21,0.00,0.02,ABORT,saida_eixo,0,2
1788473814.49,1271.31,0.01,0.02,ABORT,saida_eixo,0,2
1788473814.59,1271.41,0.01,0.02,ABORT,saida_eixo,0,2
1788473814.69,1271.51,-0.00,0.02,ABORT,saida_eixo,0,2
1788473814.79,1271.61,-0.00,0.02,ABORT,saida_eixo,0,2
1788473814.89,1271.71,0.01,0.02,ABORT,saida_eixo,0,2
1788473814.99,1271.82,-0.00,0.02,ABORT,saida_eixo,0,2
1788473815.09,1271.91,0.00,0.02,ABORT,saida_eixo,0,2
1788473815.19,1272.01,0.01,0.02,ABORT,saida_eixo,0,2
1788473815.29,1272.11,0.00,0.02,ABORT,saida_eixo,0,2
1788473815.39,1272.21,0.01,0.02,ABORT,saida_eixo,0,2
1788473815.49,1272.32,0.00,0.02,ABORT,saida_eixo,0,2
1788473815.59,1272.41,-0.00,0.02,ABORT,saida_eixo,0,2
1788473815.69,1272.51,-0.00,0.02,ABORT,saida_eixo,0,2
1788473815.79,1272.61,0.01,0.02,ABORT,saida_eixo,0,2
1788473815.89,1272.71,0.01,0.02,ABORT,saida_eixo,0,2
1788473815.99,1272.81,0.00,0.02,ABORT,saida_eixo,0,2
1788473816.09,1272.91,0.01,0.02,ABORT,saida_eixo,0,2
1788473816.19,1273.01,0.01,0.02,ABORT,saida_eixo,0,2
1788473816.29,1273.11,0.01,0.02,ABORT,saida_eixo,0,2
1788473816.39,1273.21,0.01,0.02,ABORT,saida_eixo,0,2
1788473816.49,1273.31,0.00,0.02,ABORT,saida_eixo,0,2
1788473816.59,1273.41,0.00,0.02,ABORT,saida_eixo,0,2
1788473816.69,1273.51,-0.00,0.02,ABORT,saida_eixo,0,2
1788473816.79,1273.61,0.00,0.02,ABORT,saida_eixo,0,2
1788473816.89,1273.71,0.01,0.02,ABORT,saida_eixo,0,2
1788473816.99,1273.81,0.00,0.02,ABORT,saida_eixo,0,2
1788473817.09,1273.91,-0.00,0.02,ABORT,saida_eixo,0,2
1788473817.19,1274.01,0.00,0.02,ABORT,saida_eixo,0,2
1788473817.29,1274.11,0.01,0.02,ABORT,saida_eixo,0,2
1788473817.39,1274.21,-0.00,0.02,ABORT,saida_eixo,0,2
1788473817.49,1274.31,0.00,0.02,ABORT,saida_eixo,0,2
1788473817.59,1274.41,-0.00,0.02,ABORT,saida_eixo,0,2
1788473817.69,1274.51,-0.00,0.02,ABORT,saida_eixo,0,2
1788473817.79,1274.61,0.01,0.02,ABORT,saida_eixo,0,2
1788473817.89,1274.71,0.00,0.02,ABORT,saida_eixo,0,2
1788473817.99,1274.81,0.00,0.02,ABORT,saida_eixo,0,2
1788473818.09,1274.91,0.01,0.02,ABORT,saida_eixo,0,2
1788473818.19,1275.01,0.01,0.02,ABORT,saida_eixo,0,2
1788473818.29,1275.11,0.00,0.02,ABORT,saida_eixo,0,2
1788473818.39,1275.21,0.00,0.02,ABORT,saida_eixo,0,2
1788473818.49,1275.31,-0.00,0.02,ABORT,saida_eixo,0,2
1788473818.59,1275.41,0.00,0.02,ABORT,saida_eixo,0,2
1788473818.69,1275.51,0.00,0.02,ABORT,saida_eixo,0,2
1788473818.79,1275.61,0.01,0.02,ABORT,saida_eixo,0,2
1788473818.89,1275.71,0.01,0.02,ABORT,saida_eixo,0,2
1788473818.99,1275.81,-0.00,0.02,ABORT,saida_eixo,0,2
1788473819.09,1275.91,-0.00,0.02,ABORT,saida_eixo,0,2
1788473819.19,1276.01,-0.00,0.02,ABORT,saida_eixo,0,2
1788473819.29,1276.11,-0.00,0.02,ABORT,saida_eixo,0,2
1788473819.39,1276.21,0.01,0.02,ABORT,saida_eixo,0,2
1788473819.49,1276.31,-0.00,0.02,ABORT,saida_eixo,0,2
1788473819.59,1276.41,-0.00,0.02,ABORT,saida_eixo,0,2
1788473819.69,1276.51,0.00,0.02,ABORT,saida_eixo,0,2
1788473819.79,1276.61,0.00,0.02,ABORT,saida_eixo,0,2
1788473819.89,1276.71,-0.00,0.02,ABORT,saida_eixo,0,2
1788473819.99,1276.81,0.00,0.02,ABORT,saida_eixo,0,2
1788473820.09,1276.91,-0.00,0.02,ABORT,saida_eixo,0,2
1788473820.19,1277.01,-0.00,0.02,ABORT,saida_eixo,0,2
1788473820.29,1277.11,0.01,0.02,ABORT,saida_eixo,0,2
1788473820.40,1277.21,0.00,0.02,ABORT,saida_eixo,0,2
1788473820.49,1277.31,0.00,0.02,ABORT,saida_eixo,0,2
1788473820.60,1277.41,0.01,0.02,ABORT,saida_eixo,0,2
1788473820.70,1277.51,0.01,0.02,ABORT,saida_eixo,0,2
1788473820.80,1277.61,0.00,0.02,ABORT,saida_eixo,0,2
1788473820.89,1277.71,0.01,0.02,ABORT,saida_eixo,0,2
1788473821.00,1277.81,0.00,0.02,ABORT,saida_eixo,0,2
1788473821.10,1277.91,0.01,0.02,ABORT,saida_eixo,0,2
1788473821.20,1278.01,0.00,0.02,ABORT,saida_eixo,0,2
1788473821.30,1278.11,0.01,0.02,ABORT,saida_eixo,0,2
1788473821.40,1278.21,0.01,0.02,ABORT,saida_eixo,0,2
1788473821.50,1278.31,0.00,0.02,ABORT,saida_eixo,0,2
1788473821.60,1278.41,0.00,0.02,ABORT,saida_eixo,0,2
1788473821.70,1278.51,-0.00,0.02,ABORT,saida_eixo,0,2
1788473821.80,1278.61,0.00,0.02,ABORT,saida_eixo,0,2
1788473821.90,1278.71,-0.00,0.02,ABORT,saida_eixo,0,2
1788473822.00,1278.81,0.00,0.02,ABORT,saida_eixo,0,2
1788473822.10,1278.91,0.00,0.02,ABORT,saida_eixo,0,2
1788473822.20,1279.01,0.01,0.02,ABORT,saida_eixo,0,2
1788473822.30,1279.11,0.01,0.02,ABORT,saida_eixo,0,2
1788473822.40,1279.21,0.00,0.02,ABORT,saida_eixo,0,2
1788473822.50,1279.31,0.01,0.02,ABORT,saida_eixo,0,2
1788473822.60,1279.41,0.00,0.02,ABORT,saida_eixo,0,2
1788473822.70,1279.51,0.01,0.02,ABORT,saida_eixo,0,2
1788473822.80,1279.61,0.00,0.02,ABORT,saida_eixo,0,2
1788473822.90,1279.71,0.01,0.02,ABORT,saida_eixo,0,2
1788473823.00,1279.81,0.01,0.02,ABORT,saida_eixo,0,2
1788473823.10,1279.91,0.00,0.02,ABORT,saida_eixo,0,2
1788473823.20,1280.01,0.00,0.02,ABORT,saida_eixo,0,2
1788473823.30,1280.11,0.01,0.02,ABORT,saida_eixo,0,2
1788473823.40,1280.21,-0.00,0.02,ABORT,saida_eixo,0,2
1788473823.50,1280.31,-0.00,0.02,ABORT,saida_eixo,0,2
1788473823.60,1280.41,-0.00,0.02,ABORT,saida_eixo,0,2
1788473823.70,1280.51,-0.00,0.02,ABORT,saida_eixo,0,2
1788473823.80,1280.61,0.00,0.02,ABORT,saida_eixo,0,2
1788473823.90,1280.71,0.00,0.02,ABORT,saida_eixo,0,2
1788473824.00,1280.82,-0.00,0.02,ABORT,saida_eixo,0,2
1788473824.10,1280.91,-0.00,0.02,ABORT,saida_eixo,0,2
1788473824.20,1281.01,0.01,0.02,ABORT,saida_eixo,0,2
1788473824.30,1281.11,-0.00,0.02,ABORT,saida_eixo,0,2
1788473824.40,1281.21,-0.00,0.02,ABORT,saida_eixo,0,2
1788473824.50,1281.31,0.00,0.02,ABORT,saida_eixo,0,2
1788473824.60,1281.41,-0.00,0.02,ABORT,saida_eixo,0,2
1788473824.70,1281.51,0.01,0.02,ABORT,saida_eixo,0,2
1788473824.80,1281.61,0.01,0.02,ABORT,saida_eixo,0,2
1788473824.90,1281.71,0.00,0.02,ABORT,saida_eixo,0,2
1788473825.00,1281.81,0.00,0.02,ABORT,saida_eixo,0,2
1788473825.10,1281.91,-0.00,0.02,ABORT,saida_eixo,0,2
1788473825.20,1282.01,0.00,0.02,ABORT,saida_eixo,0,2
1788473825.30,1282.11,0.00,0.02,ABORT,saida_eixo,0,2
1788473825.40,1282.21,0.01,0.02,ABORT,saida_eixo,0,2
1788473825.50,1282.31,0.01,0.02,ABORT,saida_eixo,0,2
1788473825.60,1282.41,-0.00,0.02,ABORT,saida_eixo,0,2
1788473825.70,1282.51,0.00,0.02,ABORT,saida_eixo,0,2
1788473825.80,1282.61,0.01,0.02,ABORT,saida_eixo,0,2
1788473825.90,1282.71,-0.00,0.02,ABORT,saida_eixo,0,2
1788473826.00,1282.81,-0.00,0.02,ABORT,saida_eixo,0,2
1788473826.10,1282.91,0.00,0.02,ABORT,saida_eixo,0,2
1788473826.20,1283.01,-0.00,0.02,ABORT,saida_eixo,0,2
1788473826.30,1283.11,0.00,0.02,ABORT,saida_eixo,0,2
1788473826.40,1283.21,0.01,0.02,ABORT,saida_eixo,0,2
1788473826.50,1283.31,-0.00,0.02,ABORT,saida_eixo,0,2
1788473826.60,1283.41,0.00,0.02,ABORT,saida_eixo,0,2
1788473826.70,1283.51,0.01,0.02,ABORT,saida_eixo,0,2
1788473826.80,1283.61,0.00,0.02,ABORT,saida_eixo,0,2
1788473826.90,1283.71,-0.00,0.02,ABORT,saida_eixo,0,2
1788473827.00,1283.81,0.00,0.02,ABORT,saida_eixo,0,2
1788473827.10,1283.91,0.00,0.02,ABORT,saida_eixo,0,2
1788473827.20,1284.01,0.01,0.02,ABORT,saida_eixo,0,2
1788473827.30,1284.11,0.01,0.02,ABORT,saida_eixo,0,2
1788473827.40,1284.21,0.00,0.02,ABORT,saida_eixo,0,2
1788473827.50,1284.31,0.01,0.02,ABORT,saida_eixo,0,2
1788473827.60,1284.41,0.00,0.02,ABORT,saida_eixo,0,2
1788473827.70,1284.51,0.01,0.02,ABORT,saida_eixo,0,2
1788473827.80,1284.61,0.01,0.02,ABORT,saida_eixo,0,2
1788473827.90,1284.71,-0.00,0.02,ABORT,saida_eixo,0,2
1788473828.00,1284.81,-0.00,0.02,ABORT,saida_eixo,0,2
1788473828.10,1284.91,0.00,0.02,ABORT,saida_eixo,0,2
1788473828.20,1285.01,0.01,0.02,ABORT,saida_eixo,0,2
1788473828.30,1285.11,0.00,0.02,ABORT,saida_eixo,0,2
1788473828.40,1285.21,0.00,0.02,ABORT,saida_eixo,0,2
1788473828.50,1285.31,0.00,0.02,ABORT,saida_eixo,0,2
1788473828.60,1285.41,0.01,0.02,ABORT,saida_eixo,0,2
1788473828.70,1285.51,0.01,0.02,ABORT,saida_eixo,0,2
1788473828.80,1285.61,-0.00,0.02,ABORT,saida_eixo,0,2
1788473828.90,1285.71,-0.00,0.02,ABORT,saida_eixo,0,2
1788473829.00,1285.81,0.01,0.02,ABORT,saida_eixo,0,2
1788473829.10,1285.91,-0.00,0.02,ABORT,saida_eixo,0,2
1788473829.20,1286.01,0.00,0.02,ABORT,saida_eixo,0,2
1788473829.30,1286.11,0.01,0.02,ABORT,saida_eixo,0,2
1788473829.40,1286.21,-0.00,0.02,ABORT,saida_eixo,0,2
1788473829.50,1286.31,-0.00,0.02,ABORT,saida_eixo,0,2
1788473829.61,1286.41,0.00,0.02,ABORT,saida_eixo,0,2
1788473829.70,1286.51,0.01,0.02,ABORT,saida_eixo,0,2
1788473829.81,1286.61,0.01,0.02,ABORT,saida_eixo,0,2
1788473829.90,1286.71,0.00,0.02,ABORT,saida_eixo,0,2
1788473830.00,1286.81,0.00,0.02,ABORT,saida_eixo,0,2
1788473830.10,1286.91,0.01,0.02,ABORT,saida_eixo,0,2
1788473830.20,1287.01,-0.00,0.02,ABORT,saida_eixo,0,2
1788473830.30,1287.11,-0.00,0.02,ABORT,saida_eixo,0,2
1788473830.41,1287.21,-0.00,0.02,ABORT,saida_eixo,0,2
1788473830.51,1287.31,0.00,0.02,ABORT,saida_eixo,0,2
1788473830.61,1287.41,0.00,0.02,ABORT,saida_eixo,0,2
1788473830.70,1287.51,0.00,0.02,ABORT,saida_eixo,0,2
1788473830.81,1287.61,0.01,0.02,ABORT,saida_eixo,0,2
1788473830.91,1287.71,0.01,0.02,ABORT,saida_eixo,0,2
1788473831.01,1287.81,-0.00,0.02,ABORT,saida_eixo,0,2
1788473831.11,1287.91,-0.00,0.02,ABORT,saida_eixo,0,2
1788473831.21,1288.01,0.00,0.02,ABORT,saida_eixo,0,2
1788473831.31,1288.11,0.00,0.02,ABORT,saida_eixo,0,2
1788473831.41,1288.21,-0.00,0.02,ABORT,saida_eixo,0,2
1788473831.51,1288.31,0.00,0.02,ABORT,saida_eixo,0,2
1788473831.61,1288.41,-0.00,0.02,ABORT,saida_eixo,0,2
1788473831.71,1288.51,0.00,0.02,ABORT,saida_eixo,0,2
1788473831.81,1288.61,0.00,0.02,ABORT,saida_eixo,0,2
1788473831.91,1288.71,-0.01,0.02,ABORT,saida_eixo,0,2
1788473832.01,1288.81,-0.01,0.02,ABORT,saida_eixo,0,2
1788473832.11,1288.91,0.00,0.02,ABORT,saida_eixo,0,2
1788473832.21,1289.01,0.00,0.02,ABORT,saida_eixo,0,2
1788473832.31,1289.11,-0.00,0.02,ABORT,saida_eixo,0,2
1788473832.41,1289.21,0.00,0.02,ABORT,saida_eixo,0,2
1788473832.51,1289.31,0.00,0.02,ABORT,saida_eixo,0,2
1788473832.61,1289.41,0.01,0.02,ABORT,saida_eixo,0,2
1788473832.71,1289.51,0.00,0.02,ABORT,saida_eixo,0,2
1788473832.81,1289.61,0.01,0.02,ABORT,saida_eixo,0,2
1788473832.91,1289.71,0.01,0.02,ABORT,saida_eixo,0,2
1788473833.01,1289.81,0.00,0.02,ABORT,saida_eixo,0,2
1788473833.11,1289.91,-0.00,0.02,ABORT,saida_eixo,0,2
1788473833.21,1290.01,0.00,0.02,ABORT,saida_eixo,0,2
1788473833.31,1290.11,0.00,0.02,ABORT,saida_eixo,0,2
1788473833.41,1290.21,-0.01,0.02,ABORT,saida_eixo,0,2
1788473833.51,1290.31,0.00,0.02,ABORT,saida_eixo,0,2
1788473833.61,1290.41,-0.00,0.02,ABORT,saida_eixo,0,2
1788473833.71,1290.51,-0.00,0.02,ABORT,saida_eixo,0,2
1788473833.81,1290.61,0.01,0.02,ABORT,saida_eixo,0,2
1788473833.91,1290.71,0.00,0.02,ABORT,saida_eixo,0,2
1788473834.01,1290.81,0.00,0.02,ABORT,saida_eixo,0,2
1788473834.11,1290.91,-0.00,0.02,ABORT,saida_eixo,0,2
1788473834.21,1291.01,-0.00,0.02,ABORT,saida_eixo,0,2
1788473834.31,1291.11,0.01,0.02,ABORT,saida_eixo,0,2
1788473834.41,1291.21,-0.00,0.02,ABORT,saida_eixo,0,2
1788473834.51,1291.31,0.00,0.02,ABORT,saida_eixo,0,2
1788473834.61,1291.41,0.01,0.02,ABORT,saida_eixo,0,2
1788473834.71,1291.51,0.00,0.02,ABORT,saida_eixo,0,2
1788473834.81,1291.61,-0.00,0.02,ABORT,saida_eixo,0,2
1788473834.91,1291.71,0.00,0.02,ABORT,saida_eixo,0,2
1788473835.01,1291.81,0.00,0.02,ABORT,saida_eixo,0,2
1788473835.11,1291.91,-0.00,0.02,ABORT,saida_eixo,0,2
1788473835.21,1292.02,-0.00,0.02,ABORT,saida_eixo,0,2
1788473835.31,1292.11,-0.00,0.02,ABORT,saida_eixo,0,2
1788473835.41,1292.21,-0.00,0.02,ABORT,saida_eixo,0,2
1788473835.51,1292.31,0.01,0.02,ABORT,saida_eixo,0,2
1788473835.61,1292.41,0.00,0.02,ABORT,saida_eixo,0,2
1788473835.71,1292.51,-0.00,0.02,ABORT,saida_eixo,0,2
1788473835.81,1292.61,0.01,0.02,ABORT,saida_eixo,0,2
1788473835.91,1292.71,0.01,0.02,ABORT,saida_eixo,0,2
1788473836.01,1292.81,0.00,0.02,ABORT,saida_eixo,0,2
1788473836.11,1292.91,0.00,0.02,ABORT,saida_eixo,0,2
1788473836.21,1293.01,-0.00,0.02,ABORT,saida_eixo,0,2
1788473836.31,1293.11,0.00,0.02,ABORT,saida_eixo,0,2
1788473836.41,1293.21,0.00,0.02,ABORT,saida_eixo,0,2
1788473836.51,1293.31,0.01,0.02,ABORT,saida_eixo,0,2
1788473836.61,1293.41,0.01,0.02,ABORT,saida_eixo,0,2
1788473836.71,1293.51,-0.00,0.02,ABORT,saida_eixo,0,2
1788473836.81,1293.61,-0.00,0.02,ABORT,saida_eixo,0,2
1788473836.91,1293.71,-0.00,0.02,ABORT,saida_eixo,0,2
1788473837.01,1293.81,-0.00,0.02,ABORT,saida_eixo,0,2
1788473837.11,1293.91,0.01,0.02,ABORT,saida_eixo,0,2
1788473837.21,1294.01,-0.00,0.02,ABORT,saida_eixo,0,2
1788473837.31,1294.11,-0.00,0.02,ABORT,saida_eixo,0,2
1788473837.41,1294.21,0.00,0.02,ABORT,saida_eixo,0,2
1788473837.51,1294.31,0.00,0.02,ABORT,saida_eixo,0,2
1788473837.61,1294.41,-0.00,0.02,ABORT,saida_eixo,0,2
1788473837.71,1294.51,0.00,0.02,ABORT,saida_eixo,0,2
1788473837.81,1294.61,-0.00,0.02,ABORT,saida_eixo,0,2
1788473837.91,1294.71,-0.00,0.02,ABORT,saida_eixo,0,2
1788473838.01,1294.81,0.01,0.02,ABORT,saida_eixo,0,2
1788473838.12,1294.92,-0.00,0.02,ABORT,saida_eixo,0,2
1788473838.21,1295.01,0.00,0.02,ABORT,saida_eixo,0,2
1788473838.31,1295.11,0.01,0.02,ABORT,saida_eixo,0,2
1788473838.41,1295.21,0.01,0.02,ABORT,saida_eixo,0,2
1788473838.51,1295.31,0.00,0.02,ABORT,saida_eixo,0,2
1788473838.61,1295.41,0.01,0.02,ABORT,saida_eixo,0,2
1788473838.71,1295.51,0.00,0.02,ABORT,saida_eixo,0,2
1788473838.81,1295.61,0.00,0.02,ABORT,saida_eixo,0,2
1788473838.91,1295.71,0.00,0.02,ABORT,saida_eixo,0,2
1788473839.01,1295.81,0.01,0.02,ABORT,saida_eixo,0,2
1788473839.12,1295.91,0.01,0.02,ABORT,saida_eixo,0,2
1788473839.21,1296.01,0.00,0.02,ABORT,saida_eixo,0,2
1788473839.32,1296.11,0.00,0.02,ABORT,saida_eixo,0,2
1788473839.42,1296.21,-0.00,0.02,ABORT,saida_eixo,0,2
1788473839.52,1296.31,0.00,0.02,ABORT,saida_eixo,0,2
1788473839.62,1296.41,-0.00,0.02,ABORT,saida_eixo,0,2
1788473839.72,1296.51,0.00,0.02,ABORT,saida_eixo,0,2
1788473839.82,1296.61,0.00,0.02,ABORT,saida_eixo,0,2
1788473839.92,1296.71,0.01,0.02,ABORT,saida_eixo,0,2
1788473840.02,1296.81,0.01,0.02,ABORT,saida_eixo,0,2
1788473840.12,1296.91,0.00,0.02,ABORT,saida_eixo,0,2
1788473840.22,1297.01,0.01,0.02,ABORT,saida_eixo,0,2
1788473840.32,1297.11,0.00,0.02,ABORT,saida_eixo,0,2
1788473840.42,1297.21,0.00,0.02,ABORT,saida_eixo,0,2
1788473840.52,1297.31,0.00,0.02,ABORT,saida_eixo,0,2
1788473840.62,1297.41,0.01,0.02,ABORT,saida_eixo,0,2
1788473840.72,1297.51,0.01,0.02,ABORT,saida_eixo,0,2
1788473840.82,1297.61,0.00,0.02,ABORT,saida_eixo,0,2
1788473840.92,1297.71,0.00,0.02,ABORT,saida_eixo,0,2
1788473841.02,1297.81,0.01,0.02,ABORT,saida_eixo,0,2
1788473841.12,1297.91,-0.00,0.02,ABORT,saida_eixo,0,2
1788473841.22,1298.01,-0.00,0.02,ABORT,saida_eixo,0,2
1788473841.32,1298.11,-0.00,0.02,ABORT,saida_eixo,0,2
1788473841.42,1298.21,-0.00,0.02,ABORT,saida_eixo,0,2
1788473841.52,1298.31,0.00,0.02,ABORT,saida_eixo,0,2
1788473841.62,1298.41,0.00,0.02,ABORT,saida_eixo,0,2
1788473841.72,1298.51,-0.00,0.02,ABORT,saida_eixo,0,2
1788473841.82,1298.61,-0.00,0.02,ABORT,saida_eixo,0,2
1788473841.92,1298.71,0.01,0.02,ABORT,saida_eixo,0,2
1788473842.02,1298.81,-0.00,0.02,ABORT,saida_eixo,0,2
1788473842.12,1298.91,-0.00,0.02,ABORT,saida_eixo,0,2
1788473842.22,1299.02,0.00,0.02,ABORT,saida_eixo,0,2
1788473842.32,1299.11,-0.00,0.02,ABORT,saida_eixo,0,2
1788473842.42,1299.21,0.01,0.02,ABORT,saida_eixo,0,2
1788473842.52,1299.31,0.01,0.02,ABORT,saida_eixo,0,2
1788473842.62,1299.41,0.00,0.02,ABORT,saida_eixo,0,2
1788473842.72,1299.51,0.00,0.02,ABORT,saida_eixo,0,2
1788473842.82,1299.61,-0.00,0.02,ABORT,saida_eixo,0,2
1788473842.92,1299.71,0.00,0.02,ABORT,saida_eixo,0,2
1788473843.02,1299.81,0.00,0.02,ABORT,saida_eixo,0,2
1788473843.12,1299.91,0.01,0.02,ABORT,saida_eixo,0,2
1788473843.22,1300.01,0.01,0.02,ABORT,saida_eixo,0,2
1788473843.32,1300.11,-0.00,0.02,ABORT,saida_eixo,0,2
1788473843.42,1300.21,0.00,0.02,ABORT,saida_eixo,0,2
1788473843.52,1300.31,0.01,0.02,ABORT,saida_eixo,0,2
1788473843.62,1300.41,-0.00,0.02,ABORT,saida_eixo,0,2
1788473843.72,1300.51,-0.00,0.02,ABORT,saida_eixo,0,2
1788473843.82,1300.61,0.00,0.02,ABORT,saida_eixo,0,2
1788473843.92,1300.71,-0.00,0.02,ABORT,saida_eixo,0,2
1788473844.02,1300.81,0.00,0.02,ABORT,saida_eixo,0,2
1788473844.12,1300.91,0.01,0.02,ABORT,saida_eixo,0,2
1788473844.22,1301.01,-0.00,0.02,ABORT,saida_eixo,0,2
1788473844.32,1301.11,0.00,0.02,ABORT,saida_eixo,0,2
1788473844.42,1301.21,0.01,0.02,ABORT,saida_eixo,0,2
1788473844.52,1301.31,-0.00,0.02,ABORT,saida_eixo,0,2
1788473844.62,1301.41,-0.00,0.02,ABORT,saida_eixo,0,2
1788473844.72,1301.51,0.00,0.02,ABORT,saida_eixo,0,2
1788473844.82,1301.61,0.00,0.02,ABORT,saida_eixo,0,2
1788473844.92,1301.71,0.01,0.02,ABORT,saida_eixo,0,2
1788473845.02,1301.81,0.01,0.02,ABORT,saida_eixo,0,2
1788473845.12,1301.91,0.00,0.02,ABORT,saida_eixo,0,2
1788473845.22,1302.01,0.01,0.02,ABORT,saida_eixo,0,2
1788473845.32,1302.11,0.00,0.02,ABORT,saida_eixo,0,2
1788473845.42,1302.21,0.01,0.02,ABORT,saida_eixo,0,2
1788473845.52,1302.31,0.01,0.02,ABORT,saida_eixo,0,2
1788473845.62,1302.41,-0.00,0.02,ABORT,saida_eixo,0,2
1788473845.72,1302.51,-0.00,0.02,ABORT,saida_eixo,0,2
1788473845.82,1302.61,0.00,0.02,ABORT,saida_eixo,0,2
1788473845.92,1302.71,0.01,0.02,ABORT,saida_eixo,0,2
1788473846.02,1302.81,0.00,0.02,ABORT,saida_eixo,0,2
1788473846.12,1302.91,0.00,0.02,ABORT,saida_eixo,0,2
1788473846.23,1303.02,0.00,0.02,ABORT,saida_eixo,0,2
1788473846.33,1303.11,0.01,0.02,ABORT,saida_eixo,0,2
1788473846.43,1303.21,0.01,0.02,ABORT,saida_eixo,0,2
1788473846.53,1303.31,-0.00,0.02,ABORT,saida_eixo,0,2
1788473846.63,1303.41,-0.00,0.02,ABORT,saida_eixo,0,2
1788473846.73,1303.51,0.01,0.02,ABORT,saida_eixo,0,2
1788473846.83,1303.61,0.01,0.02,ABORT,saida_eixo,0,2
1788473846.93,1303.71,0.01,0.02,ABORT,saida_eixo,0,2
1788473847.03,1303.81,0.01,0.02,ABORT,saida_eixo,0,2
1788473847.13,1303.91,0.01,0.02,ABORT,saida_eixo,0,2
1788473847.23,1304.01,-0.00,0.02,ABORT,saida_eixo,0,2
1788473847.33,1304.11,-0.00,0.02,ABORT,saida_eixo,0,2
1788473847.43,1304.21,0.00,0.02,ABORT,saida_eixo,0,2
1788473847.53,1304.31,0.00,0.02,ABORT,saida_eixo,0,2
1788473847.63,1304.41,0.00,0.02,ABORT,saida_eixo,0,2
1788473847.73,1304.51,0.00,0.02,ABORT,saida_eixo,0,2
1788473847.83,1304.61,-0.00,0.02,ABORT,saida_eixo,0,2
1788473847.93,1304.71,0.00,0.02,ABORT,saida_eixo,0,2
1788473848.03,1304.81,0.00,0.02,ABORT,saida_eixo,0,2
1788473848.13,1304.91,-0.01,0.02,ABORT,saida_eixo,0,2
1788473848.23,1305.01,-0.01,0.02,ABORT,saida_eixo,0,2
1788473848.33,1305.11,0.00,0.02,ABORT,saida_eixo,0,2
1788473848.43,1305.21,0.00,0.02,ABORT,saida_eixo,0,2
1788473848.53,1305.31,-0.00,0.02,ABORT,saida_eixo,0,2
1788473848.63,1305.41,0.00,0.02,ABORT,saida_eixo,0,2
1788473848.73,1305.51,0.00,0.02,ABORT,saida_eixo,0,2
1788473848.83,1305.61,0.01,0.02,ABORT,saida_eixo,0,2
1788473848.93,1305.71,0.00,0.02,ABORT,saida_eixo,0,2
1788473849.03,1305.81,-0.00,0.02,ABORT,saida_eixo,0,2
1788473849.13,1305.91,-0.00,0.02,ABORT,saida_eixo,0,2
1788473849.23,1306.01,0.01,0.02,ABORT,saida_eixo,0,2
1788473849.33,1306.11,0.01,0.02,ABORT,saida_eixo,0,2
1788473849.43,1306.21,0.00,0.02,ABORT,saida_eixo,0,2
1788473849.53,1306.31,0.01,0.02,ABORT,saida_eixo,0,2
1788473849.63,1306.41,0.01,0.02,ABORT,saida_eixo,0,2
1788473849.73,1306.51,-0.00,0.02,ABORT,saida_eixo,0,2
1788473849.83,1306.61,-0.00,0.02,ABORT,saida_eixo,0,2
1788473849.93,1306.71,0.01,0.02,ABORT,saida_eixo,0,2
1788473850.03,1306.81,0.01,0.02,ABORT,saida_eixo,0,2
1788473850.13,1306.91,0.00,0.02,ABORT,saida_eixo,0,2
1788473850.23,1307.01,0.00,0.02,ABORT,saida_eixo,0,2
1788473850.33,1307.11,0.00,0.02,ABORT,saida_eixo,0,2
1788473850.43,1307.21,0.01,0.02,ABORT,saida_eixo,0,2
1788473850.53,1307.31,0.01,0.02,ABORT,saida_eixo,0,2
1788473850.63,1307.41,-0.00,0.02,ABORT,saida_eixo,0,2
1788473850.73,1307.51,-0.00,0.02,ABORT,saida_eixo,0,2
1788473850.83,1307.61,0.01,0.02,ABORT,saida_eixo,0,2
1788473850.93,1307.71,0.01,0.02,ABORT,saida_eixo,0,2
1788473851.03,1307.81,0.00,0.02,ABORT,saida_eixo,0,2
1788473851.13,1307.91,0.01,0.02,ABORT,saida_eixo,0,2
1788473851.23,1308.01,0.01,0.02,ABORT,saida_eixo,0,2
1788473851.33,1308.11,0.01,0.02,ABORT,saida_eixo,0,2
1788473851.43,1308.21,0.01,0.02,ABORT,saida_eixo,0,2
1788473851.53,1308.31,0.00,0.02,ABORT,saida_eixo,0,2
1788473851.63,1308.41,0.00,0.02,ABORT,saida_eixo,0,2
1788473851.73,1308.51,-0.00,0.02,ABORT,saida_eixo,0,2
1788473851.83,1308.61,0.00,0.02,ABORT,saida_eixo,0,2
1788473851.93,1308.71,0.01,0.02,ABORT,saida_eixo,0,2
1788473852.03,1308.81,0.00,0.02,ABORT,saida_eixo,0,2
1788473852.13,1308.91,-0.00,0.02,ABORT,saida_eixo,0,2
1788473852.23,1309.01,0.00,0.02,ABORT,saida_eixo,0,2
1788473852.33,1309.11,0.00,0.02,ABORT,saida_eixo,0,2
1788473852.43,1309.21,-0.00,0.02,ABORT,saida_eixo,0,2
1788473852.53,1309.31,-0.00,0.02,ABORT,saida_eixo,0,2
1788473852.63,1309.41,-0.00,0.02,ABORT,saida_eixo,0,2
1788473852.73,1309.51,-0.00,0.02,ABORT,saida_eixo,0,2
1788473852.83,1309.61,0.01,0.02,ABORT,saida_eixo,0,2
1788473852.93,1309.71,0.00,0.02,ABORT,saida_eixo,0,2
1788473853.03,1309.81,-0.00,0.02,ABORT,saida_eixo,0,2
1788473853.13,1309.91,0.01,0.02,ABORT,saida_eixo,0,2
1788473853.23,1310.01,0.01,0.02,ABORT,saida_eixo,0,2
1788473853.33,1310.11,0.00,0.02,ABORT,saida_eixo,0,2
1788473853.43,1310.21,-0.00,0.02,ABORT,saida_eixo,0,2
1788473853.53,1310.31,0.00,0.02,ABORT,saida_eixo,0,2
1788473853.63,1310.41,0.01,0.02,ABORT,saida_eixo,0,2
1788473853.73,1310.51,0.01,0.02,ABORT,saida_eixo,0,2
1788473853.83,1310.61,0.00,0.02,ABORT,saida_eixo,0,2
1788473853.93,1310.71,0.01,0.02,ABORT,saida_eixo,0,2
1788473854.03,1310.81,0.00,0.02,ABORT,saida_eixo,0,2
1788473854.13,1310.91,-0.00,0.02,ABORT,saida_eixo,0,2
1788473854.23,1311.01,-0.00,0.02,ABORT,saida_eixo,0,2
1788473854.33,1311.11,0.01,0.02,ABORT,saida_eixo,0,2
1788473854.43,1311.21,0.00,0.02,ABORT,saida_eixo,0,2
1788473854.53,1311.31,0.00,0.02,ABORT,saida_eixo,0,2
1788473854.63,1311.41,0.01,0.02,ABORT,saida_eixo,0,2
1788473854.73,1311.51,-0.00,0.02,ABORT,saida_eixo,0,2
1788473854.83,1311.61,-0.00,0.02,ABORT,saida_eixo,0,2
1788473854.93,1311.71,-0.00,0.02,ABORT,saida_eixo,0,2
1788473855.03,1311.81,-0.00,0.02,ABORT,saida_eixo,0,2
1788473855.14,1311.91,0.00,0.02,ABORT,saida_eixo,0,2
1788473855.23,1312.01,0.01,0.02,ABORT,saida_eixo,0,2
1788473855.33,1312.11,0.01,0.02,ABORT,saida_eixo,0,2
1788473855.44,1312.21,-0.00,0.02,ABORT,saida_eixo,0,2
1788473855.54,1312.31,-0.00,0.02,ABORT,saida_eixo,0,2
1788473855.64,1312.41,0.01,0.02,ABORT,saida_eixo,0,2
1788473855.74,1312.51,0.01,0.02,ABORT,saida_eixo,0,2
1788473855.84,1312.61,0.00,0.02,ABORT,saida_eixo,0,2
1788473855.94,1312.71,0.00,0.02,ABORT,saida_eixo,0,2
1788473856.04,1312.81,0.01,0.02,ABORT,saida_eixo,0,2
1788473856.14,1312.91,0.01,0.02,ABORT,saida_eixo,0,2
1788473856.24,1313.01,-0.00,0.02,ABORT,saida_eixo,0,2
1788473856.34,1313.11,0.00,0.02,ABORT,saida_eixo,0,2
1788473856.44,1313.21,0.00,0.02,ABORT,saida_eixo,0,2
1788473856.54,1313.31,0.00,0.03,ABORT,saida_eixo,0,2
1788473856.64,1313.41,0.00,0.03,ABORT,saida_eixo,0,2
1788473856.74,1313.51,0.00,0.03,ABORT,saida_eixo,0,2
1788473856.84,1313.61,0.01,0.03,ABORT,saida_eixo,0,2
1788473856.94,1313.71,0.01,0.03,ABORT,saida_eixo,0,2
1788473857.04,1313.81,-0.00,0.03,ABORT,saida_eixo,0,2
1788473857.14,1313.91,-0.00,0.03,ABORT,saida_eixo,0,2
1788473857.24,1314.01,0.01,0.03,ABORT,saida_eixo,0,2
1788473857.34,1314.11,0.01,0.03,ABORT,saida_eixo,0,2
1788473857.44,1314.21,0.00,0.03,ABORT,saida_eixo,0,2
1788473857.54,1314.31,0.01,0.03,ABORT,saida_eixo,0,2
1788473857.64,1314.41,0.01,0.03,ABORT,saida_eixo,0,2
1788473857.74,1314.51,0.01,0.03,ABORT,saida_eixo,0,2
1788473857.84,1314.61,0.01,0.03,ABORT,saida_eixo,0,2
1788473857.94,1314.71,0.00,0.03,ABORT,saida_eixo,0,2
1788473858.04,1314.81,0.00,0.03,ABORT,saida_eixo,0,2
1788473858.14,1314.91,-0.00,0.03,ABORT,saida_eixo,0,2
1788473858.24,1315.01,0.00,0.03,ABORT,saida_eixo,0,2
1788473858.34,1315.11,0.01,0.03,ABORT,saida_eixo,0,2
1788473858.44,1315.21,0.00,0.03,ABORT,saida_eixo,0,2
1788473858.54,1315.31,-0.00,0.03,ABORT,saida_eixo,0,2
1788473858.64,1315.41,0.00,0.03,ABORT,saida_eixo,0,2
1788473858.74,1315.51,0.00,0.03,ABORT,saida_eixo,0,2
1788473858.84,1315.61,-0.00,0.03,ABORT,saida_eixo,0,2
1788473858.94,1315.71,-0.00,0.03,ABORT,saida_eixo,0,2
1788473859.04,1315.81,-0.00,0.03,ABORT,saida_eixo,0,2
1788473859.14,1315.91,-0.00,0.03,ABORT,saida_eixo,0,2
1788473859.24,1316.01,0.01,0.03,ABORT,saida_eixo,0,2
1788473859.34,1316.11,0.00,0.03,ABORT,saida_eixo,0,2
1788473859.44,1316.21,-0.00,0.03,ABORT,saida_eixo,0,2
1788473859.54,1316.31,0.01,0.03,ABORT,saida_eixo,0,2
1788473859.64,1316.41,0.01,0.03,ABORT,saida_eixo,0,2
1788473859.74,1316.51,0.00,0.03,ABORT,saida_eixo,0,2
1788473859.84,1316.61,0.00,0.03,ABORT,saida_eixo,0,2
1788473859.94,1316.71,-0.00,0.03,ABORT,saida_eixo,0,2
1788473860.04,1316.81,0.00,0.03,ABORT,saida_eixo,0,2
1788473860.14,1316.91,0.00,0.03,ABORT,saida_eixo,0,2
1788473860.24,1317.01,0.01,0.03,ABORT,saida_eixo,0,2
1788473860.34,1317.11,0.01,0.03,ABORT,saida_eixo,0,2
1788473860.44,1317.21,-0.00,0.03,ABORT,saida_eixo,0,2
1788473860.54,1317.31,-0.00,0.03,ABORT,saida_eixo,0,2
1788473860.64,1317.41,-0.00,0.03,ABORT,saida_eixo,0,2
1788473860.74,1317.51,-0.00,0.03,ABORT,saida_eixo,0,2
1788473860.84,1317.61,0.01,0.03,ABORT,saida_eixo,0,2
1788473860.94,1317.71,-0.00,0.03,ABORT,saida_eixo,0,2
1788473861.04,1317.81,-0.00,0.03,ABORT,saida_eixo,0,2
1788473861.14,1317.91,0.00,0.03,ABORT,saida_eixo,0,2
1788473861.24,1318.01,0.00,0.03,ABORT,saida_eixo,0,2
1788473861.34,1318.11,-0.00,0.03,ABORT,saida_eixo,0,2
1788473861.44,1318.21,0.00,0.03,ABORT,saida_eixo,0,2
1788473861.54,1318.31,-0.00,0.03,ABORT,saida_eixo,0,2
1788473861.64,1318.41,-0.00,0.03,ABORT,saida_eixo,0,2
1788473861.74,1318.51,0.01,0.03,ABORT,saida_eixo,0,2
1788473861.84,1318.61,0.00,0.03,ABORT,saida_eixo,0,2
1788473861.94,1318.71,0.00,0.03,ABORT,saida_eixo,0,2
1788473862.05,1318.81,0.01,0.03,ABORT,saida_eixo,0,2
1788473862.14,1318.91,0.01,0.03,ABORT,saida_eixo,0,2
1788473862.25,1319.02,0.00,0.03,ABORT,saida_eixo,0,2
1788473862.34,1319.11,0.01,0.03,ABORT,saida_eixo,0,2
1788473862.45,1319.21,0.00,0.03,ABORT,saida_eixo,0,2
1788473862.54,1319.31,0.00,0.03,ABORT,saida_eixo,0,2
1788473862.65,1319.41,0.00,0.03,ABORT,saida_eixo,0,2
1788473862.75,1319.51,0.01,0.03,ABORT,saida_eixo,0,2
1788473862.85,1319.61,0.01,0.03,ABORT,saida_eixo,0,2
1788473862.95,1319.71,0.00,0.03,ABORT,saida_eixo,0,2
1788473863.05,1319.81,0.00,0.03,ABORT,saida_eixo,0,2
1788473863.15,1319.91,-0.00,0.03,ABORT,saida_eixo,0,2
1788473863.25,1320.01,0.00,0.03,ABORT,saida_eixo,0,2
1788473863.35,1320.11,-0.00,0.03,ABORT,saida_eixo,0,2
1788473863.45,1320.21,0.00,0.03,ABORT,saida_eixo,0,2
1788473863.55,1320.31,0.00,0.03,ABORT,saida_eixo,0,2
1788473863.65,1320.41,0.01,0.03,ABORT,saida_eixo,0,2
1788473863.75,1320.51,0.01,0.03,ABORT,saida_eixo,0,2
1788473863.85,1320.61,0.00,0.03,ABORT,saida_eixo,0,2
1788473863.95,1320.71,0.01,0.03,ABORT,saida_eixo,0,2
1788473864.05,1320.81,0.00,0.03,ABORT,saida_eixo,0,2
1788473864.15,1320.91,0.00,0.03,ABORT,saida_eixo,0,2
1788473864.25,1321.01,0.00,0.03,ABORT,saida_eixo,0,2
1788473864.35,1321.11,0.01,0.03,ABORT,saida_eixo,0,2
1788473864.45,1321.21,0.01,0.03,ABORT,saida_eixo,0,2
1788473864.55,1321.31,0.00,0.03,ABORT,saida_eixo,0,2
1788473864.65,1321.41,0.00,0.03,ABORT,saida_eixo,0,2
1788473864.75,1321.51,0.01,0.03,ABORT,saida_eixo,0,2
1788473864.85,1321.61,-0.00,0.03,ABORT,saida_eixo,0,2
1788473864.95,1321.71,-0.00,0.03,ABORT,saida_eixo,0,2
1788473865.05,1321.81,-0.00,0.03,ABORT,saida_eixo,0,2
1788473865.15,1321.91,-0.00,0.03,ABORT,saida_eixo,0,2
1788473865.25,1322.01,0.00,0.03,ABORT,saida_eixo,0,2
1788473865.35,1322.11,0.00,0.03,ABORT,saida_eixo,0,2
1788473865.45,1322.21,-0.00,0.03,ABORT,saida_eixo,0,2
1788473865.55,1322.31,-0.00,0.03,ABORT,saida_eixo,0,2
1788473865.65,1322.41,0.01,0.03,ABORT,saida_eixo,0,2
1788473865.75,1322.51,-0.00,0.03,ABORT,saida_eixo,0,2
1788473865.85,1322.61,-0.00,0.03,ABORT,saida_eixo,0,2
1788473865.95,1322.71,0.00,0.03,ABORT,saida_eixo,0,2
1788473866.05,1322.81,-0.00,0.03,ABORT,saida_eixo,0,2
1788473866.15,1322.91,0.01,0.03,ABORT,saida_eixo,0,2
1788473866.25,1323.01,0.01,0.03,ABORT,saida_eixo,0,2
1788473866.35,1323.11,0.00,0.03,ABORT,saida_eixo,0,2
1788473866.45,1323.21,0.00,0.03,ABORT,saida_eixo,0,2
1788473866.55,1323.31,-0.00,0.03,ABORT,saida_eixo,0,2
1788473866.65,1323.41,0.00,0.03,ABORT,saida_eixo,0,2
1788473866.75,1323.51,0.00,0.03,ABORT,saida_eixo,0,2
1788473866.85,1323.61,0.01,0.03,ABORT,saida_eixo,0,2
1788473866.95,1323.71,0.01,0.03,ABORT,saida_eixo,0,2
1788473867.05,1323.81,-0.00,0.03,ABORT,saida_eixo,0,2
1788473867.15,1323.91,0.00,0.03,ABORT,saida_eixo,0,2
1788473867.25,1324.01,0.01,0.03,ABORT,saida_eixo,0,2
1788473867.35,1324.11,-0.00,0.03,ABORT,saida_eixo,0,2
1788473867.45,1324.21,-0.00,0.03,ABORT,saida_eixo,0,2
1788473867.55,1324.31,0.00,0.03,ABORT,saida_eixo,0,2
1788473867.65,1324.41,-0.00,0.03,ABORT,saida_eixo,0,2
1788473867.75,1324.51,0.00,0.03,ABORT,saida_eixo,0,2
1788473867.85,1324.61,0.01,0.03,ABORT,saida_eixo,0,2
1788473867.95,1324.71,-0.00,0.03,ABORT,saida_eixo,0,2
1788473868.05,1324.81,0.00,0.03,ABORT,saida_eixo,0,2
1788473868.15,1324.91,0.01,0.03,ABORT,saida_eixo,0,2
1788473868.25,1325.01,0.00,0.03,ABORT,saida_eixo,0,2
1788473868.35,1325.11,-0.00,0.03,ABORT,saida_eixo,0,2
1788473868.45,1325.21,0.00,0.03,ABORT,saida_eixo,0,2
1788473868.55,1325.31,0.00,0.03,ABORT,saida_eixo,0,2
1788473868.65,1325.41,0.01,0.03,ABORT,saida_eixo,0,2
1788473868.75,1325.51,0.01,0.03,ABORT,saida_eixo,0,2
1788473868.85,1325.61,0.00,0.03,ABORT,saida_eixo,0,2
1788473868.95,1325.71,0.01,0.03,ABORT,saida_eixo,0,2
1788473869.05,1325.81,0.00,0.03,ABORT,saida_eixo,0,2
1788473869.15,1325.91,0.01,0.03,ABORT,saida_eixo,0,2
1788473869.25,1326.01,0.01,0.03,ABORT,saida_eixo,0,2
1788473869.35,1326.11,-0.00,0.03,ABORT,saida_eixo,0,2
1788473869.45,1326.21,-0.00,0.03,ABORT,saida_eixo,0,2
1788473869.55,1326.31,0.00,0.03,ABORT,saida_eixo,0,2
1788473869.65,1326.41,0.01,0.03,ABORT,saida_eixo,0,2
1788473869.76,1326.51,0.00,0.03,ABORT,saida_eixo,0,2
1788473869.85,1326.61,0.00,0.03,ABORT,saida_eixo,0,2
1788473869.95,1326.71,0.00,0.03,ABORT,saida_eixo,0,2
1788473870.05,1326.81,0.01,0.03,ABORT,saida_eixo,0,2
1788473870.15,1326.91,0.01,0.03,ABORT,saida_eixo,0,2
1788473870.26,1327.01,-0.00,0.03,ABORT,saida_eixo,0,2
1788473870.36,1327.11,-0.00,0.03,ABORT,saida_eixo,0,2
1788473870.46,1327.21,0.01,0.03,ABORT,saida_eixo,0,2
1788473870.56,1327.31,0.01,0.03,ABORT,saida_eixo,0,2
1788473870.66,1327.41,0.01,0.03,ABORT,saida_eixo,0,2
1788473870.76,1327.51,0.01,0.03,ABORT,saida_eixo,0,2
1788473870.86,1327.61,0.01,0.03,ABORT,saida_eixo,0,2
1788473870.96,1327.71,-0.00,0.03,ABORT,saida_eixo,0,2
1788473871.06,1327.81,-0.00,0.03,ABORT,saida_eixo,0,2
1788473871.16,1327.91,0.00,0.03,ABORT,saida_eixo,0,2
1788473871.26,1328.01,0.00,0.03,ABORT,saida_eixo,0,2
1788473871.36,1328.11,0.00,0.03,ABORT,saida_eixo,0,2
1788473871.46,1328.21,0.00,0.03,ABORT,saida_eixo,0,2
1788473871.56,1328.31,-0.00,0.03,ABORT,saida_eixo,0,2
1788473871.66,1328.41,0.00,0.03,ABORT,saida_eixo,0,2
1788473871.76,1328.51,0.00,0.03,ABORT,saida_eixo,0,2
1788473871.86,1328.61,-0.01,0.03,ABORT,saida_eixo,0,2
1788473871.96,1328.71,-0.01,0.03,ABORT,saida_eixo,0,2
1788473872.06,1328.81,0.00,0.03,ABORT,saida_eixo,0,2
1788473872.16,1328.91,0.00,0.03,ABORT,saida_eixo,0,2
1788473872.26,1329.01,-0.00,0.03,ABORT,saida_eixo,0,2
1788473872.36,1329.11,0.00,0.03,ABORT,saida_eixo,0,2
1788473872.46,1329.21,0.00,0.03,ABORT,saida_eixo,0,2
1788473872.56,1329.31,0.01,0.03,ABORT,saida_eixo,0,2
1788473872.66,1329.41,0.00,0.03,ABORT,saida_eixo,0,2
1788473872.76,1329.51,-0.00,0.03,ABORT,saida_eixo,0,2
1788473872.86,1329.61,-0.00,0.03,ABORT,saida_eixo,0,2
1788473872.96,1329.71,0.01,0.03,ABORT,saida_eixo,0,2
1788473873.06,1329.81,0.01,0.03,ABORT,saida_eixo,0,2
1788473873.16,1329.91,0.00,0.03,ABORT,saida_eixo,0,2
1788473873.26,1330.01,0.01,0.03,ABORT,saida_eixo,0,2
1788473873.36,1330.11,0.01,0.03,ABORT,saida_eixo,0,2
1788473873.46,1330.21,-0.00,0.03,ABORT,saida_eixo,0,2
1788473873.56,1330.31,-0.00,0.03,ABORT,saida_eixo,0,2
1788473873.66,1330.41,0.01,0.03,ABORT,saida_eixo,0,2
1788473873.76,1330.51,0.01,0.03,ABORT,saida_eixo,0,2
1788473873.86,1330.61,0.00,0.03,ABORT,saida_eixo,0,2
1788473873.96,1330.71,0.01,0.03,ABORT,saida_eixo,0,2
1788473874.06,1330.81,0.00,0.03,ABORT,saida_eixo,0,2
1788473874.16,1330.91,0.01,0.03,ABORT,saida_eixo,0,2
1788473874.26,1331.01,0.01,0.03,ABORT,saida_eixo,0,2
1788473874.36,1331.11,-0.00,0.03,ABORT,saida_eixo,0,2
1788473874.46,1331.21,-0.00,0.03,ABORT,saida_eixo,0,2
1788473874.56,1331.31,0.01,0.03,ABORT,saida_eixo,0,2
1788473874.66,1331.41,0.01,0.03,ABORT,saida_eixo,0,2
1788473874.76,1331.51,0.00,0.03,ABORT,saida_eixo,0,2
1788473874.86,1331.61,0.01,0.03,ABORT,saida_eixo,0,2
1788473874.96,1331.71,0.01,0.03,ABORT,saida_eixo,0,2
1788473875.06,1331.81,0.01,0.03,ABORT,saida_eixo,0,2
1788473875.16,1331.91,0.01,0.03,ABORT,saida_eixo,0,2
1788473875.26,1332.01,0.00,0.03,ABORT,saida_eixo,0,2
1788473875.36,1332.11,0.00,0.03,ABORT,saida_eixo,0,2
1788473875.46,1332.21,0.00,0.03,ABORT,saida_eixo,0,2
1788473875.56,1332.31,0.00,0.03,ABORT,saida_eixo,0,2
1788473875.66,1332.41,0.00,0.03,ABORT,saida_eixo,0,2
1788473875.76,1332.51,0.01,0.03,ABORT,saida_eixo,0,2
1788473875.86,1332.62,0.00,0.03,ABORT,saida_eixo,0,2
1788473875.96,1332.71,0.00,0.03,ABORT,saida_eixo,0,2
1788473876.06,1332.81,-0.00,0.03,ABORT,saida_eixo,0,2
1788473876.16,1332.91,0.00,0.03,ABORT,saida_eixo,0,2
1788473876.26,1333.01,-0.00,0.03,ABORT,saida_eixo,0,2
1788473876.36,1333.11,0.00,0.03,ABORT,saida_eixo,0,2
1788473876.46,1333.21,0.00,0.03,ABORT,saida_eixo,0,2
1788473876.56,1333.31,0.01,0.03,ABORT,saida_eixo,0,2
1788473876.66,1333.41,0.01,0.03,ABORT,saida_eixo,0,2
1788473876.76,1333.51,-0.00,0.03,ABORT,saida_eixo,0,2
1788473876.86,1333.61,0.01,0.03,ABORT,saida_eixo,0,2
1788473876.96,1333.71,-0.01,0.03,ABORT,saida_eixo,0,2
1788473877.06,1333.81,0.00,0.03,ABORT,saida_eixo,0,2
1788473877.16,1333.91,0.01,0.03,ABORT,saida_eixo,0,2
1788473877.27,1334.01,0.01,0.03,ABORT,saida_eixo,0,2
1788473877.36,1334.11,0.01,0.03,ABORT,saida_eixo,0,2
1788473877.46,1334.21,0.00,0.03,ABORT,saida_eixo,0,2
1788473877.57,1334.31,0.01,0.03,ABORT,saida_eixo,0,2
1788473877.66,1334.41,0.00,0.03,ABORT,saida_eixo,0,2
1788473877.76,1334.51,-0.00,0.03,ABORT,saida_eixo,0,2
1788473877.86,1334.61,-0.00,0.03,ABORT,saida_eixo,0,2
1788473877.97,1334.71,0.01,0.03,ABORT,saida_eixo,0,2
1788473878.07,1334.81,0.00,0.03,ABORT,saida_eixo,0,2
1788473878.17,1334.91,0.00,0.03,ABORT,saida_eixo,0,2
1788473878.27,1335.01,-0.00,0.03,ABORT,saida_eixo,0,2
1788473878.37,1335.11,0.00,0.03,ABORT,saida_eixo,0,2
1788473878.47,1335.21,-0.01,0.03,ABORT,saida_eixo,0,2
1788473878.57,1335.31,-0.00,0.03,ABORT,saida_eixo,0,2
1788473878.67,1335.41,0.01,0.03,ABORT,saida_eixo,0,2
1788473878.77,1335.51,0.00,0.03,ABORT,saida_eixo,0,2
1788473878.87,1335.61,0.01,0.03,ABORT,saida_eixo,0,2
1788473878.97,1335.71,0.00,0.03,ABORT,saida_eixo,0,2
1788473879.07,1335.82,0.00,0.03,ABORT,saida_eixo,0,2
1788473879.17,1335.91,-0.00,0.03,ABORT,saida_eixo,0,2
1788473879.27,1336.01,0.00,0.03,ABORT,saida_eixo,0,2
1788473879.37,1336.11,-0.00,0.03,ABORT,saida_eixo,0,2
1788473879.47,1336.21,-0.00,0.03,ABORT,saida_eixo,0,2
1788473879.57,1336.31,0.00,0.03,ABORT,saida_eixo,0,2
1788473879.67,1336.41,0.01,0.03,ABORT,saida_eixo,0,2
1788473879.77,1336.51,-0.00,0.03,ABORT,saida_eixo,0,2
1788473879.87,1336.61,0.01,0.03,ABORT,saida_eixo,0,2
1788473879.97,1336.71,0.01,0.03,ABORT,saida_eixo,0,2
1788473880.07,1336.81,-0.00,0.03,ABORT,saida_eixo,0,2
1788473880.17,1336.91,0.01,0.03,ABORT,saida_eixo,0,2
1788473880.27,1337.01,0.01,0.03,ABORT,saida_eixo,0,2
1788473880.37,1337.11,-0.00,0.03,ABORT,saida_eixo,0,2
1788473880.47,1337.21,0.00,0.03,ABORT,saida_eixo,0,2
1788473880.57,1337.31,-0.00,0.03,ABORT,saida_eixo,0,2
1788473880.67,1337.41,0.00,0.03,ABORT,saida_eixo,0,2
1788473880.77,1337.51,0.00,0.03,ABORT,saida_eixo,0,2
1788473880.87,1337.61,-0.00,0.03,ABORT,saida_eixo,0,2
1788473880.97,1337.71,-0.00,0.03,ABORT,saida_eixo,0,2
1788473881.07,1337.81,0.01,0.03,ABORT,saida_eixo,0,2
1788473881.17,1337.91,0.01,0.03,ABORT,saida_eixo,0,2
1788473881.27,1338.01,0.00,0.03,ABORT,saida_eixo,0,2
1788473881.37,1338.11,0.00,0.03,ABORT,saida_eixo,0,2
1788473881.47,1338.21,0.00,0.03,ABORT,saida_eixo,0,2
1788473881.57,1338.31,-0.00,0.03,ABORT,saida_eixo,0,2
1788473881.67,1338.41,-0.00,0.03,ABORT,saida_eixo,0,2
1788473881.77,1338.51,0.01,0.03,ABORT,saida_eixo,0,2
1788473881.87,1338.61,0.00,0.03,ABORT,saida_eixo,0,2
1788473881.97,1338.71,0.00,0.03,ABORT,saida_eixo,0,2
1788473882.07,1338.81,0.01,0.03,ABORT,saida_eixo,0,2
1788473882.17,1338.91,0.01,0.03,ABORT,saida_eixo,0,2
1788473882.27,1339.01,0.00,0.03,ABORT,saida_eixo,0,2
1788473882.37,1339.11,0.00,0.03,ABORT,saida_eixo,0,2
1788473882.47,1339.21,0.00,0.03,ABORT,saida_eixo,0,2
1788473882.57,1339.31,0.00,0.03,ABORT,saida_eixo,0,2
1788473882.67,1339.41,0.00,0.03,ABORT,saida_eixo,0,2
1788473882.77,1339.51,0.01,0.03,ABORT,saida_eixo,0,2
1788473882.87,1339.62,0.01,0.03,ABORT,saida_eixo,0,2
1788473882.97,1339.71,-0.00,0.03,ABORT,saida_eixo,0,2
1788473883.07,1339.81,-0.00,0.03,ABORT,saida_eixo,0,2
1788473883.17,1339.91,0.01,0.03,ABORT,saida_eixo,0,2
1788473883.27,1340.01,0.00,0.03,ABORT,saida_eixo,0,2
1788473883.37,1340.11,0.00,0.03,ABORT,saida_eixo,0,2
1788473883.47,1340.21,0.01,0.03,ABORT,saida_eixo,0,2
1788473883.57,1340.31,0.01,0.03,ABORT,saida_eixo,0,2
1788473883.67,1340.41,0.00,0.03,ABORT,saida_eixo,0,2
1788473883.77,1340.51,-0.00,0.03,ABORT,saida_eixo,0,2
1788473883.87,1340.61,-0.01,0.03,ABORT,saida_eixo,0,2
1788473883.97,1340.71,-0.00,0.03,ABORT,saida_eixo,0,2
1788473884.07,1340.81,-0.00,0.03,ABORT,saida_eixo,0,2
1788473884.17,1340.91,0.00,0.03,ABORT,saida_eixo,0,2
1788473884.27,1341.01,0.00,0.03,ABORT,saida_eixo,0,2
1788473884.37,1341.11,0.00,0.03,ABORT,saida_eixo,0,2
1788473884.47,1341.21,0.01,0.03,ABORT,saida_eixo,0,2
1788473884.57,1341.31,-0.00,0.03,ABORT,saida_eixo,0,2
1788473884.67,1341.41,-0.00,0.03,ABORT,saida_eixo,0,2
1788473884.77,1341.51,-0.00,0.03,ABORT,saida_eixo,0,2
1788473884.87,1341.61,0.00,0.03,ABORT,saida_eixo,0,2
1788473884.97,1341.71,0.00,0.03,ABORT,saida_eixo,0,2
1788473885.07,1341.81,-0.00,0.03,ABORT,saida_eixo,0,2
1788473885.17,1341.91,0.01,0.03,ABORT,saida_eixo,0,2
1788473885.27,1342.01,0.00,0.03,ABORT,saida_eixo,0,2
1788473885.37,1342.11,0.01,0.03,ABORT,saida_eixo,0,2
1788473885.47,1342.21,0.01,0.03,ABORT,saida_eixo,0,2
1788473885.57,1342.31,0.01,0.03,ABORT,saida_eixo,0,2
1788473885.68,1342.41,0.00,0.03,ABORT,saida_eixo,0,2
1788473885.78,1342.51,-0.00,0.03,ABORT,saida_eixo,0,2
1788473885.87,1342.61,0.00,0.03,ABORT,saida_eixo,0,2
1788473885.97,1342.71,-0.00,0.03,ABORT,saida_eixo,0,2
1788473886.07,1342.81,0.01,0.03,ABORT,saida_eixo,0,2
1788473886.18,1342.91,-0.01,0.03,ABORT,saida_eixo,0,2
1788473886.28,1343.01,-0.00,0.03,ABORT,saida_eixo,0,2
1788473886.38,1343.11,0.01,0.03,ABORT,saida_eixo,0,2
1788473886.48,1343.21,0.00,0.03,ABORT,saida_eixo,0,2
1788473886.58,1343.31,0.01,0.03,ABORT,saida_eixo,0,2
1788473886.68,1343.41,0.01,0.03,ABORT,saida_eixo,0,2
1788473886.78,1343.51,0.01,0.03,ABORT,saida_eixo,0,2
1788473886.88,1343.61,0.01,0.03,ABORT,saida_eixo,0,2
1788473886.98,1343.71,-0.00,0.03,ABORT,saida_eixo,0,2
1788473887.08,1343.81,0.00,0.03,ABORT,saida_eixo,0,2
1788473887.18,1343.91,-0.00,0.03,ABORT,saida_eixo,0,2
1788473887.28,1344.01,0.00,0.03,ABORT,saida_eixo,0,2
1788473887.38,1344.11,0.00,0.03,ABORT,saida_eixo,0,2
1788473887.48,1344.21,0.00,0.03,ABORT,saida_eixo,0,2
1788473887.58,1344.31,0.01,0.03,ABORT,saida_eixo,0,2
1788473887.68,1344.41,0.00,0.03,ABORT,saida_eixo,0,2
1788473887.78,1344.51,0.00,0.03,ABORT,saida_eixo,0,2
1788473887.88,1344.61,0.00,0.03,ABORT,saida_eixo,0,2
1788473887.98,1344.71,0.00,0.03,ABORT,saida_eixo,0,2
1788473888.08,1344.81,0.01,0.03,ABORT,saida_eixo,0,2
1788473888.18,1344.91,0.01,0.03,ABORT,saida_eixo,0,2
1788473888.28,1345.01,0.00,0.03,ABORT,saida_eixo,0,2
1788473888.38,1345.11,0.01,0.03,ABORT,saida_eixo,0,2
1788473888.48,1345.21,-0.00,0.03,ABORT,saida_eixo,0,2
1788473888.58,1345.31,-0.00,0.03,ABORT,saida_eixo,0,2
1788473888.68,1345.41,0.00,0.03,ABORT,saida_eixo,0,2
1788473888.78,1345.51,0.01,0.03,ABORT,saida_eixo,0,2
1788473888.88,1345.61,-0.00,0.03,ABORT,saida_eixo,0,2
1788473888.98,1345.72,-0.00,0.03,ABORT,saida_eixo,0,2
1788473889.08,1345.81,0.01,0.03,ABORT,saida_eixo,0,2
1788473889.18,1345.91,-0.00,0.03,ABORT,saida_eixo,0,2
1788473889.28,1346.01,0.01,0.03,ABORT,saida_eixo,0,2
1788473889.38,1346.11,-0.01,0.03,ABORT,saida_eixo,0,2
1788473889.48,1346.21,-0.00,0.03,ABORT,saida_eixo,0,2
1788473889.58,1346.31,0.00,0.03,ABORT,saida_eixo,0,2
1788473889.68,1346.41,0.01,0.03,ABORT,saida_eixo,0,2
1788473889.78,1346.51,0.00,0.03,ABORT,saida_eixo,0,2
1788473889.88,1346.61,0.00,0.03,ABORT,saida_eixo,0,2
1788473889.98,1346.71,0.01,0.03,ABORT,saida_eixo,0,2
1788473890.08,1346.81,0.01,0.03,ABORT,saida_eixo,0,2
1788473890.18,1346.91,-0.00,0.03,ABORT,saida_eixo,0,2
1788473890.28,1347.02,0.01,0.03,ABORT,saida_eixo,0,2
1788473890.38,1347.11,0.00,0.03,ABORT,saida_eixo,0,2
1788473890.48,1347.21,-0.00,0.03,ABORT,saida_eixo,0,2
1788473890.58,1347.31,0.00,0.03,ABORT,saida_eixo,0,2
1788473890.68,1347.41,0.00,0.03,ABORT,saida_eixo,0,2
1788473890.78,1347.51,-0.00,0.03,ABORT,saida_eixo,0,2
1788473890.88,1347.61,-0.00,0.03,ABORT,saida_eixo,0,2
1788473890.98,1347.71,0.01,0.03,ABORT,saida_eixo,0,2
1788473891.08,1347.82,-0.00,0.03,ABORT,saida_eixo,0,2
1788473891.18,1347.91,-0.00,0.03,ABORT,saida_eixo,0,2
1788473891.28,1348.02,-0.00,0.03,ABORT,saida_eixo,0,2
1788473891.38,1348.11,0.00,0.03,ABORT,saida_eixo,0,2
1788473891.48,1348.21,0.01,0.03,ABORT,saida_eixo,0,2
1788473891.58,1348.31,0.01,0.03,ABORT,saida_eixo,0,2
1788473891.68,1348.41,0.00,0.03,ABORT,saida_eixo,0,2
1788473891.78,1348.51,-0.00,0.03,ABORT,saida_eixo,0,2
1788473891.88,1348.61,0.00,0.03,ABORT,saida_eixo,0,2
1788473891.98,1348.71,0.00,0.03,ABORT,saida_eixo,0,2
1788473892.08,1348.81,0.00,0.03,ABORT,saida_eixo,0,2
1788473892.18,1348.91,0.01,0.03,ABORT,saida_eixo,0,2
1788473892.28,1349.01,0.01,0.03,ABORT,saida_eixo,0,2
1788473892.38,1349.11,0.00,0.03,ABORT,saida_eixo,0,2
1788473892.48,1349.21,0.00,0.03,ABORT,saida_eixo,0,2
1788473892.58,1349.31,0.00,0.03,ABORT,saida_eixo,0,2
1788473892.68,1349.41,0.01,0.03,ABORT,saida_eixo,0,2
1788473892.78,1349.51,0.01,0.03,ABORT,saida_eixo,0,2
1788473892.88,1349.61,0.00,0.03,ABORT,saida_eixo,0,2
1788473892.98,1349.71,0.00,0.03,ABORT,saida_eixo,0,2
1788473893.08,1349.81,0.01,0.03,ABORT,saida_eixo,0,2
1788473893.18,1349.91,0.00,0.03,ABORT,saida_eixo,0,2
1788473893.28,1350.01,0.00,0.03,ABORT,saida_eixo,0,2
1788473893.38,1350.11,0.00,0.03,ABORT,saida_eixo,0,2
1788473893.48,1350.21,0.01,0.03,ABORT,saida_eixo,0,2
1788473893.58,1350.31,-0.00,0.03,ABORT,saida_eixo,0,2
1788473893.68,1350.41,0.01,0.03,ABORT,saida_eixo,0,2
1788473893.79,1350.52,-0.00,0.03,ABORT,saida_eixo,0,2
1788473893.88,1350.61,0.01,0.03,ABORT,saida_eixo,0,2
1788473893.98,1350.71,0.01,0.03,ABORT,saida_eixo,0,2
1788473894.08,1350.81,-0.00,0.03,ABORT,saida_eixo,0,2
1788473894.18,1350.91,-0.00,0.03,ABORT,saida_eixo,0,2
1788473894.28,1351.01,0.01,0.03,ABORT,saida_eixo,0,2
1788473894.39,1351.11,0.01,0.03,ABORT,saida_eixo,0,2
1788473894.49,1351.21,-0.00,0.03,ABORT,saida_eixo,0,2
1788473894.59,1351.31,0.00,0.03,ABORT,saida_eixo,0,2
1788473894.69,1351.41,0.00,0.03,ABORT,saida_eixo,0,2
1788473894.79,1351.51,-0.01,0.03,ABORT,saida_eixo,0,2
1788473894.89,1351.61,0.01,0.03,ABORT,saida_eixo,0,2
1788473894.99,1351.71,-0.00,0.03,ABORT,saida_eixo,0,2
1788473895.09,1351.81,0.00,0.03,ABORT,saida_eixo,0,2
1788473895.19,1351.91,0.00,0.03,ABORT,saida_eixo,0,2
1788473895.29,1352.01,0.00,0.03,ABORT,saida_eixo,0,2
1788473895.39,1352.11,0.01,0.03,ABORT,saida_eixo,0,2
1788473895.49,1352.21,-0.00,0.03,ABORT,saida_eixo,0,2
1788473895.59,1352.31,0.00,0.03,ABORT,saida_eixo,0,2
1788473895.69,1352.41,0.01,0.03,ABORT,saida_eixo,0,2
1788473895.79,1352.51,0.00,0.03,ABORT,saida_eixo,0,2
1788473895.89,1352.61,0.01,0.03,ABORT,saida_eixo,0,2
1788473895.99,1352.71,0.00,0.03,ABORT,saida_eixo,0,2
1788473896.09,1352.81,-0.00,0.03,ABORT,saida_eixo,0,2
1788473896.19,1352.91,0.01,0.03,ABORT,saida_eixo,0,2
1788473896.29,1353.01,-0.00,0.03,ABORT,saida_eixo,0,2
1788473896.39,1353.11,-0.00,0.03,ABORT,saida_eixo,0,2
1788473896.49,1353.21,-0.00,0.03,ABORT,saida_eixo,0,2
1788473896.59,1353.31,0.01,0.03,ABORT,saida_eixo,0,2
1788473896.69,1353.41,0.00,0.03,ABORT,saida_eixo,0,2
1788473896.79,1353.51,-0.00,0.03,ABORT,saida_eixo,0,2
1788473896.89,1353.61,0.00,0.03,ABORT,saida_eixo,0,2
1788473896.99,1353.71,0.01,0.03,ABORT,saida_eixo,0,2
1788473897.09,1353.81,0.00,0.03,ABORT,saida_eixo,0,2
1788473897.19,1353.91,0.00,0.03,ABORT,saida_eixo,0,2
1788473897.29,1354.01,0.00,0.03,ABORT,saida_eixo,0,2
1788473897.39,1354.11,0.00,0.03,ABORT,saida_eixo,0,2
1788473897.49,1354.21,-0.00,0.03,ABORT,saida_eixo,0,2
1788473897.59,1354.31,0.00,0.03,ABORT,saida_eixo,0,2
1788473897.69,1354.41,0.00,0.03,ABORT,saida_eixo,0,2
1788473897.79,1354.51,-0.00,0.03,ABORT,saida_eixo,0,2
1788473897.89,1354.61,0.00,0.03,ABORT,saida_eixo,0,2
1788473897.99,1354.71,0.00,0.03,ABORT,saida_eixo,0,2
1788473898.09,1354.81,0.01,0.03,ABORT,saida_eixo,0,2
1788473898.19,1354.91,0.01,0.03,ABORT,saida_eixo,0,2
1788473898.29,1355.01,0.00,0.03,ABORT,saida_eixo,0,2
1788473898.39,1355.11,0.01,0.03,ABORT,saida_eixo,0,2
1788473898.49,1355.21,0.00,0.03,ABORT,saida_eixo,0,2
1788473898.59,1355.31,0.01,0.03,ABORT,saida_eixo,0,2
1788473898.69,1355.41,0.00,0.03,ABORT,saida_eixo,0,2
1788473898.79,1355.51,0.00,0.03,ABORT,saida_eixo,0,2
1788473898.89,1355.61,0.01,0.03,ABORT,saida_eixo,0,2
1788473898.99,1355.71,-0.00,0.03,ABORT,saida_eixo,0,2
1788473899.09,1355.82,-0.00,0.03,ABORT,saida_eixo,0,2
1788473899.19,1355.91,-0.00,0.03,ABORT,saida_eixo,0,2
1788473899.29,1356.01,-0.00,0.03,ABORT,saida_eixo,0,2
1788473899.40,1356.12,0.01,0.03,ABORT,saida_eixo,0,2
1788473899.49,1356.21,0.01,0.03,ABORT,saida_eixo,0,2
1788473899.59,1356.31,0.01,0.03,ABORT,saida_eixo,0,2
1788473899.69,1356.41,0.00,0.03,ABORT,saida_eixo,0,2
1788473899.79,1356.51,0.00,0.03,ABORT,saida_eixo,0,2
1788473899.90,1356.62,0.00,0.03,ABORT,saida_eixo,0,2
1788473900.00,1356.72,0.00,0.03,ABORT,saida_eixo,0,2
1788473900.10,1356.81,0.01,0.03,ABORT,saida_eixo,0,2
1788473900.20,1356.91,-0.00,0.03,ABORT,saida_eixo,0,2
1788473900.30,1357.01,-0.00,0.03,ABORT,saida_eixo,0,2
1788473900.40,1357.11,-0.00,0.03,ABORT,saida_eixo,0,2
1788473900.50,1357.21,-0.00,0.03,ABORT,saida_eixo,0,2
1788473900.60,1357.31,0.01,0.03,ABORT,saida_eixo,0,2
1788473900.70,1357.41,0.00,0.03,ABORT,saida_eixo,0,2
1788473900.80,1357.51,0.00,0.03,ABORT,saida_eixo,0,2
1788473900.90,1357.61,-0.00,0.03,ABORT,saida_eixo,0,2
1788473901.00,1357.71,0.00,0.03,ABORT,saida_eixo,0,2
1788473901.10,1357.81,-0.00,0.03,ABORT,saida_eixo,0,2
1788473901.20,1357.91,0.01,0.03,ABORT,saida_eixo,0,2
1788473901.30,1358.01,-0.00,0.03,ABORT,saida_eixo,0,2
1788473901.40,1358.11,0.01,0.03,ABORT,saida_eixo,0,2
1788473901.50,1358.21,0.01,0.03,ABORT,saida_eixo,0,2
1788473901.60,1358.31,0.00,0.03,ABORT,saida_eixo,0,2
1788473901.70,1358.41,0.01,0.03,ABORT,saida_eixo,0,2
1788473901.80,1358.51,0.00,0.03,ABORT,saida_eixo,0,2
1788473901.90,1358.61,-0.00,0.03,ABORT,saida_eixo,0,2
1788473902.00,1358.71,0.00,0.03,ABORT,saida_eixo,0,2
1788473902.10,1358.81,0.00,0.03,ABORT,saida_eixo,0,2
1788473902.20,1358.91,0.01,0.03,ABORT,saida_eixo,0,2
1788473902.30,1359.01,0.00,0.03,ABORT,saida_eixo,0,2
1788473902.40,1359.11,0.00,0.03,ABORT,saida_eixo,0,2
1788473902.50,1359.21,-0.00,0.03,ABORT,saida_eixo,0,2
1788473902.60,1359.31,0.00,0.03,ABORT,saida_eixo,0,2
1788473902.70,1359.41,0.00,0.03,ABORT,saida_eixo,0,2
1788473902.80,1359.51,0.01,0.03,ABORT,saida_eixo,0,2
1788473902.90,1359.61,0.01,0.03,ABORT,saida_eixo,0,2
1788473903.00,1359.71,0.00,0.03,ABORT,saida_eixo,0,2
1788473903.10,1359.81,0.00,0.03,ABORT,saida_eixo,0,2
1788473903.20,1359.91,0.01,0.03,ABORT,saida_eixo,0,2
1788473903.30,1360.01,-0.00,0.03,ABORT,saida_eixo,0,2
1788473903.40,1360.11,-0.00,0.03,ABORT,saida_eixo,0,2
1788473903.50,1360.21,0.00,0.03,ABORT,saida_eixo,0,2
1788473903.60,1360.31,0.00,0.03,ABORT,saida_eixo,0,2
1788473903.70,1360.41,0.00,0.03,ABORT,saida_eixo,0,2
1788473903.80,1360.51,0.01,0.03,ABORT,saida_eixo,0,2
1788473903.90,1360.61,0.01,0.03,ABORT,saida_eixo,0,2
1788473904.00,1360.71,-0.00,0.03,ABORT,saida_eixo,0,2
1788473904.10,1360.81,-0.00,0.03,ABORT,saida_eixo,0,2
1788473904.20,1360.91,0.01,0.03,ABORT,saida_eixo,0,2
1788473904.30,1361.01,0.01,0.03,ABORT,saida_eixo,0,2
1788473904.40,1361.11,0.01,0.03,ABORT,saida_eixo,0,2
1788473904.50,1361.21,0.00,0.03,ABORT,saida_eixo,0,2
1788473904.60,1361.31,-0.00,0.03,ABORT,saida_eixo,0,2
1788473904.70,1361.41,0.00,0.03,ABORT,saida_eixo,0,2
1788473904.80,1361.51,0.00,0.03,ABORT,saida_eixo,0,2
1788473904.90,1361.61,-0.01,0.03,ABORT,saida_eixo,0,2
1788473905.00,1361.71,0.01,0.03,ABORT,saida_eixo,0,2
1788473905.10,1361.81,0.01,0.03,ABORT,saida_eixo,0,2
1788473905.20,1361.91,-0.00,0.03,ABORT,saida_eixo,0,2
1788473905.30,1362.01,-0.00,0.03,ABORT,saida_eixo,0,2
1788473905.40,1362.11,0.00,0.03,ABORT,saida_eixo,0,2
1788473905.50,1362.21,0.01,0.03,ABORT,saida_eixo,0,2
1788473905.60,1362.31,0.00,0.03,ABORT,saida_eixo,0,2
1788473905.70,1362.41,0.00,0.03,ABORT,saida_eixo,0,2
1788473905.80,1362.51,-0.00,0.03,ABORT,saida_eixo,0,2
1788473905.90,1362.61,0.00,0.03,ABORT,saida_eixo,0,2
1788473906.00,1362.71,0.00,0.03,ABORT,saida_eixo,0,2
1788473906.10,1362.81,0.01,0.03,ABORT,saida_eixo,0,2
1788473906.20,1362.91,0.01,0.03,ABORT,saida_eixo,0,2
1788473906.30,1363.01,0.01,0.03,ABORT,saida_eixo,0,2
1788473906.40,1363.11,-0.00,0.03,ABORT,saida_eixo,0,2
1788473906.50,1363.21,-0.01,0.03,ABORT,saida_eixo,0,2
1788473906.60,1363.31,0.00,0.03,ABORT,saida_eixo,0,2
1788473906.70,1363.41,-0.00,0.03,ABORT,saida_eixo,0,2
1788473906.80,1363.51,0.00,0.03,ABORT,saida_eixo,0,2
1788473906.90,1363.61,-0.00,0.03,ABORT,saida_eixo,0,2
1788473907.00,1363.71,0.01,0.03,ABORT,saida_eixo,0,2
1788473907.10,1363.81,-0.00,0.03,ABORT,saida_eixo,0,2
1788473907.20,1363.91,-0.00,0.03,ABORT,saida_eixo,0,2
1788473907.30,1364.01,0.00,0.03,ABORT,saida_eixo,0,2
1788473907.40,1364.11,0.01,0.03,ABORT,saida_eixo,0,2
1788473907.50,1364.21,0.00,0.03,ABORT,saida_eixo,0,2
1788473907.60,1364.31,0.01,0.03,ABORT,saida_eixo,0,2
1788473907.70,1364.41,0.00,0.03,ABORT,saida_eixo,0,2
1788473907.80,1364.51,0.01,0.03,ABORT,saida_eixo,0,2
1788473907.90,1364.61,0.01,0.03,ABORT,saida_eixo,0,2
1788473908.00,1364.71,-0.00,0.03,ABORT,saida_eixo,0,2
1788473908.10,1364.81,-0.00,0.03,ABORT,saida_eixo,0,2
1788473908.20,1364.91,0.01,0.03,ABORT,saida_eixo,0,2
1788473908.30,1365.01,0.01,0.03,ABORT,saida_eixo,0,2
1788473908.40,1365.11,0.00,0.03,ABORT,saida_eixo,0,2
1788473908.50,1365.21,0.01,0.03,ABORT,saida_eixo,0,2
1788473908.60,1365.31,0.00,0.03,ABORT,saida_eixo,0,2
1788473908.70,1365.41,0.01,0.03,ABORT,saida_eixo,0,2
1788473908.81,1365.51,0.00,0.03,ABORT,saida_eixo,0,2
1788473908.91,1365.61,-0.00,0.03,ABORT,saida_eixo,0,2
1788473909.01,1365.71,-0.00,0.03,ABORT,saida_eixo,0,2
1788473909.11,1365.81,0.01,0.03,ABORT,saida_eixo,0,2
1788473909.21,1365.91,0.00,0.03,ABORT,saida_eixo,0,2
1788473909.31,1366.01,0.00,0.03,ABORT,saida_eixo,0,2
1788473909.41,1366.11,-0.00,0.03,ABORT,saida_eixo,0,2
1788473909.51,1366.21,0.00,0.03,ABORT,saida_eixo,0,2
1788473909.61,1366.31,-0.01,0.03,ABORT,saida_eixo,0,2
1788473909.71,1366.41,-0.00,0.03,ABORT,saida_eixo,0,2
1788473909.81,1366.51,0.01,0.03,ABORT,saida_eixo,0,2
1788473909.91,1366.61,0.00,0.03,ABORT,saida_eixo,0,2
1788473910.01,1366.71,0.01,0.03,ABORT,saida_eixo,0,2
1788473910.11,1366.81,0.00,0.03,ABORT,saida_eixo,0,2
1788473910.21,1366.91,0.00,0.03,ABORT,saida_eixo,0,2
1788473910.31,1367.01,-0.00,0.03,ABORT,saida_eixo,0,2
1788473910.41,1367.11,0.00,0.03,ABORT,saida_eixo,0,2
1788473910.51,1367.21,-0.00,0.03,ABORT,saida_eixo,0,2
1788473910.61,1367.31,-0.00,0.03,ABORT,saida_eixo,0,2
1788473910.71,1367.41,0.00,0.03,ABORT,saida_eixo,0,2
1788473910.81,1367.51,0.01,0.03,ABORT,saida_eixo,0,2
1788473910.91,1367.61,-0.00,0.03,ABORT,saida_eixo,0,2
1788473911.01,1367.71,0.01,0.03,ABORT,saida_eixo,0,2
1788473911.11,1367.81,0.01,0.03,ABORT,saida_eixo,0,2
1788473911.21,1367.91,-0.00,0.03,ABORT,saida_eixo,0,2
1788473911.31,1368.01,0.01,0.03,ABORT,saida_eixo,0,2
1788473911.41,1368.11,0.01,0.03,ABORT,saida_eixo,0,2
1788473911.51,1368.21,-0.00,0.03,ABORT,saida_eixo,0,2
1788473911.61,1368.31,0.00,0.03,ABORT,saida_eixo,0,2
1788473911.71,1368.41,-0.00,0.03,ABORT,saida_eixo,0,2
1788473911.81,1368.51,0.00,0.03,ABORT,saida_eixo,0,2
1788473911.91,1368.61,0.00,0.03,ABORT,saida_eixo,0,2
1788473912.01,1368.71,-0.00,0.03,ABORT,saida_eixo,0,2
1788473912.11,1368.81,-0.00,0.03,ABORT,saida_eixo,0,2
1788473912.21,1368.91,0.01,0.03,ABORT,saida_eixo,0,2
1788473912.31,1369.01,0.01,0.03,ABORT,saida_eixo,0,2
1788473912.41,1369.11,0.00,0.03,ABORT,saida_eixo,0,2
1788473912.51,1369.21,0.00,0.03,ABORT,saida_eixo,0,2
1788473912.61,1369.31,0.00,0.03,ABORT,saida_eixo,0,2
1788473912.71,1369.41,-0.00,0.03,ABORT,saida_eixo,0,2
1788473912.81,1369.51,-0.00,0.03,ABORT,saida_eixo,0,2
1788473912.91,1369.62,0.01,0.03,ABORT,saida_eixo,0,2
1788473913.01,1369.71,0.00,0.03,ABORT,saida_eixo,0,2
1788473913.11,1369.81,0.00,0.03,ABORT,saida_eixo,0,2
1788473913.21,1369.91,0.01,0.03,ABORT,saida_eixo,0,2
1788473913.31,1370.01,0.01,0.03,ABORT,saida_eixo,0,2
1788473913.41,1370.11,0.00,0.03,ABORT,saida_eixo,0,2
1788473913.51,1370.21,0.00,0.03,ABORT,saida_eixo,0,2
1788473913.61,1370.31,0.00,0.03,ABORT,saida_eixo,0,2
1788473913.71,1370.41,0.00,0.03,ABORT,saida_eixo,0,2
1788473913.81,1370.51,0.00,0.03,ABORT,saida_eixo,0,2
1788473913.91,1370.61,0.01,0.03,ABORT,saida_eixo,0,2
1788473914.01,1370.71,0.01,0.03,ABORT,saida_eixo,0,2
1788473914.11,1370.81,-0.00,0.03,ABORT,saida_eixo,0,2
1788473914.21,1370.91,-0.00,0.03,ABORT,saida_eixo,0,2
1788473914.31,1371.01,0.01,0.03,ABORT,saida_eixo,0,2
1788473914.41,1371.11,0.00,0.03,ABORT,saida_eixo,0,2
1788473914.51,1371.21,0.00,0.03,ABORT,saida_eixo,0,2
1788473914.61,1371.31,0.01,0.03,ABORT,saida_eixo,0,2
1788473914.71,1371.41,0.01,0.03,ABORT,saida_eixo,0,2
1788473914.81,1371.51,0.00,0.03,ABORT,saida_eixo,0,2
1788473914.91,1371.61,-0.00,0.03,ABORT,saida_eixo,0,2
1788473915.01,1371.71,-0.01,0.03,ABORT,saida_eixo,0,2
1788473915.11,1371.81,-0.00,0.03,ABORT,saida_eixo,0,2
1788473915.21,1371.91,-0.00,0.03,ABORT,saida_eixo,0,2
1788473915.31,1372.01,0.00,0.03,ABORT,saida_eixo,0,2
1788473915.41,1372.11,0.00,0.03,ABORT,saida_eixo,0,2
1788473915.51,1372.21,0.00,0.03,ABORT,saida_eixo,0,2
1788473915.61,1372.31,0.01,0.03,ABORT,saida_eixo,0,2
1788473915.71,1372.41,-0.00,0.03,ABORT,saida_eixo,0,2
1788473915.81,1372.51,-0.00,0.03,ABORT,saida_eixo,0,2
1788473915.91,1372.61,-0.00,0.03,ABORT,saida_eixo,0,2
1788473916.01,1372.71,0.00,0.03,ABORT,saida_eixo,0,2
1788473916.11,1372.81,0.00,0.03,ABORT,saida_eixo,0,2
1788473916.21,1372.91,-0.00,0.03,ABORT,saida_eixo,0,2
1788473916.31,1373.02,0.01,0.03,ABORT,saida_eixo,0,2
1788473916.41,1373.11,0.00,0.03,ABORT,saida_eixo,0,2
1788473916.51,1373.21,0.01,0.03,ABORT,saida_eixo,0,2
1788473916.61,1373.31,0.01,0.03,ABORT,saida_eixo,0,2
1788473916.71,1373.41,0.01,0.03,ABORT,saida_eixo,0,2
1788473916.81,1373.51,0.00,0.03,ABORT,saida_eixo,0,2
1788473916.91,1373.61,-0.00,0.03,ABORT,saida_eixo,0,2
1788473917.01,1373.71,0.00,0.03,ABORT,saida_eixo,0,2
1788473917.11,1373.81,-0.00,0.03,ABORT,saida_eixo,0,2
1788473917.21,1373.91,0.01,0.03,ABORT,saida_eixo,0,2
1788473917.31,1374.01,-0.01,0.03,ABORT,saida_eixo,0,2
1788473917.41,1374.11,-0.00,0.03,ABORT,saida_eixo,0,2
1788473917.51,1374.21,0.01,0.03,ABORT,saida_eixo,0,2
1788473917.61,1374.31,0.00,0.03,ABORT,saida_eixo,0,2
1788473917.71,1374.41,0.01,0.03,ABORT,saida_eixo,0,2
1788473917.81,1374.51,0.01,0.03,ABORT,saida_eixo,0,2
