wall,sim,lingueta_mm,lamina_deg,estado,fase,armvel_nz,armvel_n
1788469382.92,0.00,-0.00,0.00,,,0,0
1788469383.10,68.28,0.01,0.00,,,0,0
1788469383.11,68.29,0.01,0.00,,,0,0
1788469383.20,68.38,-0.00,0.00,,,0,0
1788469383.31,68.48,0.00,0.00,,,0,0
1788469383.40,68.58,0.00,0.00,,,0,0
1788469383.51,68.69,-0.00,0.00,,,0,0
1788469383.61,68.79,0.01,0.00,,,0,0
1788469383.71,68.88,0.01,0.00,,,0,0
1788469383.80,68.98,-0.00,0.00,,,0,0
1788469383.91,69.08,-0.00,0.00,,,0,0
1788469384.01,69.19,0.01,0.00,,,0,0
1788469384.11,69.29,0.01,0.00,,,0,0
1788469384.21,69.39,0.01,0.00,,,0,0
1788469384.31,69.49,0.00,0.00,,,0,0
1788469384.41,69.59,-0.00,0.00,,,0,0
1788469384.51,69.68,0.00,0.00,,,0,0
1788469384.61,69.79,0.01,0.00,,,0,0
1788469384.71,69.89,-0.01,0.00,,,0,0
1788469384.81,69.98,-0.00,0.00,,,0,0
1788469384.92,70.09,0.00,0.00,,,0,0
1788469385.01,70.18,-0.00,0.00,,,0,0
1788469385.11,70.28,0.00,0.00,,,0,0
1788469385.21,70.38,-0.00,0.00,,,0,0
1788469385.31,70.48,-0.00,0.00,,,0,0
1788469385.41,70.58,0.00,0.00,,,0,0
1788469385.51,70.68,0.01,0.00,,,0,0
1788469385.61,70.78,-0.00,0.00,,,0,0
1788469385.72,70.89,-0.01,0.00,,,0,0
1788469385.82,70.98,0.00,0.00,,,0,0
1788469385.92,71.09,0.01,0.00,,,0,0
1788469386.02,71.19,-0.00,0.00,,,0,0
1788469386.12,71.29,0.01,0.00,,,0,0
1788469386.22,71.39,0.01,0.00,,,0,0
1788469386.32,71.49,0.00,0.00,,,0,0
1788469386.42,71.59,0.01,0.00,,,0,0
1788469386.52,71.68,0.01,0.00,,,0,0
1788469386.62,71.79,-0.00,0.00,,,0,0
1788469386.72,71.89,-0.00,0.00,,,0,0
1788469386.83,71.99,-0.00,0.00,,,0,0
1788469386.93,72.09,-0.00,0.00,,,0,0
1788469387.03,72.19,0.00,0.00,,,0,0
1788469387.13,72.28,-0.00,0.00,,,0,0
1788469387.23,72.39,0.00,0.00,,,0,0
1788469387.33,72.49,0.00,0.00,,,0,0
1788469387.43,72.58,0.01,0.00,,,0,0
1788469387.53,72.69,0.00,0.00,,,0,0
1788469387.63,72.79,0.00,0.00,,,0,0
1788469387.73,72.89,0.00,0.00,,,0,0
1788469387.83,72.99,-0.00,0.00,,,0,0
1788469387.93,73.09,0.00,0.00,,,0,0
1788469388.03,73.19,0.01,0.00,,,0,0
1788469388.13,73.29,-0.00,0.00,,,0,0
1788469388.23,73.39,0.00,0.00,,,0,0
1788469388.33,73.49,0.01,0.00,,,0,0
1788469388.43,73.59,0.01,0.00,,,0,0
1788469388.54,73.69,0.00,0.00,,,0,0
1788469388.64,73.79,0.01,0.00,,,0,0
1788469388.74,73.89,0.00,0.00,,,0,0
1788469388.84,73.99,0.00,0.00,,,0,0
1788469388.94,74.09,-0.00,0.00,,,0,0
1788469389.04,74.19,0.00,0.00,,,0,0
1788469389.15,74.29,0.01,0.00,,,0,0
1788469389.25,74.39,-0.00,0.00,,,0,0
1788469389.35,74.49,0.00,0.00,,,0,0
1788469389.45,74.58,0.01,0.00,,,0,0
1788469389.55,74.69,-0.00,0.00,,,0,0
1788469389.66,74.79,0.00,0.00,,,0,0
1788469389.75,74.88,0.01,0.00,,,0,0
1788469389.89,74.99,-0.00,0.00,,,0,0
1788469389.97,75.08,-0.00,0.00,,,0,0
1788469390.07,75.18,0.00,0.00,,,0,0
1788469390.17,75.28,-0.00,0.00,,,0,0
1788469390.32,75.39,-0.00,0.00,,,0,0
1788469390.39,75.48,-0.00,0.00,,,0,0
1788469390.48,75.58,0.00,0.00,,,0,0
1788469390.58,75.68,0.00,0.00,,,0,0
1788469390.70,75.79,0.00,0.00,,,0,0
1788469390.80,75.88,0.00,0.00,STOW_INIT,,0,0
1788469390.90,75.99,-0.00,0.00,STOW_INIT,,0,1
1788469391.00,76.08,-0.00,0.00,STOW_INIT,,0,0
1788469391.10,76.19,-0.00,0.00,STOW_INIT,,0,0
1788469391.21,76.29,-0.00,0.00,SEARCH,,0,0
1788469391.31,76.39,-0.00,0.00,SEARCH,,0,0
1788469391.41,76.48,-0.00,0.00,SEARCH,,0,0
1788469391.51,76.59,0.00,0.00,SEARCH,,0,0
1788469391.61,76.69,-0.00,0.00,SEARCH,,0,0
1788469391.71,76.79,0.01,0.00,SEARCH,,0,0
1788469391.81,76.89,0.01,0.00,SEARCH,,0,0
1788469391.91,76.98,0.01,0.00,SEARCH,,0,0
1788469392.01,77.09,-0.00,0.00,SEARCH,,0,0
1788469392.11,77.19,-0.00,0.00,SEARCH,,0,0
1788469392.22,77.29,0.01,0.00,SEARCH,,0,0
1788469392.32,77.39,0.01,0.00,SEARCH,,0,0
1788469392.42,77.49,0.01,0.00,SEARCH,,0,0
1788469392.52,77.58,-0.01,0.00,SEARCH,,0,0
1788469392.62,77.69,-0.00,0.00,SEARCH,,0,0
1788469392.72,77.78,0.01,0.00,SEARCH,,0,0
1788469392.82,77.89,0.00,0.00,SEARCH,,0,0
1788469392.92,77.98,0.01,0.00,SEARCH,,0,0
1788469393.02,78.09,0.01,0.00,SEARCH,,0,0
1788469393.12,78.19,0.01,0.00,SEARCH,,0,0
1788469393.22,78.28,0.01,0.00,SEARCH,,0,0
1788469393.32,78.39,0.00,0.00,SEARCH,,0,0
1788469393.42,78.49,0.01,0.00,SEARCH,,0,0
1788469393.52,78.58,-0.00,0.00,SEARCH,,0,0
1788469393.62,78.69,-0.00,0.00,SEARCH,,0,0
1788469393.72,78.78,-0.00,0.00,SEARCH,,0,0
1788469393.82,78.89,0.00,0.00,SEARCH,,0,0
1788469393.92,78.98,0.01,0.00,SEARCH,,0,0
1788469394.02,79.08,0.00,0.00,SEARCH,,0,0
1788469394.12,79.19,0.00,0.00,SEARCH,,0,0
1788469394.23,79.29,0.01,0.00,SEARCH,,0,0
1788469394.33,79.39,0.00,0.00,SEARCH,,0,0
1788469394.43,79.49,0.00,0.00,SEARCH,,0,0
1788469394.53,79.59,0.01,0.00,SEARCH,,0,0
1788469394.63,79.69,0.00,0.00,SEARCH,,0,0
1788469394.73,79.78,0.01,0.00,SEARCH,,0,0
1788469394.83,79.89,-0.00,0.00,SEARCH,,0,0
1788469394.93,79.99,-0.00,0.00,SEARCH,,0,0
1788469395.03,80.08,0.00,0.00,SEARCH,,0,0
1788469395.13,80.19,0.01,0.00,SEARCH,,0,0
1788469395.23,80.29,-0.00,0.00,SEARCH,,0,0
1788469395.33,80.38,0.00,0.00,SEARCH,,0,0
1788469395.43,80.48,0.01,0.00,SEARCH,,0,0
1788469395.54,80.59,-0.00,0.00,SEARCH,,0,0
1788469395.64,80.69,0.01,0.00,SEARCH,,0,0
1788469395.74,80.79,-0.00,0.00,SEARCH,,0,0
1788469395.84,80.89,-0.00,0.00,SEARCH,,0,0
1788469395.94,80.98,0.00,0.00,SEARCH,,0,0
1788469396.04,81.09,0.01,0.00,SEARCH,,0,0
1788469396.15,81.19,0.01,0.00,SEARCH,,0,0
1788469396.25,81.29,0.00,0.00,SEARCH,,0,0
1788469396.35,81.39,0.01,0.00,SEARCH,,0,0
1788469396.45,81.49,0.01,0.00,SEARCH,,0,0
1788469396.55,81.59,0.00,0.00,SEARCH,,0,0
1788469396.66,81.69,0.01,0.00,SEARCH,,0,0
1788469396.75,81.78,0.00,0.00,SEARCH,,0,0
1788469396.86,81.89,-0.00,0.00,SEARCH,,0,0
1788469396.96,81.98,0.00,0.00,SEARCH,,0,0
1788469397.06,82.08,0.00,0.00,SEARCH,,0,0
1788469397.16,82.19,-0.00,0.00,SEARCH,,0,0
1788469397.26,82.29,-0.00,0.00,SEARCH,,0,0
1788469397.36,82.39,0.01,0.00,SEARCH,,0,0
1788469397.46,82.48,0.01,0.00,SEARCH,,0,0
1788469397.56,82.59,-0.01,0.00,SEARCH,,0,0
1788469397.67,82.69,-0.00,0.00,SEARCH,,0,0
1788469397.76,82.78,0.00,0.00,SEARCH,,0,0
1788469397.87,82.89,0.01,0.00,SEARCH,,0,0
1788469397.97,82.99,0.01,0.00,SEARCH,,0,0
1788469398.07,83.09,0.00,0.00,SEARCH,,0,0
1788469398.17,83.19,0.00,0.00,SEARCH,,0,0
1788469398.27,83.28,0.00,0.00,SEARCH,,0,0
1788469398.37,83.38,0.00,0.00,SEARCH,,0,0
1788469398.47,83.48,-0.00,0.00,SEARCH,,0,0
1788469398.57,83.59,0.01,0.00,SEARCH,,0,0
1788469398.67,83.69,0.01,0.00,SEARCH,,0,0
1788469398.77,83.79,0.00,0.00,SEARCH,,0,0
1788469398.87,83.89,0.00,0.00,SEARCH,,0,0
1788469398.98,83.99,0.01,0.00,SEARCH,,0,0
1788469399.07,84.08,0.01,0.00,SEARCH,,0,0
1788469399.17,84.19,0.00,0.00,SEARCH,,0,0
1788469399.27,84.28,0.00,0.00,SEARCH,,0,0
1788469399.38,84.39,0.00,0.00,SEARCH,,0,0
1788469399.48,84.49,0.00,0.00,SEARCH,,0,0
1788469399.58,84.58,0.00,0.00,SEARCH,,0,0
1788469399.68,84.69,0.01,0.00,SEARCH,,0,0
1788469399.78,84.79,0.00,0.00,SEARCH,,0,0
1788469399.88,84.89,-0.00,0.00,SEARCH,,0,0
1788469399.98,84.98,-0.00,0.00,SEARCH,,0,0
1788469400.09,85.09,0.00,0.00,SEARCH,,0,0
1788469400.19,85.19,-0.00,0.00,SEARCH,,0,0
1788469400.28,85.28,0.01,0.00,SEARCH,,0,0
1788469400.38,85.38,0.01,0.00,SEARCH,,0,0
1788469400.49,85.49,0.00,0.00,SEARCH,,0,0
1788469400.59,85.59,0.00,0.00,SEARCH,,0,0
1788469400.69,85.69,0.01,0.00,SEARCH,,0,0
1788469400.79,85.78,0.01,0.00,SEARCH,,0,0
1788469400.89,85.89,-0.00,0.00,SEARCH,,0,0
1788469400.99,85.99,-0.00,0.00,SEARCH,,0,0
1788469401.09,86.09,0.00,0.00,SEARCH,,0,0
1788469401.19,86.19,-0.01,0.00,SEARCH,,0,0
1788469401.29,86.28,0.01,0.00,SEARCH,,0,0
1788469401.39,86.38,-0.00,0.00,SEARCH,,0,0
1788469401.50,86.49,0.00,0.00,SEARCH,,0,0
1788469401.59,86.59,0.00,0.00,SEARCH,,0,0
1788469401.69,86.68,0.00,0.00,SEARCH,,0,0
1788469401.80,86.79,0.01,0.00,SEARCH,,0,0
1788469401.90,86.89,-0.00,0.00,SEARCH,,0,0
1788469402.00,86.99,0.01,0.00,SEARCH,,0,0
1788469402.10,87.09,-0.01,0.00,SEARCH,,0,0
1788469402.20,87.19,0.01,0.00,SEARCH,,0,0
1788469402.30,87.28,0.01,0.00,SEARCH,,0,0
1788469402.41,87.39,-0.00,0.00,SEARCH,,0,0
1788469402.51,87.49,0.01,0.00,SEARCH,,0,0
1788469402.60,87.58,0.01,0.00,SEARCH,,0,0
1788469402.71,87.69,-0.00,0.00,SEARCH,,0,0
1788469402.81,87.79,-0.00,0.00,SEARCH,,0,0
1788469402.91,87.89,0.00,0.00,SEARCH,,0,0
1788469403.01,87.98,0.01,0.00,SEARCH,,0,0
1788469403.11,88.09,-0.00,0.00,SEARCH,,0,0
1788469403.21,88.19,-0.00,0.00,SEARCH,,0,0
1788469403.31,88.29,0.00,0.00,SEARCH,,0,0
1788469403.41,88.39,0.01,0.00,SEARCH,,0,0
1788469403.52,88.49,0.00,0.00,SEARCH,,0,0
1788469403.61,88.58,0.00,0.00,SEARCH,,0,0
1788469403.71,88.69,0.00,0.00,SEARCH,,0,0
1788469403.82,88.79,-0.00,0.00,SEARCH,,0,0
1788469403.92,88.89,-0.00,0.00,SEARCH,,0,0
1788469404.02,88.99,-0.00,0.00,SEARCH,,0,0
1788469404.12,89.09,-0.00,0.00,SEARCH,,0,0
1788469404.22,89.19,0.00,0.00,SEARCH,,0,0
1788469404.32,89.29,0.00,0.00,SEARCH,,0,0
1788469404.42,89.39,0.01,0.00,SEARCH,,0,0
1788469404.52,89.48,0.01,0.00,SEARCH,,0,0
1788469404.62,89.58,0.01,0.00,SEARCH,,0,0
1788469404.73,89.69,0.01,0.00,SEARCH,,0,0
1788469404.83,89.79,0.00,0.00,SEARCH,,0,0
1788469404.92,89.88,-0.00,0.00,SEARCH,,0,0
1788469405.02,89.98,0.00,0.00,SEARCH,,0,0
1788469405.13,90.08,0.01,0.00,SEARCH,,0,0
1788469405.23,90.19,0.00,0.00,SEARCH,,0,0
1788469405.33,90.29,-0.00,0.00,SEARCH,,0,0
1788469405.43,90.39,-0.01,0.00,SEARCH,,0,0
1788469405.53,90.49,-0.00,0.00,SEARCH,,0,0
1788469405.63,90.59,-0.00,0.00,SEARCH,,0,0
1788469405.73,90.69,-0.00,0.00,SEARCH,,0,0
1788469405.84,90.79,0.01,0.00,SEARCH,,0,0
1788469405.94,90.89,0.01,0.00,SEARCH,,0,0
1788469406.04,90.99,-0.00,0.00,SEARCH,,0,0
1788469406.14,91.09,-0.00,0.00,SEARCH,,0,0
1788469406.24,91.19,0.00,0.00,SEARCH,,0,0
1788469406.34,91.29,0.00,0.00,SEARCH,,0,0
1788469406.44,91.39,0.01,0.00,SEARCH,,0,0
1788469406.54,91.49,0.01,0.00,SEARCH,,0,0
1788469406.64,91.59,0.00,0.00,SEARCH,,0,0
1788469406.75,91.69,-0.00,0.00,SEARCH,,0,0
1788469406.84,91.79,0.00,0.00,SEARCH,,0,0
1788469406.94,91.88,-0.00,0.00,SEARCH,,0,0
1788469407.04,91.98,0.01,0.00,SEARCH,,0,0
1788469407.15,92.09,0.00,0.00,SEARCH,,0,0
1788469407.25,92.19,0.00,0.00,SEARCH,,0,0
1788469407.35,92.29,-0.00,0.00,SEARCH,,0,0
1788469407.45,92.38,0.00,0.00,SEARCH,,0,0
1788469407.55,92.49,-0.00,0.00,SEARCH,,0,0
1788469407.65,92.59,-0.00,0.00,SEARCH,,0,0
1788469407.75,92.69,-0.00,0.00,SEARCH,,0,0
1788469407.85,92.79,0.01,0.00,SEARCH,,0,0
1788469407.95,92.89,0.01,0.00,SEARCH,,0,0
1788469408.05,92.99,0.00,0.00,SEARCH,,0,0
1788469408.15,93.08,0.01,0.00,SEARCH,,0,0
1788469408.25,93.19,0.01,0.00,SEARCH,,0,0
1788469408.35,93.29,0.00,0.00,SEARCH,,0,0
1788469408.45,93.38,0.00,0.00,SEARCH,,0,0
1788469408.56,93.49,0.01,0.00,SEARCH,,0,0
1788469408.66,93.59,0.00,0.00,SEARCH,,0,0
1788469408.76,93.69,0.00,0.00,SEARCH,,0,0
1788469408.86,93.79,0.00,0.00,SEARCH,,0,0
1788469408.96,93.89,-0.00,0.00,SEARCH,,0,0
1788469409.06,93.98,0.00,0.00,SEARCH,,0,0
1788469409.16,94.09,0.00,0.00,SEARCH,,0,0
1788469409.26,94.19,0.00,0.00,SEARCH,,0,0
1788469409.36,94.29,0.01,0.00,SEARCH,,0,0
1788469409.46,94.39,-0.00,0.00,SEARCH,,0,0
1788469409.56,94.49,0.00,0.00,SEARCH,,0,0
1788469409.66,94.58,0.01,0.00,SEARCH,,0,0
1788469409.77,94.69,0.00,0.00,SEARCH,,0,0
1788469409.86,94.78,-0.00,0.00,SEARCH,,0,0
1788469409.96,94.89,0.00,0.00,SEARCH,,0,0
1788469410.07,94.99,0.00,0.00,SEARCH,,0,0
1788469410.17,95.09,0.00,0.00,SEARCH,,0,0
1788469410.27,95.19,-0.00,0.00,SEARCH,,0,0
1788469410.37,95.29,0.01,0.00,SEARCH,,0,0
1788469410.47,95.39,-0.00,0.00,SEARCH,,0,0
1788469410.57,95.49,-0.00,0.00,SEARCH,,0,0
1788469410.68,95.59,0.01,0.00,SEARCH,,0,0
1788469410.78,95.69,-0.00,0.00,SEARCH,,0,0
1788469410.88,95.78,0.01,0.00,SEARCH,,0,0
1788469410.98,95.88,0.00,0.00,SEARCH,,0,0
1788469411.08,95.98,-0.00,0.00,SEARCH,,0,0
1788469411.18,96.08,0.00,0.00,SEARCH,,0,0
1788469411.28,96.19,0.01,0.00,SEARCH,,0,0
1788469411.38,96.29,-0.00,0.00,SEARCH,,0,0
1788469411.48,96.39,-0.00,0.00,SEARCH,,0,0
1788469411.58,96.49,0.00,0.00,SEARCH,,0,0
1788469411.68,96.58,-0.00,0.00,SEARCH,,0,0
1788469411.79,96.69,-0.00,0.00,SEARCH,,0,0
1788469411.89,96.79,0.01,0.00,SEARCH,,0,0
1788469411.99,96.89,0.01,0.00,SEARCH,,0,0
1788469412.09,96.99,-0.00,0.00,SEARCH,,0,0
1788469412.19,97.08,0.00,0.00,SEARCH,,0,0
1788469412.30,97.19,0.01,0.00,SEARCH,,0,0
1788469412.39,97.28,0.00,0.00,SEARCH,,0,0
1788469412.50,97.39,0.00,0.00,SEARCH,,0,0
1788469412.60,97.49,0.01,0.00,SEARCH,,0,0
1788469412.70,97.59,0.01,0.00,SEARCH,,0,0
1788469412.80,97.68,0.01,0.00,SEARCH,,0,0
1788469412.90,97.78,-0.00,0.00,SEARCH,,0,0
1788469413.00,97.88,-0.00,0.00,SEARCH,,0,0
1788469413.10,97.98,0.00,0.00,SEARCH,,0,0
1788469413.20,98.08,-0.00,0.00,SEARCH,,0,0
1788469413.30,98.19,0.00,0.00,SEARCH,,0,0
1788469413.40,98.28,-0.00,0.00,SEARCH,,0,0
1788469413.51,98.39,0.01,0.00,SEARCH,,0,0
1788469413.61,98.49,-0.00,0.00,SEARCH,,0,0
1788469413.71,98.58,-0.00,0.00,SEARCH,,0,0
1788469413.81,98.69,0.01,0.00,SEARCH,,0,0
1788469413.91,98.78,0.01,0.00,SEARCH,,0,0
1788469414.01,98.89,0.00,0.00,SEARCH,,0,0
1788469414.11,98.98,0.01,0.00,SEARCH,,0,0
1788469414.21,99.08,0.00,0.00,SEARCH,,0,0
1788469414.31,99.18,0.01,0.00,SEARCH,,0,0
1788469414.41,99.28,-0.00,0.00,SEARCH,,0,0
1788469414.51,99.38,0.00,0.00,SEARCH,,0,0
1788469414.61,99.48,-0.00,0.00,SEARCH,,0,0
1788469414.72,99.59,0.00,0.00,SEARCH,,0,0
1788469414.82,99.69,0.01,0.00,SEARCH,,0,0
1788469414.91,99.78,0.00,0.00,SEARCH,,0,0
1788469415.01,99.88,0.00,0.00,SEARCH,,0,0
1788469415.11,99.98,-0.00,0.00,SEARCH,,0,0
1788469415.22,100.08,-0.00,0.00,SEARCH,,0,0
1788469415.32,100.19,0.01,0.00,SEARCH,,0,0
1788469415.42,100.29,-0.00,0.00,SEARCH,,0,0
1788469415.52,100.39,-0.00,0.00,SEARCH,,0,0
1788469415.62,100.49,0.01,0.00,SEARCH,,0,0
1788469415.72,100.59,0.00,0.00,SEARCH,,0,0
1788469415.82,100.69,0.00,0.00,SEARCH,,0,0
1788469415.92,100.79,-0.00,0.00,SEARCH,,0,0
1788469416.03,100.89,0.00,0.00,SEARCH,,0,0
1788469416.12,100.98,-0.00,0.00,SEARCH,,0,0
1788469416.23,101.09,0.00,0.00,SEARCH,,0,0
1788469416.33,101.19,0.01,0.00,SEARCH,,0,0
1788469416.43,101.29,0.00,0.00,SEARCH,,0,0
1788469416.53,101.39,0.01,0.00,SEARCH,,0,0
1788469416.63,101.49,0.00,0.00,APPROACH,,0,0
1788469416.73,101.59,0.00,0.00,APPROACH,,0,0
1788469416.83,101.69,-0.00,0.00,APPROACH,,0,0
1788469416.93,101.79,0.01,0.00,APPROACH,,0,0
1788469417.04,101.89,0.00,0.00,APPROACH,,0,0
1788469417.14,101.99,-0.00,0.00,APPROACH,,0,0
1788469417.24,102.09,0.00,0.00,APPROACH,,0,0
1788469417.34,102.19,0.01,0.00,APPROACH,,0,0
1788469417.44,102.28,-0.00,0.00,APPROACH,,0,0
1788469417.54,102.38,0.00,0.00,APPROACH,,0,0
1788469417.64,102.49,0.01,0.00,APPROACH,,0,0
1788469417.74,102.59,-0.00,0.00,APPROACH,,0,0
1788469417.85,102.69,-0.00,0.00,APPROACH,,0,0
1788469417.95,102.78,0.01,0.00,APPROACH,,0,0
1788469418.05,102.89,-0.00,0.00,APPROACH,,0,0
1788469418.15,102.99,-0.00,0.00,APPROACH,,0,0
1788469418.25,103.09,-0.00,0.00,APPROACH,,0,0
1788469418.35,103.19,0.00,0.00,APPROACH,,0,0
1788469418.45,103.29,0.01,0.00,APPROACH,,0,0
1788469418.56,103.39,-0.00,0.00,APPROACH,,0,0
1788469418.65,103.48,-0.00,0.00,APPROACH,,0,0
1788469418.76,103.59,0.00,0.00,APPROACH,,0,0
1788469418.86,103.69,0.01,0.00,APPROACH,,0,0
1788469418.96,103.79,0.00,0.00,APPROACH,,0,0
1788469419.06,103.89,0.00,0.00,APPROACH,,0,0
1788469419.16,103.98,0.01,0.00,APPROACH,,0,0
1788469419.27,104.09,-0.00,0.00,APPROACH,,0,0
1788469419.37,104.19,0.00,0.00,APPROACH,,0,0
1788469419.47,104.29,0.01,0.00,APPROACH,,0,0
1788469419.57,104.39,0.00,0.00,APPROACH,,0,0
1788469419.67,104.48,0.00,0.00,APPROACH,,0,0
1788469419.77,104.59,0.01,0.00,APPROACH,,0,0
1788469419.87,104.68,0.01,0.00,APPROACH,,0,0
1788469419.97,104.78,0.00,0.00,APPROACH,,0,0
1788469420.07,104.89,0.01,0.00,APPROACH,,0,0
1788469420.17,104.99,0.01,0.00,APPROACH,,0,0
1788469420.27,105.08,0.00,0.00,APPROACH,,0,0
1788469420.38,105.19,-0.00,0.00,APPROACH,,0,0
1788469420.48,105.29,0.01,0.00,APPROACH,,0,0
1788469420.58,105.39,0.01,0.00,APPROACH,,0,0
1788469420.68,105.48,-0.00,0.00,APPROACH,,0,0
1788469420.78,105.59,0.00,0.00,APPROACH,,0,0
1788469420.88,105.69,0.01,0.00,APPROACH,,0,0
1788469420.98,105.78,0.00,0.00,APPROACH,,0,0
1788469421.08,105.89,-0.00,0.00,APPROACH,,0,0
1788469421.19,105.99,0.01,0.00,APPROACH,,0,0
1788469421.28,106.08,0.01,0.00,APPROACH,,0,0
1788469421.39,106.19,0.00,0.00,APPROACH,,0,0
1788469421.49,106.29,-0.00,0.00,APPROACH,,0,0
1788469421.59,106.39,-0.01,0.00,APPROACH,,0,0
1788469421.69,106.48,-0.00,0.00,APPROACH,,0,0
1788469421.79,106.58,-0.00,0.00,APPROACH,,0,0
1788469421.89,106.69,-0.00,0.00,APPROACH,,0,0
1788469421.99,106.78,0.00,0.00,APPROACH,,0,0
1788469422.09,106.88,-0.00,0.00,APPROACH,,0,0
1788469422.19,106.98,0.01,0.00,APPROACH,,0,0
1788469422.29,107.08,-0.00,0.00,APPROACH,,0,0
1788469422.40,107.19,0.00,0.00,APPROACH,,0,0
1788469422.49,107.28,-0.00,0.00,APPROACH,,0,0
1788469422.60,107.39,0.00,0.00,APPROACH,,0,0
1788469422.70,107.49,0.00,0.00,APPROACH,,0,0
1788469422.80,107.59,-0.00,0.00,APPROACH,,0,0
1788469422.90,107.68,0.01,0.00,APPROACH,,0,0
1788469423.01,107.79,0.00,0.00,APPROACH,,0,0
1788469423.11,107.89,0.01,0.00,APPROACH,,0,0
1788469423.21,107.99,0.01,0.00,APPROACH,,0,0
1788469423.31,108.09,0.01,0.00,APPROACH,,0,0
1788469423.41,108.19,0.00,0.00,APPROACH,,0,0
1788469423.52,108.29,-0.00,0.00,APPROACH,,0,0
1788469423.62,108.39,0.01,0.00,APPROACH,,0,0
1788469423.72,108.49,0.01,0.00,APPROACH,,0,0
1788469423.82,108.59,0.01,0.00,APPROACH,,0,0
1788469423.93,108.69,-0.00,0.00,APPROACH,,0,0
1788469424.03,108.79,-0.00,0.00,APPROACH,,0,0
1788469424.13,108.89,0.01,0.00,APPROACH,,0,0
1788469424.23,108.98,0.00,0.00,APPROACH,,0,0
1788469424.33,109.09,0.01,0.00,APPROACH,,0,0
1788469424.43,109.19,0.01,0.00,APPROACH,,0,0
1788469424.53,109.28,0.00,0.00,APPROACH,,0,0
1788469424.63,109.39,0.01,0.00,APPROACH,,0,0
1788469424.73,109.48,0.00,0.00,APPROACH,,0,0
1788469424.84,109.58,0.00,0.00,APPROACH,,0,0
1788469424.94,109.69,-0.00,0.00,APPROACH,,0,0
1788469425.04,109.79,-0.00,0.00,APPROACH,,0,0
1788469425.14,109.89,-0.00,0.00,APPROACH,,0,0
1788469425.24,109.98,0.00,0.00,APPROACH,,0,0
1788469425.34,110.08,0.01,0.00,APPROACH,,0,0
1788469425.44,110.19,0.01,0.00,APPROACH,,0,0
1788469425.54,110.28,0.00,0.00,APPROACH,,0,0
1788469425.65,110.39,0.00,0.00,APPROACH,,0,0
1788469425.75,110.48,0.01,0.00,APPROACH,,0,0
1788469425.85,110.59,0.01,0.00,APPROACH,,0,0
1788469425.95,110.69,0.01,0.00,APPROACH,,0,0
1788469426.05,110.78,0.00,0.00,APPROACH,,0,0
1788469426.15,110.89,0.01,0.00,APPROACH,,0,0
1788469426.26,110.99,-0.00,0.00,APPROACH,,0,0
1788469426.36,111.09,-0.00,0.00,APPROACH,,0,0
1788469426.46,111.19,0.00,0.00,APPROACH,,0,0
1788469426.56,111.28,0.01,0.00,APPROACH,,0,0
1788469426.67,111.39,-0.00,0.00,APPROACH,,0,0
1788469426.76,111.48,0.00,0.00,APPROACH,,0,0
1788469426.87,111.59,0.00,0.00,APPROACH,,0,0
1788469426.97,111.69,-0.00,0.00,APPROACH,,0,0
1788469427.07,111.78,0.01,0.00,APPROACH,,0,0
1788469427.17,111.89,-0.00,0.00,APPROACH,,0,0
1788469427.27,111.99,0.00,0.00,APPROACH,,0,0
1788469427.37,112.09,-0.00,0.00,APPROACH,,0,0
1788469427.47,112.19,0.01,0.00,APPROACH,,0,0
1788469427.58,112.29,-0.00,0.00,APPROACH,,0,0
1788469427.68,112.39,-0.00,0.00,APPROACH,,0,0
1788469427.78,112.48,-0.00,0.00,APPROACH,,0,0
1788469427.89,112.59,0.01,0.00,APPROACH,,0,0
1788469427.98,112.69,-0.00,0.00,APPROACH,,0,0
1788469428.08,112.78,0.00,0.00,APPROACH,,0,0
1788469428.19,112.89,0.00,0.00,APPROACH,,0,0
1788469428.29,112.98,-0.00,0.00,APPROACH,,0,0
1788469428.39,113.09,0.00,0.00,APPROACH,,0,0
1788469428.49,113.18,0.00,0.00,APPROACH,,0,0
1788469428.59,113.28,-0.00,0.00,APPROACH,,0,0
1788469428.69,113.39,-0.00,0.00,APPROACH,,0,0
1788469428.79,113.48,0.01,0.00,APPROACH,,0,0
1788469428.89,113.58,0.01,0.00,APPROACH,,0,0
1788469428.99,113.69,-0.00,0.00,APPROACH,,0,0
1788469429.09,113.78,-0.00,0.00,APPROACH,,0,0
1788469429.19,113.89,0.00,0.00,APPROACH,,0,0
1788469429.29,113.98,0.00,0.00,APPROACH,,0,0
1788469429.39,114.08,-0.00,0.00,APPROACH,,0,0
1788469429.50,114.19,0.00,0.00,APPROACH,,0,0
1788469429.60,114.29,0.00,0.00,APPROACH,,0,0
1788469429.70,114.39,-0.00,0.00,APPROACH,,0,0
1788469429.80,114.49,-0.00,0.00,APPROACH,,0,0
1788469429.90,114.59,0.00,0.00,APPROACH,,0,0
1788469430.01,114.69,0.01,0.00,APPROACH,,0,0
1788469430.11,114.79,0.01,0.00,APPROACH,,0,0
1788469430.21,114.89,0.00,0.00,APPROACH,,0,0
1788469430.31,114.99,0.01,0.00,APPROACH,,0,0
1788469430.41,115.09,0.00,0.00,APPROACH,,0,0
1788469430.51,115.19,0.01,0.00,APPROACH,,0,0
1788469430.61,115.29,0.00,0.00,APPROACH,,0,0
1788469430.71,115.39,0.00,0.00,APPROACH,,0,0
1788469430.81,115.48,0.00,0.00,APPROACH,,0,0
1788469430.92,115.59,0.01,0.00,APPROACH,,0,0
1788469431.02,115.69,0.00,0.00,APPROACH,,0,0
1788469431.12,115.78,0.00,0.00,APPROACH,,0,0
1788469431.22,115.89,0.00,0.00,APPROACH,,0,0
1788469431.32,115.99,-0.00,0.00,APPROACH,,0,0
1788469431.42,116.09,-0.00,0.00,APPROACH,,0,0
1788469431.53,116.19,0.00,0.00,APPROACH,,0,0
1788469431.63,116.29,0.01,0.00,APPROACH,,0,0
1788469431.73,116.39,0.01,0.00,APPROACH,,0,0
1788469431.83,116.49,0.01,0.00,APPROACH,,0,0
1788469431.93,116.58,-0.00,0.00,APPROACH,,0,0
1788469432.03,116.69,-0.00,0.00,APPROACH,,0,0
1788469432.14,116.79,0.00,0.00,APPROACH,,0,0
1788469432.23,116.89,0.01,0.00,APPROACH,,0,0
1788469432.34,116.99,-0.00,0.00,APPROACH,,0,0
1788469432.44,117.09,0.00,0.00,APPROACH,,0,0
1788469432.54,117.19,0.00,0.00,APPROACH,,0,0
1788469432.64,117.29,-0.00,0.00,APPROACH,,0,0
1788469432.74,117.39,-0.00,0.00,APPROACH,,0,0
1788469432.84,117.49,0.01,0.00,APPROACH,,0,0
1788469432.94,117.58,0.00,0.00,APPROACH,,0,0
1788469433.05,117.69,-0.00,0.00,APPROACH,,0,0
1788469433.15,117.78,0.00,0.00,APPROACH,,0,0
1788469433.25,117.89,0.00,0.00,APPROACH,,0,0
1788469433.35,117.98,-0.00,0.00,APPROACH,,0,0
1788469433.45,118.09,0.01,0.00,APPROACH,,0,0
1788469433.55,118.19,-0.00,0.00,APPROACH,,0,0
1788469433.65,118.29,0.01,0.00,APPROACH,,0,0
1788469433.75,118.39,0.01,0.00,APPROACH,,0,0
1788469433.86,118.49,-0.00,0.00,APPROACH,,0,0
1788469433.96,118.59,-0.00,0.00,APPROACH,,0,0
1788469434.06,118.69,0.01,0.00,APPROACH,,0,0
1788469434.16,118.78,-0.00,0.00,APPROACH,,0,0
1788469434.27,118.89,-0.00,0.00,APPROACH,,0,0
1788469434.37,118.99,0.00,0.00,APPROACH,,0,0
1788469434.47,119.09,0.00,0.00,APPROACH,,0,0
1788469434.57,119.19,0.00,0.00,APPROACH,,0,0
1788469434.68,119.29,0.00,0.00,APPROACH,,0,0
1788469434.78,119.39,0.00,0.00,APPROACH,,0,0
1788469434.88,119.49,0.01,0.00,APPROACH,,0,0
1788469434.98,119.58,0.00,0.00,APPROACH,,0,0
1788469435.08,119.68,0.01,0.00,APPROACH,,0,0
1788469435.18,119.78,0.00,0.00,APPROACH,,0,0
1788469435.28,119.89,0.00,0.00,APPROACH,,0,0
1788469435.38,119.98,-0.00,0.00,APPROACH,,0,0
1788469435.48,120.08,0.00,0.00,APPROACH,,0,0
1788469435.58,120.19,0.00,0.00,APPROACH,,0,0
1788469435.69,120.29,-0.00,0.00,APPROACH,,0,0
1788469435.78,120.39,0.00,0.00,APPROACH,,0,0
1788469435.89,120.49,0.00,0.00,APPROACH,,0,0
1788469435.99,120.58,0.01,0.00,APPROACH,,0,0
1788469436.09,120.68,0.01,0.00,APPROACH,,0,0
1788469436.19,120.79,0.00,0.00,APPROACH,,0,0
1788469436.30,120.89,-0.00,0.00,APPROACH,,0,0
1788469436.40,120.98,0.00,0.00,APPROACH,,0,0
1788469436.49,121.08,0.00,0.00,APPROACH,,0,0
1788469436.60,121.19,0.00,0.00,APPROACH,,0,0
1788469436.70,121.29,0.00,0.00,APPROACH,,0,0
1788469436.80,121.38,0.01,0.00,APPROACH,,0,0
1788469436.90,121.49,-0.00,0.00,APPROACH,,0,0
1788469437.01,121.59,0.00,0.00,APPROACH,,0,0
1788469437.11,121.69,-0.00,0.00,APPROACH,,0,0
1788469437.21,121.79,-0.00,0.00,APPROACH,,0,0
1788469437.31,121.89,0.01,0.00,APPROACH,,0,0
1788469437.41,121.99,0.01,0.00,APPROACH,,0,0
1788469437.52,122.09,-0.00,0.00,APPROACH,,0,0
1788469437.62,122.19,-0.00,0.00,APPROACH,,0,0
1788469437.72,122.28,0.00,0.00,APPROACH,,0,0
1788469437.82,122.39,0.00,0.00,APPROACH,,0,0
1788469437.92,122.48,0.01,0.00,APPROACH,,0,0
1788469438.02,122.59,0.01,0.00,APPROACH,,0,0
1788469438.13,122.69,-0.00,0.00,APPROACH,,0,0
1788469438.23,122.79,0.00,0.00,APPROACH,,0,0
1788469438.33,122.88,-0.00,0.00,APPROACH,,0,0
1788469438.43,122.99,0.01,0.00,APPROACH,,0,0
1788469438.53,123.08,0.01,0.00,APPROACH,,0,0
1788469438.63,123.19,0.00,0.00,APPROACH,,0,0
1788469438.73,123.28,0.00,0.00,APPROACH,,0,0
1788469438.83,123.39,-0.00,0.00,APPROACH,,0,0
1788469438.94,123.49,0.00,0.00,APPROACH,,0,0
1788469439.04,123.58,-0.00,0.00,APPROACH,,0,0
1788469439.14,123.69,0.01,0.00,APPROACH,,0,0
1788469439.24,123.79,-0.01,0.00,APPROACH,,0,0
1788469439.34,123.89,0.01,0.00,APPROACH,,0,0
1788469439.44,123.99,0.01,0.00,APPROACH,,0,0
1788469439.54,124.09,0.00,0.00,APPROACH,,0,0
1788469439.65,124.19,0.00,0.00,APPROACH,,0,0
1788469439.75,124.29,0.01,0.00,APPROACH,,0,0
1788469439.85,124.39,0.00,0.00,APPROACH,,0,0
1788469439.95,124.48,0.00,0.00,APPROACH,,0,0
1788469440.05,124.58,0.00,0.00,APPROACH,,0,0
1788469440.15,124.69,0.01,0.00,APPROACH,,0,0
1788469440.26,124.79,-0.00,0.00,APPROACH,,0,0
1788469440.36,124.89,-0.00,0.00,APPROACH,,0,0
1788469440.46,124.99,-0.00,0.00,APPROACH,,0,0
1788469440.56,125.08,0.00,0.00,APPROACH,,0,0
1788469440.66,125.19,0.00,0.00,APPROACH,,0,0
1788469440.76,125.29,0.00,0.00,APPROACH,,0,0
1788469440.86,125.39,0.01,0.00,APPROACH,,0,0
1788469440.96,125.49,-0.00,0.00,APPROACH,,0,0
1788469441.06,125.58,0.00,0.00,APPROACH,,0,0
1788469441.16,125.69,0.01,0.00,APPROACH,,0,0
1788469441.27,125.79,0.00,0.00,APPROACH,,0,0
1788469441.36,125.88,0.00,0.00,APPROACH,,0,0
1788469441.46,125.98,0.01,0.00,APPROACH,,0,0
1788469441.57,126.08,0.01,0.00,APPROACH,,0,0
1788469441.66,126.18,0.00,0.00,APPROACH,,0,0
1788469441.77,126.28,0.01,0.00,APPROACH,,0,0
1788469441.87,126.39,0.01,0.00,APPROACH,,0,0
1788469441.97,126.49,-0.00,0.00,APPROACH,,0,0
1788469442.07,126.58,-0.00,0.00,APPROACH,,0,0
1788469442.17,126.68,0.01,0.00,APPROACH,,0,0
1788469442.28,126.78,0.01,0.00,APPROACH,,0,0
1788469442.38,126.89,0.00,0.00,APPROACH,,0,0
1788469442.48,126.98,0.00,0.00,APPROACH,,0,0
1788469442.58,127.08,-0.00,0.00,APPROACH,,0,0
1788469442.68,127.19,0.00,0.00,APPROACH,,0,0
1788469442.78,127.28,0.00,0.00,APPROACH,,0,0
1788469442.88,127.39,-0.01,0.00,APPROACH,,0,0
1788469442.98,127.48,0.01,0.00,APPROACH,,0,0
1788469443.08,127.58,0.01,0.00,APPROACH,,0,0
1788469443.18,127.69,-0.00,0.00,APPROACH,,0,0
1788469443.29,127.79,-0.00,0.00,APPROACH,,0,0
1788469443.39,127.89,0.00,0.00,APPROACH,,0,0
1788469443.49,127.98,0.01,0.00,APPROACH,,0,0
1788469443.59,128.09,0.00,0.00,APPROACH,,0,0
1788469443.69,128.19,0.00,0.00,APPROACH,,0,0
1788469443.80,128.29,0.01,0.00,APPROACH,,0,0
1788469443.90,128.39,-0.00,0.00,APPROACH,,0,0
1788469444.00,128.49,-0.00,0.00,APPROACH,,0,0
1788469444.10,128.59,0.01,0.00,APPROACH,,0,0
1788469444.20,128.69,0.01,0.00,APPROACH,,0,0
1788469444.30,128.79,0.01,0.00,APPROACH,,0,0
1788469444.40,128.89,-0.00,0.00,APPROACH,,0,0
1788469444.51,128.99,-0.00,0.00,APPROACH,,0,0
1788469444.61,129.09,0.01,0.00,APPROACH,,0,0
1788469444.71,129.19,-0.00,0.00,APPROACH,,0,0
1788469444.81,129.29,0.00,0.00,APPROACH,,0,0
1788469444.91,129.39,-0.00,0.00,APPROACH,,0,0
1788469445.01,129.49,0.01,0.00,APPROACH,,0,0
1788469445.11,129.59,-0.00,0.00,APPROACH,,0,0
1788469445.21,129.69,-0.00,0.00,APPROACH,,0,0
1788469445.31,129.78,0.00,0.00,APPROACH,,0,0
1788469445.42,129.88,0.01,0.00,APPROACH,,0,0
1788469445.52,129.99,0.00,0.00,APPROACH,,0,0
1788469445.62,130.09,0.01,0.00,APPROACH,,0,0
1788469445.72,130.19,0.00,0.00,APPROACH,,0,0
1788469445.82,130.29,0.01,0.00,REFINE,,0,0
1788469445.93,130.39,0.01,0.00,REFINE,,0,0
1788469446.02,130.49,-0.00,0.00,REFINE,,0,0
1788469446.12,130.58,-0.00,0.00,REFINE,,0,0
1788469446.23,130.69,0.01,0.00,REFINE,,0,0
1788469446.33,130.79,0.00,0.00,REFINE,,0,0
1788469446.43,130.89,0.00,0.00,REFINE,,0,0
1788469446.53,130.99,0.01,0.00,REFINE,,0,0
1788469446.63,131.08,0.00,0.00,REFINE,,0,0
1788469446.73,131.18,-0.00,0.00,REFINE,,0,0
1788469446.83,131.29,0.00,0.00,REFINE,,0,0
1788469446.93,131.38,-0.00,0.00,REFINE,,0,0
1788469447.03,131.48,0.00,0.00,DEPLOY,,0,0
1788469447.13,131.58,0.01,0.00,DEPLOY,,0,0
1788469447.23,131.68,-0.00,0.00,DEPLOY,,0,0
1788469447.33,131.78,-0.00,0.00,DEPLOY,,0,0
1788469447.43,131.88,0.00,0.00,DEPLOY,,0,0
1788469447.53,131.98,0.01,0.00,DEPLOY,,0,0
1788469447.63,132.08,-0.00,0.00,DEPLOY,,0,0
1788469447.73,132.18,0.00,0.00,DEPLOY,,0,0
1788469447.83,132.28,0.01,0.00,DEPLOY,,0,0
1788469447.93,132.38,-0.00,0.00,DEPLOY,,0,0
1788469448.03,132.48,0.00,0.00,DEPLOY,,0,0
1788469448.13,132.58,-0.00,0.00,DEPLOY,,0,0
1788469448.23,132.68,-0.00,0.00,DEPLOY,,0,0
1788469448.33,132.78,0.00,0.00,DEPLOY,,0,0
1788469448.43,132.88,0.01,0.00,DEPLOY,,0,0
1788469448.53,132.98,-0.00,0.00,DEPLOY,,0,0
1788469448.63,133.08,-0.00,0.00,DEPLOY,,0,0
1788469448.73,133.18,0.00,0.00,DEPLOY,,0,0
1788469448.83,133.28,0.01,0.00,DEPLOY,,0,0
1788469448.93,133.38,-0.01,0.00,DEPLOY,,0,0
1788469449.03,133.48,0.00,0.00,DEPLOY,,0,0
1788469449.13,133.58,0.01,0.00,DEPLOY,,0,0
1788469449.23,133.68,0.00,0.00,DEPLOY,,0,0
1788469449.33,133.78,0.01,0.00,DEPLOY,,0,0
1788469449.43,133.88,0.01,0.00,DEPLOY,,0,0
1788469449.53,133.98,-0.00,0.00,DEPLOY,,0,0
1788469449.63,134.08,-0.00,0.00,DEPLOY,,0,0
1788469449.73,134.18,0.01,0.00,DEPLOY,,0,0
1788469449.83,134.28,0.01,0.00,DEPLOY,,0,0
1788469449.93,134.38,0.01,0.00,DEPLOY,,0,0
1788469450.03,134.48,0.00,0.00,DEPLOY,,0,0
1788469450.13,134.58,-0.00,0.00,DEPLOY,,0,0
1788469450.24,134.68,0.01,0.00,DEPLOY,,0,0
1788469450.33,134.78,0.01,0.00,DEPLOY,,0,0
1788469450.43,134.88,-0.00,0.00,DEPLOY,,0,0
1788469450.53,134.98,-0.00,0.00,DEPLOY,,0,0
1788469450.64,135.08,0.01,0.00,DEPLOY,,0,0
1788469450.73,135.18,-0.00,0.00,DEPLOY,,0,0
1788469450.83,135.28,0.00,0.00,DEPLOY,,0,0
1788469450.94,135.38,0.01,0.00,DEPLOY,,0,0
1788469451.04,135.48,0.00,0.00,DEPLOY,,0,0
1788469451.14,135.58,-0.00,0.00,DEPLOY,,0,0
1788469451.24,135.68,0.01,0.00,DEPLOY,,0,0
1788469451.34,135.78,0.00,0.00,DEPLOY,,0,0
1788469451.44,135.88,0.01,0.00,DEPLOY,,0,0
1788469451.54,135.98,0.01,0.00,DEPLOY,,0,0
1788469451.64,136.09,0.01,0.00,DEPLOY,,0,0
1788469451.74,136.19,0.01,0.00,DEPLOY,,0,0
1788469451.84,136.29,-0.00,0.00,DEPLOY,,0,0
1788469451.94,136.38,0.01,0.00,DEPLOY,,0,0
1788469452.04,136.49,0.01,0.00,DEPLOY,,0,0
1788469452.14,136.59,-0.00,0.00,DEPLOY,,0,0
1788469452.24,136.69,-0.00,0.00,DEPLOY,,0,0
1788469452.34,136.79,0.01,0.00,DEPLOY,,0,0
1788469452.44,136.88,0.00,0.00,DEPLOY,,0,0
1788469452.55,136.99,-0.00,0.00,DEPLOY,,0,0
1788469452.65,137.09,0.00,0.00,DEPLOY,,0,0
1788469452.75,137.19,0.01,0.00,DEPLOY,,0,0
1788469452.85,137.29,0.00,0.00,DEPLOY,,0,0
1788469452.95,137.38,0.00,0.00,DEPLOY,,0,0
1788469453.06,137.49,-0.01,0.00,DEPLOY,,0,0
1788469453.16,137.59,0.00,0.00,DEPLOY,,0,0
1788469453.26,137.69,-0.00,0.00,DEPLOY,,0,0
1788469453.36,137.79,-0.00,0.00,DEPLOY,,0,0
1788469453.46,137.89,-0.00,0.00,DEPLOY,,0,0
1788469453.57,137.99,-0.00,0.00,DEPLOY,,0,0
1788469453.66,138.08,0.01,0.00,DEPLOY,,0,0
1788469453.76,138.19,-0.00,0.00,DEPLOY,,0,0
1788469453.87,138.28,0.00,0.00,DEPLOY,,0,0
1788469453.97,138.38,-0.00,0.00,DEPLOY,,0,0
1788469454.07,138.49,0.00,0.00,DEPLOY,,0,0
1788469454.17,138.59,0.00,0.00,DEPLOY,,0,0
1788469454.27,138.69,-0.00,0.00,DEPLOY,,0,0
1788469454.37,138.79,-0.00,0.00,DEPLOY,,0,0
1788469454.47,138.88,0.01,0.00,DEPLOY,,0,0
1788469454.57,138.99,0.01,0.00,DEPLOY,,0,0
1788469454.67,139.08,0.01,0.00,DEPLOY,,0,0
1788469454.78,139.19,0.01,0.00,DEPLOY,,0,0
1788469454.88,139.29,-0.00,0.00,DEPLOY,,0,0
1788469454.98,139.38,-0.00,0.00,DEPLOY,,0,0
1788469455.08,139.49,0.00,0.00,DEPLOY,,0,0
1788469455.18,139.59,-0.00,0.00,DEPLOY,,0,0
1788469455.28,139.69,0.01,0.00,DEPLOY,,0,0
1788469455.38,139.78,-0.01,0.00,DEPLOY,,0,0
1788469455.48,139.88,-0.00,0.00,DEPLOY,,0,0
1788469455.59,139.99,0.01,0.00,DEPLOY,,0,0
1788469455.69,140.09,0.00,0.00,DEPLOY,,0,0
1788469455.79,140.18,0.00,0.00,DEPLOY,,0,0
1788469455.89,140.29,0.01,0.00,DEPLOY,,0,0
1788469455.99,140.38,0.01,0.00,DEPLOY,,0,0
1788469456.09,140.49,0.01,0.00,DEPLOY,,0,0
1788469456.20,140.59,0.00,0.00,DEPLOY,,0,0
1788469456.30,140.69,0.00,0.00,DEPLOY,,0,0
1788469456.40,140.78,-0.00,0.00,DEPLOY,,0,0
1788469456.50,140.89,-0.00,0.00,DEPLOY,,0,0
1788469456.60,140.99,0.00,0.00,DEPLOY,,0,0
1788469456.70,141.08,0.00,0.00,DEPLOY,,0,0
1788469456.81,141.19,0.00,0.00,DEPLOY,,0,0
1788469456.91,141.29,0.00,0.00,DEPLOY,,0,0
1788469457.01,141.38,0.00,0.00,DEPLOY,,0,0
1788469457.11,141.49,0.01,0.00,DEPLOY,,0,0
1788469457.21,141.59,-0.00,0.00,DEPLOY,,0,0
1788469457.31,141.69,0.01,0.00,DEPLOY,,0,0
1788469457.42,141.79,0.01,0.00,DEPLOY,,0,0
1788469457.52,141.89,0.00,0.00,DEPLOY,,0,0
1788469457.62,141.99,0.01,0.00,DEPLOY,,0,0
1788469457.72,142.08,0.00,0.00,DEPLOY,,0,0
1788469457.82,142.19,-0.00,0.00,DEPLOY,,0,0
1788469457.92,142.29,0.01,0.00,DEPLOY,,0,0
1788469458.02,142.39,0.01,0.00,DEPLOY,,0,0
1788469458.12,142.49,-0.00,0.00,DEPLOY,,0,0
1788469458.23,142.59,0.00,0.00,DEPLOY,,0,0
1788469458.33,142.69,0.01,0.00,DEPLOY,,0,0
1788469458.43,142.79,-0.00,0.00,DEPLOY,,0,0
1788469458.53,142.88,0.01,0.00,DEPLOY,,0,0
1788469458.63,142.99,-0.00,0.00,DEPLOY,,0,1
1788469458.73,143.09,0.00,0.00,DEPLOY,,0,0
1788469458.83,143.19,-0.00,0.00,DEPLOY,,0,0
1788469458.93,143.29,0.01,0.00,DEPLOY,,0,0
1788469459.03,143.38,0.00,0.00,DEPLOY,,0,0
1788469459.13,143.49,-0.00,0.00,DEPLOY,,0,0
1788469459.23,143.59,0.01,0.00,DEPLOY,,0,0
1788469459.33,143.69,0.01,0.00,DEPLOY,,0,0
1788469459.43,143.78,-0.00,0.00,DEPLOY,,0,0
1788469459.53,143.88,0.00,0.00,DEPLOY,,0,0
1788469459.64,143.99,0.00,0.00,DEPLOY,,0,0
1788469459.74,144.09,-0.00,0.00,DEPLOY,,0,0
1788469459.84,144.19,0.00,0.00,DEPLOY,,0,0
1788469459.94,144.29,0.00,0.00,DEPLOY,,0,0
1788469460.04,144.38,-0.00,0.00,DEPLOY,,0,0
1788469460.14,144.49,-0.00,0.00,DEPLOY,,0,0
1788469460.25,144.59,0.01,0.00,DEPLOY,,0,0
1788469460.35,144.69,0.01,0.00,DEPLOY,,0,0
1788469460.45,144.79,-0.00,0.00,DEPLOY,,0,0
1788469460.55,144.89,-0.00,0.00,DEPLOY,,0,0
1788469460.65,144.99,-0.00,0.00,DEPLOY,,0,0
1788469460.75,145.09,0.01,0.00,DEPLOY,,0,0
1788469460.85,145.19,0.01,0.00,DEPLOY,,0,0
1788469460.96,145.29,0.00,0.00,DEPLOY,,0,0
1788469461.06,145.39,0.00,0.00,DEPLOY,,0,0
1788469461.16,145.49,0.00,0.00,DEPLOY,,0,0
1788469461.26,145.59,-0.00,0.00,DEPLOY,,0,0
1788469461.36,145.69,0.00,0.00,DEPLOY,,0,0
1788469461.46,145.79,0.01,0.00,DEPLOY,,0,0
1788469461.56,145.89,0.01,0.00,DEPLOY,,0,0
1788469461.66,145.99,0.00,0.00,DEPLOY,,0,0
1788469461.76,146.09,0.01,0.00,DEPLOY,,0,0
1788469461.87,146.19,0.00,0.00,DEPLOY,,0,0
1788469461.97,146.29,0.01,0.00,DEPLOY,,0,0
1788469462.07,146.39,0.00,0.00,DEPLOY,,0,0
1788469462.17,146.49,0.00,0.00,DEPLOY,,0,0
1788469462.27,146.59,0.00,0.00,DEPLOY,,0,0
1788469462.38,146.69,0.01,0.00,DEPLOY,,0,0
1788469462.47,146.78,0.00,0.00,DEPLOY,,0,0
1788469462.58,146.88,0.00,0.00,DEPLOY,,0,0
1788469462.68,146.99,-0.00,0.00,DEPLOY,,0,0
1788469462.78,147.09,0.01,0.00,DEPLOY,,0,0
1788469462.88,147.19,-0.00,0.00,DEPLOY,,0,0
1788469462.98,147.29,0.00,0.00,DEPLOY,,0,0
1788469463.09,147.39,-0.00,0.00,DEPLOY,,0,0
1788469463.19,147.49,0.01,0.00,DEPLOY,,0,0
1788469463.29,147.59,0.01,0.00,DEPLOY,,0,0
1788469463.39,147.69,-0.00,0.00,DEPLOY,,0,0
1788469463.49,147.78,-0.00,0.00,DEPLOY,,0,0
1788469463.59,147.88,0.01,0.00,DEPLOY,,0,0
1788469463.70,147.99,0.00,0.00,DEPLOY,,0,0
1788469463.80,148.09,-0.00,0.00,DEPLOY,,0,0
1788469463.89,148.19,0.00,0.00,DEPLOY,,0,0
1788469464.00,148.29,0.00,0.00,DEPLOY,,0,0
1788469464.10,148.38,-0.00,0.00,DEPLOY,,0,0
1788469464.20,148.49,-0.00,0.00,DEPLOY,,0,0
1788469464.30,148.59,0.01,0.00,DEPLOY,,0,0
1788469464.40,148.69,0.00,0.00,DEPLOY,,0,0
1788469464.50,148.79,-0.00,0.00,DEPLOY,,0,0
1788469464.60,148.89,0.00,0.00,DEPLOY,,0,0
1788469464.70,148.99,0.01,0.00,DEPLOY,,0,0
1788469464.80,149.09,-0.00,0.00,DEPLOY,,0,0
1788469464.90,149.19,0.01,0.00,DEPLOY,,0,0
1788469465.00,149.29,-0.00,0.00,DEPLOY,,0,0
1788469465.10,149.39,0.01,0.00,DEPLOY,,0,0
1788469465.21,149.49,0.00,0.00,DEPLOY,,0,0
1788469465.31,149.59,-0.00,0.00,DEPLOY,,0,0
1788469465.41,149.69,0.01,0.00,DEPLOY,,0,0
1788469465.51,149.79,0.01,0.00,DEPLOY,,0,0
1788469465.61,149.88,-0.00,0.00,DEPLOY,,0,0
1788469465.71,149.99,-0.00,0.00,DEPLOY,,0,0
1788469465.81,150.09,-0.00,0.00,DEPLOY,,0,0
1788469465.92,150.19,0.01,0.00,DEPLOY,,0,0
1788469466.02,150.29,-0.00,0.00,DEPLOY,,0,0
1788469466.12,150.39,-0.00,0.00,DEPLOY,,0,0
1788469466.22,150.49,-0.00,0.00,DEPLOY,,0,0
1788469466.32,150.59,0.01,0.00,DEPLOY,,0,0
1788469466.42,150.69,0.00,0.00,DEPLOY,,0,0
1788469466.52,150.79,0.01,0.00,DEPLOY,,0,0
1788469466.62,150.89,0.01,0.00,DEPLOY,,0,0
1788469466.72,150.99,0.00,0.00,DEPLOY,,0,0
1788469466.82,151.09,-0.00,0.00,DEPLOY,,0,0
1788469466.92,151.19,-0.00,0.00,DEPLOY,,0,0
1788469467.03,151.29,0.00,0.00,DEPLOY,,0,0
1788469467.13,151.38,-0.00,0.00,DEPLOY,,0,0
1788469467.23,151.48,0.01,0.00,DEPLOY,,0,0
1788469467.33,151.58,0.00,0.00,DEPLOY,,0,0
1788469467.43,151.69,0.00,0.00,DEPLOY,,0,0
1788469467.53,151.78,0.01,0.00,DEPLOY,,0,0
1788469467.63,151.88,0.00,0.00,DEPLOY,,0,0
1788469467.73,151.99,0.01,0.00,DEPLOY,,0,0
1788469467.84,152.09,0.00,0.00,DEPLOY,,0,0
1788469467.93,152.18,0.01,0.00,DEPLOY,,0,0
1788469468.04,152.29,0.00,0.00,DEPLOY,,0,0
1788469468.14,152.39,0.00,0.00,DEPLOY,,0,0
1788469468.24,152.49,0.01,0.00,DEPLOY,,0,0
1788469468.34,152.59,-0.00,0.00,DEPLOY,,0,0
1788469468.44,152.69,-0.00,0.00,DEPLOY,,0,0
1788469468.55,152.79,0.00,0.00,DEPLOY,,0,0
1788469468.65,152.89,-0.00,0.00,DEPLOY,,0,0
1788469468.75,152.99,0.01,0.00,DEPLOY,,0,0
1788469468.85,153.09,0.01,0.00,DEPLOY,,0,0
1788469468.95,153.19,-0.00,0.00,DEPLOY,,0,0
1788469469.06,153.29,-0.00,0.00,DEPLOY,,0,0
1788469469.16,153.39,0.00,0.00,DEPLOY,,0,0
1788469469.26,153.48,0.00,0.00,MANIPULATE,,0,0
1788469469.36,153.59,0.01,0.00,MANIPULATE,,0,0
1788469469.46,153.69,0.01,0.00,MANIPULATE,,0,0
1788469469.56,153.79,-0.00,0.00,MANIPULATE,,0,0
1788469469.66,153.88,-0.00,0.00,MANIPULATE,,0,0
1788469469.76,153.99,0.00,0.00,MANIPULATE,,0,0
1788469469.87,154.09,0.01,0.00,MANIPULATE,,0,0
1788469469.96,154.19,0.00,0.00,MANIPULATE,,0,0
1788469470.07,154.29,0.00,0.00,MANIPULATE,,0,0
1788469470.17,154.39,0.00,0.00,MANIPULATE,,0,0
1788469470.27,154.49,-0.00,0.00,MANIPULATE,,0,0
1788469470.37,154.59,0.00,0.00,MANIPULATE,,0,0
1788469470.47,154.68,-0.00,0.00,MANIPULATE,,0,0
1788469470.57,154.78,0.01,0.00,MANIPULATE,,0,0
1788469470.67,154.89,-0.00,0.00,MANIPULATE,,0,0
1788469470.78,154.99,0.01,0.00,MANIPULATE,,0,0
1788469470.88,155.09,0.01,0.00,MANIPULATE,,0,0
1788469470.98,155.19,0.00,0.00,MANIPULATE,,0,0
1788469471.08,155.29,0.01,0.00,MANIPULATE,,0,0
1788469471.18,155.38,0.01,0.00,MANIPULATE,,0,0
1788469471.28,155.49,-0.00,0.00,MANIPULATE,,0,0
1788469471.38,155.59,0.01,0.00,MANIPULATE,,0,0
1788469471.49,155.69,0.00,0.00,MANIPULATE,,0,0
1788469471.59,155.79,0.00,0.00,MANIPULATE,,0,0
1788469471.69,155.88,0.00,0.00,MANIPULATE,,0,0
1788469471.79,155.99,-0.00,0.00,MANIPULATE,,0,0
1788469471.89,156.09,-0.00,0.00,MANIPULATE,,0,0
1788469472.00,156.19,0.01,0.00,MANIPULATE,,0,0
1788469472.10,156.28,0.00,0.00,MANIPULATE,,0,0
1788469472.20,156.39,0.00,0.00,MANIPULATE,,0,0
1788469472.30,156.49,0.01,0.00,MANIPULATE,,0,0
1788469472.40,156.59,0.00,0.00,MANIPULATE,,0,0
1788469472.50,156.69,0.00,0.00,MANIPULATE,,0,0
1788469472.61,156.79,0.01,0.00,MANIPULATE,orienta,0,0
1788469472.70,156.89,0.00,0.00,MANIPULATE,orienta,0,0
1788469472.80,156.99,-0.00,0.00,MANIPULATE,orienta,0,0
1788469472.91,157.09,0.00,0.00,MANIPULATE,orienta,0,0
1788469473.01,157.19,0.00,0.00,MANIPULATE,orienta,0,0
1788469473.11,157.28,0.00,0.00,MANIPULATE,orienta,0,0
1788469473.21,157.38,0.00,0.00,MANIPULATE,orienta,0,0
1788469473.31,157.49,0.01,0.00,MANIPULATE,orienta,0,0
1788469473.41,157.59,-0.00,0.00,MANIPULATE,orienta,0,0
1788469473.51,157.69,0.00,0.00,MANIPULATE,orienta,0,0
1788469473.61,157.78,0.01,0.00,MANIPULATE,orienta,0,0
1788469473.71,157.88,0.01,0.00,MANIPULATE,orienta,0,0
1788469473.82,157.99,0.00,0.00,MANIPULATE,orienta,0,0
1788469473.92,158.09,0.00,0.00,MANIPULATE,orienta,0,0
1788469474.01,158.18,-0.00,0.00,MANIPULATE,orienta,0,0
1788469474.12,158.29,0.00,0.00,MANIPULATE,orienta,0,0
1788469474.22,158.39,0.00,0.00,MANIPULATE,orienta,0,0
1788469474.32,158.49,-0.00,0.00,MANIPULATE,orienta,0,0
1788469474.42,158.59,-0.00,0.00,MANIPULATE,orienta,0,0
1788469474.52,158.69,0.00,0.00,MANIPULATE,orienta,0,0
1788469474.62,158.79,-0.00,0.00,MANIPULATE,orienta,0,0
1788469474.72,158.89,-0.01,0.00,MANIPULATE,orienta,0,0
1788469474.83,158.99,0.00,0.00,MANIPULATE,orienta,0,0
1788469474.93,159.09,0.01,0.00,MANIPULATE,orienta,0,0
1788469475.03,159.19,0.00,0.00,MANIPULATE,orienta,0,0
1788469475.13,159.29,-0.00,0.00,MANIPULATE,orienta,0,0
1788469475.23,159.38,-0.00,0.00,MANIPULATE,orienta,0,0
1788469475.34,159.49,-0.00,0.00,MANIPULATE,orienta,0,0
1788469475.44,159.59,0.00,0.00,MANIPULATE,orienta,0,0
1788469475.54,159.69,0.01,0.00,MANIPULATE,orienta,0,0
1788469475.64,159.79,0.01,0.00,MANIPULATE,orienta,0,0
1788469475.74,159.89,0.01,0.00,MANIPULATE,orienta,0,0
1788469475.84,159.99,-0.00,0.00,MANIPULATE,orienta,0,0
1788469475.94,160.08,-0.00,0.00,MANIPULATE,orienta,0,0
1788469476.04,160.18,0.00,0.00,MANIPULATE,aproxima_lateral,0,0
1788469476.14,160.28,-0.00,0.00,MANIPULATE,aproxima_lateral,0,0
1788469476.25,160.39,0.00,0.00,MANIPULATE,aproxima_lateral,0,0
1788469476.35,160.49,-0.00,0.00,MANIPULATE,aproxima_lateral,0,0
1788469476.45,160.59,0.01,0.00,MANIPULATE,aproxima_lateral,0,0
1788469476.55,160.69,-0.00,0.00,MANIPULATE,aproxima_lateral,0,0
1788469476.65,160.79,-0.00,0.00,MANIPULATE,aproxima_lateral,0,0
1788469476.75,160.88,0.01,0.00,MANIPULATE,aproxima_lateral,0,0
1788469476.85,160.99,0.01,0.00,MANIPULATE,aproxima_lateral,0,0
1788469476.96,161.09,0.01,0.00,MANIPULATE,aproxima_lateral,0,0
1788469477.05,161.18,0.01,0.00,MANIPULATE,aproxima_lateral,0,0
1788469477.16,161.29,0.00,0.00,MANIPULATE,aproxima_lateral,0,0
1788469477.26,161.38,0.01,0.00,MANIPULATE,aproxima_lateral,0,0
1788469477.36,161.49,0.01,0.00,MANIPULATE,aproxima_lateral,0,0
1788469477.46,161.59,0.00,0.00,MANIPULATE,aproxima_lateral,0,0
1788469477.56,161.69,-0.00,0.00,MANIPULATE,aproxima_lateral,0,0
1788469477.67,161.79,0.01,0.00,MANIPULATE,aproxima_lateral,0,0
1788469477.77,161.89,0.01,0.00,MANIPULATE,aproxima_lateral,0,0
1788469477.87,161.99,0.00,0.00,MANIPULATE,aproxima_lateral,0,0
1788469477.97,162.09,-0.00,0.00,MANIPULATE,aproxima_lateral,0,0
1788469478.07,162.19,0.00,0.00,MANIPULATE,aproxima_lateral,0,0
1788469478.17,162.28,-0.00,0.00,MANIPULATE,aproxima_lateral,0,0
1788469478.27,162.38,0.00,0.00,MANIPULATE,aproxima_lateral,0,0
1788469478.38,162.49,-0.00,0.00,MANIPULATE,aproxima_lateral,0,0
1788469478.47,162.59,-0.00,0.00,MANIPULATE,aproxima_lateral,0,0
1788469478.58,162.69,0.01,0.00,MANIPULATE,aproxima_lateral,0,0
1788469478.68,162.79,0.00,0.00,MANIPULATE,aproxima_lateral,0,0
1788469478.78,162.88,-0.01,0.00,MANIPULATE,aproxima_lateral,0,0
1788469478.88,162.99,-0.00,0.00,MANIPULATE,aproxima_lateral,0,0
1788469478.98,163.09,0.00,0.00,MANIPULATE,aproxima_lateral,0,0
1788469479.09,163.19,-0.01,0.00,MANIPULATE,aproxima_lateral,0,0
1788469479.19,163.29,-0.01,0.00,MANIPULATE,aproxima_lateral,0,0
1788469479.29,163.39,-0.01,0.00,MANIPULATE,aproxima_lateral,0,0
1788469479.39,163.49,-0.00,0.00,MANIPULATE,aproxima_lateral,0,0
1788469479.49,163.58,-0.00,0.00,MANIPULATE,aproxima_lateral,0,0
1788469479.59,163.68,-0.01,0.00,MANIPULATE,aproxima_lateral,0,0
1788469479.69,163.78,-0.01,0.00,MANIPULATE,aproxima_lateral,0,0
1788469479.79,163.88,-0.01,0.00,MANIPULATE,aproxima_lateral,0,0
1788469479.89,163.98,-0.01,-0.00,MANIPULATE,atravessa,0,0
1788469479.99,164.08,0.01,0.00,MANIPULATE,atravessa,0,0
1788469480.09,164.18,-0.00,0.00,MANIPULATE,atravessa,0,0
1788469480.20,164.29,-0.01,0.00,MANIPULATE,atravessa,0,0
1788469480.30,164.38,0.00,0.00,MANIPULATE,atravessa,0,0
1788469480.40,164.49,-0.00,0.00,MANIPULATE,atravessa,0,0
1788469480.50,164.59,0.01,0.00,MANIPULATE,atravessa,0,0
1788469480.60,164.68,0.01,0.00,MANIPULATE,atravessa,0,0
1788469480.70,164.78,0.01,0.01,MANIPULATE,atravessa,0,0
1788469480.80,164.88,0.01,0.01,MANIPULATE,atravessa,0,0
1788469480.90,164.99,0.01,0.01,MANIPULATE,atravessa,0,0
1788469481.00,165.09,0.01,0.01,MANIPULATE,atravessa,0,0
1788469481.11,165.19,0.01,0.02,MANIPULATE,atravessa,0,0
1788469481.21,165.29,0.01,0.02,MANIPULATE,atravessa,0,0
1788469481.31,165.38,0.00,0.02,MANIPULATE,atravessa,0,0
1788469481.41,165.48,0.00,0.02,MANIPULATE,atravessa,0,0
1788469481.51,165.59,0.00,0.02,MANIPULATE,atravessa,0,0
1788469481.61,165.69,0.00,0.02,MANIPULATE,atravessa,0,0
1788469481.71,165.78,0.00,0.02,MANIPULATE,atravessa,0,0
1788469481.82,165.89,0.00,0.02,MANIPULATE,atravessa,0,0
1788469481.92,165.98,-0.00,0.03,MANIPULATE,atravessa,0,0
1788469482.02,166.09,0.54,0.03,MANIPULATE,atravessa,0,0
1788469482.12,166.19,3.29,0.07,MANIPULATE,atravessa,0,0
1788469482.22,166.28,-0.00,-0.00,MANIPULATE,atravessa,0,0
1788469482.32,166.38,-0.00,-0.00,MANIPULATE,atravessa,0,0
1788469482.43,166.49,-0.00,-0.00,MANIPULATE,atravessa,0,0
1788469482.53,166.59,0.01,-0.00,MANIPULATE,atravessa,0,0
1788469482.63,166.69,0.00,-0.00,MANIPULATE,atravessa,0,0
1788469482.74,166.78,0.01,-0.00,MANIPULATE,atravessa,0,0
1788469482.84,166.89,-0.00,-0.00,MANIPULATE,atravessa,0,0
1788469482.95,166.99,0.01,-0.00,MANIPULATE,atravessa,0,0
1788469483.05,167.08,0.00,-0.00,MANIPULATE,atravessa,0,0
1788469483.15,167.19,0.01,-0.00,MANIPULATE,atravessa,0,0
1788469483.25,167.29,0.01,-0.00,MANIPULATE,atravessa,0,0
1788469483.36,167.39,0.01,-0.00,MANIPULATE,atravessa,0,0
1788469483.46,167.49,0.00,-0.00,MANIPULATE,captura,0,0
1788469483.56,167.58,0.00,-0.00,MANIPULATE,captura,0,0
1788469483.66,167.69,0.01,-0.00,MANIPULATE,captura,0,0
1788469483.77,167.79,-0.00,-0.00,MANIPULATE,captura,0,0
1788469483.87,167.88,0.01,-0.00,MANIPULATE,captura,0,0
1788469483.97,167.98,0.00,-0.00,MANIPULATE,destrava,0,0
1788469484.07,168.09,0.00,-0.00,MANIPULATE,destrava,0,0
1788469484.17,168.18,0.00,-0.00,MANIPULATE,destrava,1,1
1788469484.27,168.28,0.43,0.00,MANIPULATE,destrava,2,2
1788469484.37,168.38,0.87,0.00,MANIPULATE,destrava,1,1
1788469484.47,168.48,1.28,-0.00,MANIPULATE,destrava,3,3
1788469484.58,168.58,1.76,-0.00,MANIPULATE,destrava,1,1
1788469484.68,168.68,2.27,-0.00,MANIPULATE,destrava,3,3
1788469484.78,168.78,2.78,-0.00,MANIPULATE,destrava,2,2
1788469484.88,168.88,3.28,-0.00,MANIPULATE,destrava,2,2
1788469484.98,168.98,3.75,-0.00,MANIPULATE,destrava,2,2
1788469485.08,169.09,4.18,-0.00,MANIPULATE,destrava,2,2
1788469485.18,169.18,4.58,-0.00,MANIPULATE,destrava,2,2
1788469485.28,169.28,4.95,-0.00,MANIPULATE,destrava,2,2
1788469485.38,169.38,5.65,-0.00,MANIPULATE,destrava,1,1
1788469485.48,169.48,6.24,-0.00,MANIPULATE,destrava,3,3
1788469485.58,169.58,6.77,-0.00,MANIPULATE,destrava,2,2
1788469485.68,169.68,7.40,-0.00,MANIPULATE,destrava,2,2
1788469485.79,169.79,8.10,-0.00,MANIPULATE,destrava,1,1
1788469485.89,169.88,8.96,-0.00,MANIPULATE,destrava,2,2
1788469485.99,169.98,9.71,0.01,MANIPULATE,destrava,3,3
1788469486.09,170.08,10.34,0.00,MANIPULATE,destrava,2,2
1788469486.20,170.18,9.66,0.00,MANIPULATE,destrava,1,1
1788469486.30,170.29,9.18,0.00,MANIPULATE,destrava,2,2
1788469486.40,170.38,8.83,0.00,MANIPULATE,destrava,3,3
1788469486.50,170.48,8.54,0.01,MANIPULATE,destrava,2,2
1788469486.60,170.58,8.35,0.00,MANIPULATE,destrava,2,2
1788469486.70,170.68,8.92,0.00,MANIPULATE,destrava,2,2
1788469486.80,170.78,8.87,-0.00,MANIPULATE,destrava,2,2
1788469486.90,170.88,8.83,0.00,MANIPULATE,destrava,2,2
1788469487.00,170.98,9.00,0.00,MANIPULATE,destrava,1,1
1788469487.10,171.08,9.04,0.00,MANIPULATE,destrava,3,3
1788469487.20,171.18,9.18,-0.00,MANIPULATE,destrava,2,2
1788469487.30,171.28,9.24,0.00,MANIPULATE,destrava,2,2
1788469487.41,171.38,9.36,0.00,MANIPULATE,destrava,1,1
1788469487.51,171.48,9.36,-0.00,MANIPULATE,destrava,3,3
1788469487.61,171.58,9.22,-0.00,MANIPULATE,destrava,2,2
1788469487.71,171.68,9.04,-0.01,MANIPULATE,destrava,2,2
1788469487.81,171.78,8.78,-0.01,MANIPULATE,destrava,1,1
1788469487.91,171.88,8.46,-0.01,MANIPULATE,destrava,3,3
1788469488.01,171.98,8.54,0.04,MANIPULATE,destrava,1,1
1788469488.11,172.08,8.55,-0.01,MANIPULATE,destrava,3,3
1788469488.21,172.18,8.31,-0.01,MANIPULATE,destrava,2,2
1788469488.31,172.28,8.42,0.03,MANIPULATE,destrava,2,2
1788469488.42,172.39,8.50,0.04,MANIPULATE,destrava,1,1
1788469488.52,172.48,8.51,-0.00,MANIPULATE,destrava,3,3
1788469488.62,172.58,8.70,0.02,MANIPULATE,destrava,2,2
1788469488.72,172.68,8.81,0.01,MANIPULATE,destrava,2,2
1788469488.82,172.78,8.72,-0.01,MANIPULATE,destrava,1,1
1788469488.92,172.88,8.55,-0.01,MANIPULATE,destrava,3,3
1788469489.02,172.98,8.33,-0.01,MANIPULATE,destrava,2,2
1788469489.12,173.09,8.34,0.00,MANIPULATE,destrava,2,2
1788469489.22,173.18,8.31,-0.01,MANIPULATE,destrava,2,2
1788469489.32,173.28,8.12,-0.01,MANIPULATE,destrava,2,2
1788469489.42,173.38,8.20,0.02,MANIPULATE,destrava,2,2
1788469489.53,173.49,8.28,0.03,MANIPULATE,destrava,2,2
1788469489.63,173.58,8.16,-0.01,MANIPULATE,destrava,1,1
1788469489.73,173.68,8.25,0.05,MANIPULATE,destrava,3,3
1788469489.83,173.78,8.32,-0.01,MANIPULATE,destrava,1,1
1788469489.93,173.88,8.25,-0.00,MANIPULATE,destrava,3,3
1788469490.03,173.98,8.43,0.05,MANIPULATE,destrava,2,2
1788469490.14,174.09,8.41,-0.01,MANIPULATE,destrava,2,2
1788469490.24,174.19,8.34,-0.01,MANIPULATE,destrava,1,1
1788469490.34,174.28,8.26,-0.01,MANIPULATE,destrava,3,3
1788469490.44,174.38,8.17,-0.00,MANIPULATE,destrava,2,2
1788469490.54,174.48,8.01,-0.01,MANIPULATE,destrava,2,2
1788469490.64,174.58,7.79,-0.01,MANIPULATE,destrava,2,2
1788469490.74,174.68,7.78,-0.00,MANIPULATE,destrava,2,2
1788469490.84,174.78,7.86,-0.00,MANIPULATE,destrava,2,2
1788469490.94,174.88,7.76,-0.01,MANIPULATE,destrava,2,2
1788469491.05,174.99,7.72,-0.00,MANIPULATE,destrava,1,1
1788469491.15,175.08,7.78,-0.01,MANIPULATE,destrava,3,3
1788469491.25,175.19,7.67,-0.01,MANIPULATE,destrava,1,1
1788469491.35,175.28,7.60,-0.00,MANIPULATE,destrava,3,3
1788469491.45,175.38,7.69,-0.00,MANIPULATE,destrava,2,2
1788469491.55,175.48,7.55,-0.01,MANIPULATE,destrava,2,2
1788469491.65,175.58,7.55,-0.00,MANIPULATE,destrava,2,2
1788469491.76,175.69,7.65,-0.01,MANIPULATE,destrava,2,2
1788469491.86,175.78,7.45,-0.01,MANIPULATE,destrava,1,1
1788469491.96,175.88,7.33,-0.01,MANIPULATE,destrava,3,3
1788469492.06,175.98,7.21,-0.01,MANIPULATE,destrava,2,2
1788469492.16,176.08,7.08,-0.01,MANIPULATE,destrava,2,2
1788469492.27,176.19,7.12,-0.00,MANIPULATE,destrava,1,1
1788469492.37,176.28,7.12,-0.02,MANIPULATE,destrava,3,3
1788469492.47,176.38,6.95,-0.01,MANIPULATE,destrava,1,1
1788469492.57,176.49,7.03,-0.00,MANIPULATE,destrava,3,3
1788469492.67,176.58,7.14,-0.00,MANIPULATE,destrava,2,2
1788469492.77,176.68,7.10,-0.01,MANIPULATE,destrava,2,2
1788469492.87,176.78,7.20,-0.01,MANIPULATE,destrava,2,2
1788469492.97,176.88,7.12,-0.01,MANIPULATE,destrava,2,2
1788469493.07,176.98,7.13,-0.01,MANIPULATE,destrava,2,2
1788469493.17,177.08,7.03,-0.01,MANIPULATE,destrava,2,2
1788469493.27,177.18,6.88,-0.01,MANIPULATE,destrava,1,1
1788469493.37,177.28,6.77,-0.02,MANIPULATE,destrava,3,3
1788469493.48,177.38,6.58,-0.01,MANIPULATE,destrava,2,2
1788469493.58,177.49,6.60,-0.00,MANIPULATE,destrava,2,2
1788469493.68,177.58,6.48,-0.01,MANIPULATE,destrava,2,2
1788469493.78,177.69,6.52,-0.00,MANIPULATE,destrava,2,2
1788469493.88,177.78,7.07,-0.00,MANIPULATE,destrava,2,2
1788469493.98,177.88,6.15,-0.02,MANIPULATE,destrava,2,2
1788469494.08,177.98,6.18,-0.01,MANIPULATE,destrava,1,1
1788469494.18,178.08,6.02,-0.02,MANIPULATE,destrava,3,3
1788469494.28,178.19,5.85,-0.01,MANIPULATE,destrava,2,2
1788469494.38,178.28,6.62,-0.01,MANIPULATE,destrava,2,2
1788469494.49,178.39,7.29,-0.01,MANIPULATE,destrava,1,1
1788469494.58,178.48,7.90,-0.01,MANIPULATE,destrava,3,3
1788469494.68,178.58,8.50,-0.01,MANIPULATE,destrava,2,2
1788469494.78,178.68,9.04,-0.01,MANIPULATE,destrava,2,2
1788469494.89,178.78,9.59,-0.01,MANIPULATE,destrava,2,2
1788469494.99,178.88,10.09,-0.01,MANIPULATE,destrava,2,2
1788469495.09,178.98,8.09,-0.03,MANIPULATE,destrava,2,2
1788469495.19,179.09,5.58,-0.02,MANIPULATE,destrava,2,2
1788469495.29,179.18,5.08,-0.02,MANIPULATE,destrava,1,1
1788469495.39,179.28,4.94,-0.02,MANIPULATE,destrava,3,3
1788469495.49,179.38,4.82,-0.02,MANIPULATE,destrava,2,2
1788469495.59,179.49,4.89,-0.02,MANIPULATE,destrava,2,2
1788469495.69,179.58,4.92,-0.02,MANIPULATE,destrava,2,2
1788469495.79,179.68,4.96,-0.01,MANIPULATE,destrava,2,2
1788469495.89,179.78,5.09,-0.02,MANIPULATE,destrava,2,2
1788469495.99,179.88,5.13,-0.00,MANIPULATE,destrava,2,2
1788469496.09,179.98,5.38,-0.01,MANIPULATE,destrava,1,1
1788469496.19,180.09,5.59,-0.02,MANIPULATE,destrava,3,3
1788469496.29,180.18,5.66,-0.01,MANIPULATE,destrava,2,2
1788469496.39,180.28,5.86,-0.02,MANIPULATE,destrava,2,2
1788469496.50,180.38,6.01,-0.02,MANIPULATE,destrava,1,1
1788469496.60,180.48,6.27,-0.02,MANIPULATE,destrava,3,3
1788469496.70,180.58,6.57,-0.02,MANIPULATE,destrava,2,2
1788469496.80,180.68,6.97,-0.01,MANIPULATE,destrava,2,2
1788469496.90,180.78,7.27,-0.02,MANIPULATE,destrava,1,1
1788469497.00,180.88,7.77,-0.01,MANIPULATE,destrava,2,2
1788469497.10,180.98,8.05,-0.02,MANIPULATE,destrava,2,2
1788469497.20,181.08,8.35,-0.00,MANIPULATE,destrava,3,3
1788469497.30,181.18,8.53,-0.02,MANIPULATE,destrava,2,2
1788469497.40,181.28,9.31,-0.00,MANIPULATE,destrava,2,2
1788469497.51,181.39,9.20,-0.02,MANIPULATE,destrava,1,1
1788469497.60,181.49,9.26,-0.02,MANIPULATE,destrava,3,3
1788469497.70,181.58,9.27,-0.02,MANIPULATE,destrava,2,2
1788469497.81,181.68,9.34,-0.02,MANIPULATE,destrava,2,2
1788469497.91,181.78,9.40,-0.02,MANIPULATE,destrava,2,2
1788469498.01,181.88,9.54,-0.02,MANIPULATE,destrava,1,1
1788469498.11,181.98,9.65,-0.02,MANIPULATE,destrava,3,3
1788469498.21,182.08,9.82,-0.02,MANIPULATE,destrava,2,2
1788469498.31,182.18,9.95,-0.02,MANIPULATE,destrava,2,2
1788469498.41,182.28,10.65,-0.01,MANIPULATE,destrava,1,1
1788469498.51,182.39,11.40,-0.00,MANIPULATE,destrava,2,2
1788469498.61,182.48,11.92,-0.04,MANIPULATE,destrava,3,3
1788469498.71,182.58,12.43,-0.01,MANIPULATE,destrava,1,1
1788469498.81,182.68,12.99,-0.02,MANIPULATE,destrava,3,3
1788469498.92,182.78,13.72,-0.03,MANIPULATE,destrava,1,1
1788469499.01,182.88,14.12,-0.02,MANIPULATE,destrava,3,3
1788469499.12,182.99,14.47,-0.04,MANIPULATE,destrava,1,1
1788469499.22,183.08,14.63,-0.02,MANIPULATE,destrava,2,2
1788469499.32,183.18,14.94,-0.05,MANIPULATE,destrava,2,2
1788469499.42,183.28,15.20,-0.02,MANIPULATE,destrava,3,3
1788469499.52,183.38,15.60,-0.03,MANIPULATE,destrava,2,2
1788469499.62,183.49,15.99,-0.05,MANIPULATE,destrava,2,2
1788469499.72,183.58,16.45,-0.03,MANIPULATE,destrava,2,2
1788469499.82,183.68,16.78,-0.04,MANIPULATE,destrava,2,2
1788469499.92,183.78,17.18,-0.05,MANIPULATE,destrava,2,2
1788469500.03,183.88,17.61,-0.02,MANIPULATE,destrava,2,2
1788469500.13,183.98,18.03,-0.02,MANIPULATE,destrava,2,2
1788469500.23,184.08,18.28,-0.04,MANIPULATE,destrava,2,2
1788469500.33,184.18,18.72,-0.02,MANIPULATE,destrava,2,2
1788469500.43,184.28,19.15,-0.04,MANIPULATE,destrava,2,2
1788469500.53,184.38,19.58,-0.05,MANIPULATE,destrava,1,1
1788469500.63,184.48,20.02,-0.05,MANIPULATE,destrava,3,3
1788469500.73,184.58,20.02,-0.05,MANIPULATE,destrava,2,2
1788469500.83,184.68,20.03,-0.05,MANIPULATE,destrava,2,2
1788469500.93,184.78,20.03,-0.05,MANIPULATE,destrava,2,2
1788469501.03,184.88,20.02,-0.05,MANIPULATE,destrava,2,2
1788469501.13,184.99,20.02,-0.03,MANIPULATE,destrava,2,2
1788469501.23,185.08,20.03,-0.05,MANIPULATE,destrava,2,2
1788469501.33,185.18,20.02,-0.05,MANIPULATE,destrava,2,2
1788469501.44,185.28,20.01,-0.03,MANIPULATE,destrava,2,2
1788469501.53,185.38,20.02,-0.05,MANIPULATE,destrava,2,2
1788469501.64,185.49,20.03,-0.04,MANIPULATE,destrava,2,2
1788469501.74,185.59,20.02,-0.03,MANIPULATE,destrava,1,1
1788469501.84,185.68,20.02,-0.04,MANIPULATE,destrava,3,3
1788469501.94,185.78,20.01,-0.04,MANIPULATE,destrava,1,1
1788469502.04,185.88,20.03,-0.04,MANIPULATE,destrava,3,3
1788469502.14,185.98,20.02,-0.04,MANIPULATE,destrava,1,1
1788469502.24,186.08,20.03,-0.06,MANIPULATE,destrava,3,3
1788469502.34,186.18,20.01,-0.05,MANIPULATE,destrava,1,1
1788469502.44,186.29,20.02,-0.06,MANIPULATE,destrava,2,2
1788469502.54,186.38,20.02,-0.06,MANIPULATE,destrava,2,2
1788469502.64,186.48,20.01,-0.03,MANIPULATE,destrava,3,3
1788469502.74,186.58,20.02,-0.03,MANIPULATE,destrava,2,2
1788469502.84,186.68,20.01,-0.05,MANIPULATE,destrava,2,2
1788469502.94,186.78,20.01,-0.03,MANIPULATE,destrava,1,1
1788469503.04,186.88,20.01,-0.03,MANIPULATE,destrava,2,2
1788469503.14,186.98,20.02,-0.06,MANIPULATE,destrava,3,3
1788469503.25,187.09,20.01,-0.04,MANIPULATE,destrava,2,2
1788469503.35,187.18,20.01,-0.05,MANIPULATE,destrava,1,1
1788469503.45,187.28,20.01,-0.03,MANIPULATE,destrava,3,3
1788469503.55,187.38,20.01,-0.03,MANIPULATE,destrava,1,1
1788469503.65,187.48,20.01,-0.05,MANIPULATE,destrava,3,3
1788469503.75,187.58,20.00,-0.05,MANIPULATE,destrava,1,1
1788469503.85,187.68,20.01,-0.03,MANIPULATE,destrava,2,2
1788469503.95,187.78,20.01,-0.03,MANIPULATE,destrava,3,3
1788469504.05,187.88,20.02,-0.05,MANIPULATE,destrava,2,2
1788469504.15,187.98,20.02,-0.03,MANIPULATE,destrava,1,1
1788469504.25,188.08,20.01,-0.03,MANIPULATE,destrava,3,3
1788469504.35,188.18,20.02,-0.03,MANIPULATE,destrava,2,2
1788469504.45,188.28,20.01,-0.03,MANIPULATE,destrava,2,2
1788469504.55,188.38,20.02,-0.08,MANIPULATE,destrava,1,1
1788469504.65,188.49,20.01,-0.08,MANIPULATE,destrava,3,3
1788469504.76,188.59,20.01,-0.08,MANIPULATE,destrava,1,1
1788469504.86,188.68,20.01,-0.08,MANIPULATE,destrava,3,3
1788469504.95,188.78,20.00,-0.08,MANIPULATE,destrava,1,1
1788469505.06,188.88,20.02,-0.08,MANIPULATE,destrava,3,3
1788469505.16,188.98,20.02,-0.05,MANIPULATE,destrava,2,2
1788469505.26,189.08,20.02,-0.05,MANIPULATE,destrava,2,2
1788469505.36,189.18,20.01,-0.05,MANIPULATE,destrava,1,1
1788469505.46,189.28,20.01,-0.05,MANIPULATE,destrava,3,3
1788469505.56,189.38,20.01,-0.03,MANIPULATE,destrava,1,1
1788469505.66,189.48,20.01,-0.06,MANIPULATE,destrava,3,3
1788469505.76,189.58,20.02,-0.07,MANIPULATE,destrava,2,2
1788469505.86,189.68,20.01,-0.05,MANIPULATE,destrava,2,2
1788469505.96,189.78,20.01,-0.05,MANIPULATE,destrava,1,1
1788469506.06,189.88,20.01,-0.05,MANIPULATE,destrava,3,3
1788469506.17,189.98,20.02,-0.06,MANIPULATE,destrava,1,1
1788469506.27,190.08,20.02,-0.03,MANIPULATE,destrava,3,3
1788469506.37,190.19,20.01,-0.06,MANIPULATE,destrava,2,2
1788469506.47,190.28,20.01,-0.07,MANIPULATE,destrava,2,2
1788469506.57,190.38,20.01,-0.03,MANIPULATE,destrava,2,2
1788469506.67,190.48,20.01,-0.07,MANIPULATE,destrava,2,2
1788469506.77,190.58,20.01,-0.07,MANIPULATE,destrava,1,1
1788469506.87,190.69,20.01,-0.06,MANIPULATE,destrava,3,3
1788469506.97,190.78,20.00,-0.06,MANIPULATE,destrava,2,2
1788469507.07,190.88,20.01,-0.03,MANIPULATE,destrava,2,2
1788469507.17,190.98,20.01,-0.03,MANIPULATE,destrava,2,2
1788469507.27,191.08,20.01,-0.03,MANIPULATE,destrava,2,2
1788469507.37,191.18,20.00,-0.05,MANIPULATE,destrava,1,1
1788469507.47,191.28,20.01,-0.07,MANIPULATE,destrava,3,3
1788469507.57,191.38,20.00,-0.05,MANIPULATE,destrava,2,2
1788469507.68,191.48,20.01,-0.02,MANIPULATE,destrava,2,2
1788469507.77,191.58,20.01,-0.03,MANIPULATE,destrava,2,2
1788469507.88,191.69,20.01,-0.05,MANIPULATE,destrava,2,2
1788469507.98,191.78,20.00,-0.03,MANIPULATE,destrava,2,2
1788469508.08,191.88,20.02,-0.03,MANIPULATE,destrava,2,2
1788469508.18,191.98,20.00,-0.02,MANIPULATE,destrava,2,2
1788469508.28,192.08,20.02,-0.03,MANIPULATE,destrava,2,2
1788469508.38,192.19,20.03,-0.05,MANIPULATE,destrava,1,1
1788469508.48,192.29,20.00,-0.03,MANIPULATE,destrava,3,3
1788469508.58,192.38,20.00,-0.05,MANIPULATE,destrava,2,2
1788469508.68,192.48,20.03,-0.04,MANIPULATE,destrava,2,2
1788469508.78,192.58,20.01,-0.02,MANIPULATE,destrava,1,1
1788469508.88,192.68,20.02,-0.04,MANIPULATE,destrava,3,3
1788469508.98,192.78,20.00,-0.05,MANIPULATE,destrava,1,1
1788469509.09,192.88,20.01,-0.02,MANIPULATE,destrava,3,3
1788469509.19,192.98,20.01,-0.02,MANIPULATE,destrava,2,2
1788469509.29,193.08,20.02,-0.06,MANIPULATE,destrava,2,2
1788469509.39,193.18,20.01,-0.04,MANIPULATE,destrava,2,2
1788469509.49,193.28,20.02,-0.03,MANIPULATE,destrava,2,2
1788469509.59,193.38,20.01,-0.06,MANIPULATE,destrava,1,1
1788469509.69,193.48,20.01,-0.04,MANIPULATE,destrava,3,3
1788469509.79,193.58,20.01,-0.04,MANIPULATE,destrava,2,2
1788469509.89,193.68,20.01,-0.06,MANIPULATE,destrava,2,2
1788469509.99,193.78,20.01,-0.05,MANIPULATE,destrava,2,2
1788469510.09,193.88,20.02,-0.06,MANIPULATE,destrava,1,1
1788469510.19,193.99,20.02,-0.06,MANIPULATE,destrava,2,2
1788469510.29,194.08,20.02,-0.04,MANIPULATE,destrava,2,2
1788469510.39,194.18,20.02,-0.04,MANIPULATE,destrava,3,3
1788469510.49,194.28,20.01,-0.02,MANIPULATE,destrava,2,2
1788469510.60,194.38,20.01,-0.04,MANIPULATE,destrava,1,1
1788469510.70,194.48,20.01,-0.02,MANIPULATE,destrava,3,3
1788469510.80,194.58,20.01,-0.02,MANIPULATE,destrava,2,2
1788469510.90,194.68,20.01,-0.04,MANIPULATE,destrava,2,2
1788469511.00,194.78,20.02,-0.03,MANIPULATE,destrava,1,1
1788469511.10,194.88,20.04,-0.03,MANIPULATE,destrava,3,3
1788469511.20,194.98,20.07,-0.03,MANIPULATE,destrava,2,2
1788469511.31,195.09,20.03,-0.02,MANIPULATE,destrava,2,2
1788469511.40,195.18,20.04,-0.01,MANIPULATE,destrava,2,2
1788469511.51,195.28,20.03,-0.03,MANIPULATE,destrava,2,2
1788469511.61,195.38,20.04,-0.01,MANIPULATE,destrava,1,1
1788469511.71,195.48,20.06,-0.02,MANIPULATE,destrava,3,3
1788469511.81,195.58,20.03,-0.03,MANIPULATE,destrava,1,1
1788469511.91,195.68,20.05,-0.01,MANIPULATE,destrava,3,3
1788469512.01,195.78,20.04,-0.04,MANIPULATE,destrava,2,2
1788469512.12,195.88,20.01,-0.03,MANIPULATE,destrava,2,2
1788469512.22,195.98,20.02,-0.06,MANIPULATE,destrava,2,2
1788469512.32,196.08,20.01,-0.03,MANIPULATE,destrava,2,2
1788469512.42,196.18,20.03,-0.06,MANIPULATE,destrava,2,2
1788469512.52,196.28,20.02,-0.06,MANIPULATE,destrava,2,2
1788469512.62,196.38,20.01,-0.02,MANIPULATE,destrava,2,2
1788469512.72,196.48,20.02,-0.04,MANIPULATE,destrava,2,2
1788469512.82,196.58,20.04,-0.02,MANIPULATE,destrava,2,2
1788469512.92,196.69,20.02,-0.02,MANIPULATE,destrava,2,2
1788469513.02,196.78,20.02,-0.04,MANIPULATE,destrava,2,2
1788469513.12,196.88,20.01,-0.04,MANIPULATE,destrava,2,2
1788469513.23,196.98,20.01,-0.03,MANIPULATE,destrava,2,2
1788469513.33,197.08,20.01,-0.03,MANIPULATE,destrava,2,2
1788469513.43,197.18,20.02,-0.04,MANIPULATE,destrava,1,1
1788469513.53,197.28,20.01,-0.04,MANIPULATE,destrava,3,3
1788469513.64,197.39,20.02,-0.04,MANIPULATE,destrava,1,1
1788469513.73,197.48,20.02,-0.04,MANIPULATE,destrava,3,3
1788469513.84,197.58,20.02,-0.03,MANIPULATE,destrava,2,2
1788469513.94,197.69,20.00,-0.03,MANIPULATE,destrava,2,2
1788469514.04,197.78,20.01,-0.04,MANIPULATE,destrava,2,2
1788469514.14,197.88,20.01,-0.05,MANIPULATE,destrava,2,2
1788469514.24,197.98,20.02,-0.03,MANIPULATE,destrava,2,2
1788469514.34,198.08,20.02,-0.03,MANIPULATE,destrava,2,2
1788469514.45,198.19,20.02,-0.04,MANIPULATE,destrava,1,1
1788469514.55,198.29,20.01,-0.04,MANIPULATE,destrava,3,3
1788469514.65,198.38,20.01,-0.03,MANIPULATE,destrava,2,2
1788469514.75,198.49,20.03,-0.05,MANIPULATE,destrava,2,2
1788469514.85,198.58,20.02,-0.05,MANIPULATE,destrava,2,2
1788469514.96,198.69,20.00,-0.03,MANIPULATE,destrava,2,2
1788469515.06,198.78,20.01,-0.03,MANIPULATE,destrava,2,2
1788469515.16,198.88,20.01,-0.03,MANIPULATE,destrava,2,2
1788469515.26,198.98,20.01,-0.03,MANIPULATE,destrava,2,2
1788469515.36,199.08,20.01,-0.03,MANIPULATE,destrava,2,2
1788469515.47,199.18,20.02,-0.04,MANIPULATE,destrava,2,2
1788469515.57,199.28,20.02,-0.04,MANIPULATE,destrava,2,2
1788469515.67,199.38,20.01,-0.03,MANIPULATE,destrava,1,1
1788469515.77,199.48,20.01,-0.03,MANIPULATE,destrava,3,3
1788469515.88,199.58,20.02,-0.03,MANIPULATE,destrava,2,2
1788469515.98,199.68,20.01,-0.04,MANIPULATE,destrava,2,2
1788469516.08,199.78,20.01,-0.03,MANIPULATE,destrava,2,2
1788469516.18,199.88,20.02,-0.03,MANIPULATE,destrava,2,2
1788469516.29,199.98,20.02,-0.05,MANIPULATE,destrava,2,2
1788469516.39,200.09,20.03,-0.03,MANIPULATE,destrava,1,1
1788469516.49,200.18,20.00,-0.04,MANIPULATE,destrava,2,2
1788469516.59,200.28,20.02,-0.03,MANIPULATE,destrava,3,3
1788469516.69,200.38,20.01,-0.03,MANIPULATE,destrava,2,2
1788469516.80,200.48,20.02,-0.04,MANIPULATE,destrava,1,1
1788469516.90,200.58,20.01,-0.03,MANIPULATE,destrava,3,3
1788469517.00,200.68,20.02,-0.03,MANIPULATE,destrava,2,2
1788469517.10,200.78,20.02,-0.05,MANIPULATE,destrava,2,2
1788469517.20,200.88,20.00,-0.04,MANIPULATE,destrava,2,2
1788469517.30,200.99,20.01,-0.03,MANIPULATE,destrava,2,2
1788469517.40,201.08,20.01,-0.04,MANIPULATE,destrava,2,2
1788469517.50,201.19,20.02,-0.03,MANIPULATE,destrava,2,2
1788469517.60,201.28,20.02,-0.03,MANIPULATE,destrava,2,2
1788469517.71,201.38,20.02,-0.04,MANIPULATE,destrava,1,1
1788469517.81,201.48,20.02,-0.03,MANIPULATE,destrava,3,3
1788469517.91,201.58,20.03,-0.02,MANIPULATE,destrava,2,2
1788469518.01,201.69,20.03,-0.03,MANIPULATE,destrava,1,1
1788469518.11,201.78,20.00,-0.03,MANIPULATE,destrava,2,2
1788469518.21,201.88,20.03,-0.02,MANIPULATE,destrava,2,2
1788469518.31,201.98,20.02,-0.04,MANIPULATE,destrava,3,3
1788469518.42,202.08,20.01,-0.03,MANIPULATE,destrava,1,1
1788469518.52,202.18,20.01,-0.04,MANIPULATE,destrava,3,3
1788469518.62,202.28,20.02,-0.02,MANIPULATE,destrava,1,1
1788469518.72,202.38,20.02,-0.03,MANIPULATE,destrava,3,3
1788469518.82,202.48,20.03,-0.02,MANIPULATE,destrava,2,2
1788469518.93,202.59,20.02,-0.03,MANIPULATE,destrava,1,1
1788469519.02,202.68,20.02,-0.04,MANIPULATE,destrava,3,3
1788469519.13,202.78,20.02,-0.03,MANIPULATE,destrava,2,2
1788469519.23,202.88,20.01,-0.03,MANIPULATE,destrava,2,2
1788469519.33,202.98,20.01,-0.02,MANIPULATE,destrava,2,2
1788469519.43,203.08,20.03,-0.03,MANIPULATE,destrava,2,2
1788469519.53,203.18,20.01,-0.04,MANIPULATE,destrava,1,1
1788469519.64,203.28,20.02,-0.02,MANIPULATE,destrava,3,3
1788469519.74,203.38,20.01,-0.03,MANIPULATE,destrava,2,2
1788469519.84,203.48,20.01,-0.03,MANIPULATE,destrava,2,2
1788469519.94,203.59,20.03,-0.03,MANIPULATE,destrava,1,1
1788469520.04,203.69,20.02,-0.03,MANIPULATE,destrava,3,3
1788469520.14,203.78,20.01,-0.02,MANIPULATE,destrava,2,2
1788469520.25,203.88,20.02,-0.04,MANIPULATE,destrava,2,2
1788469520.35,203.98,20.01,-0.03,MANIPULATE,destrava,1,1
1788469520.45,204.08,20.03,-0.02,MANIPULATE,destrava,3,3
1788469520.55,204.18,20.02,-0.02,MANIPULATE,destrava,2,2
1788469520.65,204.28,20.01,-0.04,MANIPULATE,destrava,2,2
1788469520.75,204.38,20.02,-0.04,MANIPULATE,destrava,2,2
1788469520.85,204.48,20.01,-0.03,MANIPULATE,destrava,2,2
1788469520.95,204.58,20.01,-0.04,MANIPULATE,destrava,2,2
1788469521.05,204.68,20.02,-0.04,MANIPULATE,destrava,2,2
1788469521.16,204.78,20.01,-0.03,MANIPULATE,destrava,2,2
1788469521.26,204.88,20.01,-0.02,MANIPULATE,destrava,2,2
1788469521.36,204.98,20.01,-0.02,MANIPULATE,destrava,2,2
1788469521.46,205.08,20.02,-0.03,MANIPULATE,destrava,2,2
1788469521.56,205.18,20.01,-0.03,MANIPULATE,destrava,2,2
1788469521.66,205.28,20.01,-0.03,MANIPULATE,destrava,2,2
1788469521.77,205.38,20.01,-0.04,MANIPULATE,destrava,1,1
1788469521.87,205.48,20.01,-0.04,MANIPULATE,destrava,3,3
1788469521.97,205.58,20.01,-0.04,MANIPULATE,destrava,2,2
1788469522.07,205.69,20.02,-0.03,MANIPULATE,destrava,2,2
1788469522.17,205.78,20.01,-0.03,MANIPULATE,destrava,2,2
1788469522.27,205.88,20.01,-0.04,MANIPULATE,destrava,1,1
1788469522.38,205.99,20.01,-0.04,MANIPULATE,destrava,3,3
1788469522.48,206.08,20.01,-0.03,MANIPULATE,destrava,2,2
1788469522.58,206.18,20.02,-0.03,MANIPULATE,destrava,1,1
1788469522.68,206.28,20.02,-0.02,MANIPULATE,destrava,3,3
1788469522.78,206.38,20.02,-0.03,MANIPULATE,destrava,2,2
1788469522.88,206.48,20.03,-0.03,MANIPULATE,destrava,2,2
1788469522.98,206.58,20.01,-0.03,MANIPULATE,destrava,2,2
1788469523.08,206.68,20.01,-0.03,MANIPULATE,destrava,2,2
1788469523.18,206.78,20.01,-0.02,MANIPULATE,destrava,2,2
1788469523.28,206.88,20.01,-0.03,MANIPULATE,destrava,2,2
1788469523.39,206.99,20.01,-0.03,MANIPULATE,destrava,1,1
1788469523.49,207.08,20.01,-0.02,MANIPULATE,destrava,3,3
1788469523.59,207.18,20.01,-0.02,MANIPULATE,destrava,2,2
1788469523.69,207.28,20.01,-0.02,MANIPULATE,destrava,2,2
1788469523.79,207.38,20.01,-0.02,MANIPULATE,destrava,1,1
1788469523.89,207.48,20.01,-0.02,MANIPULATE,destrava,3,3
1788469524.00,207.58,20.01,-0.02,MANIPULATE,destrava,2,2
1788469524.10,207.68,20.01,-0.02,MANIPULATE,destrava,2,2
1788469524.20,207.78,20.02,-0.03,MANIPULATE,destrava,1,1
1788469524.30,207.89,20.01,-0.02,MANIPULATE,destrava,3,3
1788469524.40,207.98,20.02,-0.03,MANIPULATE,destrava,2,2
1788469524.51,208.08,20.02,-0.03,MANIPULATE,destrava,2,2
1788469524.61,208.19,20.02,-0.02,MANIPULATE,destrava,2,2
1788469524.71,208.29,20.03,-0.04,MANIPULATE,destrava,2,2
1788469524.81,208.38,20.01,-0.03,MANIPULATE,destrava,2,2
1788469524.91,208.48,20.01,-0.03,MANIPULATE,destrava,2,2
1788469525.02,208.59,20.02,-0.02,MANIPULATE,destrava,1,2
1788469525.12,208.69,20.00,-0.04,MANIPULATE,destrava,0,0
1788469525.23,208.79,20.06,-0.05,ABORT_SAFE,destrava,0,1
1788469525.33,208.88,20.03,-0.04,ABORT_SAFE,destrava,0,0
1788469525.44,208.98,20.02,-0.03,ABORT_SAFE,destrava,0,0
1788469525.55,209.09,20.02,-0.04,ABORT_SAFE,destrava,0,0
1788469525.64,209.18,20.01,-0.03,ABORT,destrava,0,0
1788469525.75,209.28,20.01,-0.03,ABORT,destrava,0,0
1788469525.85,209.38,20.11,-0.02,ABORT,destrava,0,0
1788469525.95,209.49,20.02,-0.00,ABORT,destrava,0,0
1788469526.06,209.59,20.00,-0.00,ABORT,destrava,0,0
1788469526.16,209.68,18.86,0.00,ABORT,destrava,0,0
1788469526.26,209.78,0.01,0.00,ABORT,destrava,0,0
1788469526.36,209.88,0.00,0.00,ABORT,destrava,0,0
1788469526.46,209.98,0.01,0.00,ABORT,destrava,0,0
1788469526.56,210.08,-0.00,0.00,ABORT,destrava,0,0
1788469526.66,210.18,0.01,0.00,ABORT,destrava,0,0
1788469526.76,210.28,0.00,0.00,ABORT,destrava,0,0
1788469526.86,210.38,-0.00,0.00,ABORT,destrava,0,0
1788469526.96,210.48,0.00,0.00,ABORT,destrava,0,0
1788469527.06,210.58,0.01,0.00,ABORT,destrava,0,0
1788469527.16,210.69,-0.00,0.00,ABORT,destrava,0,0
1788469527.26,210.78,0.01,0.00,ABORT,destrava,0,0
1788469527.36,210.88,-0.00,0.00,ABORT,destrava,0,0
1788469527.46,210.98,0.01,0.00,ABORT,destrava,0,0
1788469527.57,211.08,0.00,0.00,ABORT,destrava,0,0
1788469527.66,211.18,-0.00,0.00,ABORT,destrava,0,0
1788469527.77,211.29,0.01,0.00,ABORT,destrava,0,0
1788469527.87,211.39,0.00,0.00,ABORT,destrava,0,0
1788469527.97,211.48,-0.00,0.00,ABORT,destrava,0,0
1788469528.07,211.58,0.00,0.00,ABORT,destrava,0,0
1788469528.17,211.68,0.01,0.00,ABORT,destrava,0,0
1788469528.27,211.79,0.00,0.00,ABORT,destrava,0,0
1788469528.37,211.89,0.00,0.00,ABORT,destrava,0,0
1788469528.48,211.99,0.00,0.00,ABORT,destrava,0,0
1788469528.58,212.09,-0.00,0.00,ABORT,destrava,0,0
1788469528.68,212.19,0.00,0.00,ABORT,destrava,0,0
1788469528.78,212.28,-0.00,0.00,ABORT,destrava,0,0
1788469528.88,212.39,0.00,0.00,ABORT,destrava,0,0
1788469528.98,212.49,0.00,0.00,ABORT,destrava,0,0
1788469529.08,212.59,0.01,0.00,ABORT,destrava,0,0
1788469529.18,212.68,0.00,0.00,ABORT,saida_eixo,0,0
1788469529.28,212.78,-0.00,0.00,ABORT,saida_eixo,0,0
1788469529.38,212.88,0.00,0.00,ABORT,saida_eixo,0,0
1788469529.48,212.99,0.00,0.00,ABORT,saida_eixo,0,0
1788469529.58,213.08,0.00,0.00,ABORT,saida_eixo,0,0
1788469529.68,213.18,0.01,0.00,ABORT,saida_eixo,0,0
1788469529.78,213.28,0.01,0.00,ABORT,saida_eixo,0,0
1788469529.89,213.38,0.00,0.00,ABORT,saida_eixo,0,0
1788469529.99,213.49,0.00,0.00,ABORT,saida_eixo,0,0
1788469530.09,213.58,-0.00,0.00,ABORT,saida_eixo,0,0
1788469530.19,213.68,0.00,0.00,ABORT,saida_eixo,0,0
1788469530.29,213.78,-0.00,0.00,ABORT,saida_eixo,0,0
1788469530.40,213.89,0.00,0.00,ABORT,saida_eixo,0,0
1788469530.50,213.98,0.01,0.00,ABORT,saida_eixo,0,0
1788469530.60,214.08,0.00,0.00,ABORT,saida_eixo,0,0
1788469530.70,214.18,0.00,0.00,ABORT,saida_eixo,0,0
1788469530.80,214.28,0.01,0.00,ABORT,saida_eixo,0,0
1788469530.91,214.38,-0.00,0.00,ABORT,saida_eixo,0,0
1788469531.01,214.49,-0.00,0.00,ABORT,saida_eixo,0,0
1788469531.11,214.59,0.01,0.00,ABORT,saida_eixo,0,0
1788469531.22,214.69,0.01,0.00,ABORT,saida_eixo,0,0
1788469531.33,214.79,0.01,0.00,ABORT,saida_eixo,0,0
1788469531.43,214.89,0.00,0.00,ABORT,saida_eixo,0,0
1788469531.53,214.99,-0.00,0.00,ABORT,saida_eixo,0,0
1788469531.64,215.09,0.00,0.00,ABORT,saida_eixo,0,0
1788469531.74,215.19,0.00,0.00,ABORT,saida_eixo,0,0
1788469531.85,215.28,-0.01,0.00,ABORT,saida_eixo,0,0
1788469531.95,215.38,0.01,0.00,ABORT,saida_eixo,0,0
1788469532.05,215.49,0.01,0.00,ABORT,saida_eixo,0,0
1788469532.16,215.59,-0.00,0.00,ABORT,saida_eixo,0,0
1788469532.26,215.69,-0.00,0.00,ABORT,saida_eixo,0,0
1788469532.36,215.78,0.00,0.00,ABORT,saida_eixo,0,0
1788469532.46,215.88,0.00,0.00,ABORT,saida_eixo,0,0
1788469532.56,215.98,0.01,0.00,ABORT,saida_eixo,0,0
1788469532.66,216.09,0.00,0.00,ABORT,saida_eixo,0,0
1788469532.77,216.19,0.00,0.00,ABORT,saida_eixo,0,0
1788469532.87,216.29,0.00,0.00,ABORT,saida_eixo,0,0
1788469532.97,216.39,0.00,0.00,ABORT,saida_eixo,0,0
1788469533.07,216.49,0.01,0.00,ABORT,saida_eixo,0,0
1788469533.18,216.59,0.01,0.00,ABORT,saida_eixo,0,0
1788469533.28,216.69,0.00,0.00,ABORT,saida_eixo,0,0
1788469533.38,216.78,0.01,0.00,ABORT,saida_eixo,0,0
1788469533.48,216.89,0.00,0.00,ABORT,saida_eixo,0,0
1788469533.58,216.99,0.01,0.00,ABORT,saida_eixo,0,0
1788469533.68,217.09,0.00,0.00,ABORT,saida_eixo,0,0
1788469533.79,217.19,0.01,0.00,ABORT,saida_eixo,0,0
1788469533.90,217.29,0.01,0.00,ABORT,saida_eixo,0,0
1788469534.00,217.39,0.00,0.00,ABORT,saida_eixo,0,0
1788469534.10,217.49,0.00,0.00,ABORT,saida_eixo,0,0
1788469534.20,217.58,-0.00,0.00,ABORT,saida_eixo,0,0
1788469534.31,217.69,0.00,0.00,ABORT,saida_eixo,0,0
1788469534.41,217.78,0.00,0.00,ABORT,saida_eixo,0,0
1788469534.51,217.89,0.00,0.00,ABORT,saida_eixo,0,0
1788469534.61,217.99,-0.00,0.00,ABORT,saida_eixo,0,0
1788469534.72,218.09,-0.01,0.00,ABORT,saida_eixo,0,0
1788469534.81,218.19,-0.00,0.00,ABORT,saida_eixo,0,0
1788469534.92,218.28,0.00,0.00,ABORT,saida_eixo,0,0
1788469535.02,218.38,0.01,0.00,ABORT,saida_eixo,0,0
1788469535.12,218.49,-0.00,0.00,ABORT,saida_eixo,0,0
1788469535.23,218.59,0.00,0.00,ABORT,saida_eixo,0,0
1788469535.33,218.69,0.01,0.00,ABORT,saida_eixo,0,0
1788469535.43,218.78,0.01,0.00,ABORT,saida_eixo,0,0
1788469535.53,218.88,-0.00,0.00,ABORT,saida_eixo,0,0
1788469535.63,218.98,-0.00,0.00,ABORT,saida_eixo,0,0
1788469535.73,219.08,-0.00,0.00,ABORT,saida_eixo,0,0
1788469535.83,219.19,-0.00,0.00,ABORT,saida_eixo,0,0
1788469535.93,219.28,0.00,0.00,ABORT,saida_eixo,0,0
1788469536.03,219.38,-0.00,0.00,ABORT,saida_eixo,0,0
1788469536.13,219.48,0.01,0.00,ABORT,saida_eixo,0,0
1788469536.24,219.59,0.00,0.00,ABORT,saida_eixo,0,0
1788469536.34,219.69,0.01,0.00,ABORT,saida_eixo,0,0
1788469536.44,219.78,0.01,0.00,ABORT,saida_eixo,0,0
1788469536.54,219.89,-0.00,0.00,ABORT,saida_eixo,0,0
1788469536.64,219.98,0.00,0.00,ABORT,saida_eixo,0,0
1788469536.74,220.08,-0.00,0.00,ABORT,saida_eixo,0,0
1788469536.84,220.18,0.00,0.00,ABORT,saida_eixo,0,0
1788469536.94,220.28,-0.00,0.00,ABORT,saida_eixo,0,0
1788469537.04,220.38,0.01,0.00,ABORT,saida_eixo,0,0
1788469537.15,220.48,-0.00,0.00,ABORT,saida_eixo,0,0
1788469537.24,220.58,-0.00,0.00,ABORT,saida_eixo,0,0
1788469537.34,220.68,0.01,0.00,ABORT,saida_eixo,0,0
1788469537.45,220.79,0.00,0.00,ABORT,saida_eixo,0,0
1788469537.55,220.88,0.00,0.00,ABORT,saida_eixo,0,0
1788469537.65,220.98,0.01,0.00,ABORT,saida_eixo,0,0
1788469537.75,221.08,0.01,0.00,ABORT,saida_eixo,0,0
1788469537.85,221.18,0.01,0.00,ABORT,saida_eixo,0,0
1788469537.95,221.28,-0.00,0.00,ABORT,saida_eixo,0,0
1788469538.05,221.38,0.00,0.00,ABORT,saida_eixo,0,0
1788469538.15,221.48,-0.00,0.00,ABORT,saida_eixo,0,0
1788469538.25,221.58,0.00,0.00,ABORT,saida_eixo,0,0
1788469538.36,221.69,-0.00,0.00,ABORT,saida_eixo,0,0
1788469538.46,221.78,0.00,0.00,ABORT,saida_eixo,0,0
1788469538.56,221.88,0.00,0.00,ABORT,saida_eixo,0,0
1788469538.66,221.99,-0.00,0.00,ABORT,saida_eixo,0,0
1788469538.76,222.09,0.00,0.00,ABORT,saida_eixo,0,0
1788469538.86,222.18,-0.00,0.00,ABORT,saida_eixo,0,0
1788469538.96,222.28,0.00,0.00,ABORT,saida_eixo,0,0
1788469539.06,222.38,-0.00,0.00,ABORT,saida_eixo,0,0
1788469539.17,222.49,0.00,0.00,ABORT,saida_eixo,0,0
1788469539.26,222.59,0.00,0.00,ABORT,saida_eixo,0,0
1788469539.37,222.69,0.00,0.00,ABORT,saida_eixo,0,0
1788469539.46,222.78,-0.00,0.00,ABORT,saida_eixo,0,0
1788469539.56,222.88,-0.00,0.00,ABORT,saida_eixo,0,0
1788469539.66,222.98,0.01,0.00,ABORT,saida_eixo,0,0
1788469539.76,223.08,0.00,0.00,ABORT,saida_eixo,0,0
1788469539.86,223.18,0.00,0.00,ABORT,saida_eixo,0,0
1788469539.96,223.28,0.01,0.00,ABORT,saida_eixo,0,0
1788469540.06,223.38,0.01,0.00,ABORT,saida_eixo,0,0
1788469540.16,223.48,0.00,0.00,ABORT,saida_eixo,0,0
1788469540.26,223.58,-0.00,0.00,ABORT,saida_eixo,0,0
1788469540.36,223.68,-0.01,0.00,ABORT,saida_eixo,0,0
1788469540.46,223.78,-0.00,0.00,ABORT,saida_eixo,0,0
1788469540.56,223.88,-0.00,0.00,ABORT,saida_eixo,0,0
1788469540.66,223.98,0.00,0.00,ABORT,saida_eixo,0,0
1788469540.76,224.08,0.00,0.00,ABORT,saida_eixo,0,0
1788469540.86,224.18,0.00,0.00,ABORT,saida_eixo,0,0
1788469540.97,224.29,0.01,0.00,ABORT,saida_eixo,0,0
1788469541.07,224.39,-0.00,0.00,ABORT,saida_eixo,0,0
1788469541.18,224.49,0.01,0.00,ABORT,saida_eixo,0,0
1788469541.27,224.58,3.50,-0.02,ABORT,saida_eixo,0,0
1788469541.37,224.68,13.21,0.00,ABORT,saida_eixo,0,0
1788469541.47,224.78,20.00,0.00,ABORT,saida_eixo,0,0
1788469541.57,224.88,20.01,-0.04,ABORT,saida_eixo,0,0
1788469541.68,224.99,20.00,0.00,ABORT,saida_eixo,0,0
1788469541.78,225.09,12.35,-0.01,ABORT,saida_eixo,0,0
1788469541.88,225.19,20.00,-0.00,ABORT,saida_eixo,0,0
1788469541.98,225.29,0.01,-0.35,ABORT,saida_eixo,0,0
1788469542.09,225.39,20.00,0.00,ABORT,saida_eixo,0,0
1788469542.19,225.49,2.90,0.00,ABORT,saida_eixo,0,0
1788469542.29,225.59,20.00,-0.00,ABORT,saida_eixo,0,0
1788469542.40,225.69,11.12,0.00,ABORT,saida_eixo,0,0
1788469542.50,225.79,20.00,0.00,ABORT,saida_eixo,0,0
1788469542.61,225.89,13.54,0.00,ABORT,saida_eixo,0,0
1788469542.71,225.99,4.06,-0.00,ABORT,saida_eixo,0,0
1788469542.82,226.09,0.00,0.00,ABORT,saida_eixo,0,0
1788469542.92,226.19,10.30,-0.00,ABORT,saida_eixo,0,0
1788469543.02,226.29,0.02,0.00,ABORT,saida_eixo,0,0
1788469543.12,226.39,0.00,-0.00,ABORT,saida_eixo,0,0
1788469543.22,226.49,-0.01,-0.00,ABORT,saida_eixo,0,0
1788469543.33,226.59,0.00,-0.00,ABORT,saida_eixo,0,0
1788469543.43,226.69,-0.01,-0.02,ABORT,saida_eixo,0,0
1788469543.53,226.78,-0.01,-0.00,ABORT,saida_eixo,0,0
1788469543.63,226.88,-0.01,-0.00,ABORT,saida_eixo,0,0
1788469543.73,226.99,-0.01,-0.01,ABORT,saida_eixo,0,0
1788469543.83,227.09,-0.02,-0.02,ABORT,saida_eixo,0,0
1788469543.94,227.19,0.01,-0.00,ABORT,saida_eixo,0,0
1788469544.04,227.28,0.00,-0.01,ABORT,saida_eixo,0,0
1788469544.14,227.38,0.03,-0.00,ABORT,saida_eixo,0,0
1788469544.24,227.48,-0.04,-0.02,ABORT,saida_eixo,0,0
1788469544.34,227.59,-0.04,-0.02,ABORT,saida_eixo,0,0
1788469544.44,227.68,-0.03,-0.02,ABORT,saida_eixo,0,0
1788469544.54,227.78,-0.09,-0.01,ABORT,saida_eixo,0,0
1788469544.64,227.88,-0.22,-0.04,ABORT,saida_eixo,0,0
1788469544.74,227.99,-0.00,-0.01,ABORT,saida_eixo,0,0
1788469544.84,228.09,0.01,0.00,ABORT,saida_eixo,0,0
1788469544.94,228.19,0.01,0.00,ABORT,saida_eixo,0,0
1788469545.05,228.29,0.00,0.00,ABORT,saida_eixo,0,0
1788469545.15,228.39,0.00,0.00,ABORT,saida_eixo,0,0
1788469545.25,228.48,0.01,0.02,ABORT,saida_eixo,0,0
1788469545.35,228.59,-0.00,0.02,ABORT,saida_eixo,0,0
1788469545.45,228.69,0.01,0.02,ABORT,saida_eixo,0,0
1788469545.55,228.78,0.00,0.02,ABORT,saida_eixo,0,0
1788469545.65,228.88,-0.00,0.02,ABORT,saida_eixo,0,0
1788469545.75,228.99,0.00,0.02,ABORT,saida_eixo,0,0
1788469545.85,229.08,-0.00,0.02,ABORT,saida_eixo,0,0
1788469545.95,229.19,0.00,0.02,ABORT,saida_eixo,0,0
1788469546.05,229.29,-0.00,0.02,ABORT,saida_eixo,0,0
1788469546.15,229.38,-0.00,0.02,ABORT,saida_eixo,0,0
1788469546.25,229.49,0.00,0.02,ABORT,saida_eixo,0,0
1788469546.36,229.59,0.00,0.02,ABORT,saida_eixo,0,0
1788469546.45,229.68,-0.00,0.02,ABORT,saida_eixo,0,0
1788469546.56,229.79,0.01,0.02,ABORT,saida_eixo,0,0
1788469546.66,229.89,-0.00,0.02,ABORT,saida_eixo,0,0
1788469546.76,229.99,-0.00,0.02,ABORT,saida_eixo,0,0
1788469546.86,230.09,-0.00,0.02,ABORT,saida_eixo,0,0
1788469546.96,230.19,0.00,0.02,ABORT,saida_eixo,0,0
1788469547.06,230.29,-0.00,0.02,ABORT,saida_eixo,0,0
1788469547.17,230.39,0.01,0.02,ABORT,saida_eixo,0,0
1788469547.27,230.49,-0.00,0.02,ABORT,saida_eixo,0,0
1788469547.37,230.59,0.00,0.02,ABORT,saida_eixo,0,0
1788469547.47,230.69,-0.00,0.02,ABORT,saida_eixo,0,0
1788469547.57,230.79,0.00,0.02,ABORT,saida_eixo,0,0
1788469547.67,230.88,0.01,0.02,ABORT,saida_eixo,0,0
1788469547.77,230.99,0.00,0.02,ABORT,saida_eixo,0,0
1788469547.87,231.09,0.01,0.02,ABORT,saida_eixo,0,0
1788469547.97,231.19,0.01,0.02,ABORT,saida_eixo,0,0
1788469548.08,231.29,0.00,0.02,ABORT,saida_eixo,0,0
1788469548.18,231.38,0.00,0.02,ABORT,saida_eixo,0,0
1788469548.28,231.49,0.00,0.02,ABORT,saida_eixo,0,0
1788469548.38,231.59,-0.00,0.02,ABORT,saida_eixo,0,0
1788469548.48,231.68,0.00,0.02,ABORT,saida_eixo,0,0
1788469548.58,231.79,-0.00,0.02,ABORT,saida_eixo,0,0
1788469548.68,231.89,0.01,0.02,ABORT,saida_eixo,0,0
1788469548.78,231.99,0.00,0.02,ABORT,saida_eixo,0,0
1788469548.88,232.09,0.00,0.02,ABORT,saida_eixo,0,0
1788469548.99,232.19,0.00,0.02,ABORT,saida_eixo,0,0
1788469549.09,232.28,0.00,0.02,ABORT,saida_eixo,0,0
1788469549.19,232.38,0.01,0.02,ABORT,saida_eixo,0,0
1788469549.29,232.49,0.01,0.02,ABORT,saida_eixo,0,0
1788469549.40,232.59,0.01,0.02,ABORT,saida_eixo,0,0
1788469549.50,232.69,0.01,0.02,ABORT,saida_eixo,0,0
1788469549.60,232.79,-0.00,0.02,ABORT,saida_eixo,0,0
1788469549.71,232.89,-0.00,0.02,ABORT,saida_eixo,0,0
1788469549.81,232.99,0.00,0.02,ABORT,saida_eixo,0,0
1788469549.91,233.09,0.00,0.02,ABORT,saida_eixo,0,0
1788469550.01,233.19,-0.00,0.02,ABORT,saida_eixo,0,0
1788469550.11,233.29,0.00,0.02,ABORT,saida_eixo,0,0
1788469550.21,233.38,0.01,0.02,ABORT,saida_eixo,0,0
1788469550.31,233.49,-0.00,0.02,ABORT,saida_eixo,0,0
1788469550.41,233.59,0.01,0.02,ABORT,saida_eixo,0,0
1788469550.51,233.69,-0.00,0.02,ABORT,saida_eixo,0,0
1788469550.61,233.79,0.00,0.02,ABORT,saida_eixo,0,0
1788469550.72,233.89,-0.00,0.02,ABORT,saida_eixo,0,0
1788469550.81,233.98,0.01,0.02,ABORT,saida_eixo,0,0
1788469550.92,234.09,-0.00,0.02,ABORT,saida_eixo,0,0
1788469551.02,234.19,0.00,0.02,ABORT,saida_eixo,0,0
1788469551.12,234.29,0.01,0.02,ABORT,saida_eixo,0,0
1788469551.22,234.38,0.01,0.02,ABORT,saida_eixo,0,0
1788469551.32,234.49,0.00,0.02,ABORT,saida_eixo,0,0
1788469551.42,234.59,0.01,0.02,ABORT,saida_eixo,0,0
1788469551.52,234.69,0.00,0.02,ABORT,saida_eixo,0,0
1788469551.62,234.79,-0.00,0.02,ABORT,saida_eixo,0,0
1788469551.72,234.88,0.00,0.02,ABORT,saida_eixo,0,0
1788469551.83,234.99,0.00,0.02,ABORT,saida_eixo,0,0
1788469551.93,235.09,0.00,0.02,ABORT,saida_eixo,0,0
1788469552.03,235.19,-0.01,0.02,ABORT,saida_eixo,0,0
1788469552.13,235.29,-0.00,0.02,ABORT,saida_eixo,0,0
1788469552.23,235.39,0.01,0.02,ABORT,saida_eixo,0,0
1788469552.33,235.49,0.01,0.02,ABORT,saida_eixo,0,0
1788469552.43,235.59,0.00,0.02,ABORT,saida_eixo,0,0
1788469552.54,235.69,0.01,0.02,ABORT,saida_eixo,0,0
1788469552.64,235.79,-0.00,0.02,ABORT,saida_eixo,0,0
1788469552.74,235.89,0.00,0.03,ABORT,saida_eixo,0,0
1788469552.84,235.99,0.01,0.03,ABORT,saida_eixo,0,0
1788469552.94,236.09,0.00,0.03,ABORT,saida_eixo,0,0
1788469553.05,236.19,0.01,0.03,ABORT,saida_eixo,0,0
1788469553.15,236.29,0.00,0.03,ABORT,saida_eixo,0,0
1788469553.25,236.39,0.01,0.03,ABORT,saida_eixo,0,0
1788469553.35,236.49,0.01,0.03,ABORT,saida_eixo,0,0
1788469553.45,236.59,0.00,0.03,ABORT,saida_eixo,0,0
1788469553.55,236.69,0.01,0.03,ABORT,saida_eixo,0,0
1788469553.65,236.79,0.01,0.03,ABORT,saida_eixo,0,0
1788469553.75,236.88,0.00,0.03,ABORT,saida_eixo,0,0
1788469553.85,236.99,-0.00,0.03,ABORT,saida_eixo,0,0
1788469553.95,237.08,0.00,0.03,ABORT,saida_eixo,0,0
1788469554.05,237.19,0.01,0.03,ABORT,saida_eixo,0,0
1788469554.15,237.29,-0.00,0.03,ABORT,saida_eixo,0,0
1788469554.25,237.38,0.00,0.03,ABORT,saida_eixo,0,0
1788469554.35,237.49,0.01,0.03,ABORT,saida_eixo,0,0
1788469554.46,237.59,-0.00,0.03,ABORT,saida_eixo,0,0
1788469554.55,237.69,0.00,0.03,ABORT,saida_eixo,0,0
1788469554.65,237.78,0.01,0.03,ABORT,saida_eixo,0,0
1788469554.76,237.88,0.01,0.03,ABORT,saida_eixo,0,0
1788469554.86,237.99,0.00,0.03,ABORT,saida_eixo,0,0
1788469554.96,238.09,-0.00,0.03,ABORT,saida_eixo,0,0
1788469555.06,238.19,-0.00,0.03,ABORT,saida_eixo,0,0
1788469555.16,238.29,-0.00,0.03,ABORT,saida_eixo,0,0
1788469555.26,238.38,-0.00,0.03,ABORT,saida_eixo,0,0
1788469555.36,238.48,0.00,0.03,ABORT,saida_eixo,0,0
1788469555.47,238.59,-0.00,0.03,ABORT,saida_eixo,0,0
1788469555.57,238.69,0.01,0.03,ABORT,saida_eixo,0,0
1788469555.67,238.78,0.01,0.03,ABORT,saida_eixo,0,0
1788469555.77,238.89,-0.00,0.03,ABORT,saida_eixo,0,0
1788469555.88,238.99,0.00,0.03,ABORT,saida_eixo,0,0
1788469555.98,239.09,0.00,0.03,ABORT,saida_eixo,0,0
1788469556.08,239.19,0.00,0.03,ABORT,saida_eixo,0,0
1788469556.18,239.28,0.00,0.03,ABORT,saida_eixo,0,0
1788469556.28,239.38,-0.01,0.03,ABORT,saida_eixo,0,0
1788469556.38,239.49,0.00,0.03,ABORT,saida_eixo,0,0
1788469556.48,239.59,0.00,0.03,ABORT,saida_eixo,0,0
1788469556.58,239.69,0.01,0.03,ABORT,saida_eixo,0,0
1788469556.68,239.79,0.01,0.03,ABORT,saida_eixo,0,0
1788469556.78,239.89,-0.00,0.03,ABORT,saida_eixo,0,0
1788469556.89,239.99,-0.00,0.03,ABORT,saida_eixo,0,0
1788469556.99,240.09,-0.00,0.03,ABORT,saida_eixo,0,0
1788469557.09,240.19,0.00,0.03,ABORT,saida_eixo,0,0
1788469557.19,240.29,-0.00,0.03,ABORT,saida_eixo,0,0
1788469557.29,240.39,0.01,0.03,ABORT,saida_eixo,0,0
1788469557.39,240.49,-0.00,0.03,ABORT,saida_eixo,0,0
1788469557.50,240.59,0.00,0.03,ABORT,saida_eixo,0,0
1788469557.60,240.69,-0.00,0.03,ABORT,saida_eixo,0,0
1788469557.70,240.78,0.00,0.03,ABORT,saida_eixo,0,0
1788469557.80,240.89,0.00,0.03,ABORT,saida_eixo,0,0
1788469557.90,240.99,0.00,0.03,ABORT,saida_eixo,0,0
1788469558.00,241.09,0.01,0.03,ABORT,saida_eixo,0,0
1788469558.10,241.19,0.01,0.03,ABORT,saida_eixo,0,0
1788469558.21,241.29,0.00,0.03,ABORT,saida_eixo,0,0
1788469558.31,241.39,0.01,0.03,ABORT,saida_eixo,0,0
1788469558.41,241.49,0.00,0.03,ABORT,saida_eixo,0,0
1788469558.51,241.59,0.00,0.03,ABORT,saida_eixo,0,0
1788469558.61,241.69,-0.00,0.03,ABORT,saida_eixo,0,0
1788469558.71,241.78,0.00,0.03,ABORT,saida_eixo,0,0
1788469558.81,241.89,0.01,0.03,ABORT,saida_eixo,0,0
1788469558.91,241.99,0.01,0.03,ABORT,saida_eixo,0,0
1788469559.01,242.09,0.00,0.03,ABORT,saida_eixo,0,0
1788469559.12,242.19,0.01,0.03,ABORT,saida_eixo,0,0
1788469559.22,242.29,0.00,0.03,ABORT,saida_eixo,0,0
1788469559.32,242.38,0.01,0.03,ABORT,saida_eixo,0,0
1788469559.43,242.49,-0.00,0.03,ABORT,saida_eixo,0,0
1788469559.52,242.59,0.00,0.03,ABORT,saida_eixo,0,0
1788469559.63,242.69,0.01,0.03,ABORT,saida_eixo,0,0
1788469559.73,242.79,-0.00,0.03,ABORT,saida_eixo,0,0
1788469559.83,242.89,-0.00,0.03,ABORT,saida_eixo,0,0
1788469559.93,242.99,0.00,0.03,ABORT,saida_eixo,0,0
1788469560.03,243.09,0.01,0.03,ABORT,saida_eixo,0,0
1788469560.13,243.19,-0.00,0.03,ABORT,saida_eixo,0,0
1788469560.24,243.29,0.00,0.03,ABORT,saida_eixo,0,0
1788469560.34,243.39,0.01,0.03,ABORT,saida_eixo,0,0
1788469560.44,243.49,-0.00,0.03,ABORT,saida_eixo,0,0
1788469560.54,243.59,0.01,0.03,ABORT,saida_eixo,0,0
1788469560.64,243.69,-0.01,0.03,ABORT,saida_eixo,0,0
1788469560.74,243.78,-0.00,0.03,ABORT,saida_eixo,0,0
1788469560.84,243.88,0.00,0.03,ABORT,saida_eixo,0,0
1788469560.94,243.99,0.01,0.03,ABORT,saida_eixo,0,0
1788469561.04,244.09,0.00,0.03,ABORT,saida_eixo,0,0
1788469561.15,244.19,-0.00,0.03,ABORT,saida_eixo,0,0
1788469561.25,244.28,0.01,0.03,ABORT,saida_eixo,0,0
1788469561.35,244.39,0.01,0.03,ABORT,saida_eixo,0,0
1788469561.45,244.49,0.01,0.03,ABORT,saida_eixo,0,0
1788469561.55,244.59,0.00,0.03,ABORT,saida_eixo,0,0
1788469561.65,244.69,-0.00,0.03,ABORT,saida_eixo,0,0
1788469561.75,244.78,-0.00,0.03,ABORT,saida_eixo,0,0
1788469561.85,244.88,0.00,0.03,ABORT,saida_eixo,0,0
1788469561.96,244.99,-0.00,0.03,ABORT,saida_eixo,0,0
1788469562.06,245.09,0.00,0.03,ABORT,saida_eixo,0,0
1788469562.16,245.19,-0.00,0.03,ABORT,saida_eixo,0,0
1788469562.26,245.29,0.01,0.03,ABORT,saida_eixo,0,0
1788469562.37,245.39,0.00,0.03,ABORT,saida_eixo,0,0
1788469562.47,245.49,-0.01,0.03,ABORT,saida_eixo,0,0
1788469562.56,245.59,0.00,0.03,ABORT,saida_eixo,0,0
1788469562.66,245.69,0.00,0.03,ABORT,saida_eixo,0,0
1788469562.76,245.78,0.01,0.03,ABORT,saida_eixo,0,0
1788469562.87,245.89,0.01,0.03,ABORT,saida_eixo,0,0
1788469562.97,245.99,0.00,0.03,ABORT,saida_eixo,0,0
1788469563.07,246.09,-0.00,0.03,ABORT,saida_eixo,0,0
1788469563.17,246.18,0.00,0.03,ABORT,saida_eixo,0,0
1788469563.27,246.29,-0.00,0.03,ABORT,saida_eixo,0,0
1788469563.37,246.38,-0.00,0.03,ABORT,saida_eixo,0,0
1788469563.47,246.49,0.01,0.03,ABORT,saida_eixo,0,0
1788469563.57,246.59,0.01,0.03,ABORT,saida_eixo,0,0
1788469563.67,246.69,0.00,0.03,ABORT,saida_eixo,0,0
1788469563.77,246.78,0.00,0.03,ABORT,saida_eixo,0,0
1788469563.87,246.89,0.00,0.03,ABORT,saida_eixo,0,0
1788469563.97,246.99,0.00,0.03,ABORT,saida_eixo,0,0
1788469564.07,247.09,0.01,0.03,ABORT,saida_eixo,0,0
1788469564.17,247.19,-0.00,0.03,ABORT,saida_eixo,0,0
1788469564.28,247.29,0.00,0.03,ABORT,saida_eixo,0,0
1788469564.38,247.39,0.01,0.03,ABORT,saida_eixo,0,0
1788469564.48,247.49,0.00,0.03,ABORT,saida_eixo,0,0
1788469564.58,247.59,0.00,0.03,ABORT,saida_eixo,0,0
1788469564.68,247.69,0.00,0.03,ABORT,saida_eixo,0,0
1788469564.79,247.79,-0.00,0.03,ABORT,saida_eixo,0,0
1788469564.89,247.88,-0.00,0.03,ABORT,saida_eixo,0,0
1788469564.99,247.99,0.00,0.03,ABORT,saida_eixo,0,0
1788469565.09,248.09,-0.00,0.03,ABORT,saida_eixo,0,0
1788469565.19,248.19,0.01,0.03,ABORT,saida_eixo,0,0
1788469565.30,248.29,-0.00,0.03,ABORT,saida_eixo,0,0
1788469565.39,248.39,0.00,0.03,ABORT,saida_eixo,0,0
1788469565.50,248.49,0.00,0.03,ABORT,saida_eixo,0,0
1788469565.60,248.59,0.00,0.03,ABORT,saida_eixo,0,0
1788469565.70,248.69,0.00,0.03,ABORT,saida_eixo,0,0
1788469565.80,248.79,-0.00,0.03,ABORT,saida_eixo,0,0
1788469565.90,248.89,-0.00,0.03,ABORT,saida_eixo,0,0
1788469566.00,248.99,0.00,0.03,ABORT,saida_eixo,0,0
1788469566.10,249.09,-0.01,0.03,ABORT,saida_eixo,0,0
1788469566.20,249.19,-0.00,0.03,ABORT,saida_eixo,0,0
1788469566.30,249.29,-0.00,0.03,ABORT,saida_eixo,0,0
1788469566.40,249.39,-0.00,0.03,ABORT,saida_eixo,0,0
1788469566.51,249.49,0.00,0.03,ABORT,saida_eixo,0,0
1788469566.60,249.59,0.00,0.03,ABORT,saida_eixo,0,0
1788469566.70,249.68,-0.00,0.03,ABORT,saida_eixo,0,0
1788469566.81,249.79,-0.00,0.03,ABORT,saida_eixo,0,0
1788469566.91,249.89,0.00,0.03,ABORT,saida_eixo,0,0
1788469567.01,249.99,-0.00,0.03,ABORT,saida_eixo,0,0
1788469567.11,250.09,0.01,0.03,ABORT,saida_eixo,0,0
1788469567.21,250.19,0.00,0.03,ABORT,saida_eixo,0,0
1788469567.31,250.28,0.00,0.03,ABORT,saida_eixo,0,0
1788469567.41,250.39,-0.00,0.03,ABORT,saida_eixo,0,0
1788469567.51,250.49,0.01,0.03,ABORT,saida_eixo,0,0
1788469567.62,250.59,-0.00,0.03,ABORT,saida_eixo,0,0
1788469567.72,250.68,0.00,0.03,ABORT,saida_eixo,0,0
1788469567.82,250.79,0.00,0.03,ABORT,saida_eixo,0,0
1788469567.92,250.88,0.01,0.03,ABORT,saida_eixo,0,0
1788469568.02,250.99,-0.00,0.03,ABORT,saida_eixo,0,0
1788469568.12,251.09,-0.00,0.03,ABORT,saida_eixo,0,0
1788469568.22,251.18,-0.00,0.03,ABORT,saida_eixo,0,0
1788469568.33,251.29,0.01,0.03,ABORT,saida_eixo,0,0
1788469568.43,251.38,0.00,0.03,ABORT,saida_eixo,0,0
1788469568.53,251.49,0.00,0.03,ABORT,saida_eixo,0,0
1788469568.63,251.59,0.00,0.03,ABORT,saida_eixo,0,0
1788469568.74,251.69,-0.00,0.03,ABORT,saida_eixo,0,0
1788469568.83,251.79,0.00,0.03,ABORT,saida_eixo,0,0
1788469568.93,251.89,-0.00,0.03,ABORT,saida_eixo,0,0
1788469569.03,251.99,0.00,0.03,ABORT,saida_eixo,0,0
1788469569.14,252.09,0.00,0.03,ABORT,saida_eixo,0,0
1788469569.24,252.19,0.01,0.03,ABORT,saida_eixo,0,0
1788469569.34,252.29,0.00,0.03,ABORT,saida_eixo,0,0
1788469569.44,252.39,0.00,0.03,ABORT,saida_eixo,0,0
1788469569.54,252.49,0.00,0.03,ABORT,saida_eixo,0,0
1788469569.64,252.59,0.00,0.03,ABORT,saida_eixo,0,0
1788469569.75,252.69,0.00,0.03,ABORT,saida_eixo,0,0
1788469569.85,252.78,-0.00,0.03,ABORT,saida_eixo,0,0
1788469569.95,252.89,0.01,0.03,ABORT,saida_eixo,0,0
1788469570.05,252.99,0.00,0.03,ABORT,saida_eixo,0,0
1788469570.15,253.09,0.00,0.03,ABORT,saida_eixo,0,0
1788469570.25,253.19,-0.00,0.03,ABORT,saida_eixo,0,0
1788469570.35,253.28,-0.00,0.03,ABORT,saida_eixo,0,0
1788469570.46,253.39,0.00,0.03,ABORT,saida_eixo,0,0
1788469570.56,253.49,0.01,0.03,ABORT,saida_eixo,0,0
1788469570.66,253.59,-0.00,0.03,ABORT,saida_eixo,0,0
1788469570.76,253.69,0.01,0.03,ABORT,saida_eixo,0,0
1788469570.86,253.78,0.01,0.03,ABORT,saida_eixo,0,0
1788469570.96,253.88,0.01,0.03,ABORT,saida_eixo,0,0
1788469571.06,253.99,0.00,0.03,ABORT,saida_eixo,0,0
1788469571.16,254.09,0.00,0.03,ABORT,saida_eixo,0,0
1788469571.26,254.19,0.01,0.03,ABORT,saida_eixo,0,0
1788469571.36,254.29,0.01,0.03,ABORT,saida_eixo,0,0
1788469571.46,254.39,0.01,0.03,ABORT,saida_eixo,0,0
1788469571.56,254.49,0.00,0.03,ABORT,saida_eixo,0,0
1788469571.66,254.59,0.00,0.03,ABORT,saida_eixo,0,0
1788469571.77,254.69,0.00,0.03,ABORT,saida_eixo,0,0
1788469571.87,254.79,-0.00,0.03,ABORT,saida_eixo,0,0
1788469571.97,254.89,0.01,0.03,ABORT,saida_eixo,0,0
1788469572.07,254.99,0.00,0.03,ABORT,saida_eixo,0,0
1788469572.17,255.09,0.00,0.03,ABORT,saida_eixo,0,0
1788469572.27,255.19,-0.00,0.03,ABORT,saida_eixo,0,0
1788469572.37,255.29,0.00,0.03,ABORT,saida_eixo,0,0
1788469572.47,255.39,-0.00,0.03,ABORT,saida_eixo,0,0
1788469572.57,255.49,0.01,0.03,ABORT,saida_eixo,0,0
1788469572.67,255.59,-0.01,0.03,ABORT,saida_eixo,0,0
1788469572.77,255.68,0.01,0.03,ABORT,saida_eixo,0,0
1788469572.88,255.79,0.01,0.03,ABORT,saida_eixo,0,0
1788469572.98,255.88,0.00,0.03,ABORT,saida_eixo,0,0
1788469573.07,255.98,-0.00,0.03,ABORT,saida_eixo,0,0
1788469573.18,256.09,0.01,0.03,ABORT,saida_eixo,0,0
1788469573.28,256.19,0.00,0.03,ABORT,saida_eixo,0,0
1788469573.38,256.28,0.00,0.03,ABORT,saida_eixo,0,0
1788469573.48,256.39,0.00,0.03,ABORT,saida_eixo,0,0
1788469573.58,256.49,0.01,0.03,ABORT,saida_eixo,0,0
1788469573.68,256.59,-0.00,0.03,ABORT,saida_eixo,0,0
1788469573.79,256.69,0.00,0.03,ABORT,saida_eixo,0,0
1788469573.88,256.78,-0.00,0.03,ABORT,saida_eixo,0,0
1788469573.99,256.89,0.01,0.03,ABORT,saida_eixo,0,0
1788469574.09,256.99,0.00,0.03,ABORT,saida_eixo,0,0
1788469574.19,257.09,0.01,0.03,ABORT,saida_eixo,0,0
1788469574.29,257.19,0.01,0.03,ABORT,saida_eixo,0,0
1788469574.39,257.29,0.00,0.03,ABORT,saida_eixo,0,0
1788469574.49,257.38,0.00,0.03,ABORT,saida_eixo,0,0
1788469574.59,257.48,-0.00,0.03,ABORT,saida_eixo,0,0
1788469574.69,257.58,0.00,0.03,ABORT,saida_eixo,0,0
1788469574.79,257.68,0.00,0.03,ABORT,saida_eixo,0,0
1788469574.89,257.78,0.01,0.03,ABORT,saida_eixo,0,0
1788469574.99,257.88,0.01,0.03,ABORT,saida_eixo,0,0
1788469575.09,257.99,0.00,0.03,ABORT,saida_eixo,0,0
1788469575.20,258.08,0.01,0.03,ABORT,saida_eixo,0,0
1788469575.29,258.18,0.00,0.03,ABORT,saida_eixo,0,0
1788469575.39,258.28,0.00,0.03,ABORT,saida_eixo,0,0
1788469575.49,258.38,0.00,0.03,ABORT,saida_eixo,0,0
1788469575.59,258.48,0.01,0.03,ABORT,saida_eixo,0,0
1788469575.69,258.58,0.01,0.03,ABORT,saida_eixo,0,0
1788469575.79,258.68,0.01,0.03,ABORT,saida_eixo,0,0
1788469575.89,258.78,-0.00,0.03,ABORT,saida_eixo,0,0
1788469575.99,258.88,-0.01,0.03,ABORT,saida_eixo,0,0
1788469576.10,258.98,-0.00,0.03,ABORT,saida_eixo,0,0
1788469576.20,259.08,-0.00,0.03,ABORT,saida_eixo,0,0
1788469576.30,259.19,-0.01,0.03,ABORT,saida_eixo,0,0
1788469576.40,259.29,-0.00,0.03,ABORT,saida_eixo,0,0
1788469576.50,259.39,0.01,0.03,ABORT,saida_eixo,0,0
1788469576.60,259.49,-0.00,0.03,ABORT,saida_eixo,0,0
1788469576.70,259.59,-0.01,0.03,ABORT,saida_eixo,0,0
1788469576.80,259.69,0.00,0.03,ABORT,saida_eixo,0,0
1788469576.90,259.79,0.01,0.03,ABORT,saida_eixo,0,0
1788469577.01,259.89,0.00,0.03,ABORT,saida_eixo,0,0
1788469577.11,259.99,0.00,0.03,ABORT,saida_eixo,0,0
1788469577.21,260.09,0.00,0.03,ABORT,saida_eixo,0,0
1788469577.31,260.19,0.00,0.03,ABORT,saida_eixo,0,0
1788469577.41,260.29,0.00,0.03,ABORT,saida_eixo,0,0
1788469577.52,260.39,0.01,0.03,ABORT,saida_eixo,0,0
1788469577.61,260.49,0.01,0.03,ABORT,saida_eixo,0,0
1788469577.71,260.58,0.01,0.03,ABORT,saida_eixo,0,0
1788469577.82,260.69,-0.00,0.03,ABORT,saida_eixo,0,0
1788469577.92,260.79,-0.01,0.03,ABORT,saida_eixo,0,0
1788469578.02,260.88,0.00,0.03,ABORT,saida_eixo,0,0
1788469578.12,260.99,0.01,0.03,ABORT,saida_eixo,0,0
1788469578.22,261.08,0.00,0.03,ABORT,saida_eixo,0,0
1788469578.32,261.18,-0.01,0.03,ABORT,saida_eixo,0,0
1788469578.43,261.29,0.01,0.03,ABORT,saida_eixo,0,0
1788469578.53,261.38,-0.00,0.03,ABORT,saida_eixo,0,0
1788469578.62,261.48,-0.00,0.03,ABORT,saida_eixo,0,0
1788469578.73,261.59,0.00,0.03,ABORT,saida_eixo,0,0
1788469578.83,261.69,0.01,0.03,ABORT,saida_eixo,0,0
1788469578.93,261.78,0.00,0.03,ABORT,saida_eixo,0,0
1788469579.03,261.88,0.01,0.03,ABORT,saida_eixo,0,0
1788469579.13,261.99,0.00,0.03,ABORT,saida_eixo,0,0
1788469579.23,262.09,0.00,0.03,ABORT,saida_eixo,0,0
1788469579.33,262.19,0.01,0.03,ABORT,saida_eixo,0,0
1788469579.43,262.29,0.00,0.03,ABORT,saida_eixo,0,0
1788469579.53,262.39,0.00,0.03,ABORT,saida_eixo,0,0
1788469579.63,262.49,0.00,0.03,ABORT,saida_eixo,0,0
1788469579.73,262.59,0.01,0.03,ABORT,saida_eixo,0,0
1788469579.84,262.69,0.00,0.03,ABORT,saida_eixo,0,0
1788469579.94,262.79,0.01,0.03,ABORT,saida_eixo,0,0
1788469580.04,262.88,0.00,0.03,ABORT,saida_eixo,0,0
1788469580.14,262.99,0.01,0.03,ABORT,saida_eixo,0,0
1788469580.24,263.08,0.01,0.03,ABORT,saida_eixo,0,0
1788469580.34,263.19,0.00,0.03,ABORT,saida_eixo,0,0
1788469580.45,263.29,0.01,0.03,ABORT,saida_eixo,0,0
1788469580.54,263.38,0.01,0.03,ABORT,saida_eixo,0,0
1788469580.65,263.49,0.00,0.03,ABORT,saida_eixo,0,0
1788469580.75,263.59,0.00,0.03,ABORT,saida_eixo,0,0
1788469580.85,263.69,-0.00,0.03,ABORT,saida_eixo,0,0
1788469580.95,263.79,0.00,0.03,ABORT,saida_eixo,0,0
1788469581.05,263.89,-0.00,0.03,ABORT,saida_eixo,0,0
1788469581.15,263.98,0.00,0.03,ABORT,saida_eixo,0,0
1788469581.26,264.09,0.00,0.03,ABORT,saida_eixo,0,0
1788469581.36,264.19,0.00,0.03,ABORT,saida_eixo,0,0
1788469581.46,264.29,0.01,0.03,ABORT,saida_eixo,0,0
1788469581.56,264.38,-0.00,0.03,ABORT,saida_eixo,0,0
1788469581.66,264.49,0.00,0.03,ABORT,saida_eixo,0,0
1788469581.76,264.59,0.00,0.03,ABORT,saida_eixo,0,0
1788469581.86,264.69,0.00,0.03,ABORT,saida_eixo,0,0
1788469581.96,264.79,-0.00,0.03,ABORT,saida_eixo,0,0
1788469582.07,264.89,-0.00,0.03,ABORT,saida_eixo,0,0
1788469582.17,264.99,0.00,0.03,ABORT,saida_eixo,0,0
1788469582.27,265.09,0.01,0.03,ABORT,saida_eixo,0,0
1788469582.36,265.19,-0.00,0.03,ABORT,saida_eixo,0,0
1788469582.47,265.29,0.01,0.03,ABORT,saida_eixo,0,0
1788469582.57,265.38,0.01,0.03,ABORT,saida_eixo,0,0
1788469582.67,265.49,-0.00,0.03,ABORT,saida_eixo,0,0
1788469582.77,265.58,0.01,0.03,ABORT,saida_eixo,0,0
1788469582.87,265.69,0.01,0.03,ABORT,saida_eixo,0,0
1788469582.97,265.79,-0.00,0.03,ABORT,saida_eixo,0,0
1788469583.07,265.89,-0.00,0.03,ABORT,saida_eixo,0,0
1788469583.17,265.99,-0.00,0.03,ABORT,saida_eixo,0,0
1788469583.28,266.09,0.00,0.03,ABORT,saida_eixo,0,0
1788469583.37,266.19,0.00,0.03,ABORT,saida_eixo,0,0
1788469583.48,266.29,0.00,0.03,ABORT,saida_eixo,0,0
1788469583.58,266.39,-0.00,0.03,ABORT,saida_eixo,0,0
1788469583.68,266.49,0.00,0.03,ABORT,saida_eixo,0,0
1788469583.78,266.59,0.00,0.03,ABORT,saida_eixo,0,0
1788469583.88,266.69,0.00,0.03,ABORT,saida_eixo,0,0
1788469583.98,266.79,0.00,0.03,ABORT,saida_eixo,0,0
1788469584.09,266.89,0.01,0.03,ABORT,saida_eixo,0,0
1788469584.19,266.99,-0.00,0.03,ABORT,saida_eixo,0,0
1788469584.29,267.09,0.00,0.03,ABORT,saida_eixo,0,0
1788469584.39,267.19,-0.00,0.03,ABORT,saida_eixo,0,0
1788469584.49,267.29,-0.00,0.03,ABORT,saida_eixo,0,0
1788469584.59,267.39,0.00,0.03,ABORT,saida_eixo,0,0
1788469584.69,267.49,0.01,0.03,ABORT,saida_eixo,0,0
1788469584.79,267.59,0.01,0.03,ABORT,saida_eixo,0,0
1788469584.89,267.69,0.00,0.03,ABORT,saida_eixo,0,0
1788469584.99,267.79,0.00,0.03,ABORT,saida_eixo,0,0
1788469585.09,267.88,0.00,0.03,ABORT,saida_eixo,0,0
1788469585.19,267.98,0.00,0.03,ABORT,saida_eixo,0,0
1788469585.30,268.09,0.00,0.03,ABORT,saida_eixo,0,0
1788469585.39,268.19,0.01,0.03,ABORT,saida_eixo,0,0
1788469585.49,268.28,0.01,0.03,ABORT,saida_eixo,0,0
1788469585.59,268.38,-0.00,0.03,ABORT,saida_eixo,0,0
1788469585.69,268.49,-0.00,0.03,ABORT,saida_eixo,0,0
1788469585.80,268.59,0.01,0.03,ABORT,saida_eixo,0,0
1788469585.90,268.69,-0.00,0.03,ABORT,saida_eixo,0,0
1788469586.00,268.79,-0.00,0.03,ABORT,saida_eixo,0,0
1788469586.10,268.89,0.01,0.03,ABORT,saida_eixo,0,0
1788469586.20,268.99,-0.00,0.03,ABORT,saida_eixo,0,0
1788469586.30,269.09,0.00,0.03,ABORT,saida_eixo,0,0
1788469586.40,269.19,-0.00,0.03,ABORT,saida_eixo,0,0
1788469586.50,269.29,-0.00,0.03,ABORT,saida_eixo,0,0
1788469586.60,269.38,-0.00,0.03,ABORT,saida_eixo,0,0
1788469586.70,269.49,-0.00,0.03,ABORT,saida_eixo,0,0
1788469586.81,269.59,-0.00,0.03,ABORT,saida_eixo,0,0
1788469586.91,269.69,-0.00,0.03,ABORT,saida_eixo,0,0
1788469587.01,269.79,-0.00,0.03,ABORT,saida_eixo,0,0
1788469587.11,269.88,0.00,0.03,ABORT,saida_eixo,0,0
1788469587.21,269.99,-0.00,0.03,ABORT,saida_eixo,0,0
1788469587.31,270.08,-0.00,0.03,ABORT,saida_eixo,0,0
1788469587.41,270.19,0.00,0.03,ABORT,saida_eixo,0,0
1788469587.51,270.29,0.00,0.03,ABORT,saida_eixo,0,0
1788469587.61,270.38,0.00,0.03,ABORT,saida_eixo,0,0
1788469587.71,270.48,-0.00,0.03,ABORT,saida_eixo,0,0
1788469587.81,270.58,0.01,0.03,ABORT,saida_eixo,0,0
1788469587.91,270.68,0.00,0.03,ABORT,saida_eixo,0,0
1788469588.01,270.78,-0.00,0.03,ABORT,saida_eixo,0,0
1788469588.11,270.88,0.01,0.03,ABORT,saida_eixo,0,0
1788469588.21,270.99,0.01,0.03,ABORT,saida_eixo,0,0
1788469588.32,271.09,-0.00,0.03,ABORT,saida_eixo,0,0
1788469588.42,271.19,-0.00,0.03,ABORT,saida_eixo,0,0
1788469588.51,271.29,0.00,0.03,ABORT,saida_eixo,0,0
1788469588.62,271.39,-0.00,0.03,ABORT,saida_eixo,0,0
1788469588.72,271.49,0.01,0.03,ABORT,saida_eixo,0,0
1788469588.82,271.59,-0.00,0.03,ABORT,saida_eixo,0,0
1788469588.92,271.69,0.00,0.03,ABORT,saida_eixo,0,0
1788469589.02,271.79,-0.00,0.03,ABORT,saida_eixo,0,0
1788469589.12,271.89,-0.00,0.03,ABORT,saida_eixo,0,0
1788469589.22,271.99,0.01,0.03,ABORT,saida_eixo,0,0
1788469589.33,272.09,0.00,0.03,ABORT,saida_eixo,0,0
1788469589.42,272.19,0.01,0.03,ABORT,saida_eixo,0,0
1788469589.52,272.29,0.01,0.03,ABORT,saida_eixo,0,0
1788469589.63,272.39,0.00,0.03,ABORT,saida_eixo,0,0
1788469589.72,272.48,0.01,0.03,ABORT,saida_eixo,0,0
1788469589.83,272.58,-0.00,0.03,ABORT,saida_eixo,0,0
1788469589.93,272.69,0.00,0.03,ABORT,saida_eixo,0,0
1788469590.03,272.79,0.00,0.03,ABORT,saida_eixo,0,0
1788469590.13,272.88,-0.00,0.03,ABORT,saida_eixo,0,0
1788469590.23,272.99,0.00,0.03,ABORT,saida_eixo,0,0
1788469590.33,273.09,0.00,0.03,ABORT,saida_eixo,0,0
1788469590.43,273.18,0.00,0.03,ABORT,saida_eixo,0,0
1788469590.54,273.29,-0.00,0.03,ABORT,saida_eixo,0,0
1788469590.64,273.39,-0.00,0.03,ABORT,saida_eixo,0,0
1788469590.74,273.49,0.01,0.03,ABORT,saida_eixo,0,0
1788469590.84,273.59,0.01,0.03,ABORT,saida_eixo,0,0
1788469590.94,273.69,0.00,0.03,ABORT,saida_eixo,0,0
1788469591.04,273.79,0.01,0.03,ABORT,saida_eixo,0,0
1788469591.14,273.88,-0.00,0.03,ABORT,saida_eixo,0,0
1788469591.24,273.98,-0.00,0.03,ABORT,saida_eixo,0,0
1788469591.35,274.09,0.01,0.03,ABORT,saida_eixo,0,0
1788469591.45,274.19,0.01,0.03,ABORT,saida_eixo,0,0
1788469591.55,274.28,-0.00,0.03,ABORT,saida_eixo,0,0
1788469591.65,274.38,-0.00,0.03,ABORT,saida_eixo,0,0
1788469591.75,274.48,0.00,0.03,ABORT,saida_eixo,0,0
1788469591.85,274.58,-0.00,0.03,ABORT,saida_eixo,0,0
1788469591.96,274.69,0.01,0.03,ABORT,saida_eixo,0,0
1788469592.06,274.79,-0.00,0.03,ABORT,saida_eixo,0,0
1788469592.16,274.89,0.00,0.03,ABORT,saida_eixo,0,0
1788469592.26,274.99,0.00,0.03,ABORT,saida_eixo,0,0
1788469592.36,275.09,0.00,0.03,ABORT,saida_eixo,0,0
1788469592.46,275.19,0.00,0.03,ABORT,saida_eixo,0,0
1788469592.56,275.29,0.00,0.03,ABORT,saida_eixo,0,0
1788469592.67,275.39,0.01,0.03,ABORT,saida_eixo,0,0
1788469592.76,275.48,0.01,0.03,ABORT,saida_eixo,0,0
1788469592.87,275.58,-0.00,0.03,ABORT,saida_eixo,0,0
1788469592.97,275.68,0.00,0.03,ABORT,saida_eixo,0,0
1788469593.07,275.79,0.00,0.03,ABORT,saida_eixo,0,0
1788469593.17,275.88,-0.00,0.03,ABORT,saida_eixo,0,0
1788469593.27,275.99,0.00,0.03,ABORT,saida_eixo,0,0
1788469593.37,276.09,0.00,0.03,ABORT,saida_eixo,0,0
1788469593.47,276.19,-0.00,0.03,ABORT,saida_eixo,0,0
1788469593.58,276.29,0.00,0.03,ABORT,saida_eixo,0,0
1788469593.67,276.38,0.01,0.03,ABORT,saida_eixo,0,0
1788469593.78,276.49,-0.00,0.03,ABORT,saida_eixo,0,0
1788469593.88,276.59,-0.00,0.03,ABORT,saida_eixo,0,0
1788469593.98,276.69,-0.00,0.03,ABORT,saida_eixo,0,0
1788469594.08,276.79,-0.00,0.03,ABORT,saida_eixo,0,0
1788469594.18,276.89,0.01,0.03,ABORT,saida_eixo,0,0
1788469594.28,276.98,-0.00,0.03,ABORT,saida_eixo,0,0
1788469594.38,277.08,0.01,0.03,ABORT,saida_eixo,0,0
1788469594.48,277.18,-0.00,0.03,ABORT,saida_eixo,0,0
1788469594.58,277.28,0.00,0.03,ABORT,saida_eixo,0,0
1788469594.68,277.39,0.00,0.03,ABORT,saida_eixo,0,0
1788469594.78,277.48,-0.00,0.03,ABORT,saida_eixo,0,0
1788469594.88,277.58,0.01,0.03,ABORT,saida_eixo,0,0
1788469594.98,277.69,0.01,0.03,ABORT,saida_eixo,0,0
1788469595.08,277.79,0.00,0.03,ABORT,saida_eixo,0,0
1788469595.18,277.89,0.00,0.03,ABORT,saida_eixo,0,0
1788469595.28,277.99,0.01,0.03,ABORT,saida_eixo,0,0
1788469595.39,278.09,0.00,0.03,ABORT,saida_eixo,0,0
1788469595.49,278.19,0.01,0.03,ABORT,saida_eixo,0,0
1788469595.59,278.29,0.00,0.03,ABORT,saida_eixo,0,0
1788469595.69,278.39,0.00,0.03,ABORT,saida_eixo,0,0
1788469595.79,278.49,0.01,0.03,ABORT,saida_eixo,0,0
1788469595.89,278.58,0.00,0.03,ABORT,saida_eixo,0,0
1788469596.00,278.69,0.01,0.03,ABORT,saida_eixo,0,0
1788469596.09,278.79,0.00,0.03,ABORT,saida_eixo,0,0
1788469596.20,278.89,-0.00,0.03,ABORT,saida_eixo,0,0
1788469596.29,278.99,-0.00,0.03,ABORT,saida_eixo,0,0
1788469596.40,279.09,-0.00,0.03,ABORT,saida_eixo,0,0
1788469596.50,279.19,-0.00,0.03,ABORT,saida_eixo,0,0
1788469596.60,279.29,0.01,0.03,ABORT,saida_eixo,0,0
1788469596.70,279.39,0.01,0.03,ABORT,saida_eixo,0,0
1788469596.81,279.49,-0.00,0.03,ABORT,saida_eixo,0,0
1788469596.91,279.59,0.00,0.03,ABORT,saida_eixo,0,0
