wall,sim,lingueta_mm,lamina_deg,estado,fase,armvel_nz,armvel_n
1788469627.65,0.00,-0.00,0.03,,,0,0
1788469627.89,309.22,0.00,0.03,,,0,0
1788469627.89,309.23,0.00,0.03,,,0,0
1788469628.00,309.33,0.01,0.03,,,0,0
1788469628.10,309.43,0.00,0.03,,,0,0
1788469628.20,309.53,-0.00,0.03,,,0,0
1788469628.30,309.63,0.00,0.03,,,0,0
1788469628.40,309.73,-0.00,0.03,,,0,0
1788469628.50,309.83,0.00,0.03,,,0,0
1788469628.60,309.93,0.00,0.03,,,0,0
1788469628.70,310.03,0.01,0.03,,,0,0
1788469628.80,310.13,-0.00,0.00,,,0,0
1788469628.90,310.23,0.01,0.00,,,0,0
1788469629.01,310.33,-0.01,0.00,,,0,0
1788469629.11,310.43,-0.01,0.00,,,0,0
1788469629.21,310.53,0.01,0.00,,,0,0
1788469629.31,310.63,0.01,0.00,,,0,0
1788469629.41,310.73,0.00,0.00,,,0,0
1788469629.51,310.83,0.01,0.00,,,0,0
1788469629.61,310.93,0.00,0.00,,,0,0
1788469629.71,311.03,0.00,0.00,,,0,0
1788469629.81,311.13,0.01,0.00,,,0,0
1788469629.92,311.23,0.01,0.00,,,0,0
1788469630.02,311.33,0.00,0.00,,,0,0
1788469630.12,311.43,0.01,0.00,,,0,0
1788469630.22,311.53,-0.00,0.00,,,0,0
1788469630.32,311.63,0.01,0.00,,,0,0
1788469630.42,311.73,0.01,0.00,,,0,0
1788469630.52,311.83,-0.00,0.00,,,0,0
1788469630.62,311.93,0.00,0.00,,,0,0
1788469630.72,312.03,-0.00,0.00,,,0,0
1788469630.82,312.13,0.01,0.00,,,0,0
1788469630.93,312.23,-0.00,0.00,,,0,0
1788469631.03,312.33,-0.01,0.00,,,0,0
1788469631.13,312.43,0.00,0.00,,,0,0
1788469631.23,312.53,-0.00,0.00,,,0,0
1788469631.34,312.63,0.01,0.00,,,0,0
1788469631.43,312.73,0.01,0.00,,,0,0
1788469631.54,312.83,0.00,0.00,,,0,0
1788469631.64,312.93,0.00,0.00,,,0,0
1788469631.74,313.03,-0.00,0.00,,,0,0
1788469631.84,313.13,0.00,0.00,,,0,0
1788469631.94,313.23,-0.00,0.00,,,0,0
1788469632.04,313.33,0.01,0.00,,,0,0
1788469632.14,313.43,0.01,0.00,,,0,0
1788469632.24,313.53,0.00,0.00,,,0,0
1788469632.34,313.63,0.01,0.00,,,0,0
1788469632.44,313.73,0.01,0.00,,,0,0
1788469632.55,313.83,0.00,0.00,,,0,0
1788469632.65,313.93,0.00,0.00,,,0,0
1788469632.75,314.03,-0.00,0.00,,,0,0
1788469632.85,314.13,0.00,0.00,,,0,0
1788469632.95,314.23,0.01,0.00,,,0,0
1788469633.05,314.33,0.00,0.00,,,0,0
1788469633.15,314.43,0.00,0.00,,,0,0
1788469633.25,314.53,0.00,0.00,,,0,0
1788469633.35,314.63,-0.00,0.00,,,0,0
1788469633.45,314.73,-0.01,0.00,,,0,0
1788469633.55,314.83,0.00,0.00,,,0,0
1788469633.65,314.93,0.01,0.00,,,0,0
1788469633.75,315.03,0.01,0.00,,,0,0
1788469633.85,315.13,0.01,0.00,,,0,0
1788469633.95,315.23,-0.00,0.00,,,0,0
1788469634.06,315.33,0.00,0.00,,,0,0
1788469634.16,315.43,0.00,0.00,,,0,0
1788469634.26,315.53,0.01,0.00,,,0,0
1788469634.36,315.63,0.01,0.00,,,0,0
1788469634.46,315.73,0.00,0.00,,,0,0
1788469634.56,315.83,0.00,0.00,,,0,0
1788469634.66,315.93,-0.00,0.00,,,0,0
1788469634.76,316.03,-0.00,0.00,,,0,0
1788469634.86,316.13,0.01,0.00,,,0,0
1788469634.97,316.23,-0.00,0.00,,,0,0
1788469635.07,316.33,-0.00,0.00,,,0,0
1788469635.17,316.43,0.00,0.00,,,0,0
1788469635.27,316.53,0.00,0.00,,,0,0
1788469635.37,316.63,-0.00,0.00,,,0,0
1788469635.47,316.73,0.01,0.00,,,0,0
1788469635.57,316.83,0.01,0.00,,,0,0
1788469635.68,316.93,0.01,0.00,,,0,0
1788469635.78,317.03,0.01,0.00,,,0,0
1788469635.88,317.13,0.00,0.00,,,0,0
1788469635.98,317.23,-0.00,0.00,,,0,0
1788469636.11,317.33,0.01,0.00,,,0,0
1788469636.21,317.43,-0.00,0.00,,,0,0
1788469636.30,317.53,-0.00,0.00,,,0,0
1788469636.39,317.63,-0.00,0.00,,,0,0
1788469636.49,317.73,0.00,0.00,,,0,0
1788469636.59,317.83,0.00,0.00,,,0,0
1788469636.69,317.93,-0.00,0.00,STOW_INIT,,0,1
1788469636.79,318.03,0.00,0.00,STOW_INIT,,0,0
1788469636.89,318.13,0.01,0.00,STOW_INIT,,0,0
1788469636.99,318.23,0.00,0.00,SEARCH,,0,0
1788469637.09,318.33,0.01,0.00,SEARCH,,0,0
1788469637.20,318.43,0.00,0.00,SEARCH,,0,0
1788469637.30,318.53,-0.00,0.00,SEARCH,,0,0
1788469637.40,318.63,-0.00,0.00,SEARCH,,0,0
1788469637.50,318.73,0.01,0.00,SEARCH,,0,0
1788469637.60,318.83,0.00,0.00,SEARCH,,0,0
1788469637.70,318.93,-0.00,0.00,SEARCH,,0,0
1788469637.80,319.03,0.00,0.00,SEARCH,,0,0
1788469637.90,319.13,0.01,0.00,SEARCH,,0,0
1788469638.00,319.23,0.00,0.00,SEARCH,,0,0
1788469638.10,319.33,0.00,0.00,SEARCH,,0,0
1788469638.21,319.43,0.00,0.00,SEARCH,,0,0
1788469638.30,319.53,0.00,0.00,SEARCH,,0,0
1788469638.41,319.63,0.00,0.00,SEARCH,,0,0
1788469638.51,319.73,0.01,0.00,SEARCH,,0,0
1788469638.61,319.83,0.01,0.00,SEARCH,,0,0
1788469638.71,319.93,0.01,0.00,SEARCH,,0,0
1788469638.81,320.03,0.00,0.00,SEARCH,,0,0
1788469638.91,320.13,-0.01,0.00,SEARCH,,0,0
1788469639.02,320.23,0.00,0.00,SEARCH,,0,0
1788469639.12,320.33,-0.00,0.00,SEARCH,,0,0
1788469639.22,320.43,-0.00,0.00,SEARCH,,0,0
1788469639.32,320.53,0.01,0.00,SEARCH,,0,0
1788469639.43,320.63,0.01,0.00,SEARCH,,0,0
1788469639.52,320.73,-0.00,0.00,SEARCH,,0,0
1788469639.63,320.83,-0.00,0.00,SEARCH,,0,0
1788469639.73,320.93,0.00,0.00,SEARCH,,0,0
1788469639.83,321.03,0.00,0.00,SEARCH,,0,0
1788469639.93,321.13,0.01,0.00,SEARCH,,0,0
1788469640.03,321.23,0.01,0.00,SEARCH,,0,0
1788469640.14,321.33,0.00,0.00,SEARCH,,0,0
1788469640.24,321.43,0.00,0.00,SEARCH,,0,0
1788469640.34,321.53,0.00,0.00,SEARCH,,0,0
1788469640.44,321.63,0.01,0.00,SEARCH,,0,0
1788469640.54,321.73,0.01,0.00,SEARCH,,0,0
1788469640.65,321.83,0.01,0.00,SEARCH,,0,0
1788469640.74,321.93,0.00,0.00,SEARCH,,0,0
1788469640.85,322.03,-0.00,0.00,SEARCH,,0,0
1788469640.95,322.13,0.00,0.00,SEARCH,,0,0
1788469641.05,322.23,-0.00,0.00,SEARCH,,0,0
1788469641.15,322.33,0.00,0.00,SEARCH,,0,0
1788469641.25,322.43,-0.01,0.00,SEARCH,,0,0
1788469641.35,322.53,0.01,0.00,SEARCH,,0,0
1788469641.45,322.63,0.01,0.00,SEARCH,,0,0
1788469641.55,322.73,0.00,0.00,SEARCH,,0,0
1788469641.65,322.83,0.01,0.00,SEARCH,,0,0
1788469641.76,322.93,0.01,0.00,SEARCH,,0,0
1788469641.85,323.03,-0.00,0.00,SEARCH,,0,0
1788469641.96,323.13,0.01,0.00,SEARCH,,0,0
1788469642.06,323.23,0.00,0.00,SEARCH,,0,0
1788469642.16,323.33,0.00,0.00,SEARCH,,0,0
1788469642.26,323.43,0.00,0.00,SEARCH,,0,0
1788469642.36,323.53,0.00,0.00,SEARCH,,0,0
1788469642.47,323.63,-0.00,0.00,SEARCH,,0,0
1788469642.57,323.73,0.01,0.00,SEARCH,,0,0
1788469642.67,323.83,0.00,0.00,SEARCH,,0,0
1788469642.77,323.93,0.00,0.00,SEARCH,,0,0
1788469642.87,324.03,0.01,0.00,SEARCH,,0,0
1788469642.97,324.13,-0.00,0.00,SEARCH,,0,0
1788469643.07,324.23,0.01,0.00,SEARCH,,0,0
1788469643.18,324.33,0.01,0.00,SEARCH,,0,0
1788469643.28,324.43,-0.00,0.00,SEARCH,,0,0
1788469643.37,324.53,0.00,0.00,SEARCH,,0,0
1788469643.48,324.63,0.01,0.00,SEARCH,,0,0
1788469643.58,324.73,0.00,0.00,SEARCH,,0,0
1788469643.68,324.83,0.00,0.00,SEARCH,,0,0
1788469643.78,324.93,0.00,0.00,SEARCH,,0,0
1788469643.89,325.03,0.00,0.00,SEARCH,,0,0
1788469643.99,325.13,-0.01,0.00,SEARCH,,0,0
1788469644.09,325.23,-0.00,0.00,SEARCH,,0,0
1788469644.19,325.33,0.01,0.00,SEARCH,,0,0
1788469644.29,325.43,-0.00,0.00,SEARCH,,0,0
1788469644.39,325.53,0.00,0.00,SEARCH,,0,0
1788469644.50,325.63,0.00,0.00,SEARCH,,0,0
1788469644.60,325.73,-0.00,0.00,SEARCH,,0,0
1788469644.70,325.83,-0.00,0.00,SEARCH,,0,0
1788469644.80,325.93,0.00,0.00,SEARCH,,0,0
1788469644.90,326.03,-0.00,0.00,SEARCH,,0,0
1788469645.00,326.13,-0.00,0.00,SEARCH,,0,0
1788469645.10,326.23,0.00,0.00,SEARCH,,0,0
1788469645.20,326.33,0.01,0.00,SEARCH,,0,0
1788469645.31,326.43,-0.01,0.00,SEARCH,,0,0
1788469645.40,326.53,0.00,0.00,SEARCH,,0,0
1788469645.50,326.63,0.01,0.00,SEARCH,,0,0
1788469645.60,326.73,0.00,0.00,SEARCH,,0,0
1788469645.71,326.83,0.01,0.00,SEARCH,,0,0
1788469645.81,326.93,0.01,0.00,SEARCH,,0,0
1788469645.91,327.03,-0.00,0.00,SEARCH,,0,0
1788469646.01,327.13,0.00,0.00,SEARCH,,0,0
1788469646.11,327.23,-0.00,0.00,SEARCH,,0,0
1788469646.21,327.33,0.01,0.00,SEARCH,,0,0
1788469646.31,327.43,0.01,0.00,SEARCH,,0,0
1788469646.41,327.53,0.00,0.00,SEARCH,,0,0
1788469646.52,327.63,-0.00,0.00,SEARCH,,0,0
1788469646.62,327.73,0.01,0.00,SEARCH,,0,0
1788469646.72,327.83,0.01,0.00,SEARCH,,0,0
1788469646.82,327.93,-0.00,0.00,SEARCH,,0,0
1788469646.93,328.03,-0.00,0.00,SEARCH,,0,0
1788469647.02,328.13,0.01,0.00,SEARCH,,0,0
1788469647.13,328.23,-0.00,0.00,SEARCH,,0,0
1788469647.23,328.33,-0.00,0.00,SEARCH,,0,0
1788469647.33,328.43,0.01,0.00,SEARCH,,0,0
1788469647.43,328.53,0.00,0.00,SEARCH,,0,0
1788469647.53,328.63,0.00,0.00,SEARCH,,0,0
1788469647.63,328.73,0.01,0.00,SEARCH,,0,0
1788469647.73,328.83,0.01,0.00,SEARCH,,0,0
1788469647.83,328.93,0.01,0.00,SEARCH,,0,0
1788469647.94,329.03,0.00,0.00,SEARCH,,0,0
1788469648.04,329.13,0.00,0.00,SEARCH,,0,0
1788469648.15,329.23,-0.00,0.00,SEARCH,,0,0
1788469648.24,329.33,0.00,0.00,SEARCH,,0,0
1788469648.34,329.43,0.00,0.00,SEARCH,,0,0
1788469648.44,329.53,0.00,0.00,SEARCH,,0,0
1788469648.55,329.63,-0.00,0.00,SEARCH,,0,0
1788469648.64,329.73,-0.00,0.00,SEARCH,,0,0
1788469648.75,329.83,0.01,0.00,SEARCH,,0,0
1788469648.85,329.93,0.00,0.00,SEARCH,,0,0
1788469648.95,330.03,0.00,0.00,SEARCH,,0,0
1788469649.05,330.13,0.01,0.00,SEARCH,,0,0
1788469649.15,330.23,0.01,0.00,SEARCH,,0,0
1788469649.25,330.33,0.00,0.00,SEARCH,,0,0
1788469649.35,330.43,0.00,0.00,SEARCH,,0,0
1788469649.45,330.53,-0.01,0.00,SEARCH,,0,0
1788469649.55,330.63,0.00,0.00,SEARCH,,0,0
1788469649.65,330.73,-0.00,0.00,SEARCH,,0,0
1788469649.76,330.83,0.00,0.00,SEARCH,,0,0
1788469649.86,330.93,0.00,0.00,SEARCH,,0,0
1788469649.96,331.03,-0.00,0.00,SEARCH,,0,0
1788469650.06,331.13,0.00,0.00,SEARCH,,0,0
1788469650.16,331.23,0.00,0.00,SEARCH,,0,0
1788469650.26,331.33,0.00,0.00,SEARCH,,0,0
1788469650.36,331.43,-0.00,0.00,SEARCH,,0,0
1788469650.46,331.53,0.01,0.00,SEARCH,,0,0
1788469650.57,331.63,0.00,0.00,SEARCH,,0,0
1788469650.67,331.73,-0.01,0.00,SEARCH,,0,0
1788469650.77,331.83,0.01,0.00,SEARCH,,0,0
1788469650.87,331.93,0.01,0.00,SEARCH,,0,0
1788469650.97,332.03,-0.00,0.00,SEARCH,,0,0
1788469651.07,332.13,0.01,0.00,SEARCH,,0,0
1788469651.17,332.23,0.01,0.00,SEARCH,,0,0
1788469651.27,332.33,0.00,0.00,SEARCH,,0,0
1788469651.37,332.43,-0.00,0.00,SEARCH,,0,0
1788469651.47,332.53,0.00,0.00,SEARCH,,0,0
1788469651.58,332.63,-0.00,0.00,SEARCH,,0,0
1788469651.68,332.73,0.01,0.00,SEARCH,,0,0
1788469651.78,332.83,-0.00,0.00,SEARCH,,0,0
1788469651.88,332.93,0.00,0.00,SEARCH,,0,0
1788469651.98,333.03,0.01,0.00,SEARCH,,0,0
1788469652.08,333.13,0.00,0.00,SEARCH,,0,0
1788469652.18,333.23,0.00,0.00,SEARCH,,0,0
1788469652.28,333.33,0.00,0.00,SEARCH,,0,0
1788469652.39,333.43,0.01,0.00,SEARCH,,0,0
1788469652.48,333.53,0.00,0.00,SEARCH,,0,0
1788469652.59,333.63,0.00,0.00,SEARCH,,0,0
1788469652.69,333.73,0.01,0.00,SEARCH,,0,0
1788469652.79,333.83,-0.00,0.00,SEARCH,,0,0
1788469652.89,333.93,0.00,0.00,SEARCH,,0,0
1788469652.99,334.03,0.00,0.00,SEARCH,,0,0
1788469653.09,334.13,-0.00,0.00,SEARCH,,0,0
1788469653.19,334.23,-0.00,0.00,SEARCH,,0,0
1788469653.29,334.33,0.01,0.00,SEARCH,,0,0
1788469653.40,334.43,0.00,0.00,SEARCH,,0,0
1788469653.50,334.53,0.00,0.00,SEARCH,,0,0
1788469653.60,334.63,0.01,0.00,SEARCH,,0,0
1788469653.70,334.73,0.01,0.00,SEARCH,,0,0
1788469653.79,334.83,0.00,0.00,SEARCH,,0,0
1788469653.90,334.93,0.00,0.00,SEARCH,,0,0
1788469654.00,335.03,0.00,0.00,SEARCH,,0,0
1788469654.10,335.13,0.00,0.00,SEARCH,,0,0
1788469654.20,335.23,-0.00,0.00,SEARCH,,0,0
1788469654.30,335.33,-0.00,0.00,SEARCH,,0,0
1788469654.40,335.43,0.00,0.00,SEARCH,,0,0
1788469654.50,335.53,-0.00,0.00,SEARCH,,0,0
1788469654.61,335.63,0.00,0.00,SEARCH,,0,0
1788469654.70,335.73,0.00,0.00,SEARCH,,0,0
1788469654.81,335.83,-0.00,0.00,SEARCH,,0,0
1788469654.91,335.93,0.01,0.00,SEARCH,,0,0
1788469655.01,336.03,-0.01,0.00,SEARCH,,0,0
1788469655.11,336.13,-0.00,0.00,SEARCH,,0,0
1788469655.21,336.23,-0.00,0.00,SEARCH,,0,0
1788469655.31,336.33,0.00,0.00,SEARCH,,0,0
1788469655.41,336.43,-0.00,0.00,SEARCH,,0,0
1788469655.51,336.53,-0.00,0.00,SEARCH,,0,0
1788469655.61,336.63,0.01,0.00,SEARCH,,0,0
1788469655.71,336.73,0.01,0.00,SEARCH,,0,0
1788469655.82,336.83,-0.00,0.00,SEARCH,,0,0
1788469655.92,336.93,0.00,0.00,SEARCH,,0,0
1788469656.02,337.03,0.00,0.00,SEARCH,,0,0
1788469656.12,337.13,-0.00,0.00,SEARCH,,0,0
1788469656.22,337.23,-0.00,0.00,SEARCH,,0,0
1788469656.33,337.33,0.00,0.00,SEARCH,,0,0
1788469656.43,337.43,0.00,0.00,SEARCH,,0,0
1788469656.53,337.53,0.00,0.00,SEARCH,,0,0
1788469656.63,337.63,0.01,0.00,SEARCH,,0,0
1788469656.73,337.73,0.01,0.00,SEARCH,,0,0
1788469656.83,337.83,-0.00,0.00,SEARCH,,0,0
1788469656.94,337.93,0.00,0.00,SEARCH,,0,0
1788469657.04,338.03,0.00,0.00,SEARCH,,0,0
1788469657.14,338.13,0.00,0.00,SEARCH,,0,0
1788469657.24,338.23,-0.00,0.00,SEARCH,,0,0
1788469657.34,338.33,0.01,0.00,SEARCH,,0,0
1788469657.45,338.43,-0.00,0.00,SEARCH,,0,0
1788469657.55,338.53,0.00,0.00,SEARCH,,0,0
1788469657.65,338.63,0.00,0.00,SEARCH,,0,0
1788469657.75,338.73,-0.00,0.00,SEARCH,,0,0
1788469657.85,338.83,0.00,0.00,SEARCH,,0,0
1788469657.95,338.93,0.01,0.00,SEARCH,,0,0
1788469658.05,339.03,0.01,0.00,SEARCH,,0,0
1788469658.15,339.13,0.01,0.00,SEARCH,,0,0
1788469658.25,339.23,0.00,0.00,SEARCH,,0,0
1788469658.35,339.33,0.01,0.00,SEARCH,,0,0
1788469658.45,339.43,0.00,0.00,SEARCH,,0,0
1788469658.55,339.53,-0.00,0.00,SEARCH,,0,0
1788469658.66,339.63,0.00,0.00,SEARCH,,0,0
1788469658.76,339.73,0.01,0.00,SEARCH,,0,0
1788469658.86,339.83,0.01,0.00,SEARCH,,0,0
1788469658.96,339.93,0.00,0.00,SEARCH,,0,0
1788469659.06,340.03,0.01,0.00,SEARCH,,0,0
1788469659.16,340.13,0.01,0.00,SEARCH,,0,0
1788469659.27,340.23,-0.00,0.00,SEARCH,,0,0
1788469659.36,340.33,0.00,0.00,SEARCH,,0,0
1788469659.47,340.43,-0.00,0.00,SEARCH,,0,0
1788469659.57,340.53,0.01,0.00,SEARCH,,0,0
1788469659.67,340.63,0.01,0.00,SEARCH,,0,0
1788469659.77,340.73,0.00,0.00,APPROACH,,0,0
1788469659.87,340.83,-0.00,0.00,APPROACH,,0,0
1788469659.97,340.93,0.01,0.00,APPROACH,,0,0
1788469660.07,341.03,0.00,0.00,APPROACH,,0,0
1788469660.17,341.13,-0.00,0.00,APPROACH,,0,0
1788469660.27,341.23,-0.00,0.00,APPROACH,,0,0
1788469660.38,341.33,0.01,0.00,APPROACH,,0,0
1788469660.48,341.43,-0.00,0.00,APPROACH,,0,0
1788469660.58,341.53,0.01,0.00,APPROACH,,0,0
1788469660.68,341.63,-0.00,0.00,APPROACH,,0,0
1788469660.78,341.73,0.00,0.00,APPROACH,,0,0
1788469660.88,341.83,0.00,0.00,APPROACH,,0,0
1788469660.98,341.93,0.00,0.00,APPROACH,,0,0
1788469661.09,342.03,0.01,0.00,APPROACH,,0,0
1788469661.18,342.13,0.00,0.00,APPROACH,,0,0
1788469661.29,342.23,0.01,0.00,APPROACH,,0,0
1788469661.39,342.33,0.01,0.00,APPROACH,,0,0
1788469661.49,342.43,0.00,0.00,APPROACH,,0,0
1788469661.59,342.53,0.01,0.00,APPROACH,,0,0
1788469661.69,342.63,0.00,0.00,APPROACH,,0,0
1788469661.79,342.73,-0.00,0.00,APPROACH,,0,0
1788469661.90,342.83,0.01,0.00,APPROACH,,0,0
1788469661.99,342.93,0.00,0.00,APPROACH,,0,0
1788469662.09,343.03,-0.00,0.00,APPROACH,,0,0
1788469662.19,343.13,0.00,0.00,APPROACH,,0,0
1788469662.30,343.23,0.01,0.00,APPROACH,,0,0
1788469662.40,343.33,-0.00,0.00,APPROACH,,0,0
1788469662.50,343.43,-0.00,0.00,APPROACH,,0,0
1788469662.60,343.53,-0.00,0.00,APPROACH,,0,0
1788469662.70,343.63,-0.00,0.00,APPROACH,,0,0
1788469662.80,343.73,0.01,0.00,APPROACH,,0,0
1788469662.90,343.83,0.00,0.00,APPROACH,,0,0
1788469663.00,343.93,0.00,0.00,APPROACH,,0,0
1788469663.10,344.03,0.00,0.00,APPROACH,,0,0
1788469663.20,344.13,-0.00,0.00,APPROACH,,0,0
1788469663.30,344.23,-0.00,0.00,APPROACH,,0,0
1788469663.40,344.33,-0.00,0.00,APPROACH,,0,0
1788469663.51,344.43,0.01,0.00,APPROACH,,0,0
1788469663.61,344.53,0.01,0.00,APPROACH,,0,0
1788469663.71,344.63,0.00,0.00,APPROACH,,0,0
1788469663.81,344.73,0.01,0.00,APPROACH,,0,0
1788469663.92,344.83,0.01,0.00,APPROACH,,0,0
1788469664.01,344.93,0.00,0.00,APPROACH,,0,0
1788469664.12,345.03,0.01,0.00,APPROACH,,0,0
1788469664.22,345.13,-0.00,0.00,APPROACH,,0,0
1788469664.32,345.23,0.00,0.00,APPROACH,,0,0
1788469664.42,345.33,0.01,0.00,APPROACH,,0,0
1788469664.52,345.43,0.00,0.00,APPROACH,,0,0
1788469664.62,345.53,0.01,0.00,APPROACH,,0,0
1788469664.72,345.63,-0.00,0.00,APPROACH,,0,0
1788469664.82,345.73,0.01,0.00,APPROACH,,0,0
1788469664.93,345.83,-0.00,0.00,APPROACH,,0,0
1788469665.02,345.93,0.01,0.00,APPROACH,,0,0
1788469665.12,346.03,-0.00,0.00,APPROACH,,0,0
1788469665.23,346.13,0.01,0.00,APPROACH,,0,0
1788469665.33,346.23,0.01,0.00,APPROACH,,0,0
1788469665.43,346.33,0.00,0.00,APPROACH,,0,0
1788469665.53,346.43,0.00,0.00,APPROACH,,0,0
1788469665.63,346.53,0.00,0.00,APPROACH,,0,0
1788469665.73,346.63,0.00,0.00,APPROACH,,0,0
1788469665.83,346.73,0.01,0.00,APPROACH,,0,0
1788469665.94,346.83,0.00,0.00,APPROACH,,0,0
1788469666.04,346.93,0.00,0.00,APPROACH,,0,0
1788469666.14,347.03,-0.00,0.00,APPROACH,,0,0
1788469666.24,347.13,-0.00,0.00,APPROACH,,0,0
1788469666.34,347.23,0.01,0.00,APPROACH,,0,0
1788469666.44,347.33,0.00,0.00,APPROACH,,0,0
1788469666.54,347.43,0.00,0.00,APPROACH,,0,0
1788469666.64,347.53,0.00,0.00,APPROACH,,0,0
1788469666.75,347.63,0.00,0.00,APPROACH,,0,0
1788469666.85,347.73,-0.00,0.00,APPROACH,,0,0
1788469666.95,347.83,0.01,0.00,APPROACH,,0,0
1788469667.05,347.93,-0.00,0.00,APPROACH,,0,0
1788469667.15,348.03,0.01,0.00,APPROACH,,0,0
1788469667.25,348.13,0.00,0.00,APPROACH,,0,0
1788469667.35,348.23,-0.00,0.00,APPROACH,,0,0
1788469667.46,348.33,0.01,0.00,APPROACH,,0,0
1788469667.56,348.43,0.01,0.00,APPROACH,,0,0
1788469667.66,348.53,-0.00,0.00,APPROACH,,0,0
1788469667.76,348.63,0.00,0.00,APPROACH,,0,0
1788469667.86,348.73,0.00,0.00,APPROACH,,0,0
1788469667.97,348.83,0.01,0.00,APPROACH,,0,0
1788469668.06,348.93,-0.00,0.00,APPROACH,,0,0
1788469668.17,349.03,0.00,0.00,APPROACH,,0,0
1788469668.27,349.13,0.00,0.00,APPROACH,,0,0
1788469668.37,349.23,0.01,0.00,APPROACH,,0,0
1788469668.47,349.33,0.00,0.00,APPROACH,,0,0
1788469668.57,349.43,0.00,0.00,APPROACH,,0,0
1788469668.67,349.53,0.01,0.00,APPROACH,,0,0
1788469668.78,349.63,-0.00,0.00,APPROACH,,0,0
1788469668.88,349.73,0.00,0.00,APPROACH,,0,0
1788469668.98,349.83,-0.00,0.00,APPROACH,,0,0
1788469669.08,349.93,0.00,0.00,APPROACH,,0,0
1788469669.18,350.03,-0.00,0.00,APPROACH,,0,0
1788469669.28,350.13,0.00,0.00,APPROACH,,0,0
1788469669.38,350.23,0.01,0.00,APPROACH,,0,0
1788469669.48,350.33,0.00,0.00,APPROACH,,0,0
1788469669.59,350.43,0.01,0.00,APPROACH,,0,0
1788469669.69,350.53,0.01,0.00,APPROACH,,0,0
1788469669.79,350.63,-0.00,0.00,APPROACH,,0,0
1788469669.89,350.73,0.00,0.00,APPROACH,,0,0
1788469669.99,350.83,0.01,0.00,APPROACH,,0,0
1788469670.09,350.93,0.01,0.00,APPROACH,,0,0
1788469670.19,351.03,0.01,0.00,APPROACH,,0,0
1788469670.29,351.13,-0.00,0.00,APPROACH,,0,0
1788469670.40,351.23,-0.00,0.00,APPROACH,,0,0
1788469670.50,351.33,0.00,0.00,APPROACH,,0,0
1788469670.60,351.43,0.01,0.00,APPROACH,,0,0
1788469670.70,351.53,-0.00,0.00,APPROACH,,0,0
1788469670.80,351.63,0.01,0.00,APPROACH,,0,0
1788469670.90,351.73,0.01,0.00,APPROACH,,0,0
1788469671.00,351.83,-0.00,0.00,APPROACH,,0,0
1788469671.10,351.93,-0.00,0.00,APPROACH,,0,0
1788469671.21,352.03,0.00,0.00,APPROACH,,0,0
1788469671.31,352.13,0.00,0.00,APPROACH,,0,0
1788469671.41,352.23,0.01,0.00,APPROACH,,0,0
1788469671.51,352.33,0.00,0.00,APPROACH,,0,0
1788469671.62,352.43,0.01,0.00,APPROACH,,0,0
1788469671.71,352.53,0.00,0.00,APPROACH,,0,0
1788469671.81,352.63,0.00,0.00,APPROACH,,0,0
1788469671.92,352.73,0.01,0.00,APPROACH,,0,0
1788469672.02,352.83,0.00,0.00,APPROACH,,0,0
1788469672.12,352.93,0.00,0.00,APPROACH,,0,0
1788469672.22,353.03,0.00,0.00,APPROACH,,0,0
1788469672.32,353.13,-0.01,0.00,APPROACH,,0,0
1788469672.42,353.23,0.00,0.00,APPROACH,,0,0
1788469672.52,353.33,-0.00,0.00,APPROACH,,0,0
1788469672.62,353.43,-0.00,0.00,APPROACH,,0,0
1788469672.73,353.53,-0.01,0.00,APPROACH,,0,0
1788469672.83,353.63,0.01,0.00,APPROACH,,0,0
1788469672.93,353.73,0.01,0.00,APPROACH,,0,0
1788469673.03,353.83,0.00,0.00,APPROACH,,0,0
1788469673.13,353.93,0.00,0.00,APPROACH,,0,0
1788469673.23,354.03,0.01,0.00,APPROACH,,0,0
1788469673.33,354.13,0.00,0.00,APPROACH,,0,0
1788469673.44,354.23,0.01,0.00,APPROACH,,0,0
1788469673.53,354.33,0.00,0.00,APPROACH,,0,0
1788469673.64,354.43,0.00,0.00,APPROACH,,0,0
1788469673.74,354.53,-0.00,0.00,APPROACH,,0,0
1788469673.84,354.63,-0.00,0.00,APPROACH,,0,0
1788469673.94,354.73,-0.00,0.00,APPROACH,,0,0
1788469674.04,354.83,0.01,0.00,APPROACH,,0,0
1788469674.15,354.93,0.01,0.00,APPROACH,,0,0
1788469674.25,355.03,0.01,0.00,APPROACH,,0,0
1788469674.35,355.13,0.00,0.00,APPROACH,,0,0
1788469674.45,355.23,-0.00,0.00,APPROACH,,0,0
1788469674.55,355.33,-0.00,0.00,APPROACH,,0,0
1788469674.65,355.43,0.00,0.00,APPROACH,,0,0
1788469674.75,355.53,0.00,0.00,APPROACH,,0,0
1788469674.85,355.63,0.00,0.00,APPROACH,,0,0
1788469674.96,355.73,0.01,0.00,APPROACH,,0,0
1788469675.05,355.83,0.00,0.00,APPROACH,,0,0
1788469675.16,355.93,-0.00,0.00,APPROACH,,0,0
1788469675.26,356.03,-0.00,0.00,APPROACH,,0,0
1788469675.36,356.13,0.01,0.00,APPROACH,,0,0
1788469675.47,356.23,-0.01,0.00,APPROACH,,0,0
1788469675.57,356.33,0.00,0.00,APPROACH,,0,0
1788469675.67,356.43,0.01,0.00,APPROACH,,0,0
1788469675.78,356.53,0.00,0.00,APPROACH,,0,0
1788469675.88,356.63,0.01,0.00,APPROACH,,0,0
1788469675.98,356.73,-0.00,0.00,APPROACH,,0,0
1788469676.08,356.83,0.00,0.00,APPROACH,,0,0
1788469676.18,356.93,0.00,0.00,APPROACH,,0,0
1788469676.28,357.03,0.00,0.00,APPROACH,,0,0
1788469676.38,357.13,-0.00,0.00,APPROACH,,0,0
1788469676.48,357.23,-0.00,0.00,APPROACH,,0,0
1788469676.58,357.33,0.01,0.00,APPROACH,,0,0
1788469676.68,357.43,0.01,0.00,APPROACH,,0,0
1788469676.78,357.53,-0.01,0.00,APPROACH,,0,0
1788469676.89,357.63,0.01,0.00,APPROACH,,0,0
1788469676.99,357.73,0.01,0.00,APPROACH,,0,0
1788469677.09,357.83,0.00,0.00,APPROACH,,0,0
1788469677.19,357.93,0.01,0.00,APPROACH,,0,0
1788469677.29,358.03,0.01,0.00,APPROACH,,0,0
1788469677.39,358.13,-0.00,0.00,APPROACH,,0,0
1788469677.49,358.23,-0.00,0.00,APPROACH,,0,0
1788469677.59,358.33,0.01,0.00,APPROACH,,0,0
1788469677.69,358.43,0.01,0.00,APPROACH,,0,0
1788469677.79,358.53,0.01,0.00,APPROACH,,0,0
1788469677.90,358.63,-0.00,0.00,APPROACH,,0,0
1788469678.00,358.73,-0.00,0.00,APPROACH,,0,0
1788469678.10,358.83,0.01,0.00,APPROACH,,0,0
1788469678.20,358.93,0.01,0.00,APPROACH,,0,0
1788469678.30,359.03,-0.00,0.00,APPROACH,,0,0
1788469678.40,359.13,-0.00,0.00,APPROACH,,0,0
1788469678.50,359.23,0.00,0.00,APPROACH,,0,0
1788469678.60,359.33,-0.00,0.00,APPROACH,,0,0
1788469678.70,359.43,-0.00,0.00,APPROACH,,0,0
1788469678.80,359.53,0.01,0.00,APPROACH,,0,0
1788469678.90,359.63,0.00,0.00,APPROACH,,0,0
1788469679.00,359.73,0.00,0.00,APPROACH,,0,0
1788469679.11,359.83,0.01,0.00,APPROACH,,0,0
1788469679.21,359.93,0.00,0.00,APPROACH,,0,0
1788469679.31,360.03,0.00,0.00,APPROACH,,0,0
1788469679.41,360.13,0.01,0.00,APPROACH,,0,0
1788469679.51,360.23,0.00,0.00,APPROACH,,0,0
1788469679.61,360.33,0.00,0.00,APPROACH,,0,0
1788469679.71,360.43,0.00,0.00,APPROACH,,0,0
1788469679.81,360.53,0.00,0.00,APPROACH,,0,0
1788469679.91,360.63,0.00,0.00,APPROACH,,0,0
1788469680.01,360.73,0.01,0.00,APPROACH,,0,0
1788469680.12,360.83,0.00,0.00,APPROACH,,0,0
1788469680.22,360.93,0.01,0.00,APPROACH,,0,0
1788469680.32,361.03,0.00,0.00,APPROACH,,0,0
1788469680.42,361.13,0.00,0.00,APPROACH,,0,0
1788469680.52,361.23,0.01,0.00,APPROACH,,0,0
1788469680.62,361.33,0.01,0.00,APPROACH,,0,0
1788469680.72,361.43,-0.00,0.00,APPROACH,,0,0
1788469680.82,361.53,0.00,0.00,APPROACH,,0,0
1788469680.92,361.63,-0.01,0.00,APPROACH,,0,0
1788469681.02,361.73,-0.00,0.00,APPROACH,,0,0
1788469681.12,361.83,-0.00,0.00,APPROACH,,0,0
1788469681.23,361.93,0.00,0.00,APPROACH,,0,0
1788469681.33,362.03,-0.00,0.00,APPROACH,,0,0
1788469681.43,362.13,-0.00,0.00,APPROACH,,0,0
1788469681.53,362.23,0.01,0.00,APPROACH,,0,0
1788469681.63,362.33,-0.00,0.00,APPROACH,,0,0
1788469681.73,362.43,-0.00,0.00,APPROACH,,0,0
1788469681.84,362.53,-0.00,0.00,APPROACH,,0,0
1788469681.94,362.63,0.00,0.00,APPROACH,,0,0
1788469682.04,362.73,0.00,0.00,APPROACH,,0,0
1788469682.14,362.83,-0.00,0.00,APPROACH,,0,0
1788469682.24,362.93,0.00,0.00,APPROACH,,0,0
1788469682.34,363.03,0.01,0.00,APPROACH,,0,0
1788469682.44,363.13,-0.00,0.00,APPROACH,,0,0
1788469682.54,363.23,0.01,0.00,APPROACH,,0,0
1788469682.65,363.33,0.01,0.00,APPROACH,,0,0
1788469682.75,363.43,0.00,0.00,APPROACH,,0,0
1788469682.85,363.53,0.01,0.00,APPROACH,,0,0
1788469682.95,363.63,0.01,0.00,APPROACH,,0,0
1788469683.05,363.73,-0.00,0.00,APPROACH,,0,0
1788469683.15,363.83,0.01,0.00,APPROACH,,0,0
1788469683.25,363.93,-0.00,0.00,APPROACH,,0,0
1788469683.35,364.03,0.00,0.00,APPROACH,,0,0
1788469683.45,364.13,0.01,0.00,APPROACH,,0,0
1788469683.56,364.23,0.00,0.00,APPROACH,,0,0
1788469683.65,364.33,0.01,0.00,APPROACH,,0,0
1788469683.75,364.43,0.00,0.00,APPROACH,,0,0
1788469683.86,364.53,0.00,0.00,APPROACH,,0,0
1788469683.96,364.63,0.00,0.00,APPROACH,,0,0
1788469684.06,364.73,-0.00,0.00,APPROACH,,0,0
1788469684.16,364.83,0.00,0.00,APPROACH,,0,0
1788469684.26,364.93,-0.00,0.00,APPROACH,,0,0
1788469684.36,365.03,-0.00,0.00,APPROACH,,0,0
1788469684.46,365.13,0.01,0.00,APPROACH,,0,0
1788469684.56,365.23,-0.00,0.00,APPROACH,,0,0
1788469684.66,365.33,0.01,0.00,APPROACH,,0,0
1788469684.77,365.43,0.00,0.00,APPROACH,,0,0
1788469684.87,365.53,0.01,0.00,APPROACH,,0,0
1788469684.97,365.63,0.00,0.00,APPROACH,,0,0
1788469685.07,365.73,0.00,0.00,APPROACH,,0,0
1788469685.17,365.83,0.01,0.00,APPROACH,,0,0
1788469685.27,365.93,0.01,0.00,APPROACH,,0,0
1788469685.37,366.03,0.00,0.00,APPROACH,,0,0
1788469685.47,366.13,0.01,0.00,APPROACH,,0,0
1788469685.57,366.23,-0.00,0.00,APPROACH,,0,0
1788469685.67,366.33,-0.00,0.00,APPROACH,,0,0
1788469685.78,366.43,0.00,0.00,APPROACH,,0,0
1788469685.88,366.53,0.01,0.00,APPROACH,,0,0
1788469685.98,366.63,-0.00,0.00,APPROACH,,0,0
1788469686.08,366.73,-0.00,0.00,APPROACH,,0,0
1788469686.18,366.83,0.01,0.00,APPROACH,,0,0
1788469686.28,366.93,0.01,0.00,APPROACH,,0,0
1788469686.38,367.03,0.01,0.00,APPROACH,,0,0
1788469686.48,367.13,-0.00,0.00,APPROACH,,0,0
1788469686.58,367.23,-0.00,0.00,APPROACH,,0,0
1788469686.68,367.33,-0.00,0.00,APPROACH,,0,0
1788469686.79,367.43,0.01,0.00,APPROACH,,0,0
1788469686.88,367.53,0.00,0.00,APPROACH,,0,0
1788469686.99,367.63,-0.00,0.00,APPROACH,,0,0
1788469687.09,367.73,-0.00,0.00,APPROACH,,0,0
1788469687.19,367.83,0.01,0.00,APPROACH,,0,0
1788469687.29,367.93,-0.00,0.00,APPROACH,,0,0
1788469687.39,368.03,0.00,0.00,APPROACH,,0,0
1788469687.49,368.13,0.00,0.00,APPROACH,,0,0
1788469687.60,368.23,-0.00,0.00,APPROACH,,0,0
1788469687.70,368.33,-0.00,0.00,APPROACH,,0,0
1788469687.80,368.43,-0.00,0.00,APPROACH,,0,0
1788469687.90,368.53,0.00,0.00,APPROACH,,0,0
1788469688.00,368.63,-0.00,0.00,APPROACH,,0,0
1788469688.10,368.73,0.01,0.00,APPROACH,,0,0
1788469688.21,368.83,0.01,0.00,APPROACH,,0,0
1788469688.30,368.93,0.01,0.00,APPROACH,,0,0
1788469688.41,369.03,0.00,0.00,APPROACH,,0,0
1788469688.51,369.13,-0.00,0.00,REFINE,,0,0
1788469688.61,369.23,0.01,0.00,REFINE,,0,0
1788469688.71,369.33,0.01,0.00,REFINE,,0,0
1788469688.81,369.43,0.00,0.00,REFINE,,0,0
1788469688.92,369.53,-0.00,0.00,REFINE,,0,0
1788469689.02,369.63,0.00,0.00,REFINE,,0,0
1788469689.12,369.73,0.00,0.00,REFINE,,0,0
1788469689.22,369.83,-0.00,0.00,REFINE,,0,0
1788469689.32,369.93,0.00,0.00,REFINE,,0,0
1788469689.42,370.03,0.01,0.00,REFINE,,0,0
1788469689.52,370.13,0.01,0.00,REFINE,,0,0
1788469689.62,370.23,0.01,0.00,REFINE,,0,0
1788469689.72,370.33,-0.00,0.00,DEPLOY,,0,0
1788469689.82,370.43,0.00,0.00,DEPLOY,,0,0
1788469689.92,370.53,-0.00,0.00,DEPLOY,,0,0
1788469690.02,370.63,0.00,0.00,DEPLOY,,0,0
1788469690.12,370.73,0.00,0.00,DEPLOY,,0,0
1788469690.22,370.83,0.00,0.00,DEPLOY,,0,0
1788469690.32,370.93,0.01,0.00,DEPLOY,,0,0
1788469690.42,371.03,0.01,0.00,DEPLOY,,0,0
1788469690.52,371.13,0.00,0.00,DEPLOY,,0,0
1788469690.62,371.23,0.00,0.00,DEPLOY,,0,0
1788469690.72,371.33,0.00,0.00,DEPLOY,,0,0
1788469690.82,371.43,0.01,0.00,DEPLOY,,0,0
1788469690.92,371.53,0.01,0.00,DEPLOY,,0,0
1788469691.02,371.63,0.00,0.00,DEPLOY,,0,0
1788469691.12,371.73,0.01,0.00,DEPLOY,,0,0
1788469691.22,371.83,-0.00,0.00,DEPLOY,,0,0
1788469691.32,371.93,-0.00,0.00,DEPLOY,,0,0
1788469691.42,372.03,0.00,0.00,DEPLOY,,0,0
1788469691.52,372.13,0.01,0.00,DEPLOY,,0,0
1788469691.62,372.23,-0.00,0.00,DEPLOY,,0,0
1788469691.72,372.33,0.00,0.00,DEPLOY,,0,0
1788469691.82,372.43,0.01,0.00,DEPLOY,,0,0
1788469691.92,372.53,-0.00,0.00,DEPLOY,,0,0
1788469692.02,372.63,0.01,0.00,DEPLOY,,0,0
1788469692.12,372.73,-0.01,0.00,DEPLOY,,0,0
1788469692.22,372.83,-0.00,0.00,DEPLOY,,0,0
1788469692.32,372.93,0.00,0.00,DEPLOY,,0,0
1788469692.43,373.03,0.01,0.00,DEPLOY,,0,0
1788469692.52,373.13,0.00,0.00,DEPLOY,,0,0
1788469692.62,373.23,0.00,0.00,DEPLOY,,0,0
1788469692.72,373.33,0.01,0.00,DEPLOY,,0,0
1788469692.83,373.43,0.01,0.00,DEPLOY,,0,0
1788469692.92,373.53,-0.00,0.00,DEPLOY,,0,0
1788469693.03,373.63,0.00,0.00,DEPLOY,,0,0
1788469693.13,373.73,0.00,0.00,DEPLOY,,0,0
1788469693.23,373.83,-0.00,0.00,DEPLOY,,0,0
1788469693.33,373.93,0.00,0.00,DEPLOY,,0,0
1788469693.43,374.03,0.00,0.00,DEPLOY,,0,0
1788469693.53,374.13,-0.00,0.00,DEPLOY,,0,0
1788469693.63,374.23,-0.00,0.00,DEPLOY,,0,0
1788469693.73,374.33,0.01,0.00,DEPLOY,,0,0
1788469693.83,374.43,0.01,0.00,DEPLOY,,0,0
1788469693.93,374.53,-0.00,0.00,DEPLOY,,0,0
1788469694.03,374.63,0.00,0.00,DEPLOY,,0,0
1788469694.13,374.73,0.00,0.00,DEPLOY,,0,0
1788469694.23,374.83,0.01,0.00,DEPLOY,,0,0
1788469694.33,374.93,0.01,0.00,DEPLOY,,0,0
1788469694.43,375.03,0.00,0.00,DEPLOY,,0,0
1788469694.53,375.13,0.00,0.00,DEPLOY,,0,0
1788469694.63,375.23,-0.00,0.00,DEPLOY,,0,0
1788469694.73,375.33,-0.00,0.00,DEPLOY,,0,0
1788469694.83,375.43,-0.00,0.00,DEPLOY,,0,0
1788469694.93,375.53,0.01,0.00,DEPLOY,,0,0
1788469695.04,375.63,0.01,0.00,DEPLOY,,0,0
1788469695.14,375.73,0.00,0.00,DEPLOY,,0,0
1788469695.24,375.83,0.01,0.00,DEPLOY,,0,0
1788469695.34,375.93,0.01,0.00,DEPLOY,,0,0
1788469695.44,376.03,0.00,0.00,DEPLOY,,0,0
1788469695.54,376.13,0.00,0.00,DEPLOY,,0,0
1788469695.64,376.23,0.00,0.00,DEPLOY,,0,0
1788469695.74,376.33,0.00,0.00,DEPLOY,,0,0
1788469695.84,376.43,0.00,0.00,DEPLOY,,0,0
1788469695.94,376.53,0.00,0.00,DEPLOY,,0,0
1788469696.04,376.63,0.01,0.00,DEPLOY,,0,0
1788469696.14,376.73,-0.00,0.00,DEPLOY,,0,0
1788469696.25,376.83,0.00,0.00,DEPLOY,,0,0
1788469696.35,376.93,-0.00,0.00,DEPLOY,,0,0
1788469696.45,377.03,0.00,0.00,DEPLOY,,0,0
1788469696.55,377.13,-0.00,0.00,DEPLOY,,0,0
1788469696.65,377.23,0.01,0.00,DEPLOY,,0,0
1788469696.75,377.33,0.01,0.00,DEPLOY,,0,0
1788469696.85,377.43,-0.00,0.00,DEPLOY,,0,0
1788469696.95,377.53,0.00,0.00,DEPLOY,,0,0
1788469697.05,377.63,0.01,0.00,DEPLOY,,0,0
1788469697.15,377.73,0.00,0.00,DEPLOY,,0,0
1788469697.26,377.83,0.01,0.00,DEPLOY,,0,0
1788469697.36,377.93,-0.00,0.00,DEPLOY,,0,0
1788469697.46,378.03,0.00,0.00,DEPLOY,,0,0
1788469697.56,378.13,-0.00,0.00,DEPLOY,,0,0
1788469697.66,378.23,-0.00,0.00,DEPLOY,,0,0
1788469697.76,378.33,0.01,0.00,DEPLOY,,0,0
1788469697.86,378.43,0.00,0.00,DEPLOY,,0,0
1788469697.96,378.53,-0.00,0.00,DEPLOY,,0,0
1788469698.07,378.63,0.00,0.00,DEPLOY,,0,0
1788469698.17,378.73,0.01,0.00,DEPLOY,,0,0
1788469698.27,378.83,-0.00,0.00,DEPLOY,,0,0
1788469698.37,378.93,0.01,0.00,DEPLOY,,0,0
1788469698.47,379.03,-0.01,0.00,DEPLOY,,0,0
1788469698.57,379.13,0.01,0.00,DEPLOY,,0,0
1788469698.68,379.23,0.00,0.00,DEPLOY,,0,0
1788469698.77,379.33,0.00,0.00,DEPLOY,,0,0
1788469698.88,379.43,0.01,0.00,DEPLOY,,0,0
1788469698.98,379.53,0.01,0.00,DEPLOY,,0,0
1788469699.08,379.63,-0.00,0.00,DEPLOY,,0,0
1788469699.18,379.73,0.00,0.00,DEPLOY,,0,0
1788469699.28,379.83,0.00,0.00,DEPLOY,,0,0
1788469699.38,379.93,0.00,0.00,DEPLOY,,0,0
1788469699.48,380.03,0.00,0.00,DEPLOY,,0,0
1788469699.58,380.13,-0.00,0.00,DEPLOY,,0,0
1788469699.68,380.23,0.00,0.00,DEPLOY,,0,0
1788469699.78,380.33,0.01,0.00,DEPLOY,,0,0
1788469699.89,380.43,0.00,0.00,DEPLOY,,0,0
1788469699.99,380.53,0.01,0.00,DEPLOY,,0,0
1788469700.09,380.63,0.00,0.00,DEPLOY,,0,0
1788469700.19,380.73,-0.00,0.00,DEPLOY,,0,0
1788469700.29,380.83,-0.00,0.00,DEPLOY,,0,0
1788469700.39,380.93,-0.00,0.00,DEPLOY,,0,0
1788469700.49,381.03,-0.00,0.00,DEPLOY,,0,0
1788469700.59,381.13,0.00,0.00,DEPLOY,,0,0
1788469700.70,381.23,0.01,0.00,DEPLOY,,0,0
1788469700.80,381.33,0.00,0.00,DEPLOY,,0,0
1788469700.90,381.43,0.00,0.00,DEPLOY,,0,0
1788469701.00,381.53,0.00,0.00,DEPLOY,,0,0
1788469701.10,381.63,0.01,0.00,DEPLOY,,0,0
1788469701.20,381.73,0.00,0.00,DEPLOY,,0,0
1788469701.31,381.83,0.00,0.00,DEPLOY,,0,1
1788469701.40,381.93,0.01,0.00,DEPLOY,,0,0
1788469701.50,382.03,0.01,0.00,DEPLOY,,0,0
1788469701.60,382.13,0.01,0.00,DEPLOY,,0,0
1788469701.71,382.23,0.00,0.00,DEPLOY,,0,0
1788469701.81,382.33,-0.01,0.00,DEPLOY,,0,0
1788469701.91,382.43,0.00,0.00,DEPLOY,,0,0
1788469702.01,382.53,-0.00,0.00,DEPLOY,,0,0
1788469702.11,382.63,-0.01,0.00,DEPLOY,,0,0
1788469702.22,382.73,0.01,0.00,DEPLOY,,0,0
1788469702.32,382.83,0.01,0.00,DEPLOY,,0,0
1788469702.42,382.93,-0.00,0.00,DEPLOY,,0,0
1788469702.52,383.03,-0.00,0.00,DEPLOY,,0,0
1788469702.63,383.13,0.00,0.00,DEPLOY,,0,0
1788469702.72,383.23,0.01,0.00,DEPLOY,,0,0
1788469702.83,383.33,0.00,0.00,DEPLOY,,0,0
1788469702.93,383.43,0.00,0.00,DEPLOY,,0,0
1788469703.03,383.53,0.00,0.00,DEPLOY,,0,0
1788469703.13,383.63,-0.00,0.00,DEPLOY,,0,0
1788469703.23,383.73,0.00,0.00,DEPLOY,,0,0
1788469703.33,383.83,0.01,0.00,DEPLOY,,0,0
1788469703.43,383.93,0.00,0.00,DEPLOY,,0,0
1788469703.53,384.03,0.01,0.00,DEPLOY,,0,0
1788469703.63,384.13,0.00,0.00,DEPLOY,,0,0
1788469703.73,384.23,-0.01,0.00,DEPLOY,,0,0
1788469703.83,384.33,0.00,0.00,DEPLOY,,0,0
1788469703.93,384.43,-0.00,0.00,DEPLOY,,0,0
1788469704.03,384.53,-0.00,0.00,DEPLOY,,0,0
1788469704.13,384.63,-0.01,0.00,DEPLOY,,0,0
1788469704.24,384.73,0.01,0.00,DEPLOY,,0,0
1788469704.34,384.83,-0.00,0.00,DEPLOY,,0,0
1788469704.44,384.93,-0.00,0.00,DEPLOY,,0,0
1788469704.54,385.03,0.00,0.00,DEPLOY,,0,0
1788469704.64,385.13,0.01,0.00,DEPLOY,,0,0
1788469704.74,385.23,0.00,0.00,DEPLOY,,0,0
1788469704.84,385.33,0.01,0.00,DEPLOY,,0,0
1788469704.94,385.43,0.00,0.00,DEPLOY,,0,0
1788469705.04,385.53,0.00,0.00,DEPLOY,,0,0
1788469705.14,385.63,-0.00,0.00,DEPLOY,,0,0
1788469705.25,385.73,-0.00,0.00,DEPLOY,,0,0
1788469705.34,385.83,-0.00,0.00,DEPLOY,,0,0
1788469705.45,385.93,0.01,0.00,DEPLOY,,0,0
1788469705.55,386.03,0.01,0.00,DEPLOY,,0,0
1788469705.65,386.13,0.00,0.00,DEPLOY,,0,0
1788469705.75,386.23,0.01,0.00,DEPLOY,,0,0
1788469705.85,386.33,-0.00,0.00,DEPLOY,,0,0
1788469705.95,386.43,0.01,0.00,DEPLOY,,0,0
1788469706.05,386.53,0.01,0.00,DEPLOY,,0,0
1788469706.16,386.63,0.00,0.00,DEPLOY,,0,0
1788469706.26,386.73,-0.00,0.00,DEPLOY,,0,0
1788469706.36,386.83,0.01,0.00,DEPLOY,,0,0
1788469706.46,386.93,-0.00,0.00,DEPLOY,,0,0
1788469706.57,387.03,0.00,0.00,DEPLOY,,0,0
1788469706.67,387.13,0.01,0.00,DEPLOY,,0,0
1788469706.77,387.23,0.00,0.00,DEPLOY,,0,0
1788469706.87,387.33,-0.01,0.00,DEPLOY,,0,0
1788469706.97,387.43,0.00,0.00,DEPLOY,,0,0
1788469707.07,387.53,0.01,0.00,DEPLOY,,0,0
1788469707.17,387.63,-0.00,0.00,DEPLOY,,0,0
1788469707.27,387.73,0.01,0.00,DEPLOY,,0,0
1788469707.38,387.83,0.00,0.00,DEPLOY,,0,0
1788469707.47,387.93,-0.00,0.00,DEPLOY,,0,0
1788469707.58,388.03,-0.00,0.00,DEPLOY,,0,0
1788469707.68,388.13,0.01,0.00,DEPLOY,,0,0
1788469707.78,388.23,-0.00,0.00,DEPLOY,,0,0
1788469707.88,388.33,-0.00,0.00,DEPLOY,,0,0
1788469707.98,388.43,0.00,0.00,DEPLOY,,0,0
1788469708.08,388.53,-0.00,0.00,DEPLOY,,0,0
1788469708.18,388.63,-0.01,0.00,DEPLOY,,0,0
1788469708.28,388.73,0.01,0.00,DEPLOY,,0,0
1788469708.39,388.83,0.01,0.00,DEPLOY,,0,0
1788469708.49,388.93,-0.00,0.00,DEPLOY,,0,0
1788469708.59,389.03,-0.00,0.00,DEPLOY,,0,0
1788469708.69,389.13,0.01,0.00,DEPLOY,,0,0
1788469708.79,389.23,-0.00,0.00,DEPLOY,,0,0
1788469708.90,389.33,0.00,0.00,DEPLOY,,0,0
1788469709.00,389.43,0.01,0.00,DEPLOY,,0,0
1788469709.10,389.53,0.01,0.00,DEPLOY,,0,0
1788469709.20,389.63,0.00,0.00,DEPLOY,,0,0
1788469709.30,389.73,0.00,0.00,DEPLOY,,0,0
1788469709.41,389.83,0.00,0.00,DEPLOY,,0,0
1788469709.50,389.93,0.01,0.00,DEPLOY,,0,0
1788469709.61,390.03,0.00,0.00,DEPLOY,,0,0
1788469709.71,390.13,-0.00,0.00,DEPLOY,,0,0
1788469709.81,390.23,-0.00,0.00,DEPLOY,,0,0
1788469709.91,390.33,0.00,0.00,DEPLOY,,0,0
1788469710.01,390.43,-0.00,0.00,DEPLOY,,0,0
1788469710.12,390.53,-0.00,0.00,DEPLOY,,0,0
1788469710.21,390.63,0.01,0.00,DEPLOY,,0,0
1788469710.32,390.73,-0.00,0.00,DEPLOY,,0,0
1788469710.42,390.83,0.00,0.00,DEPLOY,,0,0
1788469710.52,390.93,0.01,0.00,DEPLOY,,0,0
1788469710.62,391.03,0.01,0.00,DEPLOY,,0,0
1788469710.72,391.13,0.01,0.00,DEPLOY,,0,0
1788469710.82,391.23,0.01,0.00,DEPLOY,,0,0
1788469710.92,391.33,0.00,0.00,DEPLOY,,0,0
1788469711.02,391.43,0.00,0.00,DEPLOY,,0,0
1788469711.12,391.53,0.00,0.00,DEPLOY,,0,0
1788469711.22,391.63,0.00,0.00,DEPLOY,,0,0
1788469711.32,391.73,0.00,0.00,DEPLOY,,0,0
1788469711.42,391.83,0.01,0.00,DEPLOY,,0,0
1788469711.52,391.93,0.00,0.00,DEPLOY,,0,0
1788469711.63,392.03,0.01,0.00,DEPLOY,,0,0
1788469711.73,392.13,0.00,0.00,DEPLOY,,0,0
1788469711.83,392.23,0.00,0.00,DEPLOY,,0,0
1788469711.93,392.33,-0.00,0.00,DEPLOY,,0,0
1788469712.04,392.43,0.01,0.00,DEPLOY,,0,0
1788469712.14,392.53,-0.00,0.00,DEPLOY,,0,0
1788469712.24,392.63,0.00,0.00,DEPLOY,,0,0
1788469712.34,392.73,-0.00,0.00,DEPLOY,,0,0
1788469712.44,392.83,0.00,0.00,DEPLOY,,0,0
1788469712.54,392.93,-0.00,0.00,DEPLOY,,0,0
1788469712.65,393.03,-0.00,0.00,DEPLOY,,0,0
1788469712.75,393.13,0.00,0.00,DEPLOY,,0,0
1788469712.86,393.23,-0.00,0.00,DEPLOY,,0,0
1788469712.96,393.33,0.01,0.00,DEPLOY,,0,0
1788469713.06,393.43,-0.00,0.00,DEPLOY,,0,0
1788469713.16,393.53,0.00,0.00,DEPLOY,,0,0
1788469713.26,393.63,-0.00,0.00,DEPLOY,,0,0
1788469713.36,393.73,0.01,0.00,DEPLOY,,0,0
1788469713.46,393.83,0.00,0.00,DEPLOY,,0,0
1788469713.56,393.93,-0.01,0.00,DEPLOY,,0,0
1788469713.67,394.03,0.01,0.00,DEPLOY,,0,0
1788469713.77,394.13,0.01,0.00,DEPLOY,,0,0
1788469713.87,394.23,0.01,0.00,DEPLOY,,0,0
1788469713.97,394.33,0.01,0.00,DEPLOY,,0,0
1788469714.07,394.43,0.01,0.00,MANIPULATE,,0,0
1788469714.19,394.55,0.01,0.00,MANIPULATE,,0,0
1788469714.28,394.63,-0.00,0.00,MANIPULATE,,0,0
1788469714.37,394.73,0.01,0.00,MANIPULATE,,0,0
1788469714.48,394.83,-0.00,0.00,MANIPULATE,,0,0
1788469714.58,394.93,0.01,0.00,MANIPULATE,,0,0
1788469714.68,395.03,-0.01,0.00,MANIPULATE,,0,0
1788469714.78,395.13,-0.00,0.00,MANIPULATE,,0,0
1788469714.89,395.23,0.00,0.00,MANIPULATE,,0,0
1788469714.98,395.33,-0.00,0.00,MANIPULATE,,0,0
1788469715.09,395.43,0.00,0.00,MANIPULATE,,0,0
1788469715.19,395.53,0.01,0.00,MANIPULATE,,0,0
1788469715.29,395.63,0.01,0.00,MANIPULATE,,0,0
1788469715.39,395.73,0.00,0.00,MANIPULATE,,0,0
1788469715.49,395.83,-0.00,0.00,MANIPULATE,,0,0
1788469715.59,395.93,0.01,0.00,MANIPULATE,,0,0
1788469715.69,396.03,-0.00,0.00,MANIPULATE,,0,0
1788469715.79,396.13,0.00,0.00,MANIPULATE,,0,0
1788469715.90,396.23,0.00,0.00,MANIPULATE,,0,0
1788469716.00,396.33,-0.00,0.00,MANIPULATE,,0,0
1788469716.10,396.43,0.01,0.00,MANIPULATE,,0,0
1788469716.20,396.53,0.01,0.00,MANIPULATE,,0,0
1788469716.30,396.63,0.00,0.00,MANIPULATE,,0,0
1788469716.40,396.73,0.00,0.00,MANIPULATE,,0,0
1788469716.50,396.83,0.01,0.00,MANIPULATE,,0,0
1788469716.60,396.93,0.01,0.00,MANIPULATE,,0,0
1788469716.71,397.03,-0.00,0.00,MANIPULATE,orienta,0,0
1788469716.80,397.13,-0.00,0.00,MANIPULATE,orienta,0,0
1788469716.91,397.23,0.01,0.00,MANIPULATE,orienta,0,0
1788469717.01,397.33,0.00,0.00,MANIPULATE,orienta,0,0
1788469717.11,397.43,-0.00,0.00,MANIPULATE,orienta,0,0
1788469717.21,397.53,0.01,0.00,MANIPULATE,orienta,0,0
1788469717.31,397.63,0.01,0.00,MANIPULATE,orienta,0,0
1788469717.41,397.73,0.00,0.00,MANIPULATE,orienta,0,0
1788469717.51,397.83,0.00,0.00,MANIPULATE,orienta,0,0
1788469717.61,397.93,0.01,0.00,MANIPULATE,orienta,0,0
1788469717.72,398.03,-0.01,0.00,MANIPULATE,orienta,0,0
1788469717.82,398.13,0.00,0.00,MANIPULATE,orienta,0,0
1788469717.92,398.23,-0.00,0.00,MANIPULATE,orienta,0,0
1788469718.02,398.33,-0.00,0.00,MANIPULATE,orienta,0,0
1788469718.12,398.43,-0.00,0.00,MANIPULATE,orienta,0,0
1788469718.22,398.53,0.00,0.00,MANIPULATE,orienta,0,0
1788469718.32,398.63,-0.00,0.00,MANIPULATE,orienta,0,0
1788469718.42,398.73,0.00,0.00,MANIPULATE,orienta,0,0
1788469718.52,398.83,-0.00,0.00,MANIPULATE,orienta,0,0
1788469718.62,398.93,0.01,0.00,MANIPULATE,orienta,0,0
1788469718.72,399.03,-0.00,0.00,MANIPULATE,orienta,0,0
1788469718.82,399.13,0.00,0.00,MANIPULATE,orienta,0,0
1788469718.92,399.23,0.00,0.00,MANIPULATE,orienta,0,0
1788469719.02,399.33,-0.00,0.00,MANIPULATE,orienta,0,0
1788469719.12,399.43,0.00,0.00,MANIPULATE,orienta,0,0
1788469719.23,399.53,0.00,0.00,MANIPULATE,orienta,0,0
1788469719.33,399.63,-0.00,0.00,MANIPULATE,orienta,0,0
1788469719.43,399.73,0.00,0.00,MANIPULATE,orienta,0,0
1788469719.53,399.83,0.00,0.00,MANIPULATE,orienta,0,0
1788469719.63,399.93,0.01,0.00,MANIPULATE,orienta,0,0
1788469719.73,400.03,-0.00,0.00,MANIPULATE,orienta,0,0
1788469719.84,400.13,0.00,0.00,MANIPULATE,orienta,0,0
1788469719.94,400.23,0.00,0.00,MANIPULATE,orienta,0,0
1788469720.04,400.33,0.00,0.00,MANIPULATE,orienta,0,0
1788469720.14,400.43,0.00,0.00,MANIPULATE,orienta,0,0
1788469720.24,400.53,0.00,0.00,MANIPULATE,orienta,0,0
1788469720.34,400.63,-0.00,0.00,MANIPULATE,orienta,0,0
1788469720.44,400.73,0.00,0.00,MANIPULATE,orienta,0,0
1788469720.55,400.83,0.00,0.00,MANIPULATE,orienta,0,0
1788469720.64,400.93,0.00,0.00,MANIPULATE,orienta,0,0
1788469720.74,401.03,0.01,0.00,MANIPULATE,orienta,0,0
1788469720.84,401.13,0.00,0.00,MANIPULATE,orienta,0,0
1788469720.94,401.23,0.01,0.00,MANIPULATE,aproxima_lateral,0,0
1788469721.04,401.33,0.01,0.00,MANIPULATE,aproxima_lateral,0,0
1788469721.15,401.43,0.00,0.00,MANIPULATE,aproxima_lateral,0,0
1788469721.25,401.53,0.00,0.00,MANIPULATE,aproxima_lateral,0,0
1788469721.35,401.63,0.00,0.00,MANIPULATE,aproxima_lateral,0,0
1788469721.45,401.73,-0.00,0.00,MANIPULATE,aproxima_lateral,0,0
1788469721.55,401.83,0.00,0.00,MANIPULATE,aproxima_lateral,0,0
1788469721.66,401.93,0.01,0.00,MANIPULATE,aproxima_lateral,0,0
1788469721.76,402.03,0.00,0.00,MANIPULATE,aproxima_lateral,0,0
1788469721.86,402.13,0.01,0.00,MANIPULATE,aproxima_lateral,0,0
1788469721.96,402.23,0.01,0.00,MANIPULATE,aproxima_lateral,0,0
1788469722.06,402.33,0.00,0.00,MANIPULATE,aproxima_lateral,0,0
1788469722.17,402.43,-0.01,0.00,MANIPULATE,aproxima_lateral,0,0
1788469722.27,402.53,0.01,0.00,MANIPULATE,aproxima_lateral,0,0
1788469722.37,402.63,0.01,0.00,MANIPULATE,aproxima_lateral,0,0
1788469722.47,402.73,0.00,0.00,MANIPULATE,aproxima_lateral,0,0
1788469722.57,402.83,0.01,0.00,MANIPULATE,aproxima_lateral,0,0
1788469722.67,402.93,-0.00,0.00,MANIPULATE,aproxima_lateral,0,0
1788469722.77,403.03,-0.00,0.00,MANIPULATE,aproxima_lateral,0,0
1788469722.87,403.13,0.01,0.00,MANIPULATE,aproxima_lateral,0,0
1788469722.98,403.23,0.01,0.00,MANIPULATE,aproxima_lateral,0,0
1788469723.07,403.33,-0.00,0.00,MANIPULATE,aproxima_lateral,0,0
1788469723.17,403.43,0.00,0.00,MANIPULATE,aproxima_lateral,0,0
1788469723.28,403.53,0.01,0.00,MANIPULATE,aproxima_lateral,0,0
1788469723.38,403.63,-0.00,0.00,MANIPULATE,aproxima_lateral,0,0
1788469723.48,403.73,0.01,0.00,MANIPULATE,aproxima_lateral,0,0
1788469723.58,403.83,-0.00,0.00,MANIPULATE,aproxima_lateral,0,0
1788469723.68,403.93,0.00,0.00,MANIPULATE,aproxima_lateral,0,0
1788469723.79,404.03,-0.01,0.01,MANIPULATE,aproxima_lateral,0,0
1788469723.89,404.13,-0.00,0.01,MANIPULATE,aproxima_lateral,0,0
1788469723.99,404.23,0.01,0.02,MANIPULATE,aproxima_lateral,0,0
1788469724.09,404.33,0.01,0.02,MANIPULATE,aproxima_lateral,0,0
1788469724.19,404.43,-0.01,0.03,MANIPULATE,aproxima_lateral,0,0
1788469724.29,404.53,0.01,0.03,MANIPULATE,aproxima_lateral,0,0
1788469724.40,404.63,-0.01,0.03,MANIPULATE,aproxima_lateral,0,0
1788469724.50,404.73,0.00,0.02,MANIPULATE,aproxima_lateral,0,0
1788469724.60,404.83,0.01,0.00,MANIPULATE,aproxima_lateral,0,0
1788469724.70,404.93,-0.00,-0.00,MANIPULATE,aproxima_lateral,0,0
1788469724.80,405.03,-0.00,0.00,MANIPULATE,aproxima_lateral,0,0
1788469724.90,405.13,-0.00,0.00,MANIPULATE,atravessa,0,0
1788469725.00,405.23,-0.00,-0.00,MANIPULATE,atravessa,0,0
1788469725.10,405.33,0.00,0.00,MANIPULATE,atravessa,0,0
1788469725.21,405.43,-0.00,0.00,MANIPULATE,atravessa,0,0
1788469725.31,405.53,-0.00,0.00,MANIPULATE,atravessa,0,0
1788469725.41,405.63,0.00,0.00,MANIPULATE,atravessa,0,0
1788469725.51,405.73,0.01,0.01,MANIPULATE,atravessa,0,0
1788469725.61,405.83,-0.00,0.01,MANIPULATE,atravessa,0,0
1788469725.71,405.93,0.01,0.01,MANIPULATE,atravessa,0,0
1788469725.81,406.03,-0.00,0.01,MANIPULATE,atravessa,0,0
1788469725.92,406.13,-0.00,0.02,MANIPULATE,atravessa,0,0
1788469726.02,406.23,-0.00,0.02,MANIPULATE,atravessa,0,0
1788469726.12,406.33,-0.00,0.02,MANIPULATE,atravessa,0,0
1788469726.23,406.43,0.01,0.03,MANIPULATE,atravessa,0,0
1788469726.33,406.53,-0.00,0.03,MANIPULATE,atravessa,0,0
1788469726.43,406.63,0.00,0.03,MANIPULATE,atravessa,0,0
1788469726.53,406.73,0.00,0.03,MANIPULATE,atravessa,0,0
1788469726.64,406.83,0.00,0.04,MANIPULATE,atravessa,0,0
1788469726.74,406.93,0.00,0.04,MANIPULATE,atravessa,0,0
1788469726.84,407.03,-0.00,0.03,MANIPULATE,atravessa,0,0
1788469726.94,407.13,0.00,0.03,MANIPULATE,atravessa,0,0
1788469727.04,407.23,-0.00,0.03,MANIPULATE,atravessa,0,0
1788469727.15,407.33,-0.00,0.03,MANIPULATE,atravessa,0,0
1788469727.25,407.43,0.00,-0.00,MANIPULATE,atravessa,0,0
1788469727.35,407.53,-0.00,0.00,MANIPULATE,atravessa,0,0
1788469727.45,407.63,0.00,-0.00,MANIPULATE,atravessa,0,0
1788469727.55,407.73,0.01,-0.00,MANIPULATE,atravessa,0,0
1788469727.65,407.83,0.01,-0.00,MANIPULATE,atravessa,0,0
1788469727.75,407.93,-0.00,-0.00,MANIPULATE,atravessa,0,0
1788469727.86,408.03,-0.00,-0.00,MANIPULATE,atravessa,0,0
1788469727.96,408.13,0.01,-0.00,MANIPULATE,atravessa,0,0
1788469728.06,408.23,-0.00,-0.00,MANIPULATE,atravessa,0,0
1788469728.16,408.33,-0.00,-0.00,MANIPULATE,atravessa,0,0
1788469728.26,408.43,-0.00,-0.00,MANIPULATE,atravessa,0,0
1788469728.36,408.53,-0.00,-0.00,MANIPULATE,atravessa,0,0
1788469728.46,408.63,0.00,-0.00,MANIPULATE,captura,0,0
1788469728.56,408.73,0.00,-0.00,MANIPULATE,captura,0,0
1788469728.67,408.83,-0.01,-0.00,MANIPULATE,captura,0,0
1788469728.77,408.93,0.01,-0.00,MANIPULATE,captura,0,0
1788469728.88,409.03,-0.01,-0.00,MANIPULATE,captura,0,0
1788469728.98,409.13,0.00,-0.00,MANIPULATE,destrava,0,0
1788469729.08,409.23,-0.00,-0.00,MANIPULATE,destrava,0,0
1788469729.18,409.33,-0.00,-0.00,MANIPULATE,destrava,0,0
1788469729.28,409.43,-0.00,-0.00,MANIPULATE,destrava,1,1
1788469729.38,409.53,0.30,0.00,MANIPULATE,destrava,3,3
1788469729.48,409.63,0.69,0.00,MANIPULATE,destrava,2,2
1788469729.58,409.73,1.13,0.00,MANIPULATE,destrava,2,2
1788469729.69,409.83,1.64,-0.00,MANIPULATE,destrava,1,1
1788469729.79,409.93,2.28,-0.00,MANIPULATE,destrava,3,3
1788469729.89,410.03,2.83,0.00,MANIPULATE,destrava,1,1
1788469729.99,410.13,3.35,-0.00,MANIPULATE,destrava,3,3
1788469730.09,410.23,3.84,-0.00,MANIPULATE,destrava,1,1
1788469730.19,410.33,4.28,-0.00,MANIPULATE,destrava,3,3
1788469730.29,410.43,4.69,-0.00,MANIPULATE,destrava,2,2
1788469730.39,410.53,5.05,-0.00,MANIPULATE,destrava,2,2
1788469730.49,410.63,5.36,-0.00,MANIPULATE,destrava,2,2
1788469730.59,410.73,5.64,-0.00,MANIPULATE,destrava,2,2
1788469730.69,410.83,5.87,-0.00,MANIPULATE,destrava,2,2
1788469730.79,410.93,6.06,-0.00,MANIPULATE,destrava,2,2
1788469730.89,411.03,6.23,-0.00,MANIPULATE,destrava,1,1
1788469730.99,411.13,5.43,-0.00,MANIPULATE,destrava,3,3
1788469731.09,411.23,5.26,-0.00,MANIPULATE,destrava,2,2
1788469731.19,411.33,5.01,-0.01,MANIPULATE,destrava,2,2
1788469731.29,411.43,4.73,-0.01,MANIPULATE,destrava,2,2
1788469731.40,411.53,4.43,-0.01,MANIPULATE,destrava,2,2
1788469731.50,411.63,4.05,-0.01,MANIPULATE,destrava,2,2
1788469731.60,411.73,3.92,0.00,MANIPULATE,destrava,2,2
1788469731.70,411.83,4.02,0.00,MANIPULATE,destrava,2,2
1788469731.80,411.93,3.96,0.00,MANIPULATE,destrava,2,2
1788469731.90,412.03,4.16,0.02,MANIPULATE,destrava,2,2
1788469732.00,412.13,4.08,-0.01,MANIPULATE,destrava,2,2
1788469732.10,412.23,4.17,0.00,MANIPULATE,destrava,2,2
1788469732.20,412.33,4.45,0.00,MANIPULATE,destrava,2,2
1788469732.30,412.43,4.37,-0.01,MANIPULATE,destrava,2,2
1788469732.40,412.53,4.22,-0.01,MANIPULATE,destrava,2,2
1788469732.50,412.63,4.05,-0.01,MANIPULATE,destrava,1,1
1788469732.60,412.73,3.85,-0.01,MANIPULATE,destrava,3,3
1788469732.70,412.83,3.68,-0.00,MANIPULATE,destrava,2,2
1788469732.80,412.93,3.72,-0.00,MANIPULATE,destrava,2,2
1788469732.90,413.03,3.57,-0.01,MANIPULATE,destrava,1,1
1788469733.00,413.13,3.62,0.00,MANIPULATE,destrava,3,3
1788469733.10,413.23,3.73,-0.00,MANIPULATE,destrava,2,2
1788469733.20,413.32,3.66,-0.00,MANIPULATE,destrava,1,1
1788469733.31,413.43,3.81,0.02,MANIPULATE,destrava,2,2
1788469733.41,413.53,3.80,-0.00,MANIPULATE,destrava,2,2
1788469733.51,413.63,3.83,0.01,MANIPULATE,destrava,3,3
1788469733.61,413.73,3.83,-0.00,MANIPULATE,destrava,1,1
1788469733.71,413.83,3.76,-0.01,MANIPULATE,destrava,2,2
1788469733.81,413.93,3.64,-0.01,MANIPULATE,destrava,3,3
1788469733.91,414.03,3.51,-0.01,MANIPULATE,destrava,2,2
1788469734.01,414.13,3.35,-0.01,MANIPULATE,destrava,2,2
1788469734.11,414.23,3.25,-0.00,MANIPULATE,destrava,1,1
1788469734.21,414.33,3.08,-0.01,MANIPULATE,destrava,3,3
1788469734.31,414.43,2.88,-0.01,MANIPULATE,destrava,1,1
1788469734.41,414.53,2.73,-0.01,MANIPULATE,destrava,3,3
1788469734.51,414.63,2.61,-0.01,MANIPULATE,destrava,2,2
1788469734.61,414.73,2.49,-0.00,MANIPULATE,destrava,2,2
1788469734.71,414.83,2.24,-0.01,MANIPULATE,destrava,2,2
1788469734.81,414.93,2.10,-0.02,MANIPULATE,destrava,2,2
1788469734.92,415.03,2.33,-0.00,MANIPULATE,destrava,2,2
1788469735.02,415.13,2.61,-0.01,MANIPULATE,destrava,2,2
1788469735.12,415.23,2.89,-0.01,MANIPULATE,destrava,2,2
1788469735.22,415.33,3.18,-0.01,MANIPULATE,destrava,2,2
1788469735.32,415.43,3.46,-0.01,MANIPULATE,destrava,2,2
1788469735.42,415.53,3.77,-0.01,MANIPULATE,destrava,2,2
1788469735.52,415.63,4.03,-0.01,MANIPULATE,destrava,1,1
1788469735.62,415.73,4.00,-0.01,MANIPULATE,destrava,3,3
1788469735.72,415.83,3.86,-0.01,MANIPULATE,destrava,2,2
1788469735.82,415.93,4.29,-0.01,MANIPULATE,destrava,2,2
1788469735.92,416.03,4.01,-0.00,MANIPULATE,destrava,2,2
1788469736.02,416.13,4.12,-0.01,MANIPULATE,destrava,2,2
1788469736.13,416.23,3.12,-0.00,MANIPULATE,destrava,1,1
1788469736.22,416.33,2.30,-0.01,MANIPULATE,destrava,3,3
1788469736.33,416.43,1.49,-0.01,MANIPULATE,destrava,2,2
1788469736.43,416.53,1.76,-0.01,MANIPULATE,destrava,2,2
1788469736.53,416.63,2.00,-0.02,MANIPULATE,destrava,2,2
1788469736.63,416.73,2.70,-0.02,MANIPULATE,destrava,2,2
1788469736.73,416.83,3.34,-0.00,MANIPULATE,destrava,2,2
1788469736.83,416.93,3.54,-0.02,MANIPULATE,destrava,2,2
1788469736.93,417.03,3.20,-0.02,MANIPULATE,destrava,2,2
1788469737.03,417.13,3.75,-0.01,MANIPULATE,destrava,2,2
1788469737.14,417.23,4.63,-0.00,MANIPULATE,destrava,1,1
1788469737.23,417.33,5.47,-0.01,MANIPULATE,destrava,3,3
1788469737.34,417.43,6.22,-0.00,MANIPULATE,destrava,2,2
1788469737.44,417.53,6.79,-0.01,MANIPULATE,destrava,2,2
1788469737.54,417.63,7.35,-0.01,MANIPULATE,destrava,1,1
1788469737.64,417.73,7.84,-0.01,MANIPULATE,destrava,3,3
1788469737.74,417.83,8.30,-0.01,MANIPULATE,destrava,1,1
1788469737.84,417.93,8.72,-0.01,MANIPULATE,destrava,3,3
1788469737.94,418.03,9.12,-0.01,MANIPULATE,destrava,2,2
1788469738.04,418.13,9.51,-0.01,MANIPULATE,destrava,2,2
1788469738.14,418.23,9.93,-0.01,MANIPULATE,destrava,2,2
1788469738.24,418.33,10.32,-0.01,MANIPULATE,destrava,2,2
1788469738.35,418.43,10.67,-0.01,MANIPULATE,destrava,2,2
1788469738.45,418.53,11.04,-0.01,MANIPULATE,destrava,2,2
1788469738.55,418.63,11.39,-0.01,MANIPULATE,destrava,1,1
1788469738.65,418.73,11.72,-0.01,MANIPULATE,destrava,3,3
1788469738.75,418.83,12.06,-0.01,MANIPULATE,destrava,1,1
1788469738.85,418.93,12.30,-0.01,MANIPULATE,destrava,2,2
1788469738.95,419.03,12.52,-0.01,MANIPULATE,destrava,3,3
1788469739.05,419.13,12.67,-0.01,MANIPULATE,destrava,1,1
1788469739.15,419.23,12.76,-0.01,MANIPULATE,destrava,3,3
1788469739.25,419.33,12.93,-0.01,MANIPULATE,destrava,1,1
1788469739.35,419.43,12.92,-0.01,MANIPULATE,destrava,3,3
1788469739.45,419.53,12.77,-0.01,MANIPULATE,destrava,1,1
1788469739.56,419.63,12.71,-0.01,MANIPULATE,destrava,3,3
1788469739.65,419.73,12.80,-0.01,MANIPULATE,destrava,2,2
1788469739.76,419.83,13.11,-0.01,MANIPULATE,destrava,1,1
1788469739.86,419.93,13.45,-0.01,MANIPULATE,destrava,2,2
1788469739.96,420.03,13.74,-0.01,MANIPULATE,destrava,3,3
1788469740.06,420.13,13.52,-0.02,MANIPULATE,destrava,2,2
1788469740.16,420.23,12.95,-0.00,MANIPULATE,destrava,2,2
1788469740.26,420.33,13.19,-0.01,MANIPULATE,destrava,1,1
1788469740.36,420.43,13.45,-0.00,MANIPULATE,destrava,3,3
1788469740.46,420.53,12.61,-0.02,MANIPULATE,destrava,2,2
1788469740.57,420.63,11.88,-0.06,MANIPULATE,destrava,2,2
1788469740.67,420.73,11.74,-0.06,MANIPULATE,destrava,2,2
1788469740.77,420.83,11.55,-0.05,MANIPULATE,destrava,2,2
1788469740.87,420.93,11.41,-0.06,MANIPULATE,destrava,2,2
1788469740.98,421.03,11.36,-0.03,MANIPULATE,destrava,1,1
1788469741.07,421.13,11.20,-0.05,MANIPULATE,destrava,2,2
1788469741.17,421.23,11.10,-0.06,MANIPULATE,destrava,2,2
1788469741.27,421.33,11.12,-0.06,MANIPULATE,destrava,2,2
1788469741.38,421.43,11.66,-0.02,MANIPULATE,destrava,3,3
1788469741.48,421.53,12.18,-0.04,MANIPULATE,destrava,2,2
1788469741.58,421.63,12.56,-0.03,MANIPULATE,destrava,1,1
1788469741.68,421.73,13.15,-0.04,MANIPULATE,destrava,3,3
1788469741.78,421.83,13.65,-0.04,MANIPULATE,destrava,2,2
1788469741.88,421.93,14.14,-0.05,MANIPULATE,destrava,2,2
1788469741.98,422.03,14.57,-0.04,MANIPULATE,destrava,1,1
1788469742.08,422.13,15.26,-0.03,MANIPULATE,destrava,3,3
1788469742.18,422.23,15.76,-0.04,MANIPULATE,destrava,1,1
1788469742.28,422.33,16.42,-0.03,MANIPULATE,destrava,3,3
1788469742.38,422.43,16.98,-0.04,MANIPULATE,destrava,2,2
1788469742.48,422.53,17.57,-0.03,MANIPULATE,destrava,2,2
1788469742.59,422.63,18.20,-0.05,MANIPULATE,destrava,1,1
1788469742.69,422.73,18.79,-0.04,MANIPULATE,destrava,3,3
1788469742.79,422.83,19.34,-0.03,MANIPULATE,destrava,2,2
1788469742.89,422.93,19.88,-0.04,MANIPULATE,destrava,1,1
1788469742.99,423.03,20.01,-0.04,MANIPULATE,destrava,2,2
1788469743.09,423.13,20.02,-0.04,MANIPULATE,destrava,2,2
1788469743.19,423.23,20.02,-0.04,MANIPULATE,destrava,3,3
1788469743.29,423.33,20.02,-0.03,MANIPULATE,destrava,2,2
1788469743.39,423.43,20.01,-0.04,MANIPULATE,destrava,2,2
1788469743.49,423.53,20.01,-0.03,MANIPULATE,destrava,1,1
1788469743.59,423.63,20.01,-0.04,MANIPULATE,destrava,3,3
1788469743.69,423.73,20.01,-0.04,MANIPULATE,destrava,2,2
1788469743.79,423.83,20.01,-0.05,MANIPULATE,destrava,2,2
1788469743.89,423.93,20.01,-0.05,MANIPULATE,destrava,2,2
1788469744.00,424.03,20.01,-0.05,MANIPULATE,destrava,2,2
1788469744.10,424.13,20.01,-0.04,MANIPULATE,destrava,1,1
1788469744.20,424.23,20.01,-0.05,MANIPULATE,destrava,3,3
1788469744.30,424.33,20.01,-0.05,MANIPULATE,destrava,2,2
1788469744.40,424.43,20.01,-0.05,MANIPULATE,destrava,2,2
1788469744.50,424.53,20.01,-0.04,MANIPULATE,destrava,2,2
1788469744.60,424.63,20.01,-0.04,MANIPULATE,destrava,2,2
1788469744.70,424.73,20.01,-0.04,MANIPULATE,destrava,2,2
1788469744.80,424.83,20.05,-0.04,MANIPULATE,destrava,2,2
1788469744.90,424.93,20.06,-0.03,MANIPULATE,destrava,2,2
1788469745.00,425.03,20.08,-0.02,MANIPULATE,destrava,2,2
1788469745.10,425.13,20.06,-0.03,MANIPULATE,destrava,2,2
1788469745.20,425.23,20.01,-0.03,MANIPULATE,destrava,2,2
1788469745.30,425.33,20.01,-0.04,MANIPULATE,destrava,2,2
1788469745.40,425.43,20.06,-0.04,MANIPULATE,destrava,2,2
1788469745.50,425.53,20.03,-0.07,MANIPULATE,destrava,1,1
1788469745.60,425.63,20.02,-0.06,MANIPULATE,destrava,3,3
1788469745.70,425.73,20.02,-0.05,MANIPULATE,destrava,2,2
1788469745.81,425.83,20.06,-0.05,MANIPULATE,destrava,1,1
1788469745.91,425.93,20.02,-0.05,MANIPULATE,destrava,3,3
1788469746.01,426.03,20.04,-0.03,MANIPULATE,destrava,2,2
1788469746.11,426.13,20.03,-0.02,MANIPULATE,destrava,2,2
1788469746.21,426.23,20.05,-0.05,MANIPULATE,destrava,2,2
1788469746.31,426.33,20.03,-0.03,MANIPULATE,destrava,1,1
1788469746.41,426.43,20.03,-0.03,MANIPULATE,destrava,3,3
1788469746.51,426.53,20.02,-0.03,MANIPULATE,destrava,2,2
1788469746.61,426.63,20.03,-0.03,MANIPULATE,destrava,2,2
1788469746.71,426.73,20.03,-0.03,MANIPULATE,destrava,2,2
1788469746.82,426.83,20.02,-0.04,MANIPULATE,destrava,1,1
1788469746.91,426.93,20.02,-0.05,MANIPULATE,destrava,3,3
1788469747.01,427.03,20.03,-0.02,MANIPULATE,destrava,2,2
1788469747.12,427.13,20.02,-0.03,MANIPULATE,destrava,1,1
1788469747.22,427.23,20.02,-0.04,MANIPULATE,destrava,2,2
1788469747.32,427.33,20.02,-0.06,MANIPULATE,destrava,3,3
1788469747.42,427.43,20.02,-0.02,MANIPULATE,destrava,2,2
1788469747.52,427.53,20.06,-0.04,MANIPULATE,destrava,2,2
1788469747.62,427.63,20.03,-0.05,MANIPULATE,destrava,2,2
1788469747.72,427.73,20.02,-0.06,MANIPULATE,destrava,2,2
1788469747.82,427.83,20.04,-0.04,MANIPULATE,destrava,1,1
1788469747.92,427.93,20.02,-0.03,MANIPULATE,destrava,3,3
1788469748.02,428.03,20.02,-0.04,MANIPULATE,destrava,2,2
1788469748.12,428.13,20.06,-0.03,MANIPULATE,destrava,2,2
1788469748.22,428.23,20.05,-0.04,MANIPULATE,destrava,2,2
1788469748.32,428.33,20.05,-0.03,MANIPULATE,destrava,2,2
1788469748.43,428.43,20.03,-0.05,MANIPULATE,destrava,1,1
1788469748.53,428.53,20.03,-0.05,MANIPULATE,destrava,2,2
1788469748.63,428.63,20.01,-0.03,MANIPULATE,destrava,2,2
1788469748.73,428.73,20.03,-0.04,MANIPULATE,destrava,2,2
1788469748.83,428.83,20.04,-0.07,MANIPULATE,destrava,3,3
1788469748.93,428.93,20.02,-0.07,MANIPULATE,destrava,1,1
1788469749.03,429.03,20.01,-0.01,MANIPULATE,destrava,2,2
1788469749.13,429.13,20.01,-0.07,MANIPULATE,destrava,3,3
1788469749.23,429.23,20.04,-0.01,MANIPULATE,destrava,2,2
1788469749.33,429.33,20.03,-0.05,MANIPULATE,destrava,1,1
1788469749.43,429.43,20.00,-0.04,MANIPULATE,destrava,3,3
1788469749.53,429.53,20.00,-0.04,MANIPULATE,destrava,2,2
1788469749.64,429.63,20.02,-0.07,MANIPULATE,destrava,2,2
1788469749.74,429.73,20.01,-0.06,MANIPULATE,destrava,2,2
1788469749.84,429.83,20.02,-0.06,MANIPULATE,destrava,2,2
1788469749.94,429.93,20.02,-0.04,MANIPULATE,destrava,2,2
1788469750.04,430.03,20.04,-0.08,MANIPULATE,destrava,2,2
1788469750.14,430.13,20.05,-0.03,MANIPULATE,destrava,2,2
1788469750.24,430.23,20.00,-0.04,MANIPULATE,destrava,2,2
1788469750.34,430.33,20.02,-0.06,MANIPULATE,destrava,1,1
1788469750.45,430.43,20.02,-0.06,MANIPULATE,destrava,3,3
1788469750.54,430.53,20.02,-0.03,MANIPULATE,destrava,2,2
1788469750.65,430.63,20.02,-0.05,MANIPULATE,destrava,1,1
1788469750.75,430.73,20.02,-0.07,MANIPULATE,destrava,3,3
1788469750.85,430.83,20.02,-0.07,MANIPULATE,destrava,2,2
1788469750.95,430.93,20.02,-0.05,MANIPULATE,destrava,2,2
1788469751.05,431.03,20.02,-0.06,MANIPULATE,destrava,2,2
1788469751.15,431.13,20.02,-0.05,MANIPULATE,destrava,2,2
1788469751.26,431.23,20.02,-0.06,MANIPULATE,destrava,2,2
1788469751.36,431.33,20.02,-0.04,MANIPULATE,destrava,2,2
1788469751.46,431.43,20.01,-0.06,MANIPULATE,destrava,2,2
1788469751.56,431.53,20.02,-0.06,MANIPULATE,destrava,2,2
1788469751.66,431.63,20.05,-0.06,MANIPULATE,destrava,2,2
1788469751.76,431.73,20.01,-0.03,MANIPULATE,destrava,2,2
1788469751.86,431.83,20.05,-0.03,MANIPULATE,destrava,2,2
1788469751.96,431.93,20.02,-0.05,MANIPULATE,destrava,2,2
1788469752.06,432.03,20.07,-0.06,MANIPULATE,destrava,2,2
1788469752.16,432.13,20.01,-0.06,MANIPULATE,destrava,2,2
1788469752.26,432.23,20.07,-0.08,MANIPULATE,destrava,2,2
1788469752.36,432.33,20.01,-0.03,MANIPULATE,destrava,1,1
1788469752.46,432.43,20.02,-0.07,MANIPULATE,destrava,3,3
1788469752.56,432.53,20.02,-0.07,MANIPULATE,destrava,2,2
1788469752.66,432.63,20.02,-0.06,MANIPULATE,destrava,2,2
1788469752.76,432.73,20.01,-0.05,MANIPULATE,destrava,2,2
1788469752.86,432.83,20.02,-0.04,MANIPULATE,destrava,1,1
1788469752.96,432.93,20.01,-0.06,MANIPULATE,destrava,3,3
1788469753.06,433.03,20.01,-0.04,MANIPULATE,destrava,2,2
1788469753.16,433.13,20.01,-0.04,MANIPULATE,destrava,2,2
1788469753.27,433.23,20.02,-0.06,MANIPULATE,destrava,1,1
1788469753.37,433.33,20.02,-0.07,MANIPULATE,destrava,2,2
1788469753.47,433.43,20.02,-0.08,MANIPULATE,destrava,2,2
1788469753.57,433.53,19.96,-0.06,MANIPULATE,destrava,3,3
1788469753.67,433.63,20.02,-0.03,MANIPULATE,destrava,1,1
1788469753.77,433.73,19.97,-0.04,MANIPULATE,destrava,2,2
1788469753.87,433.83,20.02,-0.04,MANIPULATE,destrava,2,2
1788469753.97,433.93,19.98,-0.04,MANIPULATE,destrava,3,3
1788469754.07,434.03,20.02,-0.06,MANIPULATE,destrava,2,2
1788469754.17,434.13,19.97,-0.05,MANIPULATE,destrava,2,2
1788469754.27,434.23,20.02,-0.05,MANIPULATE,destrava,2,2
1788469754.37,434.33,20.01,-0.05,MANIPULATE,destrava,2,2
1788469754.48,434.43,20.02,-0.07,MANIPULATE,destrava,2,2
1788469754.57,434.53,19.96,-0.06,MANIPULATE,destrava,2,2
1788469754.68,434.63,19.95,-0.04,MANIPULATE,destrava,2,2
1788469754.78,434.73,20.02,-0.06,MANIPULATE,destrava,2,2
1788469754.88,434.83,19.87,-0.08,MANIPULATE,destrava,1,1
1788469754.98,434.93,19.70,-0.08,MANIPULATE,destrava,2,2
1788469755.08,435.03,19.64,-0.11,MANIPULATE,destrava,3,3
1788469755.18,435.13,19.51,-0.07,MANIPULATE,destrava,1,1
1788469755.28,435.23,19.40,-0.10,MANIPULATE,destrava,3,3
1788469755.38,435.33,19.15,-0.08,MANIPULATE,destrava,2,2
1788469755.48,435.43,19.04,-0.10,MANIPULATE,destrava,2,2
1788469755.58,435.53,18.80,-0.09,MANIPULATE,destrava,2,2
1788469755.69,435.63,18.58,-0.09,MANIPULATE,destrava,1,1
1788469755.79,435.73,18.34,-0.09,MANIPULATE,destrava,3,3
1788469755.89,435.83,18.01,-0.09,MANIPULATE,destrava,2,2
1788469755.99,435.93,17.72,-0.08,MANIPULATE,destrava,2,2
1788469756.09,436.03,17.43,-0.07,MANIPULATE,destrava,2,2
1788469756.19,436.13,17.18,-0.08,MANIPULATE,destrava,2,2
1788469756.29,436.23,16.86,-0.09,MANIPULATE,destrava,2,2
1788469756.39,436.33,16.50,-0.09,MANIPULATE,destrava,2,2
1788469756.49,436.43,16.17,-0.09,MANIPULATE,destrava,2,2
1788469756.59,436.53,15.86,-0.09,MANIPULATE,destrava,2,2
1788469756.69,436.63,15.59,-0.09,MANIPULATE,destrava,2,2
1788469756.80,436.73,15.19,-0.07,MANIPULATE,destrava,1,1
1788469756.90,436.83,15.04,-0.07,MANIPULATE,destrava,2,2
1788469757.00,436.93,14.76,-0.09,MANIPULATE,destrava,3,3
1788469757.10,437.03,14.40,-0.07,MANIPULATE,destrava,2,2
1788469757.20,437.13,14.00,-0.08,MANIPULATE,destrava,2,2
1788469757.30,437.23,13.55,-0.08,MANIPULATE,destrava,2,2
1788469757.41,437.33,13.19,-0.09,MANIPULATE,destrava,1,1
1788469757.51,437.43,12.94,-0.09,MANIPULATE,destrava,3,3
1788469757.61,437.53,12.55,-0.07,MANIPULATE,destrava,1,1
1788469757.71,437.63,12.24,-0.08,MANIPULATE,destrava,3,3
1788469757.82,437.73,12.03,-0.09,MANIPULATE,destrava,2,2
1788469757.92,437.83,11.75,-0.06,MANIPULATE,destrava,2,2
1788469758.02,437.93,11.50,-0.06,MANIPULATE,destrava,1,1
1788469758.13,438.03,11.30,-0.07,MANIPULATE,destrava,2,2
1788469758.23,438.13,11.15,-0.04,MANIPULATE,destrava,3,3
1788469758.33,438.23,10.90,-0.07,MANIPULATE,destrava,2,2
1788469758.43,438.33,10.73,-0.06,MANIPULATE,destrava,1,1
1788469758.54,438.43,10.40,-0.05,MANIPULATE,destrava,3,3
1788469758.64,438.53,10.12,-0.05,MANIPULATE,destrava,2,2
1788469758.74,438.63,9.96,-0.06,MANIPULATE,destrava,2,2
1788469758.84,438.73,9.83,-0.04,MANIPULATE,destrava,2,2
1788469758.94,438.83,9.66,-0.08,MANIPULATE,destrava,2,2
1788469759.04,438.93,9.56,-0.05,MANIPULATE,destrava,2,2
1788469759.15,439.03,9.38,-0.04,MANIPULATE,destrava,1,1
1788469759.25,439.13,9.23,-0.07,MANIPULATE,destrava,3,3
1788469759.35,439.23,9.07,-0.04,MANIPULATE,destrava,1,1
1788469759.45,439.33,8.92,-0.07,MANIPULATE,destrava,3,3
1788469759.55,439.43,8.83,-0.05,MANIPULATE,destrava,2,2
1788469759.65,439.53,8.64,-0.04,MANIPULATE,destrava,2,2
1788469759.75,439.63,8.54,-0.05,MANIPULATE,destrava,2,2
1788469759.86,439.73,8.33,-0.04,MANIPULATE,destrava,2,2
1788469759.96,439.83,8.30,-0.06,MANIPULATE,destrava,2,2
1788469760.06,439.93,7.87,-0.06,MANIPULATE,destrava,2,2
1788469760.16,440.03,7.98,-0.07,MANIPULATE,destrava,2,2
1788469760.26,440.13,7.86,-0.04,MANIPULATE,destrava,2,2
1788469760.36,440.23,7.71,-0.08,MANIPULATE,destrava,2,2
1788469760.46,440.33,7.60,-0.01,MANIPULATE,destrava,1,1
1788469760.56,440.43,7.62,-0.10,MANIPULATE,destrava,2,2
1788469760.66,440.53,7.91,-0.07,MANIPULATE,destrava,2,2
1788469760.77,440.63,8.25,-0.06,MANIPULATE,destrava,2,2
1788469760.87,440.73,8.58,-0.11,MANIPULATE,destrava,2,2
1788469760.97,440.83,8.53,-0.04,MANIPULATE,destrava,2,2
1788469761.07,440.93,8.66,-0.06,MANIPULATE,destrava,1,1
1788469761.18,441.03,9.01,-0.06,MANIPULATE,destrava,2,2
1788469761.27,441.13,9.22,-0.09,MANIPULATE,destrava,3,3
1788469761.38,441.23,9.36,-0.06,MANIPULATE,destrava,2,2
1788469761.48,441.33,9.53,-0.05,MANIPULATE,destrava,2,2
1788469761.58,441.43,9.71,-0.06,MANIPULATE,destrava,2,2
1788469761.68,441.53,16.20,-0.02,MANIPULATE,destrava,2,2
1788469761.78,441.63,17.47,0.01,MANIPULATE,destrava,2,2
1788469761.88,441.73,20.04,-0.00,MANIPULATE,destrava,2,2
1788469761.98,441.83,20.03,-0.00,MANIPULATE,destrava,2,2
1788469762.08,441.93,20.06,-0.01,MANIPULATE,destrava,1,1
1788469762.18,442.03,20.04,-0.01,MANIPULATE,destrava,2,2
1788469762.29,442.13,20.06,0.00,MANIPULATE,destrava,1,2
1788469762.39,442.23,20.06,-0.00,MANIPULATE,destrava,0,0
1788469762.49,442.33,20.04,-0.02,MANIPULATE,destrava,0,0
1788469762.60,442.43,20.06,-0.00,MANIPULATE,destrava,0,0
1788469762.70,442.53,20.07,-0.00,MANIPULATE,destrava,0,0
1788469762.81,442.63,20.04,0.00,MANIPULATE,destrava,0,0
1788469762.91,442.73,20.04,-0.00,MANIPULATE,destrava,0,0
1788469763.01,442.83,20.06,-0.00,MANIPULATE,libera,0,0
1788469763.12,442.93,20.04,-0.01,MANIPULATE,libera,0,0
1788469763.22,443.03,20.06,-0.00,MANIPULATE,libera,1,1
1788469763.32,443.13,20.14,-0.02,MANIPULATE,libera,1,1
1788469763.42,443.23,20.03,-0.01,MANIPULATE,libera,2,2
1788469763.52,443.33,20.03,-0.01,MANIPULATE,libera,2,2
1788469763.62,443.43,20.03,-0.00,MANIPULATE,libera,3,3
1788469763.73,443.53,20.07,-0.02,MANIPULATE,libera,1,1
1788469763.83,443.63,20.03,-0.00,MANIPULATE,libera,2,2
1788469763.93,443.73,20.08,-0.00,MANIPULATE,libera,3,3
1788469764.03,443.83,20.02,-0.06,MANIPULATE,libera,2,2
1788469764.13,443.93,20.02,-0.02,MANIPULATE,libera,2,2
1788469764.23,444.03,20.03,-0.00,MANIPULATE,libera,1,1
1788469764.33,444.13,19.98,-0.01,MANIPULATE,libera,2,2
1788469764.44,444.23,20.03,-0.01,MANIPULATE,libera,2,2
1788469764.54,444.33,20.02,-0.01,MANIPULATE,libera,3,3
1788469764.64,444.43,20.02,-0.01,MANIPULATE,libera,1,1
1788469764.74,444.53,20.03,0.00,MANIPULATE,libera,2,2
1788469764.85,444.63,20.05,-0.01,MANIPULATE,libera,2,2
1788469764.95,444.73,20.02,-0.00,MANIPULATE,libera,3,3
1788469765.05,444.83,20.03,-0.00,MANIPULATE,libera,1,1
1788469765.15,444.93,20.07,-0.01,MANIPULATE,libera,3,3
1788469765.25,445.03,20.03,0.00,MANIPULATE,libera,2,2
1788469765.35,445.13,20.04,0.01,MANIPULATE,libera,1,1
1788469765.46,445.23,20.03,-0.00,MANIPULATE,libera,2,2
1788469765.56,445.33,20.04,-0.01,MANIPULATE,libera,3,3
1788469765.66,445.43,20.04,-0.00,MANIPULATE,libera,2,2
1788469765.76,445.53,20.04,-0.00,MANIPULATE,libera,1,1
1788469765.86,445.63,20.03,0.00,MANIPULATE,libera,2,2
1788469765.96,445.73,20.05,-0.00,MANIPULATE,libera,2,2
1788469766.06,445.83,20.03,0.00,MANIPULATE,libera,2,2
1788469766.17,445.93,20.04,-0.00,MANIPULATE,libera,2,2
1788469766.27,446.03,20.04,0.00,MANIPULATE,libera,3,3
1788469766.37,446.13,20.03,-0.00,MANIPULATE,libera,2,2
1788469766.47,446.23,20.04,-0.00,MANIPULATE,libera,1,1
1788469766.57,446.33,20.04,-0.00,MANIPULATE,libera,3,3
1788469766.67,446.43,20.04,-0.01,MANIPULATE,libera,2,2
1788469766.77,446.53,20.05,-0.01,MANIPULATE,libera,2,2
1788469766.88,446.63,20.04,-0.00,MANIPULATE,libera,2,2
1788469766.98,446.73,20.04,-0.00,MANIPULATE,libera,2,2
1788469767.08,446.83,20.04,-0.00,MANIPULATE,libera,2,2
1788469767.18,446.93,20.04,-0.01,MANIPULATE,libera,1,1
1788469767.28,447.03,20.04,-0.00,MANIPULATE,libera,2,2
1788469767.38,447.13,20.04,-0.00,MANIPULATE,libera,3,3
1788469767.48,447.23,20.04,-0.00,MANIPULATE,libera,2,2
1788469767.58,447.33,20.04,-0.00,MANIPULATE,libera,2,2
1788469767.68,447.43,20.04,-0.00,MANIPULATE,libera,1,1
1788469767.78,447.53,20.04,-0.00,MANIPULATE,libera,3,3
1788469767.88,447.63,20.04,-0.00,MANIPULATE,libera,2,2
1788469767.98,447.73,20.04,-0.00,MANIPULATE,libera,1,1
1788469768.08,447.83,20.04,-0.00,MANIPULATE,libera,3,3
1788469768.18,447.93,20.04,-0.00,MANIPULATE,libera,2,2
1788469768.29,448.03,20.04,-0.00,MANIPULATE,libera,2,2
1788469768.39,448.13,20.04,-0.00,MANIPULATE,libera,2,2
1788469768.49,448.23,20.05,-0.00,MANIPULATE,libera,2,2
1788469768.59,448.33,20.05,-0.00,MANIPULATE,libera,2,2
1788469768.69,448.43,20.05,-0.00,MANIPULATE,libera,2,2
1788469768.79,448.53,20.05,-0.00,MANIPULATE,libera,2,2
1788469768.89,448.63,20.05,-0.00,MANIPULATE,libera,2,2
1788469768.99,448.73,20.05,-0.00,MANIPULATE,libera,2,2
1788469769.09,448.83,20.05,-0.00,MANIPULATE,libera,1,1
1788469769.19,448.93,20.05,-0.00,MANIPULATE,libera,3,3
1788469769.29,449.03,20.05,-0.00,MANIPULATE,libera,1,1
1788469769.39,449.13,20.05,-0.00,MANIPULATE,libera,3,3
1788469769.49,449.23,20.06,-0.00,MANIPULATE,libera,2,2
1788469769.59,449.33,20.06,-0.00,MANIPULATE,libera,2,2
1788469769.70,449.43,20.06,-0.00,MANIPULATE,libera,1,1
1788469769.79,449.53,20.07,-0.00,MANIPULATE,libera,3,3
1788469769.89,449.63,20.07,-0.00,MANIPULATE,libera,1,1
1788469769.99,449.73,20.07,-0.00,MANIPULATE,libera,3,3
1788469770.09,449.83,20.08,-0.00,MANIPULATE,libera,2,2
1788469770.19,449.93,20.08,-0.00,MANIPULATE,libera,2,2
1788469770.30,450.03,20.08,-0.00,MANIPULATE,libera,2,2
1788469770.39,450.13,20.09,-0.00,MANIPULATE,libera,2,2
1788469770.50,450.23,20.09,-0.00,MANIPULATE,libera,1,1
1788469770.60,450.33,20.09,-0.00,MANIPULATE,libera,2,2
1788469770.70,450.43,20.10,-0.00,MANIPULATE,libera,3,3
1788469770.80,450.53,20.10,-0.00,MANIPULATE,libera,2,2
1788469770.90,450.63,20.10,-0.00,MANIPULATE,libera,1,1
1788469771.00,450.73,20.11,-0.00,MANIPULATE,libera,3,3
1788469771.10,450.83,20.11,-0.00,MANIPULATE,libera,1,1
1788469771.20,450.93,20.11,-0.00,MANIPULATE,libera,3,3
1788469771.30,451.03,20.11,-0.00,MANIPULATE,libera,2,2
1788469771.40,451.13,20.12,-0.00,MANIPULATE,libera,2,2
1788469771.51,451.23,20.12,-0.00,MANIPULATE,libera,1,1
1788469771.61,451.33,20.12,-0.00,MANIPULATE,libera,3,3
1788469771.71,451.43,20.12,-0.00,MANIPULATE,libera,2,2
1788469771.81,451.53,20.13,-0.00,MANIPULATE,libera,2,2
1788469771.91,451.63,20.13,-0.00,MANIPULATE,libera,2,2
1788469772.01,451.73,20.13,-0.00,MANIPULATE,libera,2,2
1788469772.11,451.83,20.13,-0.00,MANIPULATE,libera,2,2
1788469772.21,451.93,20.13,-0.01,MANIPULATE,libera,2,2
1788469772.31,452.03,20.02,0.13,MANIPULATE,libera,1,1
1788469772.41,452.13,20.07,0.28,MANIPULATE,libera,3,3
1788469772.51,452.23,20.02,0.68,MANIPULATE,libera,2,2
1788469772.61,452.33,20.02,1.12,MANIPULATE,libera,2,2
1788469772.71,452.43,20.04,1.92,MANIPULATE,libera,2,2
1788469772.82,452.53,20.04,2.78,MANIPULATE,libera,2,2
1788469772.92,452.63,20.03,3.66,MANIPULATE,libera,2,2
1788469773.02,452.73,20.03,4.55,MANIPULATE,libera,1,1
1788469773.12,452.83,20.03,5.42,MANIPULATE,libera,3,3
1788469773.22,452.93,20.03,6.28,MANIPULATE,libera,2,2
1788469773.32,453.03,20.03,7.10,MANIPULATE,libera,2,2
1788469773.42,453.13,20.03,7.92,MANIPULATE,libera,2,2
1788469773.52,453.23,20.03,8.73,MANIPULATE,libera,2,2
1788469773.62,453.33,20.07,9.25,MANIPULATE,libera,2,2
1788469773.72,453.43,20.05,9.16,MANIPULATE,libera,2,2
1788469773.82,453.53,20.07,9.01,MANIPULATE,libera,2,2
1788469773.92,453.63,20.07,8.90,MANIPULATE,libera,1,1
1788469774.02,453.73,20.07,8.75,MANIPULATE,libera,2,2
1788469774.12,453.83,20.07,8.54,MANIPULATE,libera,3,3
1788469774.22,453.93,20.07,8.25,MANIPULATE,libera,2,2
1788469774.32,454.03,20.07,7.89,MANIPULATE,libera,1,1
1788469774.42,454.13,20.07,7.58,MANIPULATE,libera,3,3
1788469774.52,454.23,20.07,7.52,MANIPULATE,libera,2,2
1788469774.62,454.33,20.07,7.51,MANIPULATE,libera,2,2
1788469774.73,454.43,20.07,7.47,MANIPULATE,libera,1,1
1788469774.83,454.53,20.07,7.41,MANIPULATE,libera,2,2
1788469774.93,454.63,20.07,7.40,MANIPULATE,libera,3,3
1788469775.03,454.73,20.07,7.41,MANIPULATE,libera,2,2
1788469775.13,454.83,20.07,7.44,MANIPULATE,libera,2,2
1788469775.23,454.93,20.05,7.51,MANIPULATE,libera,2,2
1788469775.33,455.03,20.05,7.76,MANIPULATE,libera,1,1
1788469775.43,455.13,20.05,8.09,MANIPULATE,libera,3,3
1788469775.53,455.23,20.04,8.43,MANIPULATE,libera,2,2
1788469775.63,455.33,20.06,8.43,MANIPULATE,libera,1,1
1788469775.73,455.43,20.06,8.34,MANIPULATE,libera,3,3
1788469775.83,455.53,20.06,8.22,MANIPULATE,libera,2,2
1788469775.94,455.63,20.06,8.11,MANIPULATE,libera,2,2
1788469776.04,455.73,20.06,8.00,MANIPULATE,libera,1,1
1788469776.14,455.83,20.06,7.94,MANIPULATE,libera,3,3
1788469776.24,455.93,20.06,7.89,MANIPULATE,libera,2,2
1788469776.34,456.02,20.06,7.83,MANIPULATE,libera,2,2
1788469776.44,456.13,20.06,7.78,MANIPULATE,libera,2,2
1788469776.54,456.23,20.06,7.76,MANIPULATE,libera,1,1
1788469776.64,456.33,20.06,7.76,MANIPULATE,libera,3,3
1788469776.74,456.43,20.04,7.85,MANIPULATE,libera,2,2
1788469776.84,456.53,20.04,8.04,MANIPULATE,libera,2,2
1788469776.94,456.63,20.04,8.30,MANIPULATE,libera,2,2
1788469777.04,456.73,20.05,8.43,MANIPULATE,libera,1,1
1788469777.14,456.83,20.05,8.34,MANIPULATE,libera,3,3
1788469777.24,456.93,20.05,8.21,MANIPULATE,libera,1,1
1788469777.35,457.03,20.05,8.10,MANIPULATE,libera,2,2
1788469777.44,457.13,20.04,8.00,MANIPULATE,libera,3,3
1788469777.55,457.23,20.05,7.95,MANIPULATE,libera,1,1
1788469777.65,457.33,20.05,7.88,MANIPULATE,libera,3,3
1788469777.75,457.43,20.05,7.82,MANIPULATE,libera,2,2
1788469777.85,457.53,20.05,7.79,MANIPULATE,libera,2,2
1788469777.95,457.63,20.05,7.77,MANIPULATE,libera,2,2
1788469778.05,457.73,20.05,7.78,MANIPULATE,libera,2,2
1788469778.15,457.83,20.03,7.90,MANIPULATE,libera,2,2
1788469778.25,457.93,20.03,8.10,MANIPULATE,libera,1,1
1788469778.35,458.03,20.03,8.31,MANIPULATE,libera,3,3
1788469778.45,458.13,20.04,8.39,MANIPULATE,libera,2,2
1788469778.55,458.23,20.01,8.27,MANIPULATE,libera,2,2
1788469778.65,458.33,20.01,8.07,MANIPULATE,libera,2,2
1788469778.75,458.43,20.01,7.84,MANIPULATE,libera,2,2
1788469778.85,458.53,20.01,7.59,MANIPULATE,libera,2,2
1788469778.95,458.63,20.01,7.42,MANIPULATE,libera,2,2
1788469779.05,458.73,20.01,7.27,MANIPULATE,libera,2,2
1788469779.15,458.83,20.01,7.14,MANIPULATE,libera,2,2
1788469779.25,458.93,20.01,7.03,MANIPULATE,libera,1,1
1788469779.36,459.03,20.01,6.93,MANIPULATE,libera,1,1
1788469779.46,459.13,20.01,6.91,MANIPULATE,libera,3,3
1788469779.56,459.23,20.01,6.94,MANIPULATE,libera,1,1
1788469779.66,459.33,20.01,6.99,MANIPULATE,libera,3,3
1788469779.76,459.43,20.01,7.04,MANIPULATE,libera,2,2
1788469779.86,459.53,20.01,7.11,MANIPULATE,libera,2,2
1788469779.96,459.63,20.02,7.16,MANIPULATE,libera,2,2
1788469780.06,459.73,20.01,7.07,MANIPULATE,libera,2,2
1788469780.16,459.83,20.02,6.94,MANIPULATE,libera,2,2
1788469780.26,459.93,20.01,6.79,MANIPULATE,libera,2,2
1788469780.36,460.03,20.01,6.68,MANIPULATE,libera,1,1
1788469780.46,460.12,20.01,6.59,MANIPULATE,libera,3,3
1788469780.56,460.23,20.01,6.49,MANIPULATE,libera,2,2
1788469780.66,460.33,20.01,6.39,MANIPULATE,libera,2,2
1788469780.76,460.43,20.01,6.31,MANIPULATE,libera,2,2
1788469780.86,460.53,20.02,6.27,MANIPULATE,libera,2,2
1788469780.97,460.63,20.02,6.23,MANIPULATE,libera,2,2
1788469781.07,460.73,20.02,6.21,MANIPULATE,libera,1,1
1788469781.17,460.83,20.02,6.23,MANIPULATE,libera,2,2
1788469781.27,460.93,20.01,6.27,MANIPULATE,libera,3,3
1788469781.37,461.03,20.01,6.31,MANIPULATE,libera,2,2
1788469781.47,461.13,20.01,6.34,MANIPULATE,libera,2,2
1788469781.57,461.23,20.01,6.36,MANIPULATE,libera,1,1
1788469781.67,461.33,20.02,6.41,MANIPULATE,libera,3,3
1788469781.78,461.43,20.01,6.48,MANIPULATE,libera,1,1
1788469781.87,461.53,20.01,6.52,MANIPULATE,libera,3,3
1788469781.98,461.63,20.02,6.58,MANIPULATE,libera,1,1
1788469782.08,461.73,20.01,6.63,MANIPULATE,libera,3,3
1788469782.18,461.83,20.01,6.68,MANIPULATE,libera,2,2
1788469782.28,461.93,20.01,6.73,MANIPULATE,libera,2,2
1788469782.38,462.03,20.01,6.80,MANIPULATE,libera,2,2
1788469782.48,462.13,20.00,6.86,MANIPULATE,libera,1,1
1788469782.58,462.23,20.01,6.92,MANIPULATE,libera,3,3
1788469782.68,462.33,20.00,6.95,MANIPULATE,libera,2,2
1788469782.78,462.43,20.01,6.91,MANIPULATE,libera,2,2
1788469782.88,462.53,20.01,6.85,MANIPULATE,libera,1,1
1788469782.98,462.63,20.01,6.77,MANIPULATE,libera,3,3
1788469783.08,462.73,20.00,6.74,MANIPULATE,libera,2,2
1788469783.18,462.83,20.00,6.73,MANIPULATE,libera,1,1
1788469783.29,462.93,20.01,6.73,MANIPULATE,libera,2,2
1788469783.39,463.03,20.00,6.73,MANIPULATE,libera,2,2
1788469783.49,463.13,20.01,6.74,MANIPULATE,libera,3,3
1788469783.59,463.23,20.00,6.75,MANIPULATE,libera,1,1
1788469783.69,463.33,20.00,6.77,MANIPULATE,libera,3,3
1788469783.79,463.43,20.01,6.79,MANIPULATE,libera,1,1
1788469783.89,463.53,20.00,6.81,MANIPULATE,libera,2,2
1788469783.99,463.63,20.01,6.86,MANIPULATE,libera,2,2
1788469784.09,463.73,20.01,6.93,MANIPULATE,libera,3,3
1788469784.19,463.83,20.00,7.04,MANIPULATE,libera,2,2
1788469784.29,463.93,20.01,7.05,MANIPULATE,libera,2,2
1788469784.40,464.03,20.01,6.99,MANIPULATE,libera,2,2
1788469784.49,464.13,20.00,6.93,MANIPULATE,libera,2,2
1788469784.60,464.23,20.00,6.87,MANIPULATE,libera,1,1
1788469784.70,464.33,20.00,6.77,MANIPULATE,libera,2,2
1788469784.80,464.43,20.01,6.71,MANIPULATE,libera,3,3
1788469784.90,464.53,20.01,6.70,MANIPULATE,libera,2,2
1788469785.00,464.63,19.94,6.70,MANIPULATE,libera,2,2
1788469785.10,464.73,19.89,6.68,MANIPULATE,libera,2,2
1788469785.20,464.83,19.80,6.67,MANIPULATE,libera,2,2
1788469785.30,464.93,19.67,6.67,MANIPULATE,libera,2,2
1788469785.40,465.03,19.51,6.68,MANIPULATE,libera,2,2
1788469785.50,465.13,19.41,6.67,MANIPULATE,libera,2,2
1788469785.60,465.23,19.58,6.69,MANIPULATE,libera,2,2
1788469785.70,465.33,19.85,6.76,MANIPULATE,libera,2,2
1788469785.80,465.43,20.00,6.94,MANIPULATE,libera,1,1
1788469785.90,465.53,19.40,7.25,MANIPULATE,libera,3,3
1788469786.00,465.63,18.66,7.53,MANIPULATE,libera,2,2
1788469786.10,465.73,18.29,7.57,MANIPULATE,libera,2,2
1788469786.20,465.83,17.97,7.50,MANIPULATE,libera,2,2
1788469786.30,465.93,17.61,7.39,MANIPULATE,libera,2,2
1788469786.41,466.03,17.22,7.28,MANIPULATE,libera,2,2
1788469786.51,466.13,16.77,7.17,MANIPULATE,libera,2,2
1788469786.61,466.23,16.30,7.03,MANIPULATE,libera,2,2
1788469786.71,466.33,15.85,6.90,MANIPULATE,libera,2,2
1788469786.81,466.43,15.51,6.83,MANIPULATE,libera,2,2
1788469786.91,466.53,15.17,6.77,MANIPULATE,libera,2,2
1788469787.01,466.63,14.82,6.77,MANIPULATE,libera,1,1
1788469787.11,466.73,14.49,6.81,MANIPULATE,libera,3,3
1788469787.21,466.83,12.33,7.16,MANIPULATE,libera,1,1
1788469787.31,466.93,7.46,7.77,MANIPULATE,libera,3,3
1788469787.41,467.03,5.14,8.17,MANIPULATE,libera,2,2
1788469787.51,467.13,4.21,8.18,MANIPULATE,libera,2,2
1788469787.61,467.23,3.66,8.18,MANIPULATE,libera,2,2
1788469787.71,467.33,3.27,8.17,MANIPULATE,libera,2,2
1788469787.81,467.43,2.94,8.17,MANIPULATE,libera,1,2
1788469787.92,467.53,2.60,8.17,MANIPULATE,libera,0,0
1788469788.02,467.63,2.42,8.17,MANIPULATE,libera,0,0
1788469788.12,467.73,2.56,8.17,MANIPULATE,libera,0,0
1788469788.22,467.83,2.71,8.17,MANIPULATE,libera,0,0
1788469788.32,467.93,2.79,8.17,MANIPULATE,libera,0,0
1788469788.43,468.03,2.72,8.17,MANIPULATE,libera,0,0
1788469788.53,468.13,3.33,8.19,MANIPULATE,libera,0,0
1788469788.63,468.23,4.51,9.03,MANIPULATE,libera,0,0
1788469788.73,468.33,4.20,10.75,MANIPULATE,libera,0,0
1788469788.84,468.43,3.38,12.57,MANIPULATE,libera,0,0
1788469788.94,468.53,2.90,14.07,MANIPULATE,arco1,0,0
1788469789.04,468.63,2.51,14.15,MANIPULATE,arco1,0,0
1788469789.14,468.73,1.27,14.15,MANIPULATE,arco1,0,0
1788469789.24,468.83,0.55,14.16,MANIPULATE,arco1,2,2
1788469789.34,468.93,1.13,14.16,MANIPULATE,arco1,2,2
1788469789.45,469.03,1.46,14.15,MANIPULATE,arco1,2,2
1788469789.55,469.13,1.79,14.15,MANIPULATE,arco1,2,2
1788469789.65,469.23,2.60,14.15,MANIPULATE,arco1,2,2
1788469789.75,469.33,3.09,14.19,MANIPULATE,arco1,1,1
1788469789.85,469.43,3.33,14.30,MANIPULATE,arco1,3,4
1788469789.95,469.53,3.25,14.48,MANIPULATE,arco1,0,0
1788469790.06,469.63,2.98,14.73,MANIPULATE,arco1,0,0
1788469790.16,469.73,2.85,14.78,MANIPULATE,arco1,0,0
1788469790.26,469.83,2.80,14.81,MANIPULATE,arco1,0,0
1788469790.36,469.93,2.61,14.86,MANIPULATE,arco1,0,0
1788469790.46,470.03,2.46,14.88,MANIPULATE,arco1,0,0
1788469790.56,470.13,2.51,14.87,MANIPULATE,arco1,0,0
1788469790.67,470.23,2.83,15.53,MANIPULATE,arco1,0,0
1788469790.77,470.33,1.43,17.11,MANIPULATE,arco1,0,0
1788469790.87,470.43,-0.02,18.83,MANIPULATE,arco1,0,0
1788469790.98,470.53,-0.02,20.31,MANIPULATE,arco1,0,0
1788469791.08,470.63,-0.02,21.70,MANIPULATE,arco1,0,0
1788469791.18,470.73,-0.02,23.05,MANIPULATE,arco1,0,0
1788469791.28,470.83,-0.04,24.40,MANIPULATE,arco1,0,0
1788469791.38,470.93,-0.04,25.78,MANIPULATE,arco1,0,0
1788469791.48,471.03,-0.04,27.18,MANIPULATE,arco1,0,0
1788469791.58,471.13,-0.03,28.31,MANIPULATE,arco2,0,0
1788469791.69,471.23,-0.04,28.40,MANIPULATE,arco2,0,0
1788469791.79,471.33,-0.01,28.39,MANIPULATE,arco2,0,0
1788469791.89,471.43,-0.01,28.50,MANIPULATE,arco2,3,3
1788469791.99,471.53,-0.01,28.58,MANIPULATE,arco2,1,1
1788469792.09,471.63,-0.00,28.61,MANIPULATE,arco2,3,3
1788469792.19,471.73,-0.00,28.76,MANIPULATE,arco2,1,1
1788469792.29,471.83,-0.01,28.93,MANIPULATE,arco2,3,3
1788469792.39,471.93,-0.00,29.13,MANIPULATE,arco2,1,1
1788469792.50,472.03,-0.01,29.33,MANIPULATE,arco2,2,3
1788469792.59,472.13,-0.00,29.50,MANIPULATE,arco2,0,0
1788469792.70,472.23,-0.00,29.65,MANIPULATE,arco2,0,0
1788469792.80,472.33,-0.00,29.64,MANIPULATE,arco2,0,0
1788469792.90,472.43,-0.00,29.70,MANIPULATE,arco2,0,0
1788469793.00,472.53,-0.01,29.71,MANIPULATE,arco2,0,0
1788469793.11,472.63,-0.01,29.77,MANIPULATE,arco2,0,0
1788469793.21,472.73,-0.01,29.81,MANIPULATE,arco2,0,0
1788469793.31,472.83,-0.00,29.84,MANIPULATE,arco2,0,0
1788469793.41,472.93,-0.00,29.86,MANIPULATE,arco2,0,0
1788469793.51,473.03,5.40,29.63,MANIPULATE,arco2,0,0
1788469793.61,473.13,9.96,29.41,MANIPULATE,arco2,0,0
1788469793.71,473.23,12.80,28.93,MANIPULATE,arco2,0,0
1788469793.81,473.33,13.12,28.53,MANIPULATE,arco2,0,0
1788469793.92,473.43,12.37,28.48,MANIPULATE,arco2,0,0
1788469794.02,473.53,11.61,28.48,MANIPULATE,arco2,0,0
1788469794.12,473.63,0.59,28.48,MANIPULATE,arco2,0,0
1788469794.22,473.73,-0.01,28.48,MANIPULATE,arco2,0,0
1788469794.33,473.83,-0.00,28.48,MANIPULATE,arco2,0,0
1788469794.43,473.93,0.00,28.48,MANIPULATE,arco2,0,0
1788469794.53,474.03,0.00,28.48,MANIPULATE,arco2,0,0
1788469794.63,474.13,0.00,28.48,MANIPULATE,arco2,0,0
1788469794.73,474.23,-0.00,28.48,MANIPULATE,arco2,0,0
1788469794.83,474.33,0.01,28.48,MANIPULATE,arco2,0,0
1788469794.93,474.43,0.01,28.48,MANIPULATE,arco2,0,0
1788469795.03,474.53,-0.01,28.48,MANIPULATE,arco2,0,0
1788469795.13,474.63,-0.01,28.48,MANIPULATE,arco2,0,0
1788469795.23,474.73,0.00,28.48,MANIPULATE,arco2,0,0
1788469795.34,474.83,-0.00,28.48,MANIPULATE,arco2,0,0
1788469795.44,474.93,-0.00,28.48,MANIPULATE,desengata,0,0
1788469795.54,475.03,0.00,28.48,MANIPULATE,desengata,0,0
1788469795.64,475.13,0.01,28.48,MANIPULATE,desengata,0,0
1788469795.75,475.23,0.00,28.48,MANIPULATE,desengata,0,0
1788469795.84,475.33,0.00,28.48,MANIPULATE,desengata,0,0
1788469795.95,475.43,-0.00,28.48,RETRACT,desengata,0,1
1788469796.05,475.53,-0.00,28.48,RETRACT,desengata,0,0
1788469796.15,475.63,0.00,28.48,RETRACT,desengata,0,0
1788469796.25,475.73,-0.00,28.48,RETRACT,desengata,0,0
1788469796.36,475.83,-0.01,28.48,RETRACT,desengata,0,0
1788469796.45,475.93,0.01,28.48,RETRACT,desengata,0,0
1788469796.55,476.03,0.00,28.48,RETRACT,desengata,0,0
1788469796.65,476.13,0.00,28.48,RETRACT,desengata,0,0
1788469796.75,476.23,0.01,28.48,RETRACT,desengata,0,0
1788469796.85,476.33,0.00,28.48,RETRACT,desengata,0,0
1788469796.95,476.43,-0.01,28.48,RETRACT,desengata,0,0
1788469797.05,476.53,-0.00,28.48,RETRACT,desengata,0,0
1788469797.15,476.63,-0.01,28.48,RETRACT,desengata,0,0
1788469797.26,476.73,0.01,28.48,RETRACT,desengata,0,0
1788469797.36,476.83,-0.00,28.48,RETRACT,desengata,0,0
1788469797.46,476.93,-0.01,28.48,RETRACT,desengata,0,0
1788469797.55,477.03,-0.01,28.48,RETRACT,desengata,0,0
1788469797.66,477.13,-0.00,28.48,RETRACT,desengata,0,0
1788469797.76,477.23,0.01,28.48,RETRACT,desengata,0,0
1788469797.86,477.33,0.01,28.48,RETRACT,desengata,0,0
1788469797.96,477.43,0.00,28.48,RETRACT,desengata,0,0
1788469798.06,477.53,-0.00,28.48,RETRACT,desengata,0,0
1788469798.16,477.63,-0.00,28.48,RETRACT,desengata,0,0
1788469798.27,477.73,0.00,28.48,RETRACT,desengata,0,0
1788469798.37,477.83,-0.00,28.48,RETRACT,desengata,0,0
1788469798.47,477.93,0.01,28.48,RETRACT,desengata,0,0
1788469798.57,478.03,-0.00,28.48,RETRACT,saida_eixo,0,0
1788469798.67,478.13,0.00,28.48,RETRACT,saida_eixo,0,0
1788469798.77,478.23,-0.00,28.48,RETRACT,saida_eixo,0,0
1788469798.87,478.33,-0.00,28.48,RETRACT,saida_eixo,0,0
1788469798.97,478.43,-0.01,28.48,RETRACT,saida_eixo,0,0
1788469799.07,478.53,-0.01,28.48,RETRACT,saida_eixo,0,0
1788469799.18,478.63,-0.00,28.48,RETRACT,saida_eixo,0,0
1788469799.28,478.73,-0.01,28.48,RETRACT,saida_eixo,0,0
1788469799.38,478.83,-0.00,28.48,RETRACT,saida_eixo,0,0
1788469799.48,478.93,-0.01,28.48,RETRACT,saida_eixo,0,0
1788469799.58,479.03,0.01,28.48,RETRACT,saida_eixo,0,0
1788469799.68,479.13,0.00,28.48,RETRACT,saida_eixo,0,0
1788469799.78,479.23,-0.00,28.48,RETRACT,saida_eixo,0,0
1788469799.88,479.33,-0.00,28.48,RETRACT,saida_eixo,0,0
1788469799.99,479.43,-0.01,28.48,RETRACT,saida_eixo,0,0
1788469800.09,479.53,0.00,28.48,RETRACT,saida_eixo,0,0
1788469800.19,479.63,0.01,28.48,RETRACT,saida_eixo,0,0
1788469800.29,479.73,-0.00,28.48,RETRACT,saida_eixo,0,0
1788469800.39,479.83,0.00,28.48,RETRACT,saida_eixo,0,0
1788469800.49,479.93,0.00,28.48,RETRACT,saida_eixo,0,0
1788469800.59,480.03,-0.01,28.48,RETRACT,saida_eixo,0,0
1788469800.69,480.13,0.01,28.48,RETRACT,saida_eixo,0,0
1788469800.79,480.23,0.00,28.48,RETRACT,saida_eixo,0,0
1788469800.89,480.33,0.01,28.48,RETRACT,saida_eixo,0,0
1788469800.99,480.43,0.01,28.48,RETRACT,saida_eixo,0,0
1788469801.09,480.53,-0.00,28.48,RETRACT,saida_eixo,0,0
1788469801.20,480.63,-0.00,28.48,RETRACT,saida_eixo,0,0
1788469801.30,480.73,-0.01,28.48,RETRACT,saida_eixo,0,0
1788469801.39,480.83,0.00,28.48,RETRACT,saida_eixo,0,0
1788469801.50,480.93,0.00,28.48,RETRACT,saida_eixo,0,0
1788469801.60,481.03,-0.01,28.48,RETRACT,saida_eixo,0,0
1788469801.70,481.13,-0.00,28.48,RETRACT,saida_eixo,0,0
1788469801.80,481.23,-0.00,28.48,RETRACT,saida_eixo,0,0
1788469801.90,481.33,0.00,28.48,RETRACT,saida_eixo,0,0
1788469802.01,481.43,-0.00,28.48,RETRACT,saida_eixo,0,0
1788469802.11,481.53,-0.00,28.48,RETRACT,saida_eixo,0,0
1788469802.21,481.63,0.00,28.48,RETRACT,saida_eixo,0,0
1788469802.31,481.73,0.01,28.48,RETRACT,saida_eixo,0,0
1788469802.41,481.83,-0.00,28.48,RETRACT,saida_eixo,0,0
1788469802.51,481.93,0.01,28.48,RETRACT,saida_eixo,0,0
1788469802.61,482.03,0.01,28.48,RETRACT,saida_eixo,0,0
1788469802.72,482.13,-0.01,28.48,RETRACT,saida_eixo,0,0
1788469802.82,482.23,-0.01,28.48,RETRACT,saida_eixo,0,0
1788469802.92,482.33,0.01,28.48,RETRACT,saida_eixo,0,0
1788469803.02,482.43,0.00,28.48,RETRACT,saida_eixo,0,0
1788469803.12,482.53,0.01,28.48,RETRACT,saida_eixo,0,0
1788469803.22,482.63,-0.00,28.48,RETRACT,saida_eixo,0,0
1788469803.32,482.73,-0.00,28.48,RETRACT,saida_eixo,0,0
1788469803.42,482.83,0.00,28.48,RETRACT,saida_eixo,0,0
1788469803.52,482.93,-0.00,28.48,RETRACT,saida_eixo,0,0
1788469803.63,483.03,-0.00,28.48,RETRACT,saida_eixo,0,0
1788469803.72,483.13,0.01,28.48,RETRACT,saida_eixo,0,0
1788469803.83,483.23,0.00,28.48,RETRACT,saida_eixo,0,0
1788469803.93,483.33,0.01,28.48,RETRACT,saida_eixo,0,0
1788469804.03,483.43,0.01,28.48,RETRACT,saida_eixo,0,0
1788469804.13,483.53,0.00,28.48,RETRACT,saida_eixo,0,0
1788469804.23,483.63,-0.01,28.48,RETRACT,saida_eixo,0,0
1788469804.33,483.73,-0.01,28.48,RETRACT,saida_eixo,0,0
1788469804.44,483.83,0.00,28.48,RETRACT,saida_eixo,0,0
1788469804.54,483.93,0.01,28.48,RETRACT,saida_eixo,0,0
1788469804.64,484.03,-0.00,28.48,RETRACT,saida_eixo,0,0
1788469804.74,484.13,-0.00,28.48,RETRACT,saida_eixo,0,0
1788469804.84,484.23,-0.00,28.48,RETRACT,saida_eixo,0,0
1788469804.94,484.33,-0.00,28.48,RETRACT,saida_eixo,0,0
1788469805.04,484.43,0.00,28.48,RETRACT,saida_eixo,0,0
1788469805.14,484.53,-0.00,28.48,RETRACT,saida_eixo,0,0
1788469805.24,484.63,-0.00,28.48,RETRACT,saida_eixo,0,0
1788469805.34,484.73,0.01,28.48,RETRACT,saida_eixo,0,0
1788469805.45,484.83,-0.00,28.48,RETRACT,saida_eixo,0,0
1788469805.54,484.93,0.00,28.48,RETRACT,saida_eixo,0,0
1788469805.65,485.03,0.00,28.48,RETRACT,saida_eixo,0,0
1788469805.75,485.13,-0.00,28.48,RETRACT,saida_eixo,0,0
1788469805.85,485.24,-0.01,28.48,RETRACT,saida_eixo,0,0
1788469805.95,485.33,-0.00,28.48,RETRACT,saida_eixo,0,0
1788469806.05,485.43,-0.01,28.48,RETRACT,saida_eixo,0,0
1788469806.15,485.53,-0.01,28.48,RETRACT,saida_eixo,0,0
1788469806.26,485.63,0.00,28.48,RETRACT,saida_eixo,0,0
1788469806.36,485.73,-0.00,28.48,RETRACT,saida_eixo,0,0
1788469806.46,485.83,0.01,28.48,RETRACT,saida_eixo,0,0
1788469806.56,485.93,0.01,28.48,RETRACT,saida_eixo,0,0
1788469806.66,486.03,-0.00,28.48,RETRACT,saida_eixo,0,0
1788469806.76,486.13,-0.00,28.48,RETRACT,saida_eixo,0,0
1788469806.87,486.23,0.01,28.48,RETRACT,saida_eixo,0,0
1788469806.97,486.33,0.01,28.48,RETRACT,saida_eixo,0,0
1788469807.07,486.43,0.01,28.48,RETRACT,saida_eixo,0,0
1788469807.17,486.53,-0.01,28.48,RETRACT,saida_eixo,0,0
1788469807.27,486.63,-0.01,28.48,RETRACT,saida_eixo,0,0
1788469807.37,486.73,0.01,28.48,RETRACT,saida_eixo,0,0
1788469807.47,486.83,0.01,28.48,RETRACT,saida_eixo,0,0
1788469807.57,486.93,-0.00,28.48,RETRACT,saida_eixo,0,0
1788469807.68,487.03,0.01,28.48,RETRACT,saida_eixo,0,0
1788469807.78,487.13,0.00,28.48,RETRACT,saida_eixo,0,0
1788469807.88,487.23,0.00,28.48,RETRACT,saida_eixo,0,0
1788469807.98,487.33,-0.00,28.48,RETRACT,saida_eixo,0,0
1788469808.08,487.43,-0.01,28.48,RETRACT,saida_eixo,0,0
1788469808.18,487.53,-0.00,28.48,RETRACT,saida_eixo,0,0
1788469808.28,487.63,-0.00,28.48,RETRACT,saida_eixo,0,0
1788469808.38,487.73,-0.00,28.48,RETRACT,saida_eixo,0,0
1788469808.48,487.83,0.00,28.48,RETRACT,saida_eixo,0,0
1788469808.58,487.93,0.00,28.48,RETRACT,saida_eixo,0,0
1788469808.68,488.03,-0.01,28.48,RETRACT,saida_eixo,0,0
1788469808.78,488.13,-0.00,28.48,RETRACT,saida_eixo,0,0
1788469808.88,488.23,0.00,28.48,RETRACT,saida_eixo,0,0
1788469808.99,488.33,0.01,28.48,RETRACT,saida_eixo,0,0
1788469809.09,488.43,-0.00,28.48,RETRACT,saida_eixo,0,0
1788469809.19,488.53,-0.00,28.48,RETRACT,saida_eixo,0,0
1788469809.29,488.63,-0.00,28.48,RETRACT,saida_eixo,0,0
1788469809.39,488.73,0.01,28.48,RETRACT,saida_eixo,0,0
1788469809.49,488.83,0.00,28.48,RETRACT,saida_eixo,0,0
1788469809.59,488.93,0.01,28.48,RETRACT,saida_eixo,0,0
1788469809.69,489.03,0.01,28.48,RETRACT,saida_eixo,0,0
1788469809.80,489.13,-0.00,28.48,RETRACT,saida_eixo,0,0
1788469809.90,489.23,-0.00,28.48,RETRACT,saida_eixo,0,0
1788469810.00,489.33,-0.01,28.48,RETRACT,saida_eixo,0,0
1788469810.11,489.43,0.01,28.48,RETRACT,saida_eixo,0,0
1788469810.21,489.53,-0.00,28.48,RETRACT,saida_eixo,0,0
1788469810.30,489.63,-0.00,28.48,RETRACT,saida_eixo,0,0
1788469810.40,489.73,0.01,28.48,RETRACT,saida_eixo,0,0
1788469810.51,489.83,-0.01,28.48,RETRACT,saida_eixo,0,0
1788469810.61,489.93,0.01,28.48,RETRACT,saida_eixo,0,0
1788469810.71,490.03,0.00,28.48,RETRACT,saida_eixo,0,0
1788469810.81,490.13,0.00,28.48,RETRACT,saida_eixo,0,0
1788469810.91,490.23,0.01,28.48,RETRACT,saida_eixo,0,0
1788469811.01,490.33,0.00,28.48,RETRACT,saida_eixo,0,0
1788469811.11,490.43,0.01,28.48,RETRACT,saida_eixo,0,0
1788469811.21,490.53,-0.00,28.48,RETRACT,saida_eixo,0,0
1788469811.32,490.63,0.00,28.48,RETRACT,saida_eixo,0,0
1788469811.42,490.73,-0.01,28.48,RETRACT,saida_eixo,0,0
1788469811.52,490.83,0.00,28.48,RETRACT,saida_eixo,0,0
1788469811.62,490.93,0.01,28.48,RETRACT,saida_eixo,0,0
1788469811.73,491.03,0.00,28.48,RETRACT,saida_eixo,0,0
1788469811.83,491.13,-0.00,28.48,RETRACT,saida_eixo,0,0
1788469811.93,491.23,-0.01,28.48,RETRACT,saida_eixo,0,0
1788469812.03,491.33,-0.01,28.48,RETRACT,saida_eixo,0,0
1788469812.13,491.43,0.01,28.48,RETRACT,saida_eixo,0,0
1788469812.23,491.53,-0.01,28.48,RETRACT,saida_eixo,0,0
1788469812.33,491.63,0.01,28.48,RETRACT,saida_eixo,0,0
1788469812.43,491.73,-0.00,28.48,RETRACT,saida_eixo,0,0
1788469812.53,491.83,0.00,28.48,RETRACT,saida_eixo,0,0
1788469812.63,491.93,0.00,28.48,RETRACT,saida_eixo,0,0
1788469812.74,492.03,-0.01,28.48,RETRACT,saida_eixo,0,0
1788469812.84,492.13,0.00,28.48,RETRACT,saida_eixo,0,0
1788469812.94,492.23,0.00,28.48,RETRACT,saida_eixo,0,0
1788469813.04,492.33,0.00,28.48,RETRACT,saida_eixo,0,0
1788469813.14,492.43,-0.00,28.48,RETRACT,saida_eixo,0,0
1788469813.24,492.53,-0.00,28.48,RETRACT,saida_eixo,0,0
1788469813.34,492.63,0.01,28.48,RETRACT,saida_eixo,0,0
1788469813.44,492.73,0.00,28.48,RETRACT,saida_eixo,0,0
1788469813.55,492.83,0.00,28.48,RETRACT,saida_eixo,0,0
1788469813.65,492.93,-0.00,28.48,RETURN,saida_eixo,0,0
1788469813.75,493.03,0.01,28.48,RETURN,saida_eixo,0,0
1788469813.86,493.13,0.00,28.48,RETURN,saida_eixo,0,0
1788469813.96,493.23,-0.01,28.48,RETURN,saida_eixo,0,0
1788469814.06,493.33,-0.01,28.48,RETURN,saida_eixo,0,0
1788469814.16,493.43,-0.00,28.48,RETURN,saida_eixo,0,0
1788469814.26,493.53,-0.01,28.48,RETURN,saida_eixo,0,0
1788469814.37,493.63,0.00,28.48,RETURN,saida_eixo,0,0
1788469814.46,493.73,0.00,28.48,RETURN,saida_eixo,0,0
1788469814.57,493.83,-0.00,28.48,RETURN,saida_eixo,0,0
1788469814.67,493.93,-0.01,28.48,RETURN,saida_eixo,0,0
1788469814.77,494.03,-0.01,28.48,RETURN,saida_eixo,0,0
1788469814.87,494.13,0.01,28.48,RETURN,saida_eixo,0,0
1788469814.97,494.23,0.00,28.48,RETURN,saida_eixo,0,0
1788469815.07,494.33,0.01,28.48,RETURN,saida_eixo,0,0
1788469815.18,494.43,-0.00,28.48,RETURN,saida_eixo,0,0
1788469815.28,494.53,-0.01,28.48,RETURN,saida_eixo,0,0
1788469815.38,494.63,-0.01,28.48,RETURN,saida_eixo,0,0
1788469815.48,494.73,0.01,28.48,RETURN,saida_eixo,0,0
1788469815.59,494.83,-0.00,28.48,RETURN,saida_eixo,0,0
1788469815.69,494.93,0.01,28.48,RETURN,saida_eixo,0,0
1788469815.79,495.03,-0.01,28.48,RETURN,saida_eixo,0,0
1788469815.89,495.13,0.00,28.48,RETURN,saida_eixo,0,0
1788469815.99,495.23,0.00,28.48,RETURN,saida_eixo,0,0
1788469816.09,495.33,-0.00,28.48,RETURN,saida_eixo,0,0
1788469816.19,495.43,-0.01,28.48,RETURN,saida_eixo,0,0
1788469816.29,495.53,-0.01,28.48,RETURN,saida_eixo,0,0
1788469816.40,495.63,-0.00,28.48,RETURN,saida_eixo,0,0
1788469816.50,495.73,-0.01,28.48,RETURN,saida_eixo,0,0
1788469816.61,495.83,0.01,28.48,RETURN,saida_eixo,0,0
1788469816.70,495.93,0.00,28.48,RETURN,saida_eixo,0,0
1788469816.80,496.03,-0.00,28.48,RETURN,saida_eixo,0,0
1788469816.91,496.13,-0.00,28.48,RETURN,saida_eixo,0,0
1788469817.01,496.23,0.00,28.48,RETURN,saida_eixo,0,0
1788469817.11,496.33,0.00,28.48,RETURN,saida_eixo,0,0
1788469817.21,496.43,0.00,28.48,RETURN,saida_eixo,0,0
1788469817.31,496.53,-0.00,28.48,RETURN,saida_eixo,0,0
1788469817.42,496.63,-0.00,28.48,RETURN,saida_eixo,0,0
1788469817.52,496.73,-0.01,28.48,RETURN,saida_eixo,0,0
1788469817.62,496.83,-0.01,28.48,RETURN,saida_eixo,0,0
1788469817.72,496.93,-0.01,28.48,RETURN,saida_eixo,0,0
1788469817.82,497.03,0.01,28.48,RETURN,saida_eixo,0,0
1788469817.92,497.13,0.01,28.48,RETURN,saida_eixo,0,0
1788469818.02,497.23,0.00,28.48,RETURN,saida_eixo,0,0
1788469818.12,497.33,-0.00,28.48,RETURN,saida_eixo,0,0
1788469818.22,497.43,-0.00,28.48,RETURN,saida_eixo,0,0
1788469818.32,497.53,-0.00,28.48,RETURN,saida_eixo,0,0
1788469818.43,497.63,0.00,28.48,RETURN,saida_eixo,0,0
1788469818.53,497.73,0.00,28.48,RETURN,saida_eixo,0,0
1788469818.63,497.83,0.00,28.48,RETURN,saida_eixo,0,0
1788469818.73,497.93,0.01,28.48,RETURN,saida_eixo,0,0
1788469818.83,498.03,0.01,28.48,RETURN,saida_eixo,0,0
1788469818.93,498.13,0.00,28.48,RETURN,saida_eixo,0,0
1788469819.03,498.23,0.01,28.48,RETURN,saida_eixo,0,0
1788469819.13,498.33,0.00,28.48,RETURN,saida_eixo,0,0
1788469819.24,498.43,0.01,28.48,RETURN,saida_eixo,0,0
1788469819.34,498.53,-0.00,28.48,RETURN,saida_eixo,0,0
1788469819.44,498.63,-0.01,28.48,RETURN,saida_eixo,0,0
1788469819.54,498.73,0.00,28.48,RETURN,saida_eixo,0,0
1788469819.64,498.83,-0.00,28.48,RETURN,saida_eixo,0,0
1788469819.74,498.93,0.00,28.48,RETURN,saida_eixo,0,0
1788469819.84,499.03,-0.00,28.48,RETURN,saida_eixo,0,0
1788469819.94,499.13,-0.00,28.48,RETURN,saida_eixo,0,0
1788469820.04,499.23,-0.01,28.48,RETURN,saida_eixo,0,0
1788469820.14,499.33,-0.01,28.48,RETURN,saida_eixo,0,0
1788469820.25,499.43,0.00,28.48,RETURN,saida_eixo,0,0
1788469820.34,499.53,-0.00,28.48,RETURN,saida_eixo,0,0
1788469820.45,499.63,0.01,28.48,RETURN,saida_eixo,0,0
1788469820.55,499.73,-0.00,28.48,RETURN,saida_eixo,0,0
1788469820.65,499.83,-0.00,28.48,RETURN,saida_eixo,0,0
1788469820.75,499.93,-0.01,28.48,RETURN,saida_eixo,0,0
1788469820.85,500.03,0.01,28.48,RETURN,saida_eixo,0,0
1788469820.95,500.13,0.01,28.48,RETURN,saida_eixo,0,0
1788469821.05,500.23,0.00,28.48,RETURN,saida_eixo,0,0
1788469821.15,500.33,-0.00,28.48,RETURN,saida_eixo,0,0
1788469821.26,500.43,0.00,28.48,RETURN,saida_eixo,0,0
1788469821.35,500.53,-0.01,28.48,RETURN,saida_eixo,0,0
1788469821.46,500.63,-0.00,28.48,RETURN,saida_eixo,0,0
1788469821.56,500.73,-0.00,28.48,RETURN,saida_eixo,0,0
1788469821.66,500.83,-0.00,28.48,RETURN,saida_eixo,0,0
1788469821.76,500.93,-0.00,28.48,RETURN,saida_eixo,0,0
1788469821.86,501.03,-0.01,28.48,RETURN,saida_eixo,0,0
1788469821.96,501.13,-0.00,28.48,RETURN,saida_eixo,0,0
1788469822.06,501.23,0.00,28.48,RETURN,saida_eixo,0,0
1788469822.16,501.33,0.00,28.48,RETURN,saida_eixo,0,0
1788469822.26,501.43,0.00,28.48,RETURN,saida_eixo,0,0
1788469822.36,501.53,0.01,28.48,RETURN,saida_eixo,0,0
1788469822.47,501.63,0.00,28.48,RETURN,saida_eixo,0,0
1788469822.56,501.73,0.01,28.48,RETURN,saida_eixo,0,0
1788469822.66,501.83,-0.01,28.48,RETURN,saida_eixo,0,0
1788469822.76,501.93,-0.00,28.48,RETURN,saida_eixo,0,0
1788469822.86,502.03,-0.00,28.48,RETURN,saida_eixo,0,0
1788469822.97,502.13,-0.00,28.48,RETURN,saida_eixo,0,0
1788469823.07,502.23,0.00,28.48,RETURN,saida_eixo,0,0
1788469823.17,502.33,-0.00,28.48,RETURN,saida_eixo,0,0
1788469823.27,502.43,0.00,28.48,RETURN,saida_eixo,0,0
1788469823.37,502.53,0.00,28.48,RETURN,saida_eixo,0,0
1788469823.47,502.63,-0.01,28.48,RETURN,saida_eixo,0,0
1788469823.57,502.73,0.00,28.48,RETURN,saida_eixo,0,0
1788469823.67,502.83,0.00,28.48,RETURN,saida_eixo,0,0
1788469823.77,502.93,0.00,28.48,RETURN,saida_eixo,0,0
1788469823.87,503.03,0.00,28.48,RETURN,saida_eixo,0,0
1788469823.97,503.13,0.01,28.48,RETURN,saida_eixo,0,0
1788469824.08,503.23,-0.00,28.48,RETURN,saida_eixo,0,0
1788469824.17,503.33,-0.00,28.48,RETURN,saida_eixo,0,0
1788469824.28,503.43,-0.00,28.48,RETURN,saida_eixo,0,0
1788469824.38,503.53,-0.00,28.48,RETURN,saida_eixo,0,0
1788469824.48,503.63,0.00,28.48,RETURN,saida_eixo,0,0
1788469824.58,503.73,-0.00,28.48,RETURN,saida_eixo,0,0
1788469824.69,503.83,-0.00,28.48,RETURN,saida_eixo,0,0
1788469824.78,503.93,0.01,28.48,RETURN,saida_eixo,0,0
1788469824.89,504.03,0.00,28.48,RETURN,saida_eixo,0,0
1788469824.99,504.13,0.00,28.48,RETURN,saida_eixo,0,0
1788469825.09,504.23,0.00,28.48,RETURN,saida_eixo,0,0
1788469825.19,504.33,-0.01,28.48,RETURN,saida_eixo,0,0
1788469825.30,504.43,-0.00,28.48,RETURN,saida_eixo,0,0
1788469825.40,504.53,-0.00,28.48,RETURN,saida_eixo,0,0
1788469825.50,504.63,-0.00,28.48,RETURN,saida_eixo,0,0
1788469825.60,504.73,0.00,28.48,RETURN,saida_eixo,0,0
1788469825.70,504.83,-0.01,28.48,RETURN,saida_eixo,0,0
1788469825.80,504.93,-0.01,28.48,RETURN,saida_eixo,0,0
1788469825.90,505.03,0.01,28.48,RETURN,saida_eixo,0,0
1788469826.00,505.13,-0.00,28.48,RETURN,saida_eixo,0,0
1788469826.10,505.23,-0.01,28.48,RETURN,saida_eixo,0,0
1788469826.20,505.33,0.01,28.48,RETURN,saida_eixo,0,0
1788469826.31,505.43,-0.01,28.48,RETURN,saida_eixo,0,0
1788469826.40,505.53,0.00,28.48,RETURN,saida_eixo,0,0
1788469826.51,505.63,-0.01,28.48,RETURN,saida_eixo,0,0
1788469826.60,505.73,-0.01,28.48,RETURN,saida_eixo,0,0
1788469826.71,505.83,-0.00,28.48,RETURN,saida_eixo,0,0
1788469826.81,505.93,-0.00,28.48,RETURN,saida_eixo,0,0
1788469826.91,506.03,0.01,28.48,RETURN,saida_eixo,0,0
1788469827.01,506.13,0.01,28.48,RETURN,saida_eixo,0,0
1788469827.11,506.23,-0.00,28.48,RETURN,saida_eixo,0,0
1788469827.21,506.33,-0.01,28.48,RETURN,saida_eixo,0,0
1788469827.31,506.43,-0.00,28.48,RETURN,saida_eixo,0,0
1788469827.41,506.53,0.01,28.48,RETURN,saida_eixo,0,0
1788469827.52,506.63,0.00,28.48,RETURN,saida_eixo,0,0
1788469827.62,506.73,-0.00,28.48,RETURN,saida_eixo,0,0
1788469827.72,506.83,0.00,28.48,RETURN,saida_eixo,0,0
1788469827.82,506.93,0.00,28.48,RETURN,saida_eixo,0,0
1788469827.92,507.03,0.00,28.48,RETURN,saida_eixo,0,0
1788469828.02,507.13,-0.01,28.48,RETURN,saida_eixo,0,0
1788469828.12,507.23,-0.01,28.48,RETURN,saida_eixo,0,0
1788469828.22,507.33,-0.00,28.48,RETURN,saida_eixo,0,0
1788469828.32,507.43,0.00,28.48,RETURN,saida_eixo,0,0
1788469828.42,507.53,-0.00,28.48,RETURN,saida_eixo,0,0
1788469828.52,507.63,0.01,28.48,RETURN,saida_eixo,0,0
1788469828.62,507.73,0.00,28.48,RETURN,saida_eixo,0,0
1788469828.73,507.83,-0.01,28.48,RETURN,saida_eixo,0,0
1788469828.82,507.93,0.00,28.48,RETURN,saida_eixo,0,0
1788469828.93,508.03,0.00,28.48,RETURN,saida_eixo,0,0
1788469829.03,508.13,-0.00,28.48,RETURN,saida_eixo,0,0
1788469829.13,508.23,-0.00,28.48,RETURN,saida_eixo,0,0
1788469829.23,508.33,-0.00,28.48,RETURN,saida_eixo,0,0
1788469829.33,508.43,0.01,28.48,RETURN,saida_eixo,0,0
1788469829.43,508.53,-0.00,28.48,RETURN,saida_eixo,0,0
1788469829.53,508.63,-0.01,28.48,RETURN,saida_eixo,0,0
1788469829.63,508.73,-0.00,28.48,RETURN,saida_eixo,0,0
1788469829.74,508.83,0.01,28.48,RETURN,saida_eixo,0,0
1788469829.83,508.93,-0.00,28.48,RETURN,saida_eixo,0,0
1788469829.94,509.03,-0.00,28.48,RETURN,saida_eixo,0,0
1788469830.04,509.13,-0.01,28.48,RETURN,saida_eixo,0,0
1788469830.14,509.23,-0.00,28.48,RETURN,saida_eixo,0,0
1788469830.24,509.33,0.00,28.48,RETURN,saida_eixo,0,0
1788469830.34,509.43,-0.00,28.48,RETURN,saida_eixo,0,0
1788469830.44,509.53,-0.00,28.48,RETURN,saida_eixo,0,0
1788469830.54,509.63,-0.00,28.48,RETURN,saida_eixo,0,0
1788469830.64,509.73,0.00,28.48,RETURN,saida_eixo,0,0
1788469830.74,509.83,-0.00,28.48,RETURN,saida_eixo,0,0
1788469830.84,509.93,0.00,28.48,RETURN,saida_eixo,0,0
1788469830.94,510.03,-0.01,28.48,RETURN,saida_eixo,0,0
1788469831.04,510.13,-0.01,28.48,RETURN,saida_eixo,0,0
1788469831.14,510.23,-0.01,28.48,RETURN,saida_eixo,0,0
1788469831.24,510.33,-0.00,28.48,RETURN,saida_eixo,0,0
1788469831.35,510.43,0.00,28.48,RETURN,saida_eixo,0,0
1788469831.45,510.53,0.00,28.48,RETURN,saida_eixo,0,0
1788469831.55,510.63,0.00,28.48,RETURN,saida_eixo,0,0
1788469831.65,510.73,0.01,28.48,RETURN,saida_eixo,0,0
1788469831.75,510.83,-0.00,28.48,RETURN,saida_eixo,0,0
1788469831.85,510.93,-0.01,28.48,RETURN,saida_eixo,0,0
1788469831.95,511.03,-0.01,28.48,RETURN,saida_eixo,0,0
1788469832.05,511.13,-0.01,28.48,RETURN,saida_eixo,0,0
1788469832.15,511.23,-0.00,28.48,RETURN,saida_eixo,0,0
1788469832.25,511.33,0.00,28.48,RETURN,saida_eixo,0,0
1788469832.35,511.43,-0.00,28.48,RETURN,saida_eixo,0,0
1788469832.45,511.53,-0.00,28.48,RETURN,saida_eixo,0,0
1788469832.56,511.63,0.01,28.48,RETURN,saida_eixo,0,0
1788469832.66,511.73,0.01,28.48,RETURN,saida_eixo,0,0
1788469832.75,511.83,-0.00,28.48,RETURN,saida_eixo,0,0
1788469832.86,511.93,0.00,28.48,RETURN,saida_eixo,0,0
1788469832.96,512.03,-0.01,28.48,RETURN,saida_eixo,0,0
1788469833.06,512.13,0.00,28.48,RETURN,saida_eixo,0,0
1788469833.16,512.23,-0.00,28.48,RETURN,saida_eixo,0,0
1788469833.26,512.33,0.01,28.48,RETURN,saida_eixo,0,0
1788469833.36,512.43,0.00,28.48,RETURN,saida_eixo,0,0
1788469833.46,512.53,-0.00,28.48,RETURN,saida_eixo,0,0
1788469833.56,512.63,0.00,28.48,RETURN,saida_eixo,0,0
1788469833.66,512.73,-0.01,28.48,RETURN,saida_eixo,0,0
1788469833.76,512.83,0.00,28.48,RETURN,saida_eixo,0,0
1788469833.86,512.93,0.00,28.48,RETURN,saida_eixo,0,0
1788469833.96,513.03,-0.00,28.48,RETURN,saida_eixo,0,0
1788469834.06,513.13,-0.00,28.48,RETURN,saida_eixo,0,0
1788469834.16,513.23,0.00,28.48,RETURN,saida_eixo,0,0
1788469834.26,513.33,-0.01,28.48,RETURN,saida_eixo,0,0
1788469834.37,513.43,0.00,28.48,RETURN,saida_eixo,0,0
1788469834.47,513.53,-0.01,28.48,RETURN,saida_eixo,0,0
1788469834.57,513.63,0.00,28.48,RETURN,saida_eixo,0,0
1788469834.67,513.73,0.00,28.48,RETURN,saida_eixo,0,0
1788469834.77,513.83,0.01,28.48,RETURN,saida_eixo,0,0
1788469834.87,513.93,0.01,28.48,RETURN,saida_eixo,0,0
1788469834.98,514.03,0.00,28.48,RETURN,saida_eixo,0,0
1788469835.08,514.13,-0.01,28.48,RETURN,saida_eixo,0,0
1788469835.18,514.23,0.00,28.48,RETURN,saida_eixo,0,0
1788469835.28,514.33,0.01,28.48,RETURN,saida_eixo,0,0
1788469835.38,514.43,0.00,28.48,RETURN,saida_eixo,0,0
1788469835.48,514.53,-0.00,28.48,RETURN,saida_eixo,0,0
1788469835.58,514.63,0.00,28.48,RETURN,saida_eixo,0,0
1788469835.68,514.73,0.01,28.48,RETURN,saida_eixo,0,0
1788469835.78,514.83,0.00,28.48,RETURN,saida_eixo,0,0
1788469835.89,514.93,-0.00,28.48,RETURN,saida_eixo,0,0
1788469835.99,515.03,-0.01,28.48,RETURN,saida_eixo,0,0
1788469836.09,515.13,-0.00,28.48,RETURN,saida_eixo,0,0
1788469836.19,515.23,-0.01,28.48,RETURN,saida_eixo,0,0
1788469836.29,515.33,-0.00,28.48,RETURN,saida_eixo,0,0
1788469836.40,515.43,-0.00,28.48,RETURN,saida_eixo,0,0
1788469836.49,515.53,-0.00,28.48,RETURN,saida_eixo,0,0
1788469836.60,515.63,-0.00,28.48,RETURN,saida_eixo,0,0
1788469836.70,515.73,-0.00,28.48,RETURN,saida_eixo,0,0
1788469836.80,515.83,0.00,28.48,RETURN,saida_eixo,0,0
1788469836.90,515.93,0.01,28.48,RETURN,saida_eixo,0,0
1788469837.00,516.03,-0.00,28.48,RETURN,saida_eixo,0,0
1788469837.10,516.13,-0.01,28.48,RETURN,saida_eixo,0,0
1788469837.20,516.23,-0.01,28.48,RETURN,saida_eixo,0,0
1788469837.30,516.33,-0.01,28.48,RETURN,saida_eixo,0,0
1788469837.40,516.43,0.00,28.48,RETURN,saida_eixo,0,0
1788469837.50,516.53,0.00,28.48,RETURN,saida_eixo,0,0
1788469837.60,516.63,0.00,28.48,RETURN,saida_eixo,0,0
1788469837.70,516.73,0.01,28.48,RETURN,saida_eixo,0,0
1788469837.80,516.83,-0.00,28.48,RETURN,saida_eixo,0,0
1788469837.91,516.93,-0.01,28.48,RETURN,saida_eixo,0,0
1788469838.01,517.03,0.01,28.48,RETURN,saida_eixo,0,0
1788469838.11,517.13,0.01,28.48,RETURN,saida_eixo,0,0
1788469838.22,517.23,0.01,28.48,RETURN,saida_eixo,0,0
1788469838.32,517.33,-0.00,28.48,RETURN,saida_eixo,0,0
1788469838.41,517.43,-0.00,28.48,RETURN,saida_eixo,0,0
1788469838.52,517.53,0.00,28.48,RETURN,saida_eixo,0,0
1788469838.62,517.63,-0.00,28.48,RETURN,saida_eixo,0,0
1788469838.72,517.73,0.01,28.48,RETURN,saida_eixo,0,0
1788469838.82,517.83,-0.01,28.48,RETURN,saida_eixo,0,0
1788469838.92,517.93,0.00,28.48,RETURN,saida_eixo,0,0
1788469839.02,518.03,-0.01,28.48,RETURN,saida_eixo,0,0
1788469839.12,518.13,0.00,28.48,RETURN,saida_eixo,0,0
1788469839.22,518.23,-0.00,28.48,RETURN,saida_eixo,0,0
1788469839.32,518.33,-0.01,28.48,RETURN,saida_eixo,0,0
1788469839.43,518.43,0.00,28.48,RETURN,saida_eixo,0,0
1788469839.52,518.53,-0.00,28.48,RETURN,saida_eixo,0,0
1788469839.62,518.63,0.01,28.48,RETURN,saida_eixo,0,0
1788469839.72,518.73,-0.00,28.48,RETURN,saida_eixo,0,0
1788469839.83,518.83,-0.01,28.48,RETURN,saida_eixo,0,0
1788469839.92,518.93,-0.00,28.48,RETURN,saida_eixo,0,0
1788469840.03,519.03,-0.00,28.48,RETURN,saida_eixo,0,0
1788469840.12,519.13,0.01,28.48,RETURN,saida_eixo,0,0
1788469840.23,519.23,0.00,28.48,RETURN,saida_eixo,0,0
1788469840.33,519.33,0.01,28.48,RETURN,saida_eixo,0,0
1788469840.43,519.43,-0.00,28.48,RETURN,saida_eixo,0,0
1788469840.53,519.53,-0.00,28.48,RETURN,saida_eixo,0,0
1788469840.63,519.63,0.01,28.48,RETURN,saida_eixo,0,0
1788469840.73,519.73,0.00,28.48,RETURN,saida_eixo,0,0
1788469840.84,519.83,0.00,28.48,RETURN,saida_eixo,0,0
1788469840.93,519.93,-0.00,28.48,RETURN,saida_eixo,0,0
1788469841.04,520.03,0.00,28.48,RETURN,saida_eixo,0,0
1788469841.13,520.13,-0.01,28.48,RETURN,saida_eixo,0,0
1788469841.24,520.23,-0.01,28.48,RETURN,saida_eixo,0,0
1788469841.34,520.33,-0.00,28.48,RETURN,saida_eixo,0,0
1788469841.44,520.43,0.01,28.48,RETURN,saida_eixo,0,0
1788469841.54,520.53,0.00,28.48,RETURN,saida_eixo,0,0
1788469841.64,520.63,0.00,28.48,RETURN,saida_eixo,0,0
1788469841.74,520.73,0.00,28.48,RETURN,saida_eixo,0,0
1788469841.85,520.83,0.00,28.48,RETURN,saida_eixo,0,0
1788469841.95,520.93,0.00,28.48,RETURN,saida_eixo,0,0
1788469842.05,521.03,0.01,28.48,RETURN,saida_eixo,0,0
1788469842.15,521.13,-0.00,28.48,RETURN,saida_eixo,0,0
1788469842.25,521.23,-0.01,28.48,RETURN,saida_eixo,0,0
1788469842.35,521.33,0.01,28.48,RETURN,saida_eixo,0,0
1788469842.45,521.43,-0.00,28.48,RETURN,saida_eixo,0,0
1788469842.55,521.53,-0.00,28.48,RETURN,saida_eixo,0,0
1788469842.66,521.63,0.00,28.48,RETURN,saida_eixo,0,0
1788469842.75,521.73,0.00,28.48,RETURN,saida_eixo,0,0
1788469842.85,521.83,-0.01,28.48,RETURN,saida_eixo,0,0
1788469842.96,521.93,-0.00,28.48,RETURN,saida_eixo,0,0
1788469843.06,522.03,0.00,28.48,RETURN,saida_eixo,0,0
1788469843.16,522.13,-0.01,28.48,RETURN,saida_eixo,0,0
1788469843.26,522.23,0.00,28.48,RETURN,saida_eixo,0,0
1788469843.36,522.33,0.01,28.48,RETURN,saida_eixo,0,0
1788469843.46,522.43,-0.01,28.48,RETURN,saida_eixo,0,0
1788469843.56,522.53,-0.01,28.48,RETURN,saida_eixo,0,0
1788469843.67,522.63,0.01,28.48,RETURN,saida_eixo,0,0
1788469843.76,522.73,-0.00,28.48,RETURN,saida_eixo,0,0
1788469843.87,522.83,-0.00,28.48,RETURN,saida_eixo,0,0
1788469843.97,522.93,-0.00,28.48,RETURN,saida_eixo,0,0
1788469844.07,523.03,-0.00,28.48,RETURN,saida_eixo,0,0
1788469844.17,523.13,0.00,28.48,RETURN,saida_eixo,0,0
1788469844.27,523.23,0.00,28.48,RETURN,saida_eixo,0,0
1788469844.37,523.33,0.01,28.48,RETURN,saida_eixo,0,0
1788469844.48,523.43,-0.01,28.48,RETURN,saida_eixo,0,0
1788469844.57,523.53,-0.01,28.48,RETURN,saida_eixo,0,0
1788469844.68,523.63,-0.01,28.48,RETURN,saida_eixo,0,0
1788469844.78,523.73,-0.01,28.48,RETURN,saida_eixo,0,0
1788469844.88,523.83,0.00,28.48,RETURN,saida_eixo,0,0
1788469844.98,523.93,0.00,28.48,RETURN,saida_eixo,0,0
1788469845.08,524.03,-0.00,28.48,RETURN,saida_eixo,0,0
1788469845.18,524.13,0.00,28.48,RETURN,saida_eixo,0,0
1788469845.28,524.23,-0.01,28.48,RETURN,saida_eixo,0,0
1788469845.38,524.33,-0.01,28.48,RETURN,saida_eixo,0,0
1788469845.48,524.43,-0.01,28.48,RETURN,saida_eixo,0,0
1788469845.58,524.53,-0.00,28.48,RETURN,saida_eixo,0,0
1788469845.69,524.63,0.01,28.48,RETURN,saida_eixo,0,0
1788469845.79,524.73,0.00,28.48,RETURN,saida_eixo,0,0
1788469845.89,524.83,-0.01,28.48,RETURN,saida_eixo,0,0
1788469845.99,524.93,-0.00,28.48,RETURN,saida_eixo,0,0
1788469846.09,525.03,0.01,28.48,RETURN,saida_eixo,0,0
1788469846.19,525.13,0.01,28.48,RETURN,saida_eixo,0,0
1788469846.29,525.23,-0.01,28.48,RETURN,saida_eixo,0,0
1788469846.40,525.33,0.00,28.48,RETURN,saida_eixo,0,0
1788469846.50,525.43,-0.00,28.48,RETURN,saida_eixo,0,0
1788469846.60,525.53,0.00,28.48,RETURN,saida_eixo,0,0
1788469846.70,525.63,-0.01,28.48,RETURN,saida_eixo,0,0
