sim,j4_est,j4_true,fase,modo
753.58,,,,
753.68,-4.1,-4.1,,
753.78,-2.4,-2.2,,
753.88,-2.1,-1.2,,
753.98,-1.2,-1.1,,
754.08,-1.2,-1.0,,
754.18,-1.0,-1.0,,
754.28,-1.0,-0.9,,
754.38,-0.9,-0.9,,
754.48,-0.9,-0.9,,
754.58,-0.9,-0.9,,
754.68,-0.9,-0.9,,
754.78,-0.9,-0.9,,
754.88,-0.9,-0.9,,
754.98,-0.9,-0.9,,
755.08,-0.9,-0.9,,
755.18,-0.9,-0.9,,
755.28,-0.9,-0.9,,
755.38,-0.9,-0.9,,
755.48,-0.9,-0.9,,
755.58,-0.9,-0.9,,
755.68,-0.9,-0.9,,
755.78,-0.9,-0.9,,
755.88,-0.9,-0.9,,
755.98,-0.9,-0.9,,
756.08,-0.9,-0.9,,
756.18,-0.9,-0.9,,
756.28,-0.9,-0.9,,
756.38,-0.9,-0.9,,
756.48,-0.9,-0.9,,
756.58,-0.9,-0.9,,
756.68,-0.9,-0.9,,
756.78,-0.9,-0.9,,
756.88,-0.9,-0.9,,
756.98,-0.9,-0.9,,
757.08,-0.9,-0.9,,
757.18,-0.9,-0.9,,
757.28,-0.9,-0.9,,
757.38,-0.9,-0.9,,
757.48,-0.9,-0.9,,
757.58,-0.9,-0.9,,
757.68,-0.9,-0.9,,
757.78,-0.9,-0.9,,
757.88,-0.9,-0.9,,
757.98,-0.9,-0.9,,
758.08,-0.9,-0.9,,
758.18,-0.9,-0.9,,
758.28,-0.9,-0.9,,
758.38,-0.9,-0.9,,
758.48,-0.9,-0.9,,
758.58,-0.9,-0.9,,
758.68,-0.9,-0.9,,
758.78,-0.9,-0.9,,
758.88,-0.9,-0.9,,
758.98,-0.9,-0.9,,
759.08,-0.9,-0.9,,
759.18,-0.9,-0.9,,
759.28,-0.9,-0.9,,
759.38,-0.9,-0.9,,
759.48,-0.9,-0.9,,
759.58,-0.9,-0.9,,
759.68,-0.9,-0.9,,
759.78,-0.9,-0.9,,
759.88,-0.9,-0.9,,
759.98,-0.9,-0.9,,
760.08,-0.9,-0.9,,
760.18,-0.9,-0.9,,
760.28,-0.9,-0.9,,
760.38,-0.9,-0.9,,
760.48,-0.9,-0.9,,
760.58,-0.9,-0.9,,
760.68,-0.9,-0.9,,
760.78,-0.9,-0.9,,
760.88,-0.9,-0.9,,
760.98,-0.9,-0.9,,
761.08,-0.9,-0.9,,
761.18,-0.9,-0.9,,
761.28,-0.9,-0.9,,
761.38,-0.9,-0.9,,
761.48,-0.9,-0.9,,
761.58,-0.9,-0.9,,
761.68,-0.9,-0.9,,
761.78,-0.9,-0.9,,
761.88,-0.9,-0.9,,
761.98,-0.9,-0.9,,
762.08,-0.9,-0.9,,
762.18,-0.9,-0.9,,
762.28,-0.9,-0.9,,
762.38,-0.9,-0.9,,
762.48,-0.9,-0.9,,
762.58,-0.9,-0.9,,
762.68,-0.9,-0.9,,
762.78,-0.9,-0.9,,
762.88,-0.9,-0.9,,
762.98,-0.9,-0.9,,
763.08,-0.9,-0.9,,
763.18,-0.9,-0.9,,
763.28,-0.9,-0.9,,
763.38,-0.9,-0.9,,
763.48,-0.9,-0.9,,
763.58,-0.9,-0.9,,
763.68,-0.9,-0.9,,
763.78,-0.9,-0.9,,
763.88,-0.9,-0.9,,
763.98,-0.9,-0.9,,
764.08,-0.9,-0.9,,
764.18,-0.9,-0.9,,
764.28,-0.9,-0.9,,
764.38,-0.9,-0.9,,
764.48,-0.9,-0.9,,
764.58,-0.9,-0.9,,
764.68,-0.9,-0.9,,
764.78,-0.9,-0.9,,
764.88,-0.9,-0.9,,
764.98,-0.9,-0.9,,
765.08,-0.9,-0.9,,
765.18,-0.9,-0.9,,
765.28,-0.9,-0.9,,
765.38,-0.9,-0.9,,
765.48,-0.9,-0.9,,
765.58,-0.9,-0.9,,
765.68,-0.9,-0.9,,
765.78,-0.9,-0.9,,
765.88,-0.9,-0.9,,
765.98,-0.9,-0.9,,
766.08,-0.9,-0.9,,
766.18,-0.9,-0.9,,
766.28,-0.9,-0.9,,
766.38,-0.9,-0.9,,
766.48,-0.9,-0.9,,
766.58,-0.9,-0.9,,
766.68,-0.9,-0.9,,
766.78,-0.9,-0.9,,
766.88,-0.9,-0.9,,
766.98,-0.9,-0.9,,
767.08,-0.9,-0.9,,
767.18,-0.9,-0.9,,
767.28,-0.9,-0.9,,
767.38,-0.8,-0.9,,
767.48,-0.9,-0.9,,
767.58,-0.9,-0.9,,
767.68,-0.9,-0.9,,
767.78,-0.9,-0.9,,
767.88,-0.9,-0.9,,
767.98,-0.9,-0.9,,
768.08,-0.9,-0.9,,
768.18,-0.9,-0.9,,
768.28,-0.9,-0.9,,
768.38,-0.9,-0.9,,
768.48,-0.9,-0.9,,
768.58,-0.9,-0.9,,
768.68,-0.9,-0.9,,
768.78,-0.9,-0.9,,
768.88,-0.9,-0.9,,
768.98,-0.9,-0.9,,
769.08,-0.9,-0.9,,
769.18,-0.9,-0.9,,
769.28,-0.9,-0.9,,
769.38,-0.9,-0.9,,
769.48,-0.9,-0.9,,
769.58,-0.9,-0.9,,
769.68,-0.9,-0.9,,
769.78,-0.9,-0.9,,
769.88,-0.9,-0.9,,
769.98,-0.9,-0.9,,
770.08,-0.9,-0.9,,
770.18,-0.9,-0.9,,
770.28,-0.9,-0.9,,
770.38,-0.9,-0.9,,
770.48,-0.9,-0.9,,
770.58,-0.9,-0.9,,
770.68,-0.9,-0.9,,
770.78,-0.9,-0.9,,
770.88,-0.9,-0.9,,
770.98,-0.9,-0.9,,
771.08,-0.9,-0.9,,
771.18,-0.9,-0.9,,
771.28,-0.9,-0.9,,
771.38,-0.9,-0.9,,
771.48,-0.9,-0.9,,
771.58,-0.9,-0.9,,
771.68,-0.9,-0.9,,
771.78,-0.9,-0.9,,
771.88,-0.9,-0.9,,
771.98,-0.9,-0.9,,
772.08,-0.9,-1.0,,
772.18,-0.9,-0.9,,
772.28,-1.7,-0.9,,
772.38,-1.1,-0.9,,
772.48,-1.1,-0.9,,
772.58,-1.1,-0.9,,
772.68,-1.1,-0.9,,
772.78,-1.7,-0.9,,
772.88,-0.6,-0.9,,
772.98,-1.4,-0.9,,
773.08,-0.9,-0.9,,
773.18,-0.9,-0.9,,
773.28,-1.7,-0.9,,
773.38,-0.6,-0.9,,
773.48,-1.4,-0.9,,
773.58,-1.4,-0.9,,
773.68,-0.7,-0.9,,
773.78,-1.5,-0.9,,
773.88,-0.9,-0.9,,
773.98,-0.9,-0.9,,
774.08,-1.7,-0.9,,
774.18,-0.6,-0.9,,
774.28,-1.4,-0.9,,
774.38,-0.8,-0.9,,
774.48,-0.8,-0.9,,
774.58,-1.5,-0.9,,
774.68,-0.9,-0.9,,
774.78,-0.9,-0.9,,
774.88,-1.8,-0.9,,
774.98,-0.6,-0.9,,
775.08,-1.5,-0.9,,
775.18,-0.9,-0.9,,
775.28,-0.9,-0.9,,
775.38,-1.8,-0.9,,
775.48,-0.6,-0.9,,
775.58,-1.5,-0.9,,
775.68,-0.8,-0.9,,
775.78,-0.8,-0.9,,
775.88,-1.6,-0.9,,
775.98,-0.6,-0.9,,
776.08,-1.4,-0.9,,
776.18,-0.8,-0.9,,
776.28,-0.8,-0.9,,
776.38,-1.6,-0.9,,
776.48,-1.0,-0.9,,
776.58,-1.0,-0.9,,
776.68,-1.8,-0.9,,
776.78,-0.7,-0.9,,
776.88,-1.5,-0.9,,
776.98,-0.9,-0.9,,
777.08,-0.9,-0.9,,
777.18,-1.7,-0.9,,
777.28,-0.6,-0.9,,
777.38,-1.4,-0.9,,
777.48,-0.9,-0.9,,
777.58,-0.9,-0.9,,
777.68,-1.7,-0.9,,
777.78,-0.6,-0.9,,
777.88,-0.8,-1.0,,
777.98,-1.0,-1.0,,
778.08,-0.9,-0.9,,
778.18,-0.9,-0.9,,
778.28,-0.9,-0.9,,
778.38,-0.9,-0.9,,
778.48,-0.9,-0.9,,
778.58,-0.9,-0.9,,
778.68,-0.9,-0.9,,
778.78,-0.9,-0.9,,
778.88,-0.9,-0.9,,
778.98,-0.9,-0.9,,
779.08,-0.9,-0.9,,
779.18,-1.0,-0.9,,
779.28,-0.9,-0.9,,
779.38,-0.9,-0.9,,
779.48,-0.9,-0.9,,
779.58,-0.9,-0.9,,
779.68,-0.9,-0.9,,
779.78,-0.9,-0.9,,
779.88,-0.9,-0.9,,
779.98,-0.9,-0.9,,
780.08,-0.9,-0.9,,
780.18,-0.9,-0.9,,
780.28,-0.9,-0.9,,
780.38,-0.9,-0.9,,
780.48,-0.9,-0.9,,
780.58,-0.9,-0.9,,
780.68,-0.9,-0.9,,
780.78,-0.9,-0.9,,
780.88,-0.9,-0.9,,
780.98,-0.9,-0.9,,
781.08,-0.9,-0.9,,
781.18,-0.9,-0.9,,
781.28,-0.9,-0.9,,
781.38,-0.9,-0.9,,
781.48,-0.9,-0.9,,
781.58,-0.9,-0.9,,
781.68,-0.9,-0.9,,
781.78,-0.9,-0.9,,
781.88,-0.9,-0.9,,
781.98,-0.9,-0.9,,
782.08,-0.9,-0.9,,
782.18,-0.9,-0.9,,
782.28,-0.9,-0.9,,
782.38,-0.9,-0.9,,
782.48,-0.9,-0.9,,
782.58,-0.9,-0.9,,
782.68,-0.9,-0.9,,
782.78,-0.9,-0.9,,
782.88,-0.9,-0.9,,
782.98,-0.9,-0.9,,
783.08,-0.9,-0.9,,
783.18,-0.9,-0.9,,
783.28,-0.9,-0.9,,
783.38,-0.7,-0.9,,
783.48,-0.9,-0.9,,
783.58,-0.9,-0.9,,
783.68,-0.9,-0.9,,
783.78,-0.9,-0.9,,
783.88,-0.9,-0.9,,
783.98,-0.9,-0.9,,
784.08,-0.9,-0.9,,
784.18,-1.0,-0.9,,
784.28,-1.0,-0.9,,
784.38,-0.9,-0.9,,
784.48,-0.9,-0.9,,
784.58,-0.9,-0.9,,
784.68,-0.9,-0.9,,
784.78,-0.9,-0.9,,
784.88,-1.0,-0.9,,
784.98,-1.0,-0.9,,
785.08,-1.0,-0.9,,
785.18,-1.0,-0.9,,
785.28,-0.9,-0.9,,
785.38,-0.9,-0.9,,
785.48,-0.9,-0.9,,
785.58,-0.9,-0.9,,
785.68,-0.9,-0.9,,
785.78,-0.9,-0.9,,
785.88,-0.9,-0.9,,
785.98,-0.9,-0.9,,
786.08,-0.9,-0.9,,
786.18,-1.6,-0.9,,
786.28,-0.9,-0.9,,
786.38,-0.9,-0.9,,
786.48,-1.8,-0.9,,
786.58,-1.0,-0.9,,
786.68,-1.6,-0.9,,
786.78,-0.9,-0.9,,
786.88,-0.9,-0.9,,
786.98,-1.8,-0.9,,
787.08,-1.0,-0.9,,
787.18,-1.0,-0.9,,
787.28,-1.0,-0.9,,
787.38,-1.0,-0.9,,
787.48,-1.6,-0.9,,
787.58,-1.0,-0.9,,
787.68,-1.0,-0.9,,
787.78,-1.0,-0.9,,
787.88,-1.0,-0.9,,
787.98,-1.7,-0.9,,
788.08,-0.6,-0.9,,
788.18,-1.4,-0.9,,
788.28,-0.8,-0.9,,
788.38,-0.8,-0.9,,
788.48,-1.6,-0.9,,
788.58,-0.5,-0.9,,
788.68,-1.4,-0.9,,
788.78,-0.8,-0.9,,
788.88,-0.8,-0.9,,
788.98,-1.6,-0.9,,
789.08,-1.0,-0.9,,
789.18,-1.0,-0.9,,
789.28,-1.8,-0.9,,
789.38,-0.6,-0.9,,
789.48,-1.4,-0.9,,
789.58,-0.8,-0.9,,
789.68,-0.8,-0.9,,
789.78,-1.3,-0.9,,
789.88,-0.9,-1.0,,
789.98,-1.0,-0.9,,
790.08,-0.9,-0.9,,
790.18,-0.9,-0.9,,
790.28,-0.9,-0.9,,
790.38,-0.9,-0.9,,
790.48,-0.9,-0.9,,
790.58,-0.9,-0.9,,
790.68,-0.9,-0.9,,
790.78,-0.9,-0.9,,
790.88,-0.9,-0.9,,
790.98,-0.9,-0.9,,
791.08,-0.9,-0.9,,
791.18,-0.9,-0.9,,
791.28,-0.9,-0.9,,
791.38,-0.9,-0.9,,
791.48,-0.9,-0.9,,
791.58,-0.9,-0.9,,
791.68,-0.9,-0.9,,
791.78,-0.9,-0.9,,
791.88,-0.9,-0.9,,
791.98,-0.9,-0.9,,
792.08,-0.9,-0.9,,
792.18,-0.9,-0.9,,
792.28,-0.9,-0.9,,
792.38,-0.9,-0.9,,
792.48,-0.9,-0.9,,
792.58,-0.9,-0.9,,
792.68,-0.9,-0.9,,
792.78,-0.9,-0.9,,
792.88,-0.9,-0.9,,
792.98,-0.9,-0.9,,
793.08,-0.9,-0.9,,
793.18,-0.9,-0.9,,
793.28,-0.9,-0.9,,
793.38,-0.9,-0.9,,
793.48,-0.9,-0.9,,
793.58,-1.0,-0.9,,
793.68,-1.0,-0.9,,
793.78,-1.0,-0.9,,
793.88,-0.9,-0.9,,
793.98,-0.9,-0.9,,
794.08,-0.9,-0.9,,
794.18,-0.9,-0.9,,
794.28,-0.9,-0.9,,
794.38,-0.9,-0.9,,
794.48,-0.9,-0.9,,
794.58,-0.9,-0.9,,
794.68,-0.9,-0.9,,
794.78,-0.9,-0.9,,
794.88,-0.9,-0.9,,
794.98,-0.9,-0.9,,
795.08,-0.9,-0.9,,
795.18,-0.9,-0.9,,
795.28,-0.9,-0.9,,
795.38,-0.9,-0.9,,
795.48,-0.9,-0.9,,
795.58,-0.9,-0.9,,
795.68,-0.9,-0.9,,
795.78,-0.9,-0.9,,
795.88,-0.9,-0.9,,
795.98,-0.9,-0.9,,
796.08,-0.9,-0.9,,
796.18,-0.9,-0.9,,
796.28,-0.9,-0.9,,
796.38,-0.9,-0.9,,
796.48,-0.9,-0.9,,
796.58,-0.9,-0.9,,
796.68,-0.9,-0.9,,
796.78,-0.9,-0.9,,
796.88,-0.9,-0.9,,
796.98,-0.9,-0.9,,
797.08,-0.9,-0.9,,
797.18,-0.9,-0.9,,
797.28,-0.9,-0.9,,
797.38,-0.9,-0.9,,
797.48,-0.9,-0.9,,
797.58,-0.9,-0.9,,
797.68,-0.9,-0.9,,
797.78,-0.9,-0.9,,
797.88,-0.9,-0.9,,
797.98,-0.9,-0.9,,
798.08,-0.9,-0.9,,
798.18,-0.9,-0.9,,
798.28,-0.9,-0.9,,
798.38,-0.9,-0.9,,
798.48,-0.9,-0.9,,
798.58,-0.9,-0.9,,
798.68,-0.9,-0.9,,
798.78,-0.9,-0.9,,
798.88,-0.9,-0.9,,
798.98,-0.9,-0.9,,
799.08,-0.9,-0.9,,
799.18,-0.9,-0.9,,
799.28,-0.9,-0.9,,
799.38,-0.9,-0.3,,
799.48,0.9,1.1,,
799.58,2.4,2.6,,
799.68,4.0,4.2,,
799.78,5.7,5.9,,
799.88,7.4,7.6,,
799.98,7.8,9.4,,
800.08,9.6,11.1,,
800.18,11.2,12.8,,
800.28,13.0,14.5,,
800.38,14.7,16.3,,
800.48,16.4,18.0,,
800.58,18.2,19.6,,
800.68,19.8,21.4,,
800.78,21.6,23.1,,
800.88,23.4,24.8,,
800.98,25.0,26.6,,
801.08,26.8,28.3,,
801.18,28.5,30.0,,
801.28,31.6,31.8,,
801.38,33.4,33.5,,
801.48,35.2,35.2,,
801.58,37.0,37.0,,
801.68,38.7,38.7,,
801.78,40.5,40.4,,
801.88,42.3,42.1,,
801.98,44.2,43.9,,
802.08,46.0,45.2,,
802.18,47.8,47.3,,
802.28,49.7,49.1,,
802.38,51.7,50.8,,
802.48,53.7,52.5,,
802.58,55.8,54.2,,
802.68,58.0,56.0,,
802.78,60.0,57.8,,
802.88,62.4,59.5,,
802.98,64.9,61.2,,
803.08,67.3,63.0,,
803.18,69.9,64.7,,
803.28,72.9,66.4,,
803.38,76.2,68.2,,
803.48,80.4,69.9,,
803.58,85.6,71.7,,
803.68,90.5,73.4,,
803.78,94.8,75.1,,
803.88,98.6,76.9,,
803.98,102.2,78.4,,
804.08,104.9,79.0,,
804.18,107.2,79.2,,
804.28,109.2,79.3,,
804.38,110.0,79.4,,
804.48,110.0,79.2,,
804.58,110.0,79.4,,
804.68,79.4,79.4,,
804.78,79.4,79.4,,
804.88,79.5,79.4,,
804.98,79.4,79.4,,
805.08,79.5,79.4,,
805.18,79.4,79.4,,
805.28,79.4,79.4,,
805.38,79.4,79.4,,
805.48,79.4,79.4,,
805.58,79.5,79.4,,
805.68,79.5,79.4,,
805.78,79.5,79.5,,
805.88,79.6,79.5,,
805.98,79.6,79.5,,
806.08,79.6,79.6,,
806.18,79.6,79.6,,
806.28,79.5,79.6,,
806.38,79.5,79.6,,
806.48,79.5,79.6,,
806.58,79.5,79.6,,
806.68,79.5,79.6,,
806.78,79.5,79.6,,
806.88,79.6,79.6,,
806.98,79.6,79.6,,
807.08,79.6,79.6,,
807.18,79.6,79.6,,
807.28,79.6,79.6,,
807.38,79.6,79.6,,
807.48,79.6,79.6,,
807.58,79.6,79.6,,
807.68,79.6,79.5,,
807.78,79.6,79.5,,
807.88,79.5,79.5,,
807.98,79.5,79.6,,
808.08,79.5,79.6,,
808.18,79.5,79.6,,
808.28,79.6,79.6,,
808.38,79.6,79.6,,
808.48,79.6,79.6,,
808.58,79.6,79.6,,
808.68,79.6,79.6,,
808.78,79.6,79.6,,
808.88,79.6,79.6,,
808.98,79.6,79.6,,
809.08,79.6,79.6,,
809.18,79.6,79.5,,
809.28,79.5,79.5,,
809.38,79.5,79.5,,
809.48,79.5,79.5,,
809.58,79.5,79.5,,
809.68,79.5,79.6,,
809.78,79.5,79.6,,
809.88,79.5,79.6,,
809.98,79.5,79.6,,
810.08,79.5,79.6,,
810.18,79.5,79.6,,
810.28,79.5,79.6,,
810.38,79.5,79.6,,
810.48,80.5,79.6,,
810.58,79.8,79.6,,
810.68,79.8,79.6,,
810.78,79.8,79.6,,
810.88,79.8,79.6,,
810.98,79.5,79.6,,
811.08,79.5,79.6,,
811.18,80.5,79.6,,
811.28,79.1,79.6,,
811.38,80.2,79.6,,
811.48,80.9,79.6,,
811.58,79.3,79.5,,
811.68,80.4,79.5,,
811.78,79.7,79.6,,
811.88,79.7,79.6,,
811.98,80.6,79.6,,
812.08,79.2,79.6,,
812.18,80.3,79.6,,
812.28,79.5,79.5,,
812.38,79.1,79.5,,
812.48,79.1,79.6,,
812.58,79.1,79.6,,
812.68,79.5,79.5,,
812.78,79.5,79.5,,
812.88,79.5,79.6,,
812.98,79.5,79.6,,
813.08,79.5,79.6,,
813.18,79.5,79.6,,
813.28,79.5,79.6,,
813.38,79.6,79.6,,
813.48,79.6,79.6,,
813.58,79.5,79.6,,
813.68,79.5,79.6,,
813.78,79.5,79.6,,
813.88,79.5,79.6,,
813.98,79.5,79.6,,
814.08,79.5,79.6,,
814.18,79.6,79.6,,
814.28,79.6,79.6,,
814.38,79.6,79.6,,
814.48,79.6,79.6,,
814.58,79.6,79.6,,
814.68,79.6,79.6,,
814.78,79.6,79.6,,
814.88,79.6,79.6,,
814.98,79.6,79.6,,
815.08,79.6,79.6,,
815.18,79.6,79.6,,
815.28,79.6,79.6,,
815.38,79.6,79.5,,
815.48,79.6,79.5,,
815.58,79.4,79.5,,
815.68,79.4,79.5,,
815.78,79.4,79.6,,
815.88,79.4,79.6,,
815.98,79.4,79.6,,
816.08,79.6,79.6,,
816.18,79.6,79.6,,
816.28,79.7,79.5,,
816.38,79.7,79.5,,
816.48,79.7,79.6,,
816.58,79.7,79.6,,
816.68,79.7,79.5,,ik
816.78,79.7,80.2,,ik
816.88,81.1,81.9,,ik
816.98,82.9,83.2,,ik
817.08,83.1,83.2,,ik
817.18,83.3,83.3,,ik
817.28,83.2,83.3,,ik
817.38,83.3,83.3,,ik
817.48,83.3,83.3,,ik
817.58,83.2,83.3,,ik
817.68,83.2,83.2,,ik
817.78,83.2,83.2,,ik
817.88,83.2,83.2,,ik
817.98,83.2,83.2,,ik
818.08,83.2,83.2,,ik
818.18,83.2,83.2,,ik
818.28,83.2,83.2,,ik
818.38,83.2,83.2,,ik
818.48,83.2,83.2,,ik
818.58,83.2,83.2,,ik
818.68,83.2,83.2,,ik
818.78,83.2,83.2,,ik
818.88,83.2,83.2,orienta,ik
818.98,83.2,83.2,orienta,ik
819.08,83.2,83.2,orienta,ik
819.18,83.2,83.2,orienta,ik
819.28,83.2,83.2,orienta,ik
819.38,83.2,83.2,orienta,ik
819.48,83.2,83.2,orienta,ik
819.58,83.2,82.7,orienta,ik
819.68,82.0,81.7,orienta,ik
819.78,81.5,81.5,orienta,ik
819.88,81.3,81.4,orienta,ik
819.98,81.3,81.3,orienta,ik
820.08,81.2,81.3,orienta,ik
820.18,81.2,81.3,orienta,ik
820.28,81.3,81.3,orienta,ik
820.38,81.2,81.3,orienta,ik
820.48,81.2,81.3,orienta,ik
820.58,81.2,81.3,orienta,ik
820.68,81.1,81.3,orienta,ik
820.78,81.2,81.3,orienta,ik
820.88,81.1,81.3,orienta,ik
820.98,81.1,81.3,orienta,ik
821.08,81.1,81.3,orienta,ik
821.18,81.0,81.3,orienta,ik
821.28,80.9,81.2,orienta,ik
821.38,80.8,81.3,orienta,ik
821.48,80.7,81.2,orienta,ik
821.58,80.6,81.2,orienta,ik
821.68,80.3,81.1,orienta,ik
821.78,80.1,81.1,orienta,ik
821.88,79.8,81.1,orienta,ik
821.98,79.4,81.0,orienta,ik
822.08,78.9,81.0,orienta,ik
822.18,81.0,81.0,orienta,ik
822.28,81.0,81.0,orienta,ik
822.38,81.0,81.0,orienta,ik
822.48,81.0,81.0,orienta,ik
822.58,81.0,81.0,orienta,ik
822.68,81.0,81.0,orienta,ik
822.78,81.0,81.0,orienta,ik
822.88,81.0,81.0,orienta,ik
822.98,81.0,81.0,orienta,ik
823.08,81.0,81.0,orienta,ik
823.18,81.0,81.0,orienta,ik
823.28,81.0,81.0,orienta,ik
823.38,81.0,81.0,aproxima_lateral,ik
823.48,81.0,81.0,aproxima_lateral,ik
823.58,81.8,81.8,aproxima_lateral,ik
823.68,81.8,81.8,aproxima_lateral,ik
823.78,81.8,81.8,aproxima_lateral,ik
823.88,81.8,81.8,aproxima_lateral,ik
823.98,81.8,81.8,aproxima_lateral,ik
824.08,81.8,81.8,aproxima_lateral,ik
824.18,81.8,81.8,aproxima_lateral,ik
824.28,81.8,81.8,aproxima_lateral,ik
824.38,81.8,81.8,aproxima_lateral,ik
824.48,81.8,81.8,aproxima_lateral,ik
824.58,81.8,81.8,aproxima_lateral,ik
824.68,81.8,81.8,aproxima_lateral,ik
824.78,81.8,81.8,aproxima_lateral,ik
824.88,81.8,81.8,aproxima_lateral,ik
824.98,81.8,81.8,aproxima_lateral,ik
825.08,81.8,81.8,aproxima_lateral,ik
825.18,81.8,81.8,aproxima_lateral,ik
825.28,81.8,81.8,aproxima_lateral,ik
825.38,81.8,81.8,aproxima_lateral,ik
825.48,81.8,82.5,aproxima_lateral,ik
825.58,82.8,82.9,aproxima_lateral,ik
825.68,83.0,83.0,aproxima_lateral,ik
825.78,83.0,83.0,aproxima_lateral,ik
825.88,83.1,83.0,aproxima_lateral,ik
825.98,83.1,83.1,aproxima_lateral,ik
826.08,83.1,83.1,aproxima_lateral,ik
826.18,83.1,83.1,aproxima_lateral,ik
826.28,83.1,83.1,aproxima_lateral,ik
826.38,83.1,83.1,aproxima_lateral,ik
826.48,83.1,83.1,aproxima_lateral,ik
826.58,83.1,83.1,aproxima_lateral,ik
826.68,83.1,83.1,aproxima_lateral,ik
826.78,83.1,83.1,aproxima_lateral,ik
826.88,83.1,83.1,aproxima_lateral,ik
826.98,83.1,83.1,aproxima_lateral,ik
827.08,83.1,83.1,atravessa,ik
827.18,84.2,84.3,atravessa,ik
827.28,84.2,84.2,atravessa,ik
827.38,83.9,84.1,atravessa,ik
827.48,83.9,84.1,atravessa,ik
827.58,83.9,84.0,atravessa,ik
827.68,83.9,84.0,atravessa,ik
827.78,83.9,83.9,atravessa,ik
827.88,83.9,83.9,atravessa,ik
827.98,83.9,83.8,atravessa,ik
828.08,83.6,83.8,atravessa,ik
828.18,83.6,83.7,atravessa,ik
828.28,83.6,83.7,atravessa,ik
828.38,83.6,83.7,atravessa,ik
828.48,83.6,83.6,atravessa,ik
828.58,83.6,83.6,atravessa,ik
828.68,83.9,84.3,atravessa,ik
828.78,83.9,84.3,atravessa,ik
828.88,83.9,84.2,atravessa,ik
828.98,83.9,84.2,atravessa,ik
829.08,83.9,84.1,atravessa,ik
829.18,83.9,84.1,atravessa,ik
829.28,83.7,84.0,atravessa,ik
829.38,83.7,84.0,atravessa,ik
829.48,83.7,83.9,atravessa,ik
829.58,83.7,83.9,atravessa,ik
829.68,83.7,83.9,atravessa,ik
829.78,83.7,83.8,atravessa,ik
829.88,83.7,83.8,atravessa,ik
829.98,82.9,83.4,atravessa,ik
830.08,82.7,84.4,atravessa,ik
830.18,83.5,84.6,atravessa,ik
830.28,83.5,86.0,atravessa,ik
830.38,84.9,85.0,atravessa,ik
830.48,84.2,85.3,atravessa,ik
830.58,84.4,84.7,atravessa,ik
830.68,84.1,84.1,atravessa,ik
830.78,83.7,84.2,atravessa,ik
830.88,83.7,84.2,atravessa,ik
830.98,83.7,84.3,atravessa,ik
831.08,83.7,84.3,atravessa,ik
831.18,83.8,84.3,atravessa,ik
831.28,83.8,84.3,atravessa,ik
831.38,84.3,84.1,atravessa,ik
831.48,82.7,83.2,atravessa,ik
831.58,83.2,83.2,atravessa,ik
831.68,83.0,83.0,atravessa,ik
831.78,82.9,82.9,atravessa,ik
831.88,82.8,82.9,atravessa,ik
831.98,82.8,82.8,atravessa,ik
832.08,82.8,82.8,atravessa,ik
832.18,82.8,82.8,atravessa,ik
832.28,82.8,82.8,atravessa,ik
832.38,82.7,82.8,atravessa,ik
832.48,82.7,82.8,atravessa,ik
832.58,82.7,82.8,atravessa,ik
832.68,82.7,82.8,atravessa,ik
832.78,82.7,82.8,atravessa,ik
832.88,82.7,82.8,atravessa,ik
832.98,82.7,82.8,atravessa,ik
833.08,82.7,82.8,atravessa,ik
833.18,82.7,82.8,atravessa,ik
833.28,82.7,82.8,atravessa,ik
833.38,82.7,82.3,atravessa,ik
833.48,81.2,80.6,atravessa,ik
833.58,79.8,79.5,atravessa,ik
833.68,79.5,79.3,atravessa,ik
833.78,79.4,79.2,atravessa,ik
833.88,79.3,79.2,atravessa,ik
833.98,79.3,79.2,atravessa,ik
834.08,79.2,79.2,atravessa,ik
834.18,79.2,79.2,atravessa,ik
834.28,79.2,79.2,atravessa,ik
834.38,79.2,79.2,atravessa,ik
834.48,79.2,79.2,atravessa,ik
834.58,79.2,79.2,atravessa,ik
834.68,79.2,79.2,atravessa,ik
834.78,79.2,79.2,atravessa,ik
834.88,79.2,79.2,atravessa,ik
834.98,79.2,79.2,atravessa,ik
835.08,79.2,79.2,atravessa,ik
835.18,79.2,79.2,atravessa,ik
835.28,79.2,79.1,saida_eixo,ik
835.38,79.2,79.2,saida_eixo,ik
835.48,79.2,79.2,saida_eixo,ik
835.58,79.2,79.2,saida_eixo,ik
835.68,79.2,79.2,saida_eixo,ik
835.78,79.2,79.2,saida_eixo,ik
835.88,79.2,79.2,saida_eixo,ik
835.98,79.2,79.2,saida_eixo,ik
836.08,79.2,79.2,saida_eixo,ik
836.18,79.2,79.2,saida_eixo,ik
836.28,79.2,79.2,saida_eixo,ik
836.38,79.2,79.2,saida_eixo,ik
836.48,79.2,79.2,saida_eixo,ik
836.58,79.2,79.2,saida_eixo,ik
836.68,79.2,79.2,saida_eixo,ik
836.78,79.2,79.2,saida_eixo,ik
836.88,79.2,79.2,saida_eixo,ik
836.98,79.2,79.2,saida_eixo,ik
837.08,79.2,79.2,saida_eixo,ik
837.18,79.2,79.2,saida_eixo,ik
837.28,79.2,79.2,saida_eixo,ik
837.38,79.2,79.2,saida_eixo,ik
837.48,79.2,79.1,saida_eixo,ik
837.58,79.2,79.1,saida_eixo,ik
837.68,79.2,79.1,saida_eixo,ik
837.78,79.2,79.2,saida_eixo,ik
837.88,79.2,79.2,saida_eixo,ik
837.98,79.2,79.2,saida_eixo,ik
838.08,79.2,79.2,saida_eixo,ik
838.18,79.2,79.2,saida_eixo,ik
838.28,79.2,79.2,saida_eixo,ik
838.38,79.2,79.2,saida_eixo,ik
838.48,79.2,79.2,saida_eixo,ik
838.58,79.2,79.2,saida_eixo,ik
838.68,79.2,79.2,saida_eixo,ik
838.78,79.2,79.2,saida_eixo,ik
838.88,79.2,79.2,saida_eixo,ik
838.98,79.2,79.2,saida_eixo,ik
839.08,79.2,79.2,saida_eixo,ik
839.18,79.2,79.2,saida_eixo,ik
839.28,79.2,79.2,saida_eixo,ik
839.38,79.2,79.2,saida_eixo,ik
839.48,79.2,79.2,saida_eixo,ik
839.58,79.2,79.2,saida_eixo,ik
839.68,79.2,79.2,saida_eixo,ik
839.78,79.2,78.6,saida_eixo,ik
839.88,77.3,77.2,saida_eixo,ik
839.98,75.2,75.6,saida_eixo,ik
840.08,73.2,73.9,saida_eixo,ik
840.18,71.3,72.2,saida_eixo,ik
840.28,69.8,70.4,saida_eixo,ik
840.38,68.5,68.8,saida_eixo,ik
840.48,67.4,67.0,saida_eixo,ik
840.58,65.8,65.3,saida_eixo,ik
840.68,64.1,63.5,saida_eixo,ik
840.78,62.5,61.7,saida_eixo,ik
840.88,60.7,59.9,saida_eixo,ik
840.98,59.1,58.2,saida_eixo,ik
841.08,57.2,56.4,saida_eixo,ik
841.18,55.5,54.7,saida_eixo,ik
841.28,53.8,52.9,saida_eixo,ik
841.38,52.0,51.2,saida_eixo,ik
841.48,50.4,49.4,saida_eixo,ik
841.58,48.5,47.7,saida_eixo,ik
841.68,46.9,45.9,saida_eixo,ik
841.78,45.0,44.2,saida_eixo,ik
841.88,43.4,42.4,saida_eixo,ik
841.98,41.7,40.7,saida_eixo,ik
842.08,39.8,39.0,saida_eixo,ik
842.18,38.2,37.3,saida_eixo,ik
842.28,36.4,35.5,saida_eixo,ik
842.38,34.6,33.8,saida_eixo,ik
842.48,33.0,32.0,saida_eixo,ik
842.58,31.1,30.3,saida_eixo,ik
842.68,29.5,28.6,saida_eixo,ik
842.78,27.8,26.8,saida_eixo,ik
842.88,26.0,25.2,saida_eixo,ik
842.98,24.4,23.4,saida_eixo,ik
843.08,22.5,21.7,saida_eixo,ik
843.18,20.8,19.9,saida_eixo,ik
843.28,19.0,17.9,saida_eixo,ik
843.38,17.0,16.1,saida_eixo,ik
843.48,15.3,14.4,saida_eixo,ik
843.58,13.6,12.6,saida_eixo,ik
843.68,11.8,10.9,saida_eixo,ik
843.78,10.1,9.2,saida_eixo,ik
843.88,8.4,7.5,saida_eixo,ik
843.98,6.7,5.8,saida_eixo,ik
844.08,5.8,4.1,saida_eixo,ik
844.18,5.8,2.4,saida_eixo,ik
844.28,2.5,0.6,saida_eixo,ik
844.38,0.7,-1.1,saida_eixo,ik
844.48,-1.1,-2.8,saida_eixo,ik
844.58,-2.8,-4.6,saida_eixo,ik
844.68,-4.5,-6.3,saida_eixo,ik
844.78,-6.2,-8.0,saida_eixo,ik
844.88,-7.9,-9.7,saida_eixo,ik
844.98,-9.7,-11.4,saida_eixo,ik
845.08,-11.4,-13.1,saida_eixo,ik
845.18,-13.1,-14.8,saida_eixo,ik
845.28,-14.8,-16.6,saida_eixo,ik
845.38,-16.5,-18.3,saida_eixo,ik
845.48,-18.2,-20.0,saida_eixo,ik
845.58,-19.9,-21.7,saida_eixo,ik
845.68,-21.6,-23.4,saida_eixo,ik
845.78,-23.4,-25.1,saida_eixo,ik
845.88,-25.1,-26.8,saida_eixo,ik
845.98,-26.8,-28.5,saida_eixo,ik
846.08,-28.5,-30.2,saida_eixo,ik
846.18,-30.2,-31.9,saida_eixo,ik
846.28,-31.9,-33.6,saida_eixo,ik
846.38,-33.6,-35.3,saida_eixo,ik
846.48,-35.3,-37.0,saida_eixo,ik
846.58,-37.0,-38.7,saida_eixo,ik
846.68,-38.7,-40.4,saida_eixo,ik
846.78,-40.4,-42.1,saida_eixo,ik
846.88,-42.1,-43.8,saida_eixo,ik
846.98,-43.8,-45.5,saida_eixo,ik
847.08,-45.5,-47.2,saida_eixo,ik
847.18,-47.2,-48.9,saida_eixo,ik
847.28,-48.9,-50.6,saida_eixo,ik
847.38,-50.6,-52.3,saida_eixo,ik
847.48,-52.3,-54.0,saida_eixo,ik
847.58,-54.0,-55.7,saida_eixo,ik
847.68,-55.7,-57.4,saida_eixo,ik
847.78,-57.3,-59.1,saida_eixo,ik
847.88,-59.0,-60.8,saida_eixo,ik
847.98,-60.7,-62.4,saida_eixo,ik
848.08,-62.4,-64.1,saida_eixo,ik
848.18,-64.1,-65.8,saida_eixo,ik
848.28,-65.8,-67.5,saida_eixo,ik
848.38,-67.5,-69.2,saida_eixo,ik
848.48,-69.2,-70.9,saida_eixo,ik
848.58,-70.9,-72.6,saida_eixo,ik
848.68,-72.6,-74.3,saida_eixo,ik
848.78,-74.2,-75.9,saida_eixo,ik
848.88,-75.9,-77.6,saida_eixo,ik
848.98,-77.6,-79.3,saida_eixo,ik
849.08,-79.3,-81.0,saida_eixo,ik
849.18,-81.0,-82.7,saida_eixo,ik
849.28,-82.7,-84.4,saida_eixo,ik
849.38,-84.4,-86.1,saida_eixo,ik
849.48,-86.0,-87.7,saida_eixo,ik
849.58,-87.7,-89.4,saida_eixo,ik
849.68,-89.4,-91.1,saida_eixo,ik
849.78,-91.1,-92.8,saida_eixo,ik
849.88,-92.8,-94.5,saida_eixo,ik
849.98,-94.5,-96.2,saida_eixo,ik
850.08,-96.2,-97.9,saida_eixo,ik
850.18,-97.8,-99.5,saida_eixo,ik
850.28,-99.5,-101.2,saida_eixo,ik
850.38,-101.2,-102.6,saida_eixo,ik
850.48,-102.4,-102.8,saida_eixo,ik
850.58,-102.8,-102.9,saida_eixo,ik
850.68,-102.8,-102.9,saida_eixo,ik
850.78,-102.9,-102.9,saida_eixo,ik
850.88,-102.9,-102.9,saida_eixo,ik
850.98,-102.9,-102.9,saida_eixo,ik
851.08,-102.9,-102.9,saida_eixo,ik
851.18,-102.9,-102.9,saida_eixo,ik
851.28,-102.9,-102.9,saida_eixo,ik
851.38,-102.9,-102.9,saida_eixo,ik
851.48,-102.9,-102.9,saida_eixo,ik
851.58,-102.9,-102.9,saida_eixo,ik
851.68,-102.9,-102.9,saida_eixo,ik
851.78,-102.8,-102.9,saida_eixo,ik
851.88,-102.8,-102.9,saida_eixo,ik
851.98,-102.8,-103.0,saida_eixo,ik
852.08,-102.8,-103.0,saida_eixo,ik
852.18,-102.9,-102.9,saida_eixo,ik
852.28,-103.0,-102.9,saida_eixo,ik
852.38,-103.0,-102.9,saida_eixo,ik
852.48,-103.0,-102.9,saida_eixo,ik
852.58,-103.0,-102.9,saida_eixo,ik
852.68,-103.0,-102.9,saida_eixo,ik
852.78,-103.0,-102.9,saida_eixo,ik
852.88,-103.0,-102.9,saida_eixo,ik
852.98,-103.0,-102.9,saida_eixo,ik
853.08,-103.0,-102.9,saida_eixo,ik
853.18,-103.0,-102.9,saida_eixo,ik
853.28,-103.0,-102.9,saida_eixo,ik
853.38,-103.0,-102.9,saida_eixo,ik
853.48,-103.0,-102.9,saida_eixo,ik
853.58,-103.0,-102.9,saida_eixo,ik
853.68,-103.0,-102.9,saida_eixo,ik
853.78,-103.0,-102.9,saida_eixo,ik
853.88,-103.0,-102.9,saida_eixo,ik
853.98,-103.0,-103.0,saida_eixo,ik
854.08,-103.0,-103.0,saida_eixo,ik
854.18,-103.0,-102.9,saida_eixo,ik
854.28,-103.0,-102.9,saida_eixo,ik
854.38,-103.0,-102.9,saida_eixo,ik
854.48,-102.9,-102.9,saida_eixo,ik
854.58,-102.9,-102.9,saida_eixo,ik
854.68,-102.9,-102.9,saida_eixo,ik
854.78,-102.9,-102.9,saida_eixo,ik
854.88,-102.9,-102.9,saida_eixo,ik
854.98,-102.9,-102.9,saida_eixo,ik
855.08,-102.9,-102.9,saida_eixo,ik
855.18,-102.9,-102.9,saida_eixo,ik
855.28,-102.9,-102.9,saida_eixo,ik
855.38,-102.9,-102.9,saida_eixo,ik
855.48,-102.9,-102.9,saida_eixo,ik
855.58,-102.9,-102.9,saida_eixo,ik
855.68,-102.9,-102.9,saida_eixo,ik
855.78,-102.9,-102.9,saida_eixo,ik
855.88,-102.9,-102.9,saida_eixo,ik
855.98,-102.9,-102.9,saida_eixo,ik
856.08,-102.9,-102.9,saida_eixo,ik
856.18,-102.9,-102.9,saida_eixo,ik
856.28,-102.9,-102.9,saida_eixo,ik
856.38,-102.9,-102.9,saida_eixo,ik
856.48,-102.9,-102.9,saida_eixo,ik
856.58,-102.9,-102.9,saida_eixo,ik
856.68,-102.9,-102.9,saida_eixo,ik
856.78,-102.9,-102.9,saida_eixo,ik
856.88,-102.9,-102.9,saida_eixo,ik
856.98,-102.9,-103.0,saida_eixo,ik
857.08,-102.9,-102.9,saida_eixo,ik
857.18,-102.9,-102.9,saida_eixo,ik
857.28,-102.9,-102.9,saida_eixo,ik
857.38,-102.9,-102.9,saida_eixo,ik
857.48,-103.0,-102.9,saida_eixo,ik
857.58,-102.9,-102.9,saida_eixo,ik
857.68,-103.0,-102.9,saida_eixo,ik
857.78,-103.0,-102.9,saida_eixo,ik
857.88,-102.9,-102.9,saida_eixo,ik
857.98,-103.0,-102.9,saida_eixo,ik
858.08,-102.9,-102.9,saida_eixo,ik
858.18,-103.0,-102.9,saida_eixo,ik
858.28,-103.0,-102.9,saida_eixo,ik
858.38,-103.0,-102.9,saida_eixo,ik
858.48,-103.0,-102.9,saida_eixo,ik
858.58,-103.0,-102.9,saida_eixo,ik
858.68,-103.0,-102.9,saida_eixo,ik
858.78,-103.0,-102.9,saida_eixo,ik
858.88,-103.0,-102.9,saida_eixo,ik
858.98,-103.0,-102.9,saida_eixo,ik
859.08,-103.0,-102.9,saida_eixo,ik
859.18,-103.0,-102.9,saida_eixo,ik
859.28,-103.0,-103.0,saida_eixo,ik
859.38,-103.0,-102.9,saida_eixo,ik
859.48,-103.0,-102.9,saida_eixo,ik
859.58,-103.0,-102.9,saida_eixo,ik
859.68,-102.9,-102.9,saida_eixo,ik
859.78,-102.9,-102.9,saida_eixo,ik
859.88,-102.9,-102.9,saida_eixo,ik
859.98,-102.9,-102.9,saida_eixo,ik
860.08,-102.9,-102.9,saida_eixo,ik
860.18,-102.9,-102.9,saida_eixo,ik
860.28,-102.9,-102.9,saida_eixo,ik
860.38,-102.9,-102.9,saida_eixo,ik
860.48,-103.0,-102.9,saida_eixo,ik
860.58,-102.9,-102.9,saida_eixo,ik
860.68,-102.9,-102.9,saida_eixo,ik
860.78,-102.9,-102.9,saida_eixo,ik
860.88,-102.9,-102.9,saida_eixo,ik
860.98,-102.9,-102.9,saida_eixo,ik
861.08,-102.9,-102.9,saida_eixo,ik
861.18,-102.9,-102.9,saida_eixo,ik
861.28,-102.9,-102.9,saida_eixo,ik
861.38,-102.9,-102.9,saida_eixo,ik
861.48,-102.9,-102.9,saida_eixo,ik
861.58,-102.9,-102.9,saida_eixo,ik
861.68,-102.9,-102.9,saida_eixo,ik
861.78,-102.9,-102.9,saida_eixo,ik
861.88,-102.9,-102.9,saida_eixo,ik
861.98,-102.9,-102.9,saida_eixo,ik
862.08,-102.9,-102.9,saida_eixo,ik
862.18,-103.0,-102.9,saida_eixo,ik
862.28,-103.0,-102.9,saida_eixo,ik
862.38,-102.9,-102.9,saida_eixo,ik
862.48,-103.0,-102.9,saida_eixo,ik
862.58,-103.0,-102.9,saida_eixo,ik
862.68,-102.9,-102.9,saida_eixo,ik
862.78,-103.0,-102.9,saida_eixo,ik
862.88,-102.9,-102.9,saida_eixo,ik
862.98,-102.9,-102.9,saida_eixo,ik
863.08,-102.9,-102.9,saida_eixo,ik
863.18,-102.9,-102.9,saida_eixo,ik
863.28,-102.9,-102.9,saida_eixo,ik
863.38,-102.9,-102.9,saida_eixo,ik
863.48,-102.9,-103.0,saida_eixo,ik
863.58,-103.8,-103.0,saida_eixo,ik
863.68,-103.2,-103.0,saida_eixo,ik
863.78,-103.2,-103.0,saida_eixo,ik
863.88,-102.9,-102.9,saida_eixo,ik
863.98,-102.9,-102.9,saida_eixo,ik
864.08,-102.9,-102.9,saida_eixo,ik
864.18,-103.8,-102.9,saida_eixo,ik
864.28,-102.8,-102.9,saida_eixo,ik
864.38,-103.5,-102.9,saida_eixo,ik
864.48,-103.0,-102.9,saida_eixo,ik
864.58,-103.0,-102.9,saida_eixo,ik
864.68,-103.6,-102.9,saida_eixo,ik
864.78,-102.7,-102.9,saida_eixo,ik
864.88,-103.4,-102.9,saida_eixo,ik
864.98,-102.9,-103.0,saida_eixo,ik
865.08,-102.9,-103.0,saida_eixo,ik
865.18,-103.6,-103.0,saida_eixo,ik
865.28,-103.1,-103.0,saida_eixo,ik
865.38,-103.5,-102.9,saida_eixo,ik
865.48,-102.9,-102.9,saida_eixo,ik
865.58,-102.9,-102.9,saida_eixo,ik
865.68,-103.5,-102.9,saida_eixo,ik
865.78,-103.0,-102.9,saida_eixo,ik
865.88,-103.0,-102.9,saida_eixo,ik
865.98,-103.7,-102.9,saida_eixo,ik
866.08,-102.7,-102.9,saida_eixo,ik
866.18,-103.4,-102.9,saida_eixo,ik
866.28,-102.9,-102.9,saida_eixo,ik
866.38,-102.9,-102.9,saida_eixo,ik
866.48,-103.6,-102.9,saida_eixo,ik
866.58,-102.7,-102.9,saida_eixo,ik
866.68,-103.3,-102.9,saida_eixo,ik
866.78,-103.3,-103.0,saida_eixo,ik
866.88,-102.8,-103.0,saida_eixo,ik
866.98,-103.5,-103.0,saida_eixo,ik
867.08,-102.9,-103.0,saida_eixo,ik
867.18,-102.9,-102.9,saida_eixo,ik
867.28,-103.6,-102.9,saida_eixo,ik
867.38,-102.6,-102.9,saida_eixo,ik
867.48,-103.3,-102.9,saida_eixo,ik
867.58,-103.3,-102.9,saida_eixo,ik
867.68,-102.7,-102.9,saida_eixo,ik
867.78,-103.5,-102.9,saida_eixo,ik
867.88,-102.9,-102.9,saida_eixo,ik
867.98,-102.9,-102.9,saida_eixo,ik
868.08,-103.6,-102.9,saida_eixo,ik
868.18,-102.7,-102.9,saida_eixo,ik
868.28,-103.4,-102.9,saida_eixo,ik
868.38,-103.4,-102.9,saida_eixo,ik
868.48,-102.8,-102.9,saida_eixo,ik
868.58,-103.6,-103.0,saida_eixo,ik
868.68,-102.7,-103.0,saida_eixo,ik
868.78,-103.4,-103.0,saida_eixo,ik
868.88,-102.9,-103.0,saida_eixo,ik
868.98,-102.9,-102.9,saida_eixo,ik
869.08,-103.6,-102.9,saida_eixo,ik
869.18,-102.7,-102.9,saida_eixo,ik
869.28,-103.4,-102.9,saida_eixo,ik
869.38,-102.9,-102.9,saida_eixo,ik
869.48,-102.9,-102.9,saida_eixo,ik
869.58,-103.5,-102.9,saida_eixo,ik
869.68,-103.0,-102.9,saida_eixo,ik
869.78,-103.0,-102.9,saida_eixo,ik
869.88,-103.7,-102.9,saida_eixo,ik
869.98,-102.6,-102.9,saida_eixo,ik
870.08,-103.4,-102.9,saida_eixo,ik
870.18,-103.4,-102.9,saida_eixo,ik
870.28,-102.7,-102.9,saida_eixo,ik
870.38,-103.5,-103.0,saida_eixo,ik
870.48,-103.0,-103.0,saida_eixo,ik
870.58,-103.0,-103.0,saida_eixo,ik
870.68,-103.8,-103.0,saida_eixo,ik
870.78,-102.7,-102.9,saida_eixo,ik
870.88,-103.6,-102.9,saida_eixo,ik
870.98,-102.6,-102.9,saida_eixo,ik
871.08,-103.3,-102.9,saida_eixo,ik
871.18,-103.3,-102.9,saida_eixo,ik
871.28,-102.7,-102.9,saida_eixo,ik
871.38,-103.4,-102.9,saida_eixo,ik
871.48,-103.4,-102.9,saida_eixo,ik
871.58,-102.8,-102.9,saida_eixo,ik
871.68,-102.9,-102.9,saida_eixo,ik
871.78,-102.9,-102.9,saida_eixo,ik
871.88,-102.9,-102.9,saida_eixo,ik
871.98,-103.0,-102.9,saida_eixo,ik
872.08,-102.9,-102.9,saida_eixo,ik
872.18,-103.0,-102.9,saida_eixo,ik
872.28,-102.9,-102.9,saida_eixo,ik
872.38,-102.9,-102.9,saida_eixo,ik
872.48,-103.0,-102.9,saida_eixo,ik
872.58,-102.9,-102.9,saida_eixo,ik
872.68,-102.9,-102.9,saida_eixo,ik
872.78,-102.9,-102.9,saida_eixo,ik
872.88,-102.9,-102.9,saida_eixo,ik
872.98,-102.9,-102.9,saida_eixo,ik
873.08,-102.9,-102.9,saida_eixo,ik
873.18,-102.9,-102.9,saida_eixo,ik
873.28,-102.9,-102.9,saida_eixo,ik
873.38,-102.9,-102.9,saida_eixo,ik
873.48,-102.9,-102.9,saida_eixo,ik
873.58,-102.9,-102.9,saida_eixo,ik
873.68,-103.0,-102.9,saida_eixo,ik
873.78,-103.0,-102.9,saida_eixo,ik
873.88,-102.9,-102.9,saida_eixo,ik
873.98,-102.9,-102.9,saida_eixo,ik
874.08,-102.9,-102.9,saida_eixo,ik
874.18,-102.9,-102.9,saida_eixo,ik
874.28,-102.9,-102.9,saida_eixo,ik
874.38,-102.9,-102.9,saida_eixo,ik
874.48,-102.9,-102.9,saida_eixo,ik
874.58,-102.9,-102.9,saida_eixo,ik
874.68,-102.9,-102.9,saida_eixo,ik
874.78,-102.9,-102.9,saida_eixo,ik
874.88,-103.0,-102.9,saida_eixo,ik
874.98,-102.9,-102.9,saida_eixo,ik
875.08,-102.9,-102.9,saida_eixo,ik
875.18,-102.9,-102.9,saida_eixo,ik
875.28,-102.9,-102.9,saida_eixo,ik
875.38,-102.9,-102.9,saida_eixo,ik
875.48,-102.9,-102.9,saida_eixo,ik
875.58,-102.9,-102.9,saida_eixo,ik
875.68,-102.9,-102.9,saida_eixo,ik
875.78,-102.9,-102.9,saida_eixo,ik
875.88,-102.9,-102.9,saida_eixo,ik
875.98,-102.9,-102.9,saida_eixo,ik
876.08,-102.9,-102.9,saida_eixo,ik
876.18,-102.9,-102.9,saida_eixo,ik
876.28,-102.9,-102.9,saida_eixo,ik
876.38,-102.9,-103.0,saida_eixo,ik
876.48,-102.9,-103.0,saida_eixo,ik
876.58,-102.9,-103.0,saida_eixo,ik
876.68,-103.0,-103.0,saida_eixo,ik
876.78,-103.0,-103.0,saida_eixo,ik
876.88,-103.0,-103.0,saida_eixo,ik
876.98,-103.0,-102.9,saida_eixo,ik
877.08,-103.0,-102.9,saida_eixo,ik
877.18,-103.0,-102.9,saida_eixo,ik
877.28,-103.0,-102.9,saida_eixo,ik
877.38,-103.0,-102.9,saida_eixo,ik
877.48,-103.0,-102.9,saida_eixo,ik
877.58,-103.0,-102.9,saida_eixo,ik
877.68,-102.9,-102.9,saida_eixo,ik
877.78,-102.9,-102.9,saida_eixo,ik
877.88,-103.0,-102.9,saida_eixo,ik
877.98,-103.0,-102.9,saida_eixo,ik
878.08,-103.0,-102.9,saida_eixo,ik
878.18,-103.0,-102.9,saida_eixo,ik
878.28,-103.0,-102.9,saida_eixo,ik
878.38,-103.0,-102.9,saida_eixo,ik
878.48,-103.0,-102.9,saida_eixo,ik
878.58,-103.0,-102.9,saida_eixo,ik
878.68,-103.0,-102.9,saida_eixo,ik
878.78,-103.0,-102.9,saida_eixo,ik
878.88,-103.0,-102.9,saida_eixo,ik
878.98,-103.0,-102.9,saida_eixo,ik
879.08,-103.0,-102.9,saida_eixo,ik
879.18,-103.0,-102.9,saida_eixo,ik
879.28,-103.0,-102.9,saida_eixo,ik
879.38,-103.0,-102.9,saida_eixo,ik
879.48,-103.0,-102.9,saida_eixo,ik
879.58,-103.0,-102.9,saida_eixo,ik
879.68,-103.0,-102.9,saida_eixo,ik
879.78,-103.0,-102.9,saida_eixo,ik
879.88,-103.0,-102.9,saida_eixo,ik
879.98,-103.0,-102.9,saida_eixo,ik
880.08,-103.0,-102.9,saida_eixo,ik
880.18,-103.0,-102.9,saida_eixo,ik
880.28,-103.0,-102.9,saida_eixo,ik
880.38,-103.0,-102.9,saida_eixo,ik
880.48,-103.0,-102.9,saida_eixo,ik
880.58,-103.0,-102.9,saida_eixo,ik
880.68,-103.0,-102.9,saida_eixo,ik
880.78,-103.0,-102.9,saida_eixo,ik
880.88,-103.0,-102.9,saida_eixo,ik
880.98,-103.0,-102.9,saida_eixo,ik
881.08,-103.0,-102.9,saida_eixo,ik
881.18,-103.0,-102.9,saida_eixo,ik
881.28,-103.0,-102.9,saida_eixo,ik
881.38,-103.0,-102.9,saida_eixo,ik
881.48,-103.0,-102.9,saida_eixo,ik
881.58,-103.0,-102.9,saida_eixo,ik
881.68,-103.0,-102.9,saida_eixo,ik
881.78,-103.0,-102.9,saida_eixo,ik
881.88,-103.0,-102.9,saida_eixo,ik
881.98,-103.0,-102.9,saida_eixo,ik
882.08,-103.0,-102.9,saida_eixo,ik
882.18,-103.0,-102.9,saida_eixo,ik
882.28,-103.0,-102.9,saida_eixo,ik
882.38,-103.0,-102.9,saida_eixo,ik
882.48,-103.0,-102.9,saida_eixo,ik
882.58,-103.0,-102.9,saida_eixo,ik
882.68,-103.0,-102.9,saida_eixo,ik
882.78,-103.0,-102.9,saida_eixo,ik
882.88,-103.0,-102.9,saida_eixo,ik
882.98,-103.0,-102.9,saida_eixo,ik
883.08,-103.0,-102.9,saida_eixo,ik
883.18,-103.0,-102.9,saida_eixo,ik
883.28,-103.0,-102.9,saida_eixo,ik
883.38,-103.0,-102.9,saida_eixo,ik
883.48,-103.0,-102.9,saida_eixo,ik
883.58,-103.0,-102.9,saida_eixo,ik
883.68,-103.0,-102.9,saida_eixo,ik
883.78,-103.0,-102.9,saida_eixo,ik
883.88,-103.0,-102.9,saida_eixo,ik
883.98,-103.0,-102.9,saida_eixo,ik
884.08,-103.0,-102.9,saida_eixo,ik
884.18,-103.0,-102.9,saida_eixo,ik
884.28,-103.0,-102.9,saida_eixo,ik
884.38,-103.0,-102.9,saida_eixo,ik
884.48,-103.0,-102.9,saida_eixo,ik
884.58,-103.0,-102.9,saida_eixo,ik
884.68,-103.0,-102.9,saida_eixo,ik
884.78,-103.0,-102.9,saida_eixo,ik
884.88,-103.0,-102.9,saida_eixo,ik
884.98,-103.0,-102.9,saida_eixo,ik
885.08,-103.0,-102.9,saida_eixo,ik
885.18,-103.0,-102.9,saida_eixo,ik
885.28,-103.0,-102.9,saida_eixo,ik
885.38,-103.0,-102.9,saida_eixo,ik
885.48,-103.0,-102.9,saida_eixo,ik
885.58,-103.0,-102.9,saida_eixo,ik
885.68,-103.0,-102.9,saida_eixo,ik
885.78,-103.0,-102.9,saida_eixo,ik
885.88,-103.0,-102.9,saida_eixo,ik
885.98,-103.0,-102.9,saida_eixo,ik
886.08,-103.0,-102.9,saida_eixo,ik
886.18,-103.0,-102.9,saida_eixo,ik
886.28,-103.0,-102.9,saida_eixo,ik
886.38,-103.0,-102.9,saida_eixo,ik
886.48,-103.0,-102.9,saida_eixo,ik
886.58,-103.0,-102.9,saida_eixo,ik
886.68,-103.0,-102.9,saida_eixo,ik
886.78,-103.0,-102.9,saida_eixo,ik
886.88,-103.0,-102.9,saida_eixo,ik
886.98,-103.0,-102.9,saida_eixo,ik
887.08,-103.0,-102.9,saida_eixo,ik
887.18,-103.0,-102.9,saida_eixo,ik
887.28,-103.0,-102.9,saida_eixo,ik
887.38,-103.0,-102.9,saida_eixo,ik
887.48,-103.0,-102.9,saida_eixo,ik
887.58,-103.0,-102.9,saida_eixo,ik
887.68,-103.0,-102.9,saida_eixo,ik
887.78,-103.0,-102.9,saida_eixo,ik
887.88,-103.0,-102.9,saida_eixo,ik
887.98,-103.0,-102.9,saida_eixo,ik
888.08,-103.0,-102.9,saida_eixo,ik
888.18,-103.0,-102.9,saida_eixo,ik
888.28,-103.0,-102.9,saida_eixo,ik
888.38,-103.0,-102.9,saida_eixo,ik
888.48,-103.0,-102.9,saida_eixo,ik
888.58,-103.0,-102.9,saida_eixo,ik
888.68,-103.0,-102.9,saida_eixo,ik
888.78,-103.0,-102.9,saida_eixo,ik
888.88,-103.0,-102.9,saida_eixo,ik
888.98,-103.0,-102.9,saida_eixo,ik
889.08,-103.0,-102.9,saida_eixo,ik
889.18,-103.0,-102.9,saida_eixo,ik
889.28,-103.0,-102.9,saida_eixo,ik
889.38,-103.0,-102.9,saida_eixo,ik
889.48,-103.0,-102.9,saida_eixo,ik
889.58,-103.0,-102.9,saida_eixo,ik
889.68,-103.0,-102.9,saida_eixo,ik
889.78,-103.0,-102.9,saida_eixo,ik
889.88,-103.0,-102.9,saida_eixo,ik
889.98,-103.0,-102.9,saida_eixo,ik
890.08,-103.0,-102.9,saida_eixo,ik
890.18,-103.0,-102.9,saida_eixo,ik
890.28,-103.0,-102.9,saida_eixo,ik
890.38,-103.0,-102.9,saida_eixo,ik
890.48,-103.0,-102.9,saida_eixo,ik
890.58,-103.0,-102.9,saida_eixo,ik
890.68,-103.0,-102.9,saida_eixo,ik
890.78,-103.0,-102.9,saida_eixo,ik
890.88,-103.0,-102.9,saida_eixo,ik
890.98,-103.0,-102.9,saida_eixo,ik
891.08,-103.0,-102.9,saida_eixo,ik
891.18,-103.0,-102.9,saida_eixo,ik
891.28,-103.0,-102.9,saida_eixo,ik
891.38,-103.0,-102.9,saida_eixo,ik
891.48,-103.0,-102.9,saida_eixo,ik
891.58,-103.0,-102.9,saida_eixo,ik
891.68,-103.0,-102.9,saida_eixo,ik
891.78,-103.0,-102.9,saida_eixo,ik
891.88,-103.0,-102.9,saida_eixo,ik
891.98,-103.0,-102.9,saida_eixo,ik
892.08,-103.0,-102.9,saida_eixo,ik
892.18,-103.0,-102.9,saida_eixo,ik
892.28,-103.0,-102.9,saida_eixo,ik
892.38,-103.0,-102.9,saida_eixo,ik
892.48,-103.0,-102.9,saida_eixo,ik
892.58,-103.0,-102.9,saida_eixo,ik
892.68,-103.0,-102.9,saida_eixo,ik
892.78,-103.0,-102.9,saida_eixo,ik
892.88,-103.0,-102.9,saida_eixo,ik
892.98,-103.0,-102.9,saida_eixo,ik
893.08,-103.0,-102.9,saida_eixo,ik
893.18,-103.0,-102.9,saida_eixo,ik
893.28,-103.0,-102.9,saida_eixo,ik
893.38,-103.0,-102.9,saida_eixo,ik
893.48,-103.0,-102.9,saida_eixo,ik
893.58,-103.0,-102.9,saida_eixo,ik
893.68,-103.0,-102.9,saida_eixo,ik
893.78,-103.0,-102.9,saida_eixo,ik
893.88,-103.0,-102.9,saida_eixo,ik
893.98,-103.0,-102.9,saida_eixo,ik
894.08,-103.0,-102.9,saida_eixo,ik
894.18,-103.0,-102.9,saida_eixo,ik
894.28,-103.0,-102.9,saida_eixo,ik
894.38,-103.0,-102.9,saida_eixo,ik
894.48,-103.0,-102.9,saida_eixo,ik
894.58,-103.0,-102.9,saida_eixo,ik
894.68,-103.0,-102.9,saida_eixo,ik
894.78,-103.0,-102.9,saida_eixo,ik
894.88,-103.0,-102.9,saida_eixo,ik
894.98,-103.0,-102.9,saida_eixo,ik
895.08,-103.0,-102.9,saida_eixo,ik
895.18,-103.0,-102.9,saida_eixo,ik
895.28,-103.0,-102.9,saida_eixo,ik
895.38,-103.0,-102.9,saida_eixo,ik
895.48,-103.0,-102.9,saida_eixo,ik
895.58,-103.0,-102.9,saida_eixo,ik
895.68,-103.0,-102.9,saida_eixo,ik
895.78,-103.0,-102.9,saida_eixo,ik
895.88,-103.0,-102.9,saida_eixo,ik
895.98,-103.0,-102.9,saida_eixo,ik
896.08,-103.0,-102.9,saida_eixo,ik
896.18,-103.0,-102.9,saida_eixo,ik
896.28,-103.0,-102.9,saida_eixo,ik
896.38,-103.0,-102.9,saida_eixo,ik
896.48,-103.0,-102.9,saida_eixo,ik
896.58,-103.0,-102.9,saida_eixo,ik
896.68,-103.0,-102.9,saida_eixo,ik
896.78,-103.0,-102.9,saida_eixo,ik
896.88,-103.0,-102.9,saida_eixo,ik
896.98,-103.0,-102.9,saida_eixo,ik
897.08,-103.0,-102.9,saida_eixo,ik
897.18,-103.0,-102.9,saida_eixo,ik
897.28,-103.0,-102.9,saida_eixo,ik
897.38,-103.0,-102.9,saida_eixo,ik
897.48,-103.0,-102.9,saida_eixo,ik
897.58,-103.0,-102.9,saida_eixo,ik
897.68,-103.0,-102.9,saida_eixo,ik
897.78,-103.0,-102.9,saida_eixo,ik
897.88,-103.0,-102.9,saida_eixo,ik
897.98,-103.0,-102.9,saida_eixo,ik
898.08,-103.0,-102.9,saida_eixo,ik
898.18,-103.0,-102.9,saida_eixo,ik
898.28,-103.0,-102.9,saida_eixo,ik
898.38,-103.0,-102.9,saida_eixo,ik
898.48,-103.0,-102.9,saida_eixo,ik
898.58,-103.0,-102.9,saida_eixo,ik
898.68,-103.0,-102.9,saida_eixo,ik
898.78,-103.0,-102.9,saida_eixo,ik
898.88,-103.0,-102.9,saida_eixo,ik
898.98,-103.0,-102.9,saida_eixo,ik
899.08,-103.0,-102.9,saida_eixo,ik
899.18,-103.0,-102.9,saida_eixo,ik
899.28,-103.0,-102.9,saida_eixo,ik
899.38,-103.0,-102.9,saida_eixo,ik
899.48,-103.0,-102.9,saida_eixo,ik
899.58,-103.0,-102.9,saida_eixo,ik
899.68,-103.0,-102.9,saida_eixo,ik
899.78,-103.0,-102.9,saida_eixo,ik
899.88,-103.0,-102.9,saida_eixo,ik
899.98,-103.0,-102.9,saida_eixo,ik
900.08,-103.0,-102.9,saida_eixo,ik
900.18,-103.0,-102.9,saida_eixo,ik
900.28,-103.0,-102.9,saida_eixo,ik
900.38,-103.0,-102.9,saida_eixo,ik
900.48,-103.0,-102.9,saida_eixo,ik
900.58,-103.0,-102.9,saida_eixo,ik
900.68,-103.0,-102.9,saida_eixo,ik
900.78,-103.0,-102.9,saida_eixo,ik
900.88,-103.0,-102.9,saida_eixo,ik
900.98,-103.0,-102.9,saida_eixo,ik
901.08,-103.0,-102.9,saida_eixo,ik
901.18,-103.0,-102.9,saida_eixo,ik
901.28,-103.0,-102.9,saida_eixo,ik
901.38,-103.0,-102.9,saida_eixo,ik
901.48,-103.0,-102.9,saida_eixo,ik
901.58,-103.0,-102.9,saida_eixo,ik
901.68,-103.0,-102.9,saida_eixo,ik
901.78,-103.0,-102.9,saida_eixo,ik
901.88,-103.0,-102.9,saida_eixo,ik
901.98,-103.0,-102.9,saida_eixo,ik
902.08,-103.0,-102.9,saida_eixo,ik
902.18,-103.0,-102.9,saida_eixo,ik
902.28,-103.0,-102.9,saida_eixo,ik
902.38,-103.0,-102.9,saida_eixo,ik
902.48,-103.0,-102.9,saida_eixo,ik
902.58,-103.0,-102.9,saida_eixo,ik
902.68,-103.0,-102.9,saida_eixo,ik
902.78,-103.0,-102.9,saida_eixo,ik
902.88,-103.0,-102.9,saida_eixo,ik
902.98,-103.0,-102.9,saida_eixo,ik
903.08,-103.0,-102.9,saida_eixo,ik
903.18,-103.0,-102.9,saida_eixo,ik
903.28,-103.0,-102.9,saida_eixo,ik
903.38,-103.0,-102.9,saida_eixo,ik
903.48,-103.0,-102.9,saida_eixo,ik
903.58,-103.0,-102.9,saida_eixo,ik
903.68,-103.0,-102.9,saida_eixo,ik
903.78,-103.0,-102.9,saida_eixo,ik
903.88,-103.0,-102.9,saida_eixo,ik
903.98,-103.0,-102.9,saida_eixo,ik
904.08,-103.0,-102.9,saida_eixo,ik
904.18,-103.0,-102.9,saida_eixo,ik
904.28,-103.0,-102.9,saida_eixo,ik
904.38,-103.0,-102.9,saida_eixo,ik
904.48,-103.0,-102.9,saida_eixo,ik
904.58,-103.0,-102.9,saida_eixo,ik
904.68,-103.0,-102.9,saida_eixo,ik
904.78,-103.0,-102.9,saida_eixo,ik
904.88,-103.0,-102.9,saida_eixo,ik
904.98,-103.0,-102.9,saida_eixo,ik
905.08,-103.0,-102.9,saida_eixo,ik
905.18,-103.0,-102.9,saida_eixo,ik
905.28,-103.0,-102.9,saida_eixo,ik
905.38,-103.0,-102.9,saida_eixo,ik
905.48,-103.0,-102.9,saida_eixo,ik
905.58,-103.0,-102.9,saida_eixo,ik
905.68,-103.0,-102.9,saida_eixo,ik
905.78,-103.0,-102.9,saida_eixo,ik
905.88,-103.0,-102.9,saida_eixo,ik
905.98,-103.0,-102.9,saida_eixo,ik
906.08,-103.0,-102.9,saida_eixo,ik
906.18,-103.0,-102.9,saida_eixo,ik
906.28,-103.0,-102.9,saida_eixo,ik
906.38,-103.0,-102.9,saida_eixo,ik
906.48,-103.0,-102.9,saida_eixo,ik
906.58,-103.0,-102.9,saida_eixo,ik
906.68,-103.0,-102.9,saida_eixo,ik
906.78,-103.0,-102.9,saida_eixo,ik
906.88,-103.0,-102.9,saida_eixo,ik
906.98,-103.0,-102.9,saida_eixo,ik
907.08,-103.0,-102.9,saida_eixo,ik
907.18,-103.0,-102.9,saida_eixo,ik
907.28,-103.0,-102.9,saida_eixo,ik
907.38,-103.0,-102.9,saida_eixo,ik
907.48,-103.0,-102.9,saida_eixo,ik
907.58,-103.0,-102.9,saida_eixo,ik
907.68,-103.0,-102.9,saida_eixo,ik
907.78,-103.0,-102.9,saida_eixo,ik
907.88,-103.0,-102.9,saida_eixo,ik
907.98,-103.0,-102.9,saida_eixo,ik
908.08,-103.0,-102.9,saida_eixo,ik
908.18,-103.0,-103.0,saida_eixo,ik
908.28,-103.0,-103.0,saida_eixo,ik
908.38,-103.0,-103.0,saida_eixo,ik
908.48,-103.0,-103.0,saida_eixo,ik
908.58,-103.0,-103.0,saida_eixo,ik
908.68,-103.0,-103.0,saida_eixo,ik
908.78,-103.0,-103.0,saida_eixo,ik
908.88,-103.0,-103.0,saida_eixo,ik
908.98,-103.0,-103.0,saida_eixo,ik
909.08,-103.0,-103.0,saida_eixo,ik
909.18,-103.0,-103.0,saida_eixo,ik
909.28,-103.0,-103.0,saida_eixo,ik
909.38,-103.0,-103.0,saida_eixo,ik
909.48,-103.0,-103.0,saida_eixo,ik
909.58,-103.0,-103.0,saida_eixo,ik
909.68,-103.0,-103.0,saida_eixo,ik
909.78,-103.0,-103.0,saida_eixo,ik
909.88,-103.0,-103.0,saida_eixo,ik
909.98,-103.0,-103.0,saida_eixo,ik
910.08,-103.0,-103.0,saida_eixo,ik
910.18,-103.0,-103.0,saida_eixo,ik
910.28,-103.0,-103.0,saida_eixo,ik
910.38,-103.0,-103.0,saida_eixo,ik
910.48,-103.0,-103.0,saida_eixo,ik
910.58,-103.0,-103.0,saida_eixo,ik
910.68,-103.0,-103.0,saida_eixo,ik
910.78,-103.0,-103.0,saida_eixo,ik
910.88,-103.0,-103.0,saida_eixo,ik
910.98,-103.0,-103.0,saida_eixo,ik
911.08,-103.0,-103.0,saida_eixo,ik
911.18,-103.0,-103.0,saida_eixo,ik
911.28,-103.0,-103.0,saida_eixo,ik
911.38,-103.0,-103.0,saida_eixo,ik
911.48,-103.0,-103.0,saida_eixo,ik
911.58,-103.0,-103.0,saida_eixo,ik
911.68,-103.0,-103.0,saida_eixo,ik
911.78,-103.0,-103.0,saida_eixo,ik
911.88,-103.0,-103.0,saida_eixo,ik
911.98,-103.0,-103.0,saida_eixo,ik
912.08,-103.0,-103.0,saida_eixo,ik
912.18,-103.0,-103.0,saida_eixo,ik
912.28,-103.0,-103.0,saida_eixo,ik
912.38,-103.0,-103.0,saida_eixo,ik
912.48,-103.0,-103.0,saida_eixo,ik
912.58,-103.0,-103.0,saida_eixo,ik
912.68,-103.0,-103.0,saida_eixo,ik
912.78,-103.0,-103.0,saida_eixo,ik
912.88,-103.0,-103.0,saida_eixo,ik
912.98,-103.0,-103.0,saida_eixo,ik
913.08,-103.0,-103.0,saida_eixo,ik
913.18,-103.0,-103.0,saida_eixo,ik
913.28,-103.0,-103.0,saida_eixo,ik
913.38,-103.0,-103.0,saida_eixo,ik
913.48,-103.0,-103.0,saida_eixo,ik
913.58,-103.0,-103.1,saida_eixo,ik
913.68,-103.0,-103.1,saida_eixo,ik
913.78,110.0,-102.3,saida_eixo,ik
913.88,-109.9,-102.6,saida_eixo,ik
913.98,-109.9,-102.7,saida_eixo,ik
914.08,-109.9,-102.7,saida_eixo,ik
914.18,-102.0,-102.8,saida_eixo,ik
914.28,-103.0,-103.0,saida_eixo,ik
914.38,-103.0,-103.0,saida_eixo,ik
914.48,-103.0,-103.0,saida_eixo,ik
914.58,-103.0,-103.0,saida_eixo,ik
914.68,-103.0,-103.0,saida_eixo,ik
914.78,-103.0,-103.0,saida_eixo,ik
914.88,-103.0,-103.0,saida_eixo,ik
914.98,-103.0,-103.0,saida_eixo,ik
915.08,-103.0,-103.0,saida_eixo,ik
915.18,-103.0,-103.0,saida_eixo,ik
915.28,-103.0,-103.0,saida_eixo,ik
915.38,-103.0,-103.0,saida_eixo,ik
915.48,-103.0,-103.0,saida_eixo,ik
915.58,-103.0,-103.0,saida_eixo,ik
915.68,-103.0,-103.0,saida_eixo,ik
915.78,-103.0,-103.0,saida_eixo,ik
915.88,-103.0,-103.0,saida_eixo,ik
915.98,-103.0,-103.0,saida_eixo,ik
916.08,-103.0,-103.0,saida_eixo,ik
916.18,-103.0,-103.0,saida_eixo,ik
916.28,-103.0,-103.0,saida_eixo,ik
916.38,-103.0,-103.0,saida_eixo,ik
916.48,-103.0,-103.0,saida_eixo,ik
916.58,-103.0,-103.0,saida_eixo,ik
916.68,-103.0,-103.0,saida_eixo,ik
916.78,-103.0,-103.0,saida_eixo,ik
916.88,-103.0,-103.0,saida_eixo,ik
916.98,-103.0,-103.0,saida_eixo,ik
917.08,-103.0,-103.0,saida_eixo,ik
917.18,-103.0,-103.0,saida_eixo,ik
917.28,-103.0,-103.0,saida_eixo,ik
917.38,-103.0,-103.0,saida_eixo,ik
917.48,-103.0,-103.0,saida_eixo,ik
917.58,-103.0,-103.0,saida_eixo,ik
917.68,-103.0,-103.0,saida_eixo,ik
917.78,-103.0,-103.0,saida_eixo,ik
917.88,-103.0,-103.0,saida_eixo,ik
917.98,-103.0,-103.0,saida_eixo,ik
918.08,-103.0,-103.0,saida_eixo,ik
918.18,-103.0,-103.0,saida_eixo,ik
918.28,-103.0,-103.0,saida_eixo,ik
918.38,-103.0,-103.0,saida_eixo,ik
918.48,-103.0,-103.0,saida_eixo,ik
918.58,-103.0,-103.0,saida_eixo,ik
918.68,-103.0,-103.0,saida_eixo,ik
918.78,-103.0,-103.0,saida_eixo,ik
918.88,-103.0,-103.0,saida_eixo,ik
918.98,-103.0,-103.0,saida_eixo,ik
919.08,-103.0,-103.0,saida_eixo,ik
919.18,-103.0,-103.0,saida_eixo,ik
919.28,-103.0,-103.0,saida_eixo,ik
919.38,-103.0,-103.0,saida_eixo,ik
919.48,-103.0,-103.0,saida_eixo,ik
919.58,-103.0,-103.0,saida_eixo,ik
919.68,-103.0,-103.0,saida_eixo,ik
919.78,-103.0,-103.0,saida_eixo,ik
919.88,-103.0,-103.0,saida_eixo,ik
919.98,-103.0,-103.0,saida_eixo,ik
920.08,-103.0,-103.0,saida_eixo,ik
920.18,-103.0,-103.0,saida_eixo,ik
920.28,-103.0,-103.0,saida_eixo,ik
920.38,-103.0,-103.0,saida_eixo,ik
920.48,-103.0,-103.0,saida_eixo,ik
920.58,-103.0,-103.0,saida_eixo,ik
920.68,-103.0,-103.0,saida_eixo,ik
920.78,-103.0,-103.0,saida_eixo,ik
920.88,-103.0,-103.0,saida_eixo,ik
920.98,-103.0,-103.0,saida_eixo,ik
921.08,-103.0,-103.0,saida_eixo,ik
921.18,-103.0,-103.0,saida_eixo,ik
921.28,-103.0,-103.0,saida_eixo,ik
921.38,-103.0,-103.0,saida_eixo,ik
921.48,-103.0,-103.0,saida_eixo,ik
921.58,-102.8,-103.0,saida_eixo,ik
921.68,-102.4,-101.6,saida_eixo,ik
921.78,-101.0,-100.0,saida_eixo,ik
921.88,-99.3,-98.4,saida_eixo,ik
921.98,-97.6,-96.7,saida_eixo,ik
922.08,-95.9,-95.0,saida_eixo,ik
922.18,-94.2,-93.2,saida_eixo,ik
922.28,-92.5,-91.5,saida_eixo,ik
922.38,-90.7,-89.8,saida_eixo,ik
922.48,-89.0,-88.1,saida_eixo,ik
922.58,-87.3,-86.4,saida_eixo,ik
922.68,-85.6,-84.7,saida_eixo,ik
922.78,-84.0,-83.0,saida_eixo,ik
922.88,-82.3,-81.3,saida_eixo,ik
922.98,-80.6,-79.6,saida_eixo,ik
923.08,-78.9,-77.9,saida_eixo,ik
923.18,-77.2,-76.3,saida_eixo,ik
923.28,-75.5,-74.6,saida_eixo,ik
923.38,-73.8,-72.9,saida_eixo,ik
923.48,-72.1,-71.2,saida_eixo,ik
923.58,-70.4,-69.5,saida_eixo,ik
923.68,-68.7,-67.8,saida_eixo,ik
923.78,-67.0,-66.1,saida_eixo,ik
923.88,-65.4,-64.4,saida_eixo,ik
923.98,-63.7,-62.7,saida_eixo,ik
924.08,-62.0,-61.0,saida_eixo,ik
924.18,-60.3,-59.3,saida_eixo,ik
924.28,-58.6,-57.6,saida_eixo,ik
924.38,-56.9,-55.9,saida_eixo,ik
924.48,-55.2,-54.2,saida_eixo,ik
924.58,-53.5,-52.6,saida_eixo,ik
924.68,-51.8,-50.9,saida_eixo,ik
924.78,-50.1,-49.2,saida_eixo,ik
924.88,-48.4,-47.5,saida_eixo,ik
924.98,-46.7,-45.8,saida_eixo,ik
925.08,-45.0,-44.1,saida_eixo,ik
925.18,-43.3,-42.4,saida_eixo,ik
925.28,-41.6,-40.7,saida_eixo,ik
925.38,-39.9,-39.0,saida_eixo,ik
925.48,-38.2,-37.3,saida_eixo,ik
925.58,-36.5,-35.6,saida_eixo,ik
925.68,-34.8,-33.9,saida_eixo,ik
925.78,-33.1,-32.2,saida_eixo,ik
925.88,-31.4,-30.5,saida_eixo,ik
925.98,-29.7,-28.8,saida_eixo,ik
926.08,-28.0,-27.1,saida_eixo,ik
926.18,-26.3,-25.3,saida_eixo,ik
926.28,-24.6,-23.6,saida_eixo,ik
926.38,-22.9,-21.9,saida_eixo,ik
926.48,-21.1,-20.2,saida_eixo,ik
926.58,-19.4,-18.5,saida_eixo,ik
926.68,-17.7,-16.8,saida_eixo,ik
926.78,-16.0,-15.1,saida_eixo,ik
926.88,-14.3,-13.4,saida_eixo,ik
926.98,-12.6,-11.7,saida_eixo,ik
927.08,-10.9,-10.0,saida_eixo,ik
927.18,-9.2,-8.3,saida_eixo,ik
927.28,-7.5,-6.5,saida_eixo,ik
927.38,-5.8,-4.8,saida_eixo,ik
927.48,-4.0,-3.1,saida_eixo,ik
927.58,-2.3,-1.4,saida_eixo,ik
927.68,-1.4,-1.1,saida_eixo,ik
927.78,-1.1,-1.0,saida_eixo,ik
927.88,-1.1,-1.0,saida_eixo,ik
927.98,-1.0,-1.0,saida_eixo,ik
928.08,-0.9,-0.9,saida_eixo,ik
928.18,-0.9,-0.9,saida_eixo,ik
928.28,-0.9,-0.9,saida_eixo,ik
928.38,-0.9,-0.9,saida_eixo,ik
928.48,-0.9,-0.9,saida_eixo,ik
928.58,-0.9,-0.9,saida_eixo,ik
928.68,-0.9,-0.9,saida_eixo,ik
928.78,-0.9,-0.9,saida_eixo,ik
928.88,-0.9,-0.9,saida_eixo,ik
928.98,-0.9,-0.9,saida_eixo,ik
929.08,-0.9,-0.9,saida_eixo,ik
929.18,-0.9,-0.9,saida_eixo,ik
929.28,-0.9,-0.9,saida_eixo,ik
929.38,-0.9,-0.9,saida_eixo,ik
929.48,-0.9,-0.9,saida_eixo,ik
929.58,-0.9,-0.9,saida_eixo,ik
929.68,-0.9,-0.9,saida_eixo,ik
929.78,-0.9,-0.9,saida_eixo,ik
929.88,-0.9,-0.9,saida_eixo,ik
929.98,-0.9,-0.9,saida_eixo,ik
930.08,-0.9,-0.9,saida_eixo,ik
930.18,-0.9,-0.9,saida_eixo,ik
930.28,-0.9,-0.9,saida_eixo,ik
930.38,-0.9,-0.9,saida_eixo,ik
930.48,-0.9,-0.9,saida_eixo,ik
930.58,-0.9,-0.9,saida_eixo,ik
930.68,-0.9,-0.9,saida_eixo,ik
930.78,-0.9,-0.9,saida_eixo,ik
930.88,-0.9,-0.9,saida_eixo,ik
930.98,-0.9,-0.9,saida_eixo,ik
931.08,-0.9,-0.9,saida_eixo,ik
931.18,-0.9,-0.9,saida_eixo,ik
931.28,-0.9,-0.9,saida_eixo,ik
931.38,-0.9,-0.9,saida_eixo,ik
931.48,-0.9,-0.9,saida_eixo,ik
931.58,-0.9,-0.9,saida_eixo,ik
931.68,-0.9,-0.9,saida_eixo,ik
931.78,-0.9,-0.9,saida_eixo,ik
931.88,-0.9,-0.9,saida_eixo,ik
931.98,-0.9,-0.9,saida_eixo,ik
932.08,-0.9,-0.9,saida_eixo,ik
932.18,-0.9,-0.9,saida_eixo,ik
932.28,-0.9,-0.9,saida_eixo,ik
932.38,-0.9,-0.9,saida_eixo,ik
932.48,-0.9,-0.9,saida_eixo,ik
932.58,-0.9,-0.9,saida_eixo,ik
932.68,-0.9,-0.9,saida_eixo,ik
932.78,-0.9,-0.9,saida_eixo,ik
932.88,-0.9,-0.9,saida_eixo,ik
932.98,-0.9,-0.9,saida_eixo,ik
933.08,-0.9,-0.9,saida_eixo,ik
933.18,-0.9,-0.9,saida_eixo,ik
933.28,-0.9,-0.9,saida_eixo,ik
933.38,-0.9,-0.9,saida_eixo,ik
933.48,-0.9,-0.9,saida_eixo,ik
933.58,-0.9,-0.9,saida_eixo,ik
933.68,-0.9,-0.9,saida_eixo,ik
933.78,-0.9,-0.9,saida_eixo,ik
933.88,-0.9,-0.9,saida_eixo,ik
933.98,-0.9,-0.9,saida_eixo,ik
934.08,-0.9,-0.9,saida_eixo,ik
934.18,-0.9,-0.9,saida_eixo,ik
934.28,-0.9,-0.9,saida_eixo,ik
934.38,-0.9,-0.9,saida_eixo,ik
934.48,-0.9,-0.9,saida_eixo,ik
934.58,-0.9,-0.9,saida_eixo,ik
934.68,-0.9,-0.9,saida_eixo,ik
934.78,-0.9,-0.9,saida_eixo,ik
934.88,-0.9,-0.9,saida_eixo,ik
934.98,-0.9,-0.9,saida_eixo,ik
935.08,-0.9,-0.9,saida_eixo,ik
935.18,-0.9,-0.9,saida_eixo,ik
935.28,-0.9,-0.9,saida_eixo,ik
935.38,-0.9,-0.9,saida_eixo,ik
935.48,-0.9,-0.9,saida_eixo,ik
935.58,-0.9,-0.9,saida_eixo,ik
935.68,-0.9,-0.9,saida_eixo,ik
935.78,-0.9,-0.9,saida_eixo,ik
935.88,-0.9,-0.9,saida_eixo,ik
935.98,-0.9,-0.9,saida_eixo,ik
936.08,-0.9,-0.9,saida_eixo,ik
936.18,-0.9,-0.9,saida_eixo,ik
936.28,-0.9,-0.9,saida_eixo,ik
936.38,-0.9,-0.9,saida_eixo,ik
936.48,-0.9,-0.9,saida_eixo,ik
936.58,-0.9,-0.9,saida_eixo,ik
936.68,-0.9,-0.9,saida_eixo,ik
936.78,-0.9,-0.9,saida_eixo,ik
936.88,-0.9,-0.9,saida_eixo,ik
936.98,-0.9,-0.9,saida_eixo,ik
937.08,-0.9,-0.9,saida_eixo,ik
937.18,-0.9,-0.9,saida_eixo,ik
937.28,-0.9,-0.9,saida_eixo,ik
937.38,-0.9,-0.9,saida_eixo,ik
937.48,-0.9,-0.9,saida_eixo,ik
937.58,-0.9,-0.9,saida_eixo,ik
937.68,-0.9,-0.9,saida_eixo,ik
937.78,-0.9,-0.9,saida_eixo,ik
937.88,-0.9,-0.9,saida_eixo,ik
937.98,-0.9,-0.9,saida_eixo,ik
938.08,-0.9,-0.9,saida_eixo,ik
938.18,-0.9,-0.9,saida_eixo,ik
938.28,-0.9,-0.9,saida_eixo,ik
938.38,-0.9,-0.9,saida_eixo,ik
938.48,-0.9,-0.9,saida_eixo,ik
938.58,-0.9,-0.9,saida_eixo,ik
938.68,-0.9,-0.9,saida_eixo,ik
938.78,-0.9,-0.9,saida_eixo,ik
938.88,-0.9,-0.9,saida_eixo,ik
938.98,-0.9,-0.9,saida_eixo,ik
939.08,-0.9,-0.9,saida_eixo,ik
939.18,-0.9,-0.9,saida_eixo,ik
939.28,-0.9,-0.9,saida_eixo,ik
939.38,-0.9,-0.9,saida_eixo,ik
939.48,-0.9,-0.9,saida_eixo,ik
939.58,-0.9,-0.9,saida_eixo,ik
939.68,-0.9,-0.9,saida_eixo,ik
939.78,-0.9,-0.9,saida_eixo,ik
939.88,-0.9,-0.9,saida_eixo,ik
939.98,-0.9,-0.9,saida_eixo,ik
940.08,-0.9,-0.9,saida_eixo,ik
940.18,-0.9,-0.9,saida_eixo,ik
940.28,-0.9,-0.9,saida_eixo,ik
940.38,-0.9,-0.9,saida_eixo,ik
940.48,-0.9,-0.9,saida_eixo,ik
940.58,-0.9,-0.9,saida_eixo,ik
940.68,-0.9,-0.9,saida_eixo,ik
940.78,-0.9,-0.9,saida_eixo,ik
940.88,-0.9,-0.9,saida_eixo,ik
940.98,-0.9,-0.9,saida_eixo,ik
941.08,-0.9,-0.9,saida_eixo,ik
941.18,-0.9,-0.9,saida_eixo,ik
941.28,-0.9,-0.9,saida_eixo,ik
941.38,-0.9,-0.9,saida_eixo,ik
941.48,-0.9,-0.9,saida_eixo,ik
941.58,-0.9,-0.9,saida_eixo,ik
941.68,-0.9,-0.9,saida_eixo,ik
941.78,-0.9,-0.9,saida_eixo,ik
941.88,-0.9,-0.9,saida_eixo,ik
941.98,-0.9,-0.9,saida_eixo,ik
942.08,-0.9,-0.9,saida_eixo,ik
942.18,-0.9,-0.9,saida_eixo,ik
942.28,-0.9,-0.9,saida_eixo,ik
942.38,-0.9,-0.9,saida_eixo,ik
942.48,-0.9,-0.9,saida_eixo,ik
942.58,-0.9,-0.9,saida_eixo,ik
942.68,-0.9,-0.9,saida_eixo,ik
942.78,-0.9,-0.9,saida_eixo,ik
942.88,-0.9,-0.9,saida_eixo,ik
942.98,-0.9,-0.9,saida_eixo,ik
943.08,-0.9,-0.9,saida_eixo,ik
943.18,-0.9,-0.9,saida_eixo,ik
943.28,-0.9,-0.9,saida_eixo,ik
943.38,-0.9,-0.9,saida_eixo,ik
943.48,-0.9,-0.9,saida_eixo,ik
943.58,-0.9,-0.9,saida_eixo,ik
943.68,-0.9,-0.9,saida_eixo,ik
943.78,-0.9,-0.9,saida_eixo,ik
943.88,-0.9,-0.9,saida_eixo,ik
943.98,-0.9,-0.9,saida_eixo,ik
944.08,-0.9,-0.9,saida_eixo,ik
944.18,-0.9,-0.9,saida_eixo,ik
944.28,-1.0,-0.9,saida_eixo,ik
944.38,-1.0,-0.9,saida_eixo,ik
944.48,-1.0,-0.9,saida_eixo,ik
944.58,-0.9,-0.9,saida_eixo,ik
944.68,-0.9,-0.9,saida_eixo,ik
944.78,-1.0,-0.9,saida_eixo,ik
944.88,-1.0,-0.9,saida_eixo,ik
944.98,-1.0,-0.9,saida_eixo,ik
945.08,-1.0,-0.9,saida_eixo,ik
945.18,-1.0,-0.9,saida_eixo,ik
945.28,-1.0,-0.9,saida_eixo,ik
945.38,-1.0,-0.9,saida_eixo,ik
945.48,-1.0,-0.9,saida_eixo,ik
945.58,-1.0,-0.9,saida_eixo,ik
945.68,-0.9,-0.9,saida_eixo,ik
945.78,-0.9,-0.9,saida_eixo,ik
945.88,-1.0,-0.9,saida_eixo,ik
945.98,-0.9,-0.9,saida_eixo,ik
946.08,-0.9,-0.9,saida_eixo,ik
946.18,-0.9,-0.9,saida_eixo,ik
946.28,-0.9,-0.9,saida_eixo,ik
946.38,-1.0,-0.9,saida_eixo,ik
946.48,-1.0,-0.9,saida_eixo,ik
946.58,-1.0,-0.9,saida_eixo,ik
946.68,-1.0,-0.9,saida_eixo,ik
946.78,-1.0,-0.9,saida_eixo,ik
946.88,-1.0,-0.9,saida_eixo,ik
946.98,-1.0,-0.9,saida_eixo,ik
947.08,-1.0,-0.9,saida_eixo,ik
947.18,-0.9,-0.9,saida_eixo,ik
947.28,-0.9,-0.9,saida_eixo,ik
947.38,-1.0,-0.9,saida_eixo,ik
947.48,-0.9,-0.9,saida_eixo,ik
947.58,-0.9,-0.9,saida_eixo,ik
947.68,-0.9,-1.0,saida_eixo,ik
947.78,-1.1,-0.9,saida_eixo,ik
947.88,-1.5,-0.9,saida_eixo,ik
947.98,-0.9,-0.9,saida_eixo,ik
948.08,-1.3,-0.9,saida_eixo,ik
948.18,-0.6,-0.9,saida_eixo,ik
948.28,-0.6,-0.9,saida_eixo,ik
948.38,-1.4,-0.9,saida_eixo,ik
948.48,-0.8,-0.9,saida_eixo,ik
948.58,-0.8,-0.9,saida_eixo,ik
948.68,-0.5,-0.9,saida_eixo,ik
948.78,-0.5,-0.9,saida_eixo,ik
948.88,-1.4,-0.9,saida_eixo,ik
948.98,-0.8,-0.9,saida_eixo,ik
949.08,-0.8,-0.9,saida_eixo,ik
949.18,-0.6,-0.9,saida_eixo,ik
949.28,-0.6,-0.9,saida_eixo,ik
949.38,-1.3,-0.9,saida_eixo,ik
949.48,-0.7,-0.9,saida_eixo,ik
949.58,-0.7,-0.9,saida_eixo,ik
949.68,-1.5,-0.9,saida_eixo,ik
949.78,-0.9,-0.9,saida_eixo,ik
949.88,-0.9,-0.9,saida_eixo,ik
949.98,-0.7,-0.9,saida_eixo,ik
950.08,-0.7,-0.9,saida_eixo,ik
950.18,-1.5,-0.9,saida_eixo,ik
950.28,-1.0,-0.9,saida_eixo,ik
950.38,-1.0,-0.9,saida_eixo,ik
950.48,-1.0,-0.9,saida_eixo,ik
950.58,-1.0,-0.9,saida_eixo,ik
950.68,-0.5,-0.9,saida_eixo,ik
950.78,-1.0,-0.9,saida_eixo,ik
950.88,-1.0,-0.9,saida_eixo,ik
950.98,-0.6,-0.9,saida_eixo,ik
951.08,-0.6,-0.9,saida_eixo,ik
951.18,-1.4,-0.9,saida_eixo,ik
951.28,-0.8,-0.9,saida_eixo,ik
951.38,-0.8,-0.9,saida_eixo,ik
951.48,-1.6,-0.9,saida_eixo,ik
951.58,-0.9,-0.9,saida_eixo,ik
951.68,-0.9,-0.9,saida_eixo,ik
951.78,-0.6,-0.9,saida_eixo,ik
951.88,-0.6,-0.9,saida_eixo,ik
951.98,-1.4,-0.9,saida_eixo,ik
952.08,-0.8,-0.9,saida_eixo,ik
952.18,-0.8,-0.9,saida_eixo,ik
952.28,-1.6,-0.9,saida_eixo,ik
952.38,-0.9,-0.9,saida_eixo,ik
952.48,-0.9,-1.0,saida_eixo,ik
952.58,-1.0,-0.9,saida_eixo,ik
952.68,-0.9,-0.9,saida_eixo,ik
952.78,-0.9,-0.9,saida_eixo,ik
952.88,-0.9,-0.9,saida_eixo,ik
952.98,-1.0,-0.9,saida_eixo,ik
953.08,-1.0,-0.9,saida_eixo,ik
953.18,-1.0,-0.9,saida_eixo,ik
953.28,-0.9,-0.9,saida_eixo,ik
953.38,-0.9,-0.9,saida_eixo,ik
953.48,-0.9,-0.9,saida_eixo,ik
953.58,-0.9,-0.9,saida_eixo,ik
953.68,-0.9,-0.9,saida_eixo,ik
953.78,-0.9,-0.9,saida_eixo,ik
953.88,-0.9,-0.9,saida_eixo,ik
953.98,-0.9,-0.9,saida_eixo,ik
954.08,-0.9,-0.9,saida_eixo,ik
954.18,-0.9,-0.9,saida_eixo,ik
954.28,-0.9,-0.9,saida_eixo,ik
954.38,-0.9,-0.9,saida_eixo,ik
954.48,-0.9,-0.9,saida_eixo,ik
954.58,-0.9,-0.9,saida_eixo,ik
954.68,-0.9,-0.9,saida_eixo,ik
954.78,-0.9,-0.9,saida_eixo,ik
954.88,-0.9,-0.9,saida_eixo,ik
954.98,-0.9,-0.9,saida_eixo,ik
955.08,-0.9,-0.9,saida_eixo,ik
955.18,-1.3,-0.9,saida_eixo,ik
955.28,-0.9,-0.9,saida_eixo,ik
955.38,-0.9,-0.9,saida_eixo,ik
955.48,-0.9,-0.9,saida_eixo,ik
955.58,-0.9,-1.0,saida_eixo,ik
955.68,-0.9,-0.9,saida_eixo,ik
955.78,-0.9,-0.9,saida_eixo,ik
955.88,-0.9,-0.9,saida_eixo,ik
955.98,-0.9,-0.9,saida_eixo,ik
956.08,-0.9,-0.9,saida_eixo,ik
956.18,-0.9,-0.9,saida_eixo,ik
956.28,-0.9,-0.9,saida_eixo,ik
956.38,-0.9,-0.9,saida_eixo,ik
956.48,-0.9,-0.9,saida_eixo,ik
956.58,-0.9,-0.9,saida_eixo,ik
956.68,-0.9,-0.9,saida_eixo,ik
956.78,-0.9,-0.9,saida_eixo,ik
956.88,-0.9,-0.9,saida_eixo,ik
956.98,-0.9,-0.9,saida_eixo,ik
957.08,-0.9,-0.9,saida_eixo,ik
957.18,-0.9,-0.9,saida_eixo,ik
957.28,-0.9,-0.9,saida_eixo,ik
957.38,-0.9,-0.9,saida_eixo,ik
957.48,-0.9,-0.9,saida_eixo,ik
957.58,-0.9,-0.9,saida_eixo,ik
957.68,-0.9,-0.9,saida_eixo,ik
957.78,-0.9,-0.9,saida_eixo,ik
957.88,-0.9,-0.9,saida_eixo,ik
957.98,-1.0,-0.9,saida_eixo,ik
958.08,-0.9,-0.9,saida_eixo,ik
958.18,-0.9,-0.9,saida_eixo,ik
958.28,-0.9,-0.9,saida_eixo,ik
958.38,-0.9,-0.9,saida_eixo,ik
958.48,-0.9,-0.9,saida_eixo,ik
958.58,-0.9,-0.9,saida_eixo,ik
958.68,-0.9,-0.9,saida_eixo,ik
958.78,-0.6,-0.9,saida_eixo,ik
958.88,-0.6,-0.9,saida_eixo,ik
958.98,-1.4,-0.9,saida_eixo,ik
959.08,-0.7,-0.9,saida_eixo,ik
959.18,-0.7,-0.9,saida_eixo,ik
959.28,-1.6,-0.9,saida_eixo,ik
959.38,-1.0,-0.9,saida_eixo,ik
959.48,-1.0,-0.9,saida_eixo,ik
959.58,-1.0,-0.9,saida_eixo,ik
959.68,-1.0,-0.9,saida_eixo,ik
959.78,-0.5,-0.9,saida_eixo,ik
959.88,-0.5,-0.9,saida_eixo,ik
959.98,-1.5,-0.9,saida_eixo,ik
960.08,-0.8,-0.9,saida_eixo,ik
960.18,-0.8,-0.9,saida_eixo,ik
960.28,-0.9,-0.9,saida_eixo,ik
960.38,-0.9,-0.9,saida_eixo,ik
960.48,-0.9,-0.9,saida_eixo,ik
960.58,-0.6,-0.9,saida_eixo,ik
960.68,-0.6,-0.9,saida_eixo,ik
960.78,-1.5,-0.9,saida_eixo,ik
960.88,-0.9,-0.9,saida_eixo,ik
960.98,-0.9,-0.9,saida_eixo,ik
961.08,-0.7,-0.9,saida_eixo,ik
961.18,-0.7,-0.9,saida_eixo,ik
961.28,-1.6,-0.9,saida_eixo,ik
961.38,-0.9,-0.9,saida_eixo,ik
961.48,-0.9,-0.9,saida_eixo,ik
961.58,-0.5,-0.9,saida_eixo,ik
961.68,-0.5,-0.9,saida_eixo,ik
961.78,-1.4,-0.9,saida_eixo,ik
961.88,-0.8,-1.0,saida_eixo,ik
961.98,-0.8,-0.9,saida_eixo,ik
962.08,-0.8,-1.0,saida_eixo,ik
962.18,-1.0,-0.9,saida_eixo,ik
962.28,-0.9,-0.9,saida_eixo,ik
962.38,-0.9,-0.9,saida_eixo,ik
962.48,-0.9,-0.9,saida_eixo,ik
962.58,-0.9,-0.9,saida_eixo,ik
962.68,-0.9,-0.9,saida_eixo,ik
962.78,-0.9,-0.9,saida_eixo,ik
962.88,-0.9,-0.9,saida_eixo,ik
962.98,-0.9,-0.9,saida_eixo,ik
963.08,-0.9,-0.9,saida_eixo,ik
963.18,-0.9,-0.9,saida_eixo,ik
963.28,-0.9,-0.9,saida_eixo,ik
963.38,-0.9,-0.9,saida_eixo,ik
963.48,-0.9,-0.9,saida_eixo,ik
963.58,-0.9,-0.9,saida_eixo,ik
963.68,-0.9,-0.9,saida_eixo,ik
963.78,-0.9,-0.9,saida_eixo,ik
963.88,-0.9,-0.9,saida_eixo,ik
963.98,-0.9,-0.9,saida_eixo,ik
964.08,-0.9,-0.9,saida_eixo,ik
964.18,-0.9,-0.9,saida_eixo,ik
964.28,-0.9,-0.9,saida_eixo,ik
964.38,-0.9,-0.9,saida_eixo,ik
964.48,-0.9,-0.9,saida_eixo,ik
964.58,-0.9,-0.9,saida_eixo,ik
964.68,-0.9,-0.9,saida_eixo,ik
964.78,-0.9,-0.9,saida_eixo,ik
964.88,-0.9,-0.9,saida_eixo,ik
964.98,-0.9,-0.9,saida_eixo,ik
965.08,-0.9,-0.9,saida_eixo,ik
965.18,-0.9,-0.9,saida_eixo,ik
965.28,-0.9,-0.9,saida_eixo,ik
965.38,-0.9,-0.9,saida_eixo,ik
965.48,-0.9,-0.9,saida_eixo,ik
965.58,-0.9,-0.9,saida_eixo,ik
965.68,-0.9,-0.9,saida_eixo,ik
965.78,-0.9,-0.9,saida_eixo,ik
965.88,-0.9,-0.9,saida_eixo,ik
965.98,-0.9,-0.9,saida_eixo,ik
966.08,-0.9,-0.9,saida_eixo,ik
966.18,-0.9,-0.9,saida_eixo,ik
966.28,-0.9,-0.9,saida_eixo,ik
966.38,-0.9,-0.9,saida_eixo,ik
966.48,-0.9,-0.9,saida_eixo,ik
966.58,-0.9,-0.9,saida_eixo,ik
966.68,-0.9,-0.9,saida_eixo,ik
966.78,-0.9,-0.9,saida_eixo,ik
966.88,-0.9,-0.9,saida_eixo,ik
966.98,-0.9,-0.9,saida_eixo,ik
967.08,-0.9,-0.9,saida_eixo,ik
967.18,-0.9,-0.9,saida_eixo,ik
967.28,-0.9,-0.9,saida_eixo,ik
967.38,-0.9,-0.9,saida_eixo,ik
967.48,-0.9,-0.9,saida_eixo,ik
967.58,-0.9,-0.9,saida_eixo,ik
967.68,-0.9,-0.9,saida_eixo,ik
967.78,-0.9,-0.9,saida_eixo,ik
967.88,-0.9,-0.9,saida_eixo,ik
967.98,-0.9,-0.9,saida_eixo,ik
968.08,-0.9,-0.9,saida_eixo,ik
968.18,-0.9,-0.9,saida_eixo,ik
968.28,-0.9,-0.9,saida_eixo,ik
968.38,-0.9,-0.9,saida_eixo,ik
968.48,-0.9,-0.9,saida_eixo,ik
968.58,-0.9,-0.9,saida_eixo,ik
968.68,-0.9,-0.9,saida_eixo,ik
968.78,-0.9,-0.9,saida_eixo,ik
968.88,-0.9,-0.9,saida_eixo,ik
968.98,-0.9,-0.9,saida_eixo,ik
969.08,-0.9,-0.9,saida_eixo,ik
969.18,-0.9,-0.9,saida_eixo,ik
969.28,-0.9,-0.9,saida_eixo,ik
969.38,-0.9,-0.9,saida_eixo,ik
969.48,-0.9,-0.9,saida_eixo,ik
969.58,-0.9,-0.9,saida_eixo,ik
969.68,-0.9,-0.9,saida_eixo,ik
969.78,-0.9,-0.9,saida_eixo,ik
969.88,-0.9,-0.9,saida_eixo,ik
969.98,-0.9,-0.9,saida_eixo,ik
970.08,-0.9,-0.9,saida_eixo,ik
970.18,-0.9,-0.9,saida_eixo,ik
970.28,-0.9,-0.9,saida_eixo,ik
970.38,-0.9,-0.9,saida_eixo,ik
970.48,-0.9,-0.9,saida_eixo,ik
970.58,-0.9,-0.9,saida_eixo,ik
970.68,-0.9,-0.9,saida_eixo,ik
970.78,-0.9,-0.9,saida_eixo,ik
970.88,-0.9,-0.9,saida_eixo,ik
970.98,-0.9,-0.9,saida_eixo,ik
971.08,-0.9,-0.9,saida_eixo,ik
971.18,-0.9,-0.9,saida_eixo,ik
971.28,-0.9,-0.9,saida_eixo,ik
971.38,-0.9,-0.9,saida_eixo,ik
971.48,-0.9,-0.3,saida_eixo,ik
971.58,0.3,1.1,saida_eixo,ik
971.68,1.8,2.6,saida_eixo,ik
971.78,3.4,4.3,saida_eixo,ik
971.88,5.1,6.0,saida_eixo,ik
971.98,6.8,7.7,saida_eixo,ik
972.08,7.7,9.4,saida_eixo,ik
972.18,9.5,11.1,saida_eixo,ik
972.28,11.2,12.8,saida_eixo,ik
972.38,13.0,14.5,saida_eixo,ik
972.48,14.6,16.3,saida_eixo,ik
972.58,16.4,18.0,saida_eixo,ik
972.68,18.1,19.7,saida_eixo,ik
972.78,19.8,21.4,saida_eixo,ik
972.88,21.6,23.1,saida_eixo,ik
972.98,23.3,24.9,saida_eixo,ik
973.08,25.0,26.6,saida_eixo,ik
973.18,26.8,28.3,saida_eixo,ik
973.28,28.5,30.0,saida_eixo,ik
973.38,30.3,31.8,saida_eixo,ik
973.48,32.0,33.5,saida_eixo,ik
973.58,33.7,35.2,saida_eixo,ik
973.68,35.5,36.9,saida_eixo,ik
973.78,37.1,38.7,saida_eixo,ik
973.88,39.0,40.4,saida_eixo,ik
973.98,40.8,42.1,saida_eixo,ik
974.08,42.6,43.9,saida_eixo,ik
974.18,44.4,45.6,saida_eixo,ik
974.28,46.2,47.3,saida_eixo,ik
974.38,48.1,49.1,saida_eixo,ik
974.48,50.7,50.8,saida_eixo,ik
974.58,52.5,52.5,saida_eixo,ik
974.68,54.5,54.3,saida_eixo,ik
974.78,56.5,56.0,saida_eixo,ik
974.88,58.7,57.7,saida_eixo,ik
974.98,61.0,59.5,saida_eixo,ik
975.08,63.3,61.2,saida_eixo,ik
975.18,65.8,63.0,saida_eixo,ik
975.28,68.3,64.7,saida_eixo,ik
975.38,70.7,66.4,saida_eixo,ik
975.48,73.0,68.1,saida_eixo,ik
975.58,74.9,69.9,saida_eixo,ik
975.68,75.7,71.7,saida_eixo,ik
975.78,74.6,73.4,saida_eixo,ik
975.88,74.7,75.1,saida_eixo,ik
975.98,76.1,76.9,saida_eixo,ik
976.08,77.8,78.5,saida_eixo,ik
976.18,78.8,79.0,saida_eixo,ik
976.28,79.2,79.2,saida_eixo,ik
976.38,79.4,79.3,saida_eixo,ik
976.48,79.4,79.3,saida_eixo,ik
976.58,79.4,79.4,saida_eixo,ik
976.68,79.5,79.4,saida_eixo,ik
976.78,79.4,79.4,saida_eixo,ik
976.88,79.4,79.4,saida_eixo,ik
976.98,79.4,79.4,saida_eixo,ik
977.08,79.4,79.4,saida_eixo,ik
977.18,79.4,79.4,saida_eixo,ik
977.28,79.4,79.4,saida_eixo,ik
977.38,79.4,79.4,saida_eixo,ik
977.48,79.4,79.3,saida_eixo,ik
977.58,79.4,79.3,saida_eixo,ik
977.68,79.3,79.4,saida_eixo,ik
977.78,79.4,79.4,saida_eixo,ik
977.88,79.4,79.4,saida_eixo,ik
977.98,79.4,79.5,saida_eixo,ik
978.08,79.5,79.5,saida_eixo,ik
978.18,79.5,79.5,saida_eixo,ik
978.28,79.5,79.5,saida_eixo,ik
978.38,79.5,79.5,saida_eixo,ik
978.48,79.5,79.5,saida_eixo,ik
978.58,79.5,79.5,saida_eixo,ik
978.68,79.5,79.5,saida_eixo,ik
978.78,79.5,79.5,saida_eixo,ik
978.88,79.5,79.5,saida_eixo,ik
978.98,79.5,79.5,saida_eixo,ik
979.08,79.5,79.5,saida_eixo,ik
979.18,79.4,79.5,saida_eixo,ik
979.28,79.4,79.5,saida_eixo,ik
979.38,79.4,79.5,saida_eixo,ik
979.48,79.4,79.5,saida_eixo,ik
979.58,79.6,79.5,saida_eixo,ik
979.68,79.6,79.5,saida_eixo,ik
979.78,79.6,79.5,saida_eixo,ik
979.88,79.6,79.5,saida_eixo,ik
979.98,79.5,79.5,saida_eixo,ik
980.08,79.5,79.5,saida_eixo,ik
980.18,79.5,79.5,saida_eixo,ik
980.28,79.5,79.5,saida_eixo,ik
980.38,79.5,79.5,saida_eixo,ik
980.48,79.5,79.5,saida_eixo,ik
980.58,79.5,79.5,saida_eixo,ik
980.68,79.5,79.5,saida_eixo,ik
980.78,79.5,79.5,saida_eixo,ik
980.88,79.5,79.5,saida_eixo,ik
980.98,79.5,79.5,saida_eixo,ik
981.08,79.5,79.5,saida_eixo,ik
981.18,79.5,79.5,saida_eixo,ik
981.28,79.5,79.5,saida_eixo,ik
981.38,79.5,79.5,saida_eixo,ik
981.48,79.5,79.5,saida_eixo,ik
981.58,79.5,79.5,saida_eixo,ik
981.68,79.5,79.5,saida_eixo,ik
981.78,79.5,79.5,saida_eixo,ik
981.88,79.5,79.5,saida_eixo,ik
981.98,79.5,79.5,saida_eixo,ik
982.08,79.5,79.5,saida_eixo,ik
982.18,79.5,79.5,saida_eixo,ik
982.28,79.5,79.5,saida_eixo,ik
982.38,79.5,79.5,saida_eixo,ik
982.48,79.5,79.6,saida_eixo,ik
982.58,79.5,79.5,saida_eixo,ik
982.68,79.5,79.5,saida_eixo,ik
982.78,79.5,79.5,saida_eixo,ik
982.88,79.2,79.5,saida_eixo,ik
982.98,79.2,79.5,saida_eixo,ik
983.08,80.2,79.5,saida_eixo,ik
983.18,79.4,79.5,saida_eixo,ik
983.28,79.4,79.5,saida_eixo,ik
983.38,79.1,79.5,saida_eixo,ik
983.48,79.1,79.5,saida_eixo,ik
983.58,80.2,79.5,saida_eixo,ik
983.68,79.4,79.5,saida_eixo,ik
983.78,79.4,79.5,saida_eixo,ik
983.88,79.0,79.5,saida_eixo,ik
983.98,79.0,79.5,saida_eixo,ik
984.08,80.0,79.5,saida_eixo,ik
984.18,79.3,79.5,saida_eixo,ik
984.28,79.3,79.5,saida_eixo,ik
984.38,80.4,79.5,saida_eixo,ik
984.48,79.5,79.5,saida_eixo,ik
984.58,79.5,79.5,saida_eixo,ik
984.68,79.1,79.5,saida_eixo,ik
984.78,79.1,79.5,saida_eixo,ik
984.88,80.2,79.5,saida_eixo,ik
984.98,79.4,79.5,saida_eixo,ik
985.08,79.4,79.5,saida_eixo,ik
985.18,80.3,79.5,saida_eixo,ik
985.28,79.5,79.4,saida_eixo,ik
985.38,79.2,79.4,saida_eixo,ik
985.48,79.5,79.5,saida_eixo,ik
985.58,79.5,79.5,saida_eixo,ik
985.68,79.5,79.5,saida_eixo,ik
985.78,79.5,79.5,saida_eixo,ik
985.88,79.5,79.5,saida_eixo,ik
985.98,79.5,79.5,saida_eixo,ik
986.08,79.5,79.5,saida_eixo,ik
986.18,79.5,79.5,saida_eixo,ik
986.28,79.5,79.5,saida_eixo,ik
986.38,79.5,79.5,saida_eixo,ik
986.48,79.5,79.5,saida_eixo,ik
986.58,79.5,79.5,saida_eixo,ik
986.68,79.5,79.5,saida_eixo,ik
986.78,79.5,79.5,saida_eixo,ik
986.88,79.5,79.5,saida_eixo,ik
986.98,79.5,79.5,saida_eixo,ik
987.08,79.5,79.5,saida_eixo,ik
987.18,79.5,79.5,saida_eixo,ik
987.28,79.5,79.5,saida_eixo,ik
987.38,79.5,79.5,saida_eixo,ik
987.48,79.5,79.5,saida_eixo,ik
987.58,79.5,79.5,saida_eixo,ik
987.68,79.5,79.5,saida_eixo,ik
987.78,79.6,79.5,saida_eixo,ik
987.88,79.6,79.5,saida_eixo,ik
987.98,79.6,79.5,saida_eixo,ik
988.08,79.6,79.5,saida_eixo,ik
988.18,79.6,79.5,saida_eixo,ik
988.28,79.6,79.5,saida_eixo,ik
988.38,79.5,79.5,saida_eixo,ik
988.48,79.5,79.5,saida_eixo,ik
988.58,79.5,79.5,saida_eixo,ik
988.68,79.5,79.5,saida_eixo,ik
988.78,79.5,79.5,saida_eixo,ik
988.88,79.5,79.5,saida_eixo,ik
988.98,79.5,79.5,saida_eixo,ik
989.08,80.2,81.0,saida_eixo,ik
989.18,81.8,82.9,saida_eixo,ik
989.28,83.8,84.7,saida_eixo,ik
989.38,85.5,86.5,saida_eixo,ik
989.48,87.3,87.7,saida_eixo,ik
989.58,87.7,87.7,saida_eixo,ik
989.68,87.7,87.7,saida_eixo,ik
989.78,87.7,87.7,saida_eixo,ik
989.88,87.7,87.7,saida_eixo,ik
989.98,87.7,87.7,saida_eixo,ik
990.08,87.7,87.6,saida_eixo,ik
990.18,87.6,87.6,saida_eixo,ik
990.28,87.6,87.6,saida_eixo,ik
990.38,87.6,87.7,saida_eixo,ik
990.48,87.6,87.6,saida_eixo,ik
990.58,87.6,87.6,saida_eixo,ik
990.68,87.6,87.6,saida_eixo,ik
990.78,87.6,87.6,saida_eixo,ik
990.88,87.6,87.6,saida_eixo,ik
990.98,87.6,87.6,saida_eixo,ik
991.08,87.6,87.6,saida_eixo,ik
991.18,87.6,87.6,saida_eixo,ik
991.28,87.6,87.6,saida_eixo,ik
991.38,87.6,87.6,saida_eixo,ik
991.48,87.6,87.6,saida_eixo,ik
991.58,87.6,87.6,saida_eixo,ik
991.68,87.6,87.6,orienta,ik
991.78,87.6,87.6,orienta,ik
991.88,87.6,87.6,orienta,ik
991.98,87.6,87.6,orienta,ik
992.08,87.6,87.6,orienta,ik
992.18,87.6,87.6,orienta,ik
992.28,87.6,87.6,orienta,ik
992.38,87.6,87.0,orienta,ik
992.48,86.5,85.7,orienta,ik
992.58,85.0,84.1,orienta,ik
992.68,83.5,82.4,orienta,ik
992.78,81.7,80.8,orienta,ik
992.88,80.0,79.5,orienta,ik
992.98,79.3,79.1,orienta,ik
993.08,78.9,78.9,orienta,ik
993.18,78.8,78.8,orienta,ik
993.28,78.7,78.8,orienta,ik
993.38,78.6,78.8,orienta,ik
993.48,78.7,78.8,orienta,ik
993.58,78.5,78.8,orienta,ik
993.68,78.5,78.8,orienta,ik
993.78,78.3,78.8,orienta,ik
993.88,78.2,78.8,orienta,ik
993.98,78.1,78.7,orienta,ik
994.08,77.8,78.7,orienta,ik
994.18,77.6,78.6,orienta,ik
994.28,77.2,78.6,orienta,ik
994.38,76.8,78.6,orienta,ik
994.48,79.0,78.5,orienta,ik
994.58,78.6,78.6,orienta,ik
994.68,78.6,78.6,orienta,ik
994.78,78.6,78.6,orienta,ik
994.88,78.6,78.6,orienta,ik
994.98,78.6,78.6,orienta,ik
995.08,78.6,78.6,orienta,ik
995.18,78.6,78.6,orienta,ik
995.28,78.6,78.6,orienta,ik
995.38,78.6,78.6,orienta,ik
995.48,78.6,78.6,orienta,ik
995.58,78.6,78.6,orienta,ik
995.68,78.6,78.6,orienta,ik
995.78,78.6,78.6,aproxima_lateral,ik
995.88,78.6,78.6,aproxima_lateral,ik
995.98,78.6,78.6,aproxima_lateral,ik
996.08,78.6,78.6,aproxima_lateral,ik
996.18,78.6,78.6,aproxima_lateral,ik
996.28,78.6,78.6,aproxima_lateral,ik
996.38,78.6,78.6,aproxima_lateral,ik
996.48,78.6,79.9,aproxima_lateral,ik
996.58,80.6,81.4,aproxima_lateral,ik
996.68,81.3,81.7,aproxima_lateral,ik
996.78,81.5,81.8,aproxima_lateral,ik
996.88,81.9,81.9,aproxima_lateral,ik
996.98,81.9,81.9,aproxima_lateral,ik
997.08,81.9,81.9,aproxima_lateral,ik
997.18,81.9,81.9,aproxima_lateral,ik
997.28,81.9,81.9,aproxima_lateral,ik
997.38,81.9,81.9,aproxima_lateral,ik
997.48,81.9,82.0,aproxima_lateral,ik
997.58,81.9,82.0,aproxima_lateral,ik
997.68,81.9,82.0,aproxima_lateral,ik
997.78,81.9,82.1,aproxima_lateral,ik
997.88,81.9,82.1,aproxima_lateral,ik
997.98,81.9,82.1,aproxima_lateral,ik
998.08,81.9,82.2,atravessa,ik
998.18,81.9,82.2,atravessa,ik
998.28,81.9,82.2,atravessa,ik
998.38,81.9,82.3,atravessa,ik
998.48,81.9,82.3,atravessa,ik
998.58,81.9,82.3,atravessa,ik
998.68,81.9,82.4,atravessa,ik
998.78,83.0,83.6,atravessa,ik
998.88,84.1,84.1,atravessa,ik
998.98,84.2,84.2,atravessa,ik
999.08,84.2,84.2,atravessa,ik
999.18,84.2,84.2,atravessa,ik
999.28,84.2,84.3,atravessa,ik
999.38,84.2,84.3,atravessa,ik
999.48,84.2,84.3,atravessa,ik
999.58,84.2,84.3,atravessa,ik
999.68,84.2,84.3,atravessa,ik
999.78,84.2,84.3,atravessa,ik
999.88,84.2,84.3,atravessa,ik
999.98,84.2,84.3,atravessa,ik
1000.08,84.2,84.4,captura,ik
1000.18,84.2,84.4,captura,ik
1000.28,84.2,84.4,captura,ik
1000.38,84.2,84.4,captura,ik
1000.48,84.2,84.4,captura,ik
1000.58,84.2,84.4,destrava,wb
1000.68,84.2,84.4,destrava,wb
1000.78,84.2,84.4,destrava,wb
1000.88,84.2,84.4,destrava,wb
1000.98,84.2,84.4,destrava,wb
1001.08,84.2,84.3,destrava,wb
1001.18,84.2,84.3,destrava,wb
1001.28,84.2,84.3,destrava,wb
1001.38,84.2,84.2,destrava,wb
1001.48,84.3,84.3,destrava,wb
1001.58,84.3,84.2,destrava,wb
1001.68,84.3,84.2,destrava,wb
1001.78,84.3,84.2,destrava,wb
1001.88,84.3,84.2,destrava,wb
1001.98,84.3,84.3,destrava,wb
1002.08,84.3,84.2,destrava,wb
1002.18,84.3,84.2,destrava,wb
1002.28,84.3,84.1,destrava,wb
1002.38,84.3,84.0,destrava,wb
1002.48,84.3,83.9,destrava,wb
1002.58,84.3,83.8,destrava,wb
1002.68,84.3,83.7,destrava,wb
1002.78,84.3,83.7,destrava,wb
1002.88,84.3,84.0,destrava,wb
1002.98,84.3,84.0,destrava,wb
1003.08,84.3,84.1,destrava,wb
1003.18,84.1,84.3,destrava,wb
1003.28,84.1,84.3,destrava,wb
1003.38,84.1,84.4,destrava,wb
1003.48,84.1,84.6,destrava,wb
1003.58,84.1,84.6,destrava,wb
1003.68,84.1,84.7,destrava,wb
1003.78,84.1,84.8,destrava,wb
1003.88,84.1,84.8,destrava,wb
1003.98,84.1,84.8,destrava,wb
1004.08,84.8,84.8,destrava,wb
1004.18,84.8,84.8,destrava,wb
1004.28,84.8,85.0,destrava,wb
1004.38,84.8,84.8,destrava,wb
1004.48,84.8,84.6,destrava,wb
1004.58,84.8,84.5,destrava,wb
1004.68,84.8,84.4,destrava,wb
1004.78,84.8,84.6,destrava,wb
1004.88,84.8,84.6,destrava,wb
1004.98,84.8,84.8,destrava,wb
1005.08,84.8,84.7,destrava,wb
1005.18,84.8,84.8,destrava,wb
1005.28,84.8,85.0,destrava,wb
1005.38,84.8,85.2,destrava,wb
1005.48,84.8,85.1,destrava,wb
1005.58,84.8,85.4,destrava,wb
1005.68,84.8,85.3,destrava,wb
1005.78,84.8,85.3,destrava,wb
1005.88,84.8,85.3,destrava,wb
1005.98,84.8,85.3,destrava,wb
1006.08,84.8,85.4,destrava,wb
1006.18,85.4,85.5,destrava,wb
1006.28,85.4,85.5,destrava,wb
1006.38,85.4,85.5,destrava,wb
1006.48,85.4,85.6,destrava,wb
1006.58,85.4,85.6,destrava,wb
1006.68,85.4,85.6,destrava,wb
1006.78,85.4,85.7,destrava,wb
1006.88,85.4,85.7,destrava,wb
1006.98,85.4,85.8,destrava,wb
1007.08,85.4,85.8,destrava,wb
1007.18,85.4,85.8,destrava,wb
1007.28,85.4,85.9,destrava,wb
1007.38,85.4,85.9,destrava,wb
1007.48,85.4,86.1,destrava,wb
1007.58,85.4,86.2,destrava,wb
1007.68,85.4,86.1,destrava,wb
1007.78,85.4,86.3,destrava,wb
1007.88,86.2,86.2,destrava,wb
1007.98,86.2,86.2,destrava,wb
1008.08,86.2,86.2,destrava,wb
1008.18,86.2,86.0,destrava,wb
1008.28,86.2,86.1,destrava,wb
1008.38,86.2,86.1,destrava,wb
1008.48,86.2,86.2,destrava,wb
1008.58,86.2,86.2,destrava,wb
1008.68,86.2,86.4,destrava,wb
1008.78,86.2,86.4,destrava,wb
1008.88,86.2,86.3,destrava,wb
1008.98,86.2,86.5,destrava,wb
1009.08,86.2,86.4,destrava,wb
1009.18,86.2,86.4,destrava,wb
1009.28,86.2,86.4,destrava,wb
1009.38,86.2,86.4,destrava,wb
1009.48,86.2,86.5,destrava,wb
1009.58,86.2,86.4,destrava,wb
1009.68,86.2,86.4,destrava,wb
1009.78,86.2,86.4,destrava,wb
1009.88,86.2,86.5,destrava,wb
1009.98,86.2,86.7,destrava,wb
1010.08,86.2,86.6,destrava,wb
1010.18,86.2,86.4,destrava,wb
1010.28,86.2,86.4,destrava,wb
1010.38,86.2,86.5,destrava,wb
1010.48,86.2,86.5,destrava,wb
1010.58,86.2,86.6,destrava,wb
1010.68,86.2,86.8,destrava,wb
1010.78,86.8,87.1,destrava,wb
1010.88,86.8,87.3,destrava,wb
1010.98,86.8,87.5,destrava,wb
1011.08,86.8,87.8,destrava,wb
1011.18,86.8,88.0,destrava,wb
1011.28,87.7,88.2,destrava,wb
1011.38,87.7,88.4,destrava,wb
1011.48,87.7,88.2,destrava,wb
1011.58,87.7,88.1,destrava,wb
1011.68,87.7,87.9,destrava,wb
1011.78,87.7,88.0,destrava,wb
1011.88,87.7,87.8,destrava,wb
1011.98,87.7,87.9,destrava,wb
1012.08,87.7,87.7,destrava,wb
1012.18,87.7,87.7,destrava,wb
1012.28,87.7,87.7,destrava,wb
1012.38,87.7,87.8,destrava,wb
1012.48,87.7,88.1,destrava,wb
1012.58,87.7,88.3,destrava,wb
1012.68,87.7,88.5,destrava,wb
1012.78,87.7,88.7,destrava,wb
1012.88,87.7,88.9,destrava,wb
1012.98,88.6,89.1,destrava,wb
1013.08,88.6,88.9,destrava,wb
1013.18,88.6,88.8,destrava,wb
1013.28,88.6,88.6,destrava,wb
1013.38,88.6,88.6,destrava,wb
1013.48,88.6,88.4,destrava,wb
1013.58,88.6,88.4,destrava,wb
1013.68,88.6,88.3,destrava,wb
1013.78,88.6,88.3,destrava,wb
1013.88,88.6,88.3,destrava,wb
1013.98,88.6,88.3,destrava,wb
1014.08,88.6,88.6,destrava,wb
1014.18,88.6,88.8,destrava,wb
1014.28,88.6,89.0,destrava,wb
1014.38,88.6,89.2,destrava,wb
1014.48,88.6,89.4,destrava,wb
1014.58,88.6,89.6,destrava,wb
1014.68,88.6,89.5,destrava,wb
1014.78,88.6,89.5,destrava,wb
1014.88,88.6,89.3,destrava,wb
1014.98,88.6,89.4,destrava,wb
1015.08,88.6,89.3,destrava,wb
1015.18,88.6,89.3,destrava,wb
1015.28,88.6,89.5,destrava,wb
1015.38,88.6,89.8,destrava,wb
1015.48,89.5,89.9,destrava,wb
1015.58,89.5,90.1,destrava,wb
1015.68,89.5,90.0,destrava,wb
1015.78,89.5,90.0,destrava,wb
1015.88,89.5,90.2,destrava,wb
1015.98,89.5,90.1,destrava,wb
1016.08,89.5,90.1,destrava,wb
1016.18,89.5,90.3,destrava,wb
1016.28,89.5,90.5,destrava,wb
1016.38,89.5,90.3,destrava,wb
1016.48,89.5,90.4,destrava,wb
1016.58,89.5,90.5,destrava,wb
1016.68,89.5,90.4,destrava,wb
1016.78,89.5,90.6,destrava,wb
1016.88,90.4,90.8,destrava,wb
1016.98,90.4,91.0,destrava,wb
1017.08,90.4,91.1,destrava,wb
1017.18,90.4,91.0,destrava,wb
1017.28,90.4,91.2,destrava,wb
1017.38,90.4,91.1,destrava,wb
1017.48,90.4,91.1,destrava,wb
1017.58,90.4,91.3,destrava,wb
1017.68,90.4,91.3,destrava,wb
1017.78,90.4,91.3,destrava,wb
1017.88,90.4,91.4,destrava,wb
1017.98,90.4,91.3,destrava,wb
1018.08,90.4,91.5,destrava,wb
1018.18,90.4,91.7,destrava,wb
1018.28,91.2,91.8,destrava,wb
1018.38,91.2,92.1,destrava,wb
1018.48,91.2,92.2,destrava,wb
1018.58,91.2,92.4,destrava,wb
1018.68,91.2,92.3,destrava,wb
1018.78,91.2,92.3,destrava,wb
1018.88,91.2,92.3,destrava,wb
1018.98,91.2,92.3,destrava,wb
1019.08,91.2,92.4,destrava,wb
1019.18,91.2,92.6,destrava,wb
1019.28,92.2,92.7,destrava,wb
1019.38,92.2,92.8,destrava,wb
1019.48,92.2,93.0,destrava,wb
1019.58,92.2,93.2,destrava,wb
1019.68,92.2,93.4,destrava,wb
1019.78,92.2,93.6,destrava,wb
1019.88,93.1,93.8,destrava,wb
1019.98,93.1,93.9,destrava,wb
1020.08,93.1,94.2,destrava,wb
1020.18,93.1,94.4,destrava,wb
1020.28,93.8,94.6,destrava,wb
1020.38,93.8,94.7,destrava,wb
1020.48,93.8,94.8,destrava,wb
1020.58,93.8,94.9,destrava,wb
1020.68,94.3,95.1,destrava,wb
1020.78,94.3,95.2,destrava,wb
1020.88,94.3,95.2,destrava,wb
1020.98,94.3,95.4,destrava,wb
1021.08,94.7,95.6,destrava,wb
1021.18,94.7,95.8,destrava,wb
1021.28,94.7,96.0,destrava,wb
1021.38,94.7,96.1,destrava,wb
1021.48,95.4,96.3,destrava,wb
1021.58,95.4,96.5,destrava,wb
1021.68,95.4,96.7,destrava,wb
1021.78,95.4,96.9,destrava,wb
1021.88,95.4,97.1,destrava,wb
1021.98,96.1,97.3,destrava,wb
1022.08,96.1,97.5,destrava,wb
1022.18,96.1,97.7,destrava,wb
1022.28,96.1,97.9,destrava,wb
1022.38,96.9,98.1,destrava,wb
1022.48,96.9,98.3,destrava,wb
1022.58,96.9,98.5,destrava,wb
1022.68,96.9,98.8,destrava,wb
1022.78,97.6,98.9,destrava,wb
1022.88,97.6,99.1,destrava,wb
1022.98,97.6,99.3,destrava,wb
1023.08,97.6,99.5,destrava,wb
1023.18,97.6,99.6,destrava,wb
1023.28,97.6,99.8,destrava,wb
1023.38,98.4,100.0,destrava,wb
1023.48,98.4,100.2,destrava,wb
1023.58,98.4,100.3,destrava,wb
1023.68,98.4,100.5,destrava,wb
1023.78,98.4,100.7,destrava,wb
1023.88,98.4,100.8,destrava,wb
1023.98,99.3,101.0,destrava,wb
1024.08,99.3,101.2,destrava,wb
1024.18,99.3,101.3,destrava,wb
1024.28,99.3,101.5,destrava,wb
1024.38,99.3,101.7,destrava,wb
1024.48,99.3,101.8,destrava,wb
1024.58,100.3,102.0,destrava,wb
1024.68,100.3,102.2,destrava,wb
1024.78,100.3,102.4,destrava,wb
1024.88,100.3,102.5,destrava,wb
1024.98,100.3,102.7,destrava,wb
1025.08,101.1,102.9,destrava,wb
1025.18,101.1,103.0,destrava,wb
1025.28,101.1,103.2,destrava,wb
1025.38,101.1,103.3,destrava,wb
1025.48,101.1,103.5,destrava,wb
1025.58,101.1,103.7,destrava,wb
1025.68,101.9,103.8,destrava,wb
1025.78,101.9,104.0,destrava,wb
1025.88,101.9,104.2,destrava,wb
1025.98,101.9,104.3,destrava,wb
1026.08,101.9,104.5,destrava,wb
1026.18,102.6,104.6,destrava,wb
1026.28,102.6,104.8,destrava,wb
1026.38,102.6,104.9,destrava,wb
1026.48,102.6,105.1,destrava,wb
1026.58,102.6,105.2,destrava,wb
1026.68,103.4,105.3,destrava,wb
1026.78,103.4,105.3,destrava,wb
1026.88,103.4,105.4,destrava,wb
1026.98,103.4,105.4,destrava,wb
1027.08,103.6,105.5,destrava,wb
1027.18,103.6,105.5,destrava,wb
1027.28,103.6,105.5,destrava,wb
1027.38,103.6,105.5,destrava,wb
1027.48,103.7,105.5,destrava,wb
1027.58,103.7,105.6,destrava,wb
1027.68,103.7,105.6,destrava,wb
1027.78,103.8,105.6,destrava,wb
1027.88,103.8,105.6,destrava,wb
1027.98,103.8,105.7,destrava,wb
1028.08,103.8,105.7,destrava,wb
1028.18,103.9,105.7,destrava,wb
1028.28,103.9,105.8,destrava,wb
1028.38,103.9,105.8,destrava,wb
1028.48,103.9,105.8,destrava,wb
1028.58,104.0,105.8,destrava,wb
1028.68,104.0,105.8,destrava,wb
1028.78,104.0,105.9,destrava,wb
1028.88,104.0,105.9,destrava,wb
1028.98,104.0,105.9,destrava,wb
1029.08,104.0,105.9,destrava,wb
1029.18,104.0,105.9,destrava,wb
1029.28,104.0,106.0,destrava,wb
1029.38,104.1,106.0,destrava,wb
1029.48,104.1,106.0,destrava,wb
1029.58,104.1,106.0,destrava,wb
1029.68,104.1,106.1,destrava,wb
1029.78,104.1,106.1,destrava,wb
1029.88,104.1,106.1,destrava,wb
1029.98,104.1,106.1,destrava,wb
1030.08,104.1,106.1,destrava,wb
1030.18,104.1,106.2,destrava,wb
1030.28,104.1,106.2,destrava,wb
1030.38,104.1,106.2,destrava,wb
1030.48,104.1,106.2,destrava,wb
1030.58,104.2,106.2,destrava,wb
1030.68,104.2,106.3,destrava,wb
1030.78,104.2,106.3,destrava,wb
1030.88,104.2,106.3,destrava,wb
1030.98,104.2,106.3,destrava,wb
1031.08,104.2,106.3,destrava,wb
1031.18,104.2,106.3,destrava,wb
1031.28,104.2,106.4,destrava,wb
1031.38,104.2,106.4,destrava,wb
1031.48,104.2,106.4,destrava,wb
1031.58,104.2,106.4,destrava,wb
1031.68,104.2,106.5,destrava,wb
1031.78,104.2,106.5,destrava,wb
1031.88,104.2,106.5,destrava,wb
1031.98,104.2,106.5,destrava,wb
1032.08,104.2,106.5,destrava,wb
1032.18,104.2,106.5,destrava,wb
1032.28,104.2,106.5,destrava,wb
1032.38,104.2,106.6,destrava,wb
1032.48,104.2,106.6,destrava,wb
1032.58,104.2,106.6,destrava,wb
1032.68,104.2,106.6,destrava,wb
1032.78,104.2,106.6,destrava,wb
1032.88,104.2,106.6,destrava,wb
1032.98,104.2,106.6,destrava,wb
1033.08,104.2,106.7,destrava,wb
1033.18,104.2,106.7,destrava,wb
1033.28,104.2,106.7,destrava,wb
1033.38,104.2,106.7,destrava,wb
1033.48,104.2,106.8,destrava,wb
1033.58,104.2,106.8,destrava,wb
1033.68,104.2,106.8,destrava,wb
1033.78,104.2,106.8,destrava,wb
1033.88,104.2,106.8,destrava,wb
1033.98,104.2,106.8,destrava,wb
1034.08,104.2,106.8,destrava,wb
1034.18,104.2,106.8,destrava,wb
1034.28,104.2,106.8,destrava,wb
1034.38,104.2,106.9,destrava,wb
1034.48,104.2,106.9,destrava,wb
1034.58,104.2,106.9,destrava,wb
1034.68,104.2,106.9,destrava,wb
1034.78,104.2,106.9,destrava,wb
1034.88,104.2,106.9,destrava,wb
1034.98,104.2,106.9,destrava,wb
1035.08,104.1,107.0,destrava,wb
1035.18,104.1,107.0,destrava,wb
1035.28,104.1,107.0,destrava,wb
1035.38,104.1,107.0,destrava,wb
1035.48,104.1,107.0,destrava,wb
1035.58,104.1,107.0,destrava,wb
1035.68,104.1,107.0,destrava,wb
1035.78,104.1,107.1,destrava,wb
1035.88,104.1,107.1,destrava,wb
1035.98,104.1,107.1,destrava,wb
1036.08,104.1,107.1,destrava,wb
1036.18,104.1,107.1,destrava,wb
1036.28,104.1,107.1,destrava,wb
1036.38,104.1,107.1,destrava,wb
1036.48,104.0,107.1,destrava,wb
1036.58,104.0,107.1,destrava,wb
1036.68,104.0,107.1,destrava,wb
1036.78,104.0,107.1,destrava,wb
1036.88,104.0,107.1,destrava,wb
1036.98,104.0,107.2,destrava,wb
1037.08,104.0,107.2,destrava,wb
1037.18,104.0,107.2,destrava,wb
1037.28,104.0,107.2,destrava,wb
1037.38,104.0,107.2,destrava,wb
1037.48,103.9,107.2,destrava,wb
1037.58,103.9,107.2,destrava,wb
1037.68,103.9,107.2,destrava,wb
1037.78,103.9,107.2,destrava,wb
1037.88,103.9,107.2,destrava,wb
1037.98,103.9,107.2,destrava,wb
1038.08,103.9,107.2,destrava,wb
1038.18,103.9,107.2,destrava,wb
1038.28,103.9,107.2,destrava,wb
1038.38,103.9,107.3,destrava,wb
1038.48,103.8,107.2,destrava,wb
1038.58,103.8,107.3,destrava,wb
1038.68,103.8,107.3,destrava,wb
1038.78,103.8,107.3,destrava,wb
1038.88,103.8,107.3,destrava,wb
1038.98,103.8,107.3,destrava,wb
1039.08,103.8,107.3,destrava,wb
1039.18,103.8,107.3,destrava,wb
1039.28,103.8,107.3,destrava,wb
1039.38,103.8,107.3,destrava,wb
1039.48,103.8,107.3,destrava,wb
1039.58,103.7,107.3,destrava,wb
1039.68,103.7,107.3,destrava,wb
1039.78,103.7,107.3,destrava,wb
1039.88,103.7,107.3,destrava,wb
1039.98,103.7,107.3,destrava,wb
1040.08,103.7,107.2,destrava,wb
1040.18,103.7,107.3,destrava,wb
1040.28,103.7,107.3,destrava,wb
1040.38,103.7,107.3,destrava,wb
1040.48,103.7,107.2,destrava,wb
1040.58,103.7,107.2,destrava,wb
1040.68,103.6,107.2,destrava,wb
1040.78,103.6,107.2,destrava,wb
1040.88,103.6,107.2,destrava,wb
1040.98,103.6,107.2,destrava,wb
1041.08,103.6,107.2,destrava,wb
1041.18,103.6,107.2,destrava,wb
1041.28,103.6,107.2,destrava,wb
1041.38,103.6,107.2,destrava,wb
1041.48,103.6,107.3,destrava,wb
1041.58,103.6,107.3,destrava,wb
1041.68,103.6,107.2,destrava,wb
1041.78,103.6,107.1,destrava,wb
1041.88,103.6,106.9,destrava,wb
1041.98,103.6,106.9,destrava,wb
1042.08,104.0,108.6,destrava,wb
1042.18,106.2,110.0,destrava,wb
1042.28,106.7,110.0,destrava,wb
1042.38,106.8,109.1,destrava,wb
1042.48,106.8,110.0,destrava,wb
1042.58,106.8,106.9,destrava,wb
1042.68,96.5,100.0,destrava,wb
1042.78,94.0,95.4,destrava,wb
1042.88,94.0,94.5,destrava,wb
1042.98,94.0,97.7,destrava,wb
1043.08,84.0,97.5,destrava,wb
1043.18,92.1,98.2,destrava,wb
1043.28,92.1,98.9,destrava,wb
1043.38,92.1,99.0,destrava,wb
1043.48,85.4,99.0,destrava,wb
1043.58,93.7,99.0,destrava,wb
1043.68,93.7,99.0,destrava,wb
1043.78,93.7,99.0,destrava,wb
1043.88,87.6,99.0,destrava,wb
1043.98,87.6,99.0,destrava,wb
1044.08,87.6,99.0,destrava,wb
1044.18,99.5,99.0,destrava,wb
1044.28,99.5,99.8,destrava,wb
1044.38,99.5,107.9,destrava,wb
1044.48,109.8,109.3,destrava,wb
1044.58,105.8,104.4,destrava,wb
1044.68,95.8,101.4,destrava,wb
1044.78,94.6,100.4,destrava,wb
1044.88,95.3,99.5,destrava,wb
1044.98,95.3,99.2,destrava,wb
1045.08,95.3,99.1,destrava,wb
1045.18,95.3,99.1,destrava,wb
1045.28,95.3,99.0,destrava,wb
1045.38,95.3,99.0,destrava,wb
1045.48,95.3,99.4,saida_eixo,wb
1045.58,95.3,99.7,saida_eixo,wb
1045.68,95.3,98.2,saida_eixo,wb
1045.78,55.6,96.5,saida_eixo,wb
1045.88,55.6,100.3,saida_eixo,wb
1045.98,99.3,95.6,saida_eixo,wb
1046.08,99.3,92.7,saida_eixo,wb
1046.18,99.3,90.3,saida_eixo,wb
1046.28,99.7,89.2,saida_eixo,wb
1046.38,86.1,89.1,saida_eixo,wb
1046.48,86.1,89.0,saida_eixo,wb
1046.58,86.1,89.0,saida_eixo,wb
1046.68,87.7,88.9,saida_eixo,wb
1046.78,94.8,89.0,saida_eixo,wb
1046.88,94.8,88.9,saida_eixo,wb
1046.98,94.8,89.0,saida_eixo,wb
1047.08,94.8,89.0,saida_eixo,wb
1047.18,97.4,89.1,saida_eixo,wb
1047.28,90.3,89.0,saida_eixo,wb
1047.38,93.5,89.1,saida_eixo,wb
1047.48,87.7,89.1,saida_eixo,wb
1047.58,91.2,89.1,saida_eixo,wb
1047.68,91.2,89.2,saida_eixo,wb
1047.78,91.2,89.2,saida_eixo,wb
1047.88,108.9,89.3,saida_eixo,wb
1047.98,88.6,89.3,saida_eixo,wb
1048.08,95.6,89.3,saida_eixo,wb
1048.18,95.6,89.3,saida_eixo,wb
1048.28,95.6,89.3,saida_eixo,wb
1048.38,86.3,89.4,saida_eixo,wb
1048.48,87.7,89.1,saida_eixo,wb
1048.58,91.7,89.3,saida_eixo,wb
1048.68,88.7,94.8,saida_eixo,wb
1048.78,96.2,95.6,saida_eixo,wb
1048.88,95.1,92.7,saida_eixo,wb
1048.98,91.8,90.3,saida_eixo,wb
1049.08,88.8,89.1,saida_eixo,wb
1049.18,89.2,88.4,saida_eixo,wb
1049.28,87.8,88.3,saida_eixo,wb
1049.38,90.8,88.7,saida_eixo,wb
1049.48,88.7,88.9,saida_eixo,wb
1049.58,89.6,88.6,saida_eixo,wb
1049.68,89.6,88.5,saida_eixo,wb
1049.78,89.6,88.6,saida_eixo,wb
1049.88,89.6,88.6,saida_eixo,wb
1049.98,89.6,88.6,saida_eixo,wb
1050.08,89.6,88.6,saida_eixo,wb
1050.18,89.6,88.6,saida_eixo,wb
1050.28,89.6,88.6,saida_eixo,wb
1050.38,89.6,88.6,saida_eixo,wb
1050.48,89.6,88.6,saida_eixo,wb
1050.58,89.6,88.6,saida_eixo,wb
1050.68,89.6,88.6,saida_eixo,wb
1050.78,89.6,88.6,saida_eixo,wb
1050.88,88.2,88.6,saida_eixo,wb
1050.98,88.2,88.6,saida_eixo,wb
1051.08,88.2,88.6,saida_eixo,wb
1051.18,88.2,88.6,saida_eixo,wb
1051.28,88.2,88.6,saida_eixo,wb
1051.38,88.2,88.6,saida_eixo,wb
1051.48,88.2,88.6,saida_eixo,wb
1051.58,88.2,88.6,saida_eixo,wb
1051.68,88.2,88.6,saida_eixo,wb
1051.78,88.2,88.6,saida_eixo,wb
1051.88,88.2,88.6,saida_eixo,wb
1051.98,88.2,88.6,saida_eixo,wb
1052.08,88.2,88.6,saida_eixo,wb
1052.18,88.2,88.6,saida_eixo,wb
1052.28,88.2,88.6,saida_eixo,wb
1052.38,88.2,88.6,saida_eixo,wb
1052.48,88.2,88.6,saida_eixo,wb
1052.58,88.2,88.6,saida_eixo,wb
1052.68,88.2,88.6,saida_eixo,wb
1052.78,88.2,88.6,saida_eixo,wb
1052.88,88.2,88.6,saida_eixo,wb
1052.98,88.7,88.6,saida_eixo,wb
1053.08,88.7,88.6,saida_eixo,wb
1053.18,88.4,88.6,saida_eixo,wb
1053.28,88.4,88.6,saida_eixo,wb
1053.38,88.4,88.6,saida_eixo,wb
1053.48,88.4,88.6,saida_eixo,wb
1053.58,88.4,88.6,saida_eixo,wb
1053.68,88.4,88.6,saida_eixo,wb
1053.78,88.4,88.6,saida_eixo,wb
1053.88,88.4,88.6,saida_eixo,wb
1053.98,88.4,88.6,saida_eixo,wb
1054.08,88.4,88.6,saida_eixo,wb
1054.18,88.4,88.6,saida_eixo,wb
1054.28,88.4,88.1,saida_eixo,wb
1054.38,87.6,86.7,saida_eixo,wb
1054.48,86.1,85.1,saida_eixo,wb
1054.58,84.3,83.4,saida_eixo,wb
1054.68,82.7,81.7,saida_eixo,wb
1054.78,80.9,79.9,saida_eixo,wb
1054.88,79.2,78.2,saida_eixo,wb
1054.98,77.4,76.5,saida_eixo,wb
1055.08,75.7,74.7,saida_eixo,wb
1055.18,74.0,73.0,saida_eixo,wb
1055.28,72.1,71.3,saida_eixo,wb
1055.38,70.5,69.5,saida_eixo,wb
1055.48,68.7,67.7,saida_eixo,wb
1055.58,66.9,66.0,saida_eixo,wb
1055.68,65.2,64.2,saida_eixo,wb
1055.78,63.3,62.5,saida_eixo,wb
1055.88,61.6,60.7,saida_eixo,wb
1055.98,59.9,59.0,saida_eixo,wb
1056.08,58.1,57.3,saida_eixo,wb
1056.18,56.3,55.4,saida_eixo,wb
1056.28,54.5,53.7,saida_eixo,wb
1056.38,52.6,51.9,saida_eixo,wb
1056.48,50.9,50.2,saida_eixo,wb
1056.58,49.0,48.5,saida_eixo,wb
1056.68,47.0,46.7,saida_eixo,wb
1056.78,45.0,44.9,saida_eixo,wb
1056.88,43.0,43.2,saida_eixo,wb
1056.98,40.9,41.5,saida_eixo,wb
1057.08,38.7,39.7,saida_eixo,wb
1057.18,36.4,38.0,saida_eixo,wb
1057.28,34.0,36.3,saida_eixo,wb
1057.38,32.7,34.5,saida_eixo,wb
1057.48,30.3,32.7,saida_eixo,wb
1057.58,27.8,31.0,saida_eixo,wb
1057.68,25.5,29.2,saida_eixo,wb
1057.78,23.3,27.6,saida_eixo,wb
1057.88,22.3,25.8,saida_eixo,wb
1057.98,23.4,24.1,saida_eixo,wb
1058.08,22.9,22.3,saida_eixo,wb
1058.18,21.9,20.5,saida_eixo,wb
1058.28,20.4,18.8,saida_eixo,wb
1058.38,18.7,17.1,saida_eixo,wb
1058.48,17.2,15.3,saida_eixo,wb
1058.58,15.3,13.6,saida_eixo,wb
1058.68,13.7,11.9,saida_eixo,wb
1058.78,11.9,10.1,saida_eixo,wb
1058.88,10.1,8.4,saida_eixo,wb
1058.98,8.5,6.7,saida_eixo,wb
1059.08,6.7,5.0,saida_eixo,wb
1059.18,5.1,3.3,saida_eixo,wb
1059.28,3.3,1.5,saida_eixo,wb
1059.38,1.6,-0.2,saida_eixo,wb
1059.48,-0.0,-1.9,saida_eixo,wb
1059.58,-2.7,-3.6,saida_eixo,wb
1059.68,-4.4,-5.4,saida_eixo,wb
1059.78,-4.4,-7.1,saida_eixo,wb
1059.88,-7.0,-8.8,saida_eixo,wb
1059.98,-8.7,-10.5,saida_eixo,wb
1060.08,-10.5,-12.2,saida_eixo,wb
1060.18,-12.2,-13.9,saida_eixo,wb
1060.28,-13.8,-15.6,saida_eixo,wb
1060.38,-15.6,-17.4,saida_eixo,wb
1060.48,-17.3,-19.1,saida_eixo,wb
1060.58,-19.0,-21.0,saida_eixo,wb
1060.68,-19.0,-22.8,saida_eixo,wb
1060.78,-22.7,-24.6,saida_eixo,wb
1060.88,-24.6,-26.3,saida_eixo,wb
1060.98,-26.3,-28.0,saida_eixo,wb
1061.08,-28.0,-29.8,saida_eixo,wb
1061.18,-29.7,-31.5,saida_eixo,wb
1061.28,-31.4,-33.2,saida_eixo,wb
1061.38,-33.1,-34.9,saida_eixo,wb
1061.48,-34.8,-36.6,saida_eixo,wb
1061.58,-36.5,-38.3,saida_eixo,wb
1061.68,-38.2,-40.0,saida_eixo,wb
1061.78,-39.9,-41.7,saida_eixo,wb
1061.88,-41.6,-43.4,saida_eixo,wb
1061.98,-43.3,-45.1,saida_eixo,wb
1062.08,-45.0,-46.8,saida_eixo,wb
1062.18,-46.7,-48.5,saida_eixo,wb
1062.28,-48.4,-50.2,saida_eixo,wb
1062.38,-50.1,-51.8,saida_eixo,wb
1062.48,-51.8,-53.5,saida_eixo,wb
1062.58,-53.5,-55.2,saida_eixo,wb
1062.68,-55.2,-56.9,saida_eixo,wb
1062.78,-56.9,-58.6,saida_eixo,wb
1062.88,-58.6,-60.3,saida_eixo,wb
1062.98,-60.3,-62.0,saida_eixo,wb
1063.08,-62.0,-63.5,saida_eixo,wb
1063.18,-63.7,-65.4,saida_eixo,wb
1063.28,-65.4,-67.1,saida_eixo,wb
1063.38,-67.0,-68.8,saida_eixo,wb
1063.48,-68.7,-70.4,saida_eixo,wb
1063.58,-70.4,-72.1,saida_eixo,wb
1063.68,-72.1,-73.8,saida_eixo,wb
1063.78,-73.8,-75.5,saida_eixo,wb
1063.88,-75.5,-77.2,saida_eixo,wb
1063.98,-77.2,-78.9,saida_eixo,wb
1064.08,-78.9,-80.6,saida_eixo,wb
1064.18,-80.5,-82.3,saida_eixo,wb
1064.28,-82.2,-83.9,saida_eixo,wb
1064.38,-83.9,-85.6,saida_eixo,wb
1064.48,-85.6,-87.3,saida_eixo,wb
1064.58,-87.3,-89.0,saida_eixo,wb
1064.68,-89.0,-90.7,saida_eixo,wb
1064.78,-90.7,-92.4,saida_eixo,wb
1064.88,-92.3,-94.0,saida_eixo,wb
1064.98,-94.0,-95.7,saida_eixo,wb
1065.08,-95.7,-97.4,saida_eixo,wb
1065.18,-97.4,-99.1,saida_eixo,wb
1065.28,-99.1,-100.8,saida_eixo,wb
1065.38,-100.8,-102.5,saida_eixo,wb
1065.48,-102.4,-102.8,saida_eixo,wb
1065.58,-102.4,-102.9,saida_eixo,wb
1065.68,-102.4,-102.9,saida_eixo,wb
1065.78,-102.4,-102.9,saida_eixo,wb
1065.88,-102.4,-102.9,saida_eixo,wb
1065.98,-102.9,-102.9,saida_eixo,wb
1066.08,-102.9,-102.9,saida_eixo,wb
1066.18,-102.9,-102.9,saida_eixo,wb
1066.28,-102.9,-102.9,saida_eixo,wb
1066.38,-102.9,-102.9,saida_eixo,wb
1066.48,-102.9,-102.9,saida_eixo,wb
1066.58,-102.9,-102.9,saida_eixo,wb
1066.68,-102.9,-102.9,saida_eixo,wb
1066.78,-102.9,-102.9,saida_eixo,wb
1066.88,-102.9,-102.9,saida_eixo,wb
1066.98,-102.9,-102.9,saida_eixo,wb
1067.08,-102.9,-102.9,saida_eixo,wb
1067.18,-102.9,-102.9,saida_eixo,wb
1067.28,-102.9,-102.9,saida_eixo,wb
1067.38,-102.9,-102.9,saida_eixo,wb
1067.48,-102.9,-102.9,saida_eixo,wb
1067.58,-102.9,-102.9,saida_eixo,wb
1067.68,-102.9,-102.9,saida_eixo,wb
1067.78,-102.9,-103.0,saida_eixo,wb
1067.88,-102.9,-103.0,saida_eixo,wb
1067.98,-102.9,-103.0,saida_eixo,wb
1068.08,-103.0,-103.0,saida_eixo,wb
1068.18,-103.0,-103.0,saida_eixo,wb
1068.28,-103.0,-103.0,saida_eixo,wb
1068.38,-103.0,-102.9,saida_eixo,wb
1068.48,-103.0,-102.9,saida_eixo,wb
1068.58,-103.0,-102.9,saida_eixo,wb
1068.68,-103.0,-102.9,saida_eixo,wb
1068.78,-103.0,-102.9,saida_eixo,wb
1068.88,-103.0,-102.9,saida_eixo,wb
1068.98,-103.0,-102.9,saida_eixo,wb
1069.08,-103.0,-102.9,saida_eixo,wb
1069.18,-103.0,-102.9,saida_eixo,wb
1069.28,-103.0,-102.9,saida_eixo,wb
1069.38,-103.0,-102.9,saida_eixo,wb
1069.48,-103.0,-102.9,saida_eixo,wb
1069.58,-103.0,-102.9,saida_eixo,wb
1069.68,-103.0,-102.9,saida_eixo,wb
1069.78,-103.0,-102.9,saida_eixo,wb
1069.88,-103.0,-102.9,saida_eixo,wb
1069.98,-103.0,-102.9,saida_eixo,wb
1070.08,-103.0,-102.9,saida_eixo,wb
1070.18,-103.0,-102.9,saida_eixo,wb
1070.28,-103.0,-102.9,saida_eixo,wb
1070.38,-103.0,-102.9,saida_eixo,wb
1070.48,-103.0,-102.9,saida_eixo,wb
1070.58,-103.0,-103.0,saida_eixo,wb
1070.68,-103.1,-103.0,saida_eixo,wb
1070.78,-103.1,-102.9,saida_eixo,wb
1070.88,-103.0,-102.9,saida_eixo,wb
1070.98,-103.0,-102.9,saida_eixo,wb
1071.08,-103.0,-102.9,saida_eixo,wb
1071.18,-103.0,-103.0,saida_eixo,wb
1071.28,-103.0,-103.0,saida_eixo,wb
1071.38,-103.0,-102.9,saida_eixo,wb
1071.48,-103.0,-102.9,saida_eixo,wb
1071.58,-102.9,-102.9,saida_eixo,wb
1071.68,-102.9,-102.9,saida_eixo,wb
1071.78,-102.9,-102.9,saida_eixo,wb
1071.88,-102.9,-102.9,saida_eixo,wb
1071.98,-102.9,-102.9,saida_eixo,wb
1072.08,-102.9,-102.9,saida_eixo,wb
1072.18,-102.9,-102.9,saida_eixo,wb
1072.28,-102.9,-102.9,saida_eixo,wb
1072.38,-102.9,-102.9,saida_eixo,wb
1072.48,-103.0,-102.9,saida_eixo,wb
1072.58,-102.9,-102.9,saida_eixo,wb
1072.68,-102.9,-102.9,saida_eixo,wb
1072.78,-102.9,-103.0,saida_eixo,wb
1072.88,-102.9,-103.0,saida_eixo,wb
1072.98,-103.0,-103.0,saida_eixo,wb
1073.08,-103.0,-103.0,saida_eixo,wb
1073.18,-103.0,-103.0,saida_eixo,wb
1073.28,-103.0,-103.0,saida_eixo,wb
1073.38,-103.0,-103.0,saida_eixo,wb
1073.48,-102.9,-102.9,saida_eixo,wb
1073.58,-102.9,-102.9,saida_eixo,wb
1073.68,-102.9,-102.9,saida_eixo,wb
1073.78,-102.9,-102.9,saida_eixo,wb
1073.88,-102.9,-102.9,saida_eixo,wb
1073.98,-102.9,-102.9,saida_eixo,wb
1074.08,-102.9,-102.9,saida_eixo,wb
1074.18,-102.9,-102.9,saida_eixo,wb
1074.28,-102.9,-102.9,saida_eixo,wb
1074.38,-102.9,-102.9,saida_eixo,wb
1074.48,-103.0,-102.9,saida_eixo,wb
1074.58,-102.9,-102.9,saida_eixo,wb
1074.68,-102.9,-102.9,saida_eixo,wb
1074.78,-102.9,-102.9,saida_eixo,wb
1074.88,-102.9,-102.9,saida_eixo,wb
1074.98,-103.0,-102.9,saida_eixo,wb
1075.08,-103.0,-102.9,saida_eixo,wb
1075.18,-103.0,-102.9,saida_eixo,wb
1075.28,-103.0,-102.9,saida_eixo,wb
1075.38,-103.0,-102.9,saida_eixo,wb
1075.48,-103.0,-102.9,saida_eixo,wb
1075.58,-103.0,-102.9,saida_eixo,wb
1075.68,-103.0,-103.0,saida_eixo,wb
1075.78,-103.0,-103.0,saida_eixo,wb
1075.88,-103.0,-103.0,saida_eixo,wb
1075.98,-103.0,-102.9,saida_eixo,wb
1076.08,-103.0,-102.9,saida_eixo,wb
1076.18,-103.0,-102.9,saida_eixo,wb
1076.28,-103.0,-103.0,saida_eixo,wb
1076.38,-103.0,-103.0,saida_eixo,wb
1076.48,-103.0,-103.0,saida_eixo,wb
1076.58,-103.0,-102.9,saida_eixo,wb
1076.68,-103.0,-102.9,saida_eixo,wb
1076.78,-103.0,-102.9,saida_eixo,wb
1076.88,-102.9,-102.9,saida_eixo,wb
1076.98,-102.9,-102.9,saida_eixo,wb
1077.08,-102.9,-102.9,saida_eixo,wb
1077.18,-102.9,-102.9,saida_eixo,wb
1077.28,-102.9,-102.9,saida_eixo,wb
1077.38,-102.9,-102.9,saida_eixo,wb
1077.48,-102.9,-102.9,saida_eixo,wb
1077.58,-102.9,-103.0,saida_eixo,wb
1077.68,-103.0,-102.9,saida_eixo,wb
1077.78,-103.0,-103.0,saida_eixo,wb
1077.88,-103.0,-103.0,saida_eixo,wb
1077.98,-103.0,-103.0,saida_eixo,wb
1078.08,-103.0,-103.0,saida_eixo,wb
1078.18,-103.0,-103.0,saida_eixo,wb
1078.28,-103.0,-103.0,saida_eixo,wb
1078.38,-103.0,-103.0,saida_eixo,wb
1078.48,-102.9,-102.9,saida_eixo,wb
1078.58,-102.9,-102.9,saida_eixo,wb
1078.68,-103.0,-102.9,saida_eixo,wb
1078.78,-103.0,-102.9,saida_eixo,wb
1078.88,-103.0,-102.9,saida_eixo,wb
1078.98,-102.9,-102.9,saida_eixo,wb
1079.08,-102.9,-102.9,saida_eixo,wb
1079.18,-103.0,-102.9,saida_eixo,wb
1079.28,-102.9,-102.9,saida_eixo,wb
1079.38,-102.9,-102.9,saida_eixo,wb
1079.48,-102.9,-102.9,saida_eixo,wb
1079.58,-102.9,-102.9,saida_eixo,wb
1079.68,-103.0,-102.9,saida_eixo,wb
1079.78,-103.0,-102.9,saida_eixo,wb
1079.88,-103.0,-102.9,saida_eixo,wb
1079.98,-103.0,-102.9,saida_eixo,wb
1080.08,-103.0,-102.9,saida_eixo,wb
1080.18,-103.0,-102.9,saida_eixo,wb
1080.28,-103.0,-102.9,saida_eixo,wb
1080.38,-103.0,-102.9,saida_eixo,wb
1080.48,-103.0,-102.9,saida_eixo,wb
1080.58,-103.0,-102.9,saida_eixo,wb
1080.68,-103.0,-102.9,saida_eixo,wb
1080.78,-103.0,-102.9,saida_eixo,wb
1080.88,-103.0,-102.9,saida_eixo,wb
1080.98,-103.0,-103.0,saida_eixo,wb
1081.08,-103.1,-103.0,saida_eixo,wb
1081.18,-103.1,-102.9,saida_eixo,wb
1081.28,-103.0,-102.9,saida_eixo,wb
1081.38,-103.0,-102.9,saida_eixo,wb
1081.48,-103.0,-102.9,saida_eixo,wb
1081.58,-103.0,-102.9,saida_eixo,wb
1081.68,-102.9,-102.9,saida_eixo,wb
1081.78,-102.9,-102.9,saida_eixo,wb
1081.88,-102.9,-102.9,saida_eixo,wb
1081.98,-102.9,-103.0,saida_eixo,wb
1082.08,-103.3,-103.0,saida_eixo,wb
1082.18,-102.7,-103.0,saida_eixo,wb
1082.28,-103.1,-103.0,saida_eixo,wb
1082.38,-103.5,-103.0,saida_eixo,wb
1082.48,-102.9,-103.0,saida_eixo,wb
1082.58,-102.9,-103.0,saida_eixo,wb
1082.68,-102.6,-102.9,saida_eixo,wb
1082.78,-103.0,-102.9,saida_eixo,wb
1082.88,-103.0,-102.9,saida_eixo,wb
1082.98,-103.0,-102.9,saida_eixo,wb
1083.08,-103.0,-102.9,saida_eixo,wb
1083.18,-103.5,-102.9,saida_eixo,wb
1083.28,-103.5,-102.9,saida_eixo,wb
1083.38,-102.6,-102.9,saida_eixo,wb
1083.48,-102.6,-102.9,saida_eixo,wb
1083.58,-103.3,-102.9,saida_eixo,wb
1083.68,-102.7,-102.9,saida_eixo,wb
1083.78,-102.7,-102.9,saida_eixo,wb
1083.88,-103.4,-102.9,saida_eixo,wb
1083.98,-103.0,-103.0,saida_eixo,wb
1084.08,-103.0,-103.0,saida_eixo,wb
1084.18,-102.7,-103.0,saida_eixo,wb
1084.28,-102.7,-103.0,saida_eixo,wb
1084.38,-103.5,-103.0,saida_eixo,wb
1084.48,-103.0,-103.0,saida_eixo,wb
1084.58,-103.0,-102.9,saida_eixo,wb
1084.68,-102.7,-102.9,saida_eixo,wb
1084.78,-102.7,-102.9,saida_eixo,wb
1084.88,-103.5,-102.9,saida_eixo,wb
1084.98,-103.0,-102.9,saida_eixo,wb
1085.08,-103.0,-102.9,saida_eixo,wb
1085.18,-102.7,-102.9,saida_eixo,wb
1085.28,-102.7,-102.9,saida_eixo,wb
1085.38,-103.4,-102.9,saida_eixo,wb
1085.48,-102.9,-102.9,saida_eixo,wb
1085.58,-102.9,-102.9,saida_eixo,wb
1085.68,-102.7,-102.9,saida_eixo,wb
1085.78,-102.7,-103.0,saida_eixo,wb
1085.88,-103.4,-103.0,saida_eixo,wb
1085.98,-102.9,-103.0,saida_eixo,wb
1086.08,-102.9,-103.0,saida_eixo,wb
1086.18,-102.6,-103.0,saida_eixo,wb
1086.28,-102.6,-103.0,saida_eixo,wb
1086.38,-103.4,-102.9,saida_eixo,wb
1086.48,-102.9,-102.9,saida_eixo,wb
1086.58,-102.9,-102.9,saida_eixo,wb
1086.68,-102.6,-102.9,saida_eixo,wb
1086.78,-102.6,-102.9,saida_eixo,wb
1086.88,-103.3,-102.9,saida_eixo,wb
1086.98,-102.7,-102.9,saida_eixo,wb
1087.08,-102.7,-102.9,saida_eixo,wb
1087.18,-103.5,-102.9,saida_eixo,wb
1087.28,-102.9,-102.9,saida_eixo,wb
1087.38,-102.9,-102.9,saida_eixo,wb
1087.48,-102.7,-103.0,saida_eixo,wb
1087.58,-102.7,-103.0,saida_eixo,wb
1087.68,-103.3,-103.0,saida_eixo,wb
1087.78,-102.8,-103.0,saida_eixo,wb
1087.88,-102.8,-103.0,saida_eixo,wb
1087.98,-103.5,-103.0,saida_eixo,wb
1088.08,-103.0,-103.0,saida_eixo,wb
1088.18,-103.0,-102.9,saida_eixo,wb
1088.28,-102.6,-102.9,saida_eixo,wb
1088.38,-102.6,-102.9,saida_eixo,wb
1088.48,-103.4,-102.9,saida_eixo,wb
1088.58,-102.9,-102.9,saida_eixo,wb
1088.68,-102.9,-102.9,saida_eixo,wb
1088.78,-103.5,-102.9,saida_eixo,wb
1088.88,-103.0,-102.9,saida_eixo,wb
1088.98,-103.0,-102.9,saida_eixo,wb
1089.08,-102.7,-102.9,saida_eixo,wb
1089.18,-102.7,-102.9,saida_eixo,wb
1089.28,-103.4,-103.0,saida_eixo,wb
1089.38,-102.9,-103.0,saida_eixo,wb
1089.48,-102.9,-103.0,saida_eixo,wb
1089.58,-102.7,-103.0,saida_eixo,wb
1089.68,-102.7,-103.0,saida_eixo,wb
1089.78,-103.5,-103.0,saida_eixo,wb
1089.88,-102.9,-102.9,saida_eixo,wb
1089.98,-102.9,-102.9,saida_eixo,wb
1090.08,-102.7,-102.9,saida_eixo,wb
1090.18,-102.7,-102.9,saida_eixo,wb
1090.28,-102.8,-102.8,saida_eixo,wb
1090.38,-102.9,-102.9,saida_eixo,wb
1090.48,-102.9,-102.9,saida_eixo,wb
1090.58,-103.0,-102.9,saida_eixo,wb
1090.68,-103.0,-102.9,saida_eixo,wb
1090.78,-103.0,-102.9,saida_eixo,wb
1090.88,-103.0,-102.9,saida_eixo,wb
1090.98,-103.0,-102.9,saida_eixo,wb
1091.08,-103.0,-102.9,saida_eixo,wb
1091.18,-103.0,-102.9,saida_eixo,wb
1091.28,-103.0,-102.9,saida_eixo,wb
1091.38,-103.0,-102.9,saida_eixo,wb
1091.48,-103.0,-102.9,saida_eixo,wb
1091.58,-103.0,-102.9,saida_eixo,wb
1091.68,-103.0,-102.9,saida_eixo,wb
1091.78,-103.0,-102.9,saida_eixo,wb
1091.88,-103.0,-102.9,saida_eixo,wb
1091.98,-103.0,-102.9,saida_eixo,wb
1092.08,-103.0,-102.9,saida_eixo,wb
1092.18,-103.0,-102.9,saida_eixo,wb
1092.28,-103.0,-102.9,saida_eixo,wb
1092.38,-103.0,-102.9,saida_eixo,wb
1092.48,-103.0,-102.9,saida_eixo,wb
1092.58,-103.0,-102.9,saida_eixo,wb
1092.68,-103.0,-102.9,saida_eixo,wb
1092.78,-103.0,-102.9,saida_eixo,wb
1092.88,-103.0,-102.9,saida_eixo,wb
1092.98,-103.0,-102.9,saida_eixo,wb
1093.08,-103.0,-102.9,saida_eixo,wb
1093.18,-103.0,-102.9,saida_eixo,wb
1093.28,-103.0,-102.9,saida_eixo,wb
1093.38,-103.0,-102.9,saida_eixo,wb
1093.48,-103.0,-102.9,saida_eixo,wb
1093.58,-103.0,-102.9,saida_eixo,wb
1093.68,-103.0,-103.0,saida_eixo,wb
1093.78,-103.0,-102.9,saida_eixo,wb
1093.88,-103.0,-102.9,saida_eixo,wb
1093.98,-103.0,-102.9,saida_eixo,wb
1094.08,-103.0,-102.9,saida_eixo,wb
1094.18,-103.0,-103.0,saida_eixo,wb
1094.28,-103.0,-103.0,saida_eixo,wb
1094.38,-103.0,-103.0,saida_eixo,wb
1094.48,-103.0,-102.9,saida_eixo,wb
1094.58,-103.0,-102.9,saida_eixo,wb
1094.68,-103.0,-102.9,saida_eixo,wb
1094.78,-102.9,-102.9,saida_eixo,wb
1094.88,-102.9,-102.9,saida_eixo,wb
1094.98,-102.9,-102.9,saida_eixo,wb
1095.08,-102.9,-102.9,saida_eixo,wb
1095.18,-102.9,-102.9,saida_eixo,wb
1095.28,-102.9,-102.9,saida_eixo,wb
1095.38,-102.9,-102.9,saida_eixo,wb
1095.48,-102.9,-103.0,saida_eixo,wb
1095.58,-102.9,-103.0,saida_eixo,wb
1095.68,-102.9,-102.9,saida_eixo,wb
1095.78,-102.9,-103.0,saida_eixo,wb
1095.88,-102.9,-102.9,saida_eixo,wb
1095.98,-102.9,-102.9,saida_eixo,wb
1096.08,-102.9,-102.9,saida_eixo,wb
1096.18,-103.0,-102.9,saida_eixo,wb
1096.28,-103.0,-102.9,saida_eixo,wb
1096.38,-103.0,-102.9,saida_eixo,wb
1096.48,-103.0,-102.9,saida_eixo,wb
1096.58,-103.0,-102.9,saida_eixo,wb
1096.68,-103.0,-102.9,saida_eixo,wb
1096.78,-103.0,-102.9,saida_eixo,wb
1096.88,-103.0,-102.9,saida_eixo,wb
1096.98,-102.9,-102.9,saida_eixo,wb
1097.08,-102.9,-102.9,saida_eixo,wb
1097.18,-103.0,-102.9,saida_eixo,wb
1097.28,-102.9,-102.9,saida_eixo,wb
1097.38,-102.9,-102.9,saida_eixo,wb
1097.48,-102.9,-102.9,saida_eixo,wb
1097.58,-102.9,-102.9,saida_eixo,wb
1097.68,-102.9,-102.9,saida_eixo,wb
1097.78,-102.9,-102.9,saida_eixo,wb
1097.88,-102.9,-102.9,saida_eixo,wb
1097.98,-102.9,-102.9,saida_eixo,wb
1098.08,-102.9,-102.9,saida_eixo,wb
1098.18,-102.9,-102.9,saida_eixo,wb
1098.28,-102.9,-102.9,saida_eixo,wb
1098.38,-102.9,-102.9,saida_eixo,wb
1098.48,-102.9,-102.9,saida_eixo,wb
1098.58,-102.9,-102.9,saida_eixo,wb
1098.68,-102.9,-102.9,saida_eixo,wb
1098.78,-102.9,-102.9,saida_eixo,wb
1098.88,-102.9,-102.9,saida_eixo,wb
1098.98,-102.9,-102.9,saida_eixo,wb
1099.08,-102.9,-102.9,saida_eixo,wb
1099.18,-102.9,-102.9,saida_eixo,wb
1099.28,-102.9,-102.9,saida_eixo,wb
1099.38,-102.9,-102.9,saida_eixo,wb
1099.48,-102.9,-102.9,saida_eixo,wb
1099.58,-102.9,-102.9,saida_eixo,wb
1099.68,-102.9,-102.9,saida_eixo,wb
1099.78,-102.9,-102.9,saida_eixo,wb
1099.88,-102.9,-102.9,saida_eixo,wb
1099.98,-102.9,-102.9,saida_eixo,wb
1100.08,-102.9,-102.9,saida_eixo,wb
1100.18,-102.9,-102.9,saida_eixo,wb
1100.28,-102.9,-102.9,saida_eixo,wb
1100.38,-102.9,-102.9,saida_eixo,wb
1100.48,-102.9,-102.9,saida_eixo,wb
1100.58,-102.9,-102.9,saida_eixo,wb
1100.68,-102.9,-102.9,saida_eixo,wb
1100.78,-102.9,-102.9,saida_eixo,wb
1100.88,-102.9,-102.9,saida_eixo,wb
1100.98,-102.9,-102.9,saida_eixo,wb
1101.08,-102.9,-102.9,saida_eixo,wb
1101.18,-102.9,-102.9,saida_eixo,wb
1101.28,-102.9,-102.9,saida_eixo,wb
1101.38,-102.9,-102.9,saida_eixo,wb
1101.48,-102.9,-102.9,saida_eixo,wb
1101.58,-102.9,-102.9,saida_eixo,wb
1101.68,-102.9,-102.9,saida_eixo,wb
1101.78,-102.9,-102.9,saida_eixo,wb
1101.88,-102.9,-102.9,saida_eixo,wb
1101.98,-102.9,-102.9,saida_eixo,wb
1102.08,-102.9,-102.9,saida_eixo,wb
1102.18,-102.9,-102.9,saida_eixo,wb
1102.28,-102.9,-102.9,saida_eixo,wb
1102.38,-102.9,-102.9,saida_eixo,wb
1102.48,-102.9,-102.9,saida_eixo,wb
1102.58,-102.9,-102.9,saida_eixo,wb
1102.68,-102.9,-102.9,saida_eixo,wb
1102.78,-102.9,-102.9,saida_eixo,wb
1102.88,-102.9,-102.9,saida_eixo,wb
1102.98,-102.9,-102.9,saida_eixo,wb
1103.08,-102.9,-102.9,saida_eixo,wb
1103.18,-102.9,-102.9,saida_eixo,wb
1103.28,-102.9,-102.9,saida_eixo,wb
1103.38,-102.9,-102.9,saida_eixo,wb
1103.48,-102.9,-102.9,saida_eixo,wb
1103.58,-102.9,-102.9,saida_eixo,wb
1103.68,-102.9,-102.9,saida_eixo,wb
1103.78,-102.9,-102.9,saida_eixo,wb
1103.88,-102.9,-102.9,saida_eixo,wb
1103.98,-102.9,-102.9,saida_eixo,wb
1104.08,-102.9,-102.9,saida_eixo,wb
1104.18,-102.9,-102.9,saida_eixo,wb
1104.28,-102.9,-102.9,saida_eixo,wb
1104.38,-102.9,-102.9,saida_eixo,wb
1104.48,-102.9,-102.9,saida_eixo,wb
1104.58,-102.9,-102.9,saida_eixo,wb
1104.68,-102.9,-102.9,saida_eixo,wb
1104.78,-102.9,-102.9,saida_eixo,wb
1104.88,-102.9,-102.9,saida_eixo,wb
1104.98,-102.9,-102.9,saida_eixo,wb
1105.08,-102.9,-102.9,saida_eixo,wb
1105.18,-102.9,-102.9,saida_eixo,wb
1105.28,-102.9,-102.9,saida_eixo,wb
1105.38,-102.9,-102.9,saida_eixo,wb
1105.48,-102.9,-102.9,saida_eixo,wb
1105.58,-102.9,-102.9,saida_eixo,wb
1105.68,-102.9,-102.9,saida_eixo,wb
1105.78,-102.9,-102.9,saida_eixo,wb
1105.88,-102.9,-102.9,saida_eixo,wb
1105.98,-102.9,-102.9,saida_eixo,wb
1106.08,-102.9,-102.9,saida_eixo,wb
1106.18,-102.9,-102.9,saida_eixo,wb
1106.28,-102.9,-102.9,saida_eixo,wb
1106.38,-102.9,-102.9,saida_eixo,wb
1106.48,-102.9,-102.9,saida_eixo,wb
1106.58,-102.9,-102.9,saida_eixo,wb
1106.68,-102.9,-102.9,saida_eixo,wb
1106.78,-102.9,-102.9,saida_eixo,wb
1106.88,-102.9,-102.9,saida_eixo,wb
1106.98,-102.9,-102.9,saida_eixo,wb
1107.08,-102.9,-102.9,saida_eixo,wb
1107.18,-102.9,-102.9,saida_eixo,wb
1107.28,-102.9,-103.0,saida_eixo,wb
1107.38,-102.9,-103.0,saida_eixo,wb
1107.48,-102.9,-103.0,saida_eixo,wb
1107.58,-102.9,-103.0,saida_eixo,wb
1107.68,-102.9,-103.0,saida_eixo,wb
1107.78,-102.9,-103.0,saida_eixo,wb
1107.88,-102.9,-103.0,saida_eixo,wb
1107.98,-102.9,-103.0,saida_eixo,wb
1108.08,-102.9,-103.0,saida_eixo,wb
1108.18,-102.9,-103.0,saida_eixo,wb
1108.28,-102.9,-103.0,saida_eixo,wb
1108.38,-102.9,-103.0,saida_eixo,wb
1108.48,-102.9,-103.0,saida_eixo,wb
1108.58,-102.9,-103.0,saida_eixo,wb
1108.68,-102.9,-103.0,saida_eixo,wb
1108.78,-102.9,-103.0,saida_eixo,wb
1108.88,-102.9,-103.0,saida_eixo,wb
1108.98,-102.9,-103.0,saida_eixo,wb
1109.08,-102.9,-103.0,saida_eixo,wb
1109.18,-102.9,-103.0,saida_eixo,wb
1109.28,-102.9,-103.0,saida_eixo,wb
1109.38,-102.9,-103.0,saida_eixo,wb
1109.48,-102.9,-103.0,saida_eixo,wb
1109.58,-102.9,-103.0,saida_eixo,wb
1109.68,-102.9,-103.0,saida_eixo,wb
1109.78,-102.9,-103.0,saida_eixo,wb
1109.88,-102.9,-103.0,saida_eixo,wb
1109.98,-102.9,-103.0,saida_eixo,wb
1110.08,-102.9,-103.0,saida_eixo,wb
1110.18,-102.9,-103.0,saida_eixo,wb
1110.28,-102.9,-103.0,saida_eixo,wb
1110.38,-102.9,-103.0,saida_eixo,wb
1110.48,-102.9,-103.0,saida_eixo,wb
1110.58,-102.9,-103.0,saida_eixo,wb
1110.68,-102.9,-103.0,saida_eixo,wb
1110.78,-102.9,-103.0,saida_eixo,wb
1110.88,-102.9,-103.0,saida_eixo,wb
1110.98,-102.9,-103.0,saida_eixo,wb
1111.08,-102.9,-103.0,saida_eixo,wb
1111.18,-102.9,-103.0,saida_eixo,wb
1111.28,-102.9,-103.0,saida_eixo,wb
1111.38,-102.9,-103.0,saida_eixo,wb
1111.48,-102.9,-103.0,saida_eixo,wb
1111.58,-102.9,-103.0,saida_eixo,wb
1111.68,-102.9,-103.0,saida_eixo,wb
1111.78,-102.9,-103.0,saida_eixo,wb
1111.88,-102.9,-103.0,saida_eixo,wb
1111.98,-102.9,-103.0,saida_eixo,wb
1112.08,-102.9,-103.0,saida_eixo,wb
1112.18,-102.9,-103.0,saida_eixo,wb
1112.28,-102.9,-103.0,saida_eixo,wb
1112.38,-102.9,-103.0,saida_eixo,wb
1112.48,-102.9,-103.0,saida_eixo,wb
1112.58,-102.9,-103.0,saida_eixo,wb
1112.68,-102.9,-103.0,saida_eixo,wb
1112.78,-102.9,-103.0,saida_eixo,wb
1112.88,-102.9,-103.0,saida_eixo,wb
1112.98,-102.9,-103.0,saida_eixo,wb
1113.08,-102.9,-103.0,saida_eixo,wb
1113.18,-102.9,-103.0,saida_eixo,wb
1113.28,-102.9,-103.0,saida_eixo,wb
1113.38,-102.9,-103.0,saida_eixo,wb
1113.48,-102.9,-103.0,saida_eixo,wb
1113.58,-102.9,-103.0,saida_eixo,wb
1113.68,-102.9,-103.0,saida_eixo,wb
1113.78,-102.9,-103.0,saida_eixo,wb
1113.88,-102.9,-103.0,saida_eixo,wb
1113.98,-102.9,-103.0,saida_eixo,wb
1114.08,-102.9,-103.0,saida_eixo,wb
1114.18,-102.9,-103.0,saida_eixo,wb
1114.28,-102.9,-103.0,saida_eixo,wb
1114.38,-102.9,-103.0,saida_eixo,wb
1114.48,-102.9,-103.0,saida_eixo,wb
1114.58,-102.9,-103.0,saida_eixo,wb
1114.68,-102.9,-103.0,saida_eixo,wb
1114.78,-102.9,-103.0,saida_eixo,wb
1114.88,-102.9,-103.0,saida_eixo,wb
1114.98,-102.9,-103.0,saida_eixo,wb
1115.08,-102.9,-103.0,saida_eixo,wb
1115.18,-102.9,-103.0,saida_eixo,wb
1115.28,-102.9,-103.0,saida_eixo,wb
1115.38,-102.9,-103.0,saida_eixo,wb
1115.48,-102.9,-103.0,saida_eixo,wb
1115.58,-102.9,-103.0,saida_eixo,wb
1115.68,-102.9,-103.0,saida_eixo,wb
1115.78,-102.9,-103.0,saida_eixo,wb
1115.88,-102.9,-103.0,saida_eixo,wb
1115.98,-102.9,-103.0,saida_eixo,wb
1116.08,-102.9,-103.0,saida_eixo,wb
1116.18,-102.9,-103.0,saida_eixo,wb
1116.28,-102.9,-103.0,saida_eixo,wb
1116.38,-102.9,-103.0,saida_eixo,wb
1116.48,-102.9,-103.0,saida_eixo,wb
1116.58,-102.9,-103.0,saida_eixo,wb
1116.68,-102.9,-103.0,saida_eixo,wb
1116.78,-102.9,-103.0,saida_eixo,wb
1116.88,-102.9,-103.0,saida_eixo,wb
1116.98,-102.9,-103.0,saida_eixo,wb
1117.08,-102.9,-103.0,saida_eixo,wb
1117.18,-102.9,-103.0,saida_eixo,wb
1117.28,-102.9,-103.0,saida_eixo,wb
1117.38,-102.9,-103.0,saida_eixo,wb
1117.48,-102.9,-103.0,saida_eixo,wb
1117.58,-102.9,-103.0,saida_eixo,wb
1117.68,-102.9,-103.0,saida_eixo,wb
1117.78,-102.9,-103.0,saida_eixo,wb
1117.88,-102.9,-103.0,saida_eixo,wb
1117.98,-102.9,-103.0,saida_eixo,wb
1118.08,-102.9,-103.0,saida_eixo,wb
1118.18,-102.9,-103.0,saida_eixo,wb
1118.28,-102.9,-103.0,saida_eixo,wb
1118.38,-102.9,-103.0,saida_eixo,wb
1118.48,-102.9,-103.0,saida_eixo,wb
1118.58,-102.9,-103.0,saida_eixo,wb
1118.68,-102.9,-103.0,saida_eixo,wb
1118.78,-102.9,-103.0,saida_eixo,wb
1118.88,-102.9,-103.0,saida_eixo,wb
1118.98,-102.9,-103.0,saida_eixo,wb
1119.08,-102.9,-103.0,saida_eixo,wb
1119.18,-102.9,-103.0,saida_eixo,wb
1119.28,-102.9,-103.0,saida_eixo,wb
1119.38,-102.9,-103.0,saida_eixo,wb
1119.48,-102.9,-103.0,saida_eixo,wb
1119.58,-102.9,-103.0,saida_eixo,wb
1119.68,-102.9,-103.0,saida_eixo,wb
1119.78,-102.9,-103.0,saida_eixo,wb
1119.88,-102.9,-103.0,saida_eixo,wb
1119.98,-102.9,-103.0,saida_eixo,wb
1120.08,-102.9,-103.0,saida_eixo,wb
1120.18,-102.9,-103.0,saida_eixo,wb
1120.28,-102.9,-103.0,saida_eixo,wb
1120.38,-102.9,-103.0,saida_eixo,wb
1120.48,-102.9,-103.0,saida_eixo,wb
1120.58,-102.9,-103.0,saida_eixo,wb
1120.68,-102.9,-103.0,saida_eixo,wb
1120.78,-102.9,-103.0,saida_eixo,wb
1120.88,-102.9,-103.0,saida_eixo,wb
1120.98,-102.9,-103.0,saida_eixo,wb
1121.08,-102.9,-103.0,saida_eixo,wb
1121.18,-102.9,-103.0,saida_eixo,wb
1121.28,-102.9,-103.0,saida_eixo,wb
1121.38,-102.9,-103.0,saida_eixo,wb
1121.48,-102.9,-103.0,saida_eixo,wb
1121.58,-102.9,-103.0,saida_eixo,wb
1121.68,-102.9,-103.0,saida_eixo,wb
1121.78,-102.9,-103.0,saida_eixo,wb
1121.88,-102.9,-103.0,saida_eixo,wb
1121.98,-102.9,-103.0,saida_eixo,wb
1122.08,-102.9,-103.0,saida_eixo,wb
1122.18,-102.9,-103.0,saida_eixo,wb
1122.28,-102.9,-103.0,saida_eixo,wb
1122.38,-102.9,-103.0,saida_eixo,wb
1122.48,-102.9,-103.0,saida_eixo,wb
1122.58,-102.9,-103.0,saida_eixo,wb
1122.68,-102.9,-103.0,saida_eixo,wb
1122.78,-102.9,-103.0,saida_eixo,wb
1122.88,-102.9,-103.0,saida_eixo,wb
1122.98,-102.9,-103.0,saida_eixo,wb
1123.08,-102.9,-103.0,saida_eixo,wb
1123.18,-102.9,-103.0,saida_eixo,wb
1123.28,-102.9,-103.0,saida_eixo,wb
1123.38,-102.9,-103.0,saida_eixo,wb
1123.48,-102.9,-103.0,saida_eixo,wb
1123.58,-102.9,-103.0,saida_eixo,wb
1123.68,-102.9,-103.0,saida_eixo,wb
1123.78,-102.9,-103.0,saida_eixo,wb
1123.88,-102.9,-103.0,saida_eixo,wb
1123.98,-102.9,-103.0,saida_eixo,wb
1124.08,-102.9,-103.0,saida_eixo,wb
1124.18,-102.9,-103.0,saida_eixo,wb
1124.28,-102.9,-103.0,saida_eixo,wb
1124.38,-102.9,-103.0,saida_eixo,wb
1124.48,-102.9,-103.0,saida_eixo,wb
1124.58,-102.9,-103.0,saida_eixo,wb
1124.68,-102.9,-103.0,saida_eixo,wb
1124.78,-102.9,-103.0,saida_eixo,wb
1124.88,-102.9,-103.0,saida_eixo,wb
1124.98,-102.9,-103.0,saida_eixo,wb
1125.08,-102.9,-103.0,saida_eixo,wb
1125.18,-102.9,-103.0,saida_eixo,wb
1125.28,-102.9,-103.0,saida_eixo,wb
1125.38,-102.9,-103.0,saida_eixo,wb
1125.48,-102.9,-103.0,saida_eixo,wb
1125.58,-102.9,-103.0,saida_eixo,wb
1125.68,-102.9,-103.0,saida_eixo,wb
1125.78,-102.9,-103.0,saida_eixo,wb
1125.88,-102.9,-103.0,saida_eixo,wb
1125.98,-102.9,-103.0,saida_eixo,wb
1126.08,-102.9,-103.0,saida_eixo,wb
1126.18,-102.9,-103.0,saida_eixo,wb
1126.28,-102.9,-103.0,saida_eixo,wb
1126.38,-102.9,-103.0,saida_eixo,wb
1126.48,-102.9,-103.0,saida_eixo,wb
1126.58,-102.9,-103.0,saida_eixo,wb
1126.68,-102.9,-103.0,saida_eixo,wb
1126.78,-102.9,-103.0,saida_eixo,wb
1126.88,-102.9,-103.0,saida_eixo,wb
1126.98,-102.9,-103.0,saida_eixo,wb
1127.08,-102.9,-103.0,saida_eixo,wb
1127.18,-102.9,-103.0,saida_eixo,wb
1127.28,-102.9,-103.0,saida_eixo,wb
1127.38,-102.9,-103.0,saida_eixo,wb
1127.48,-102.9,-103.0,saida_eixo,wb
1127.58,-102.9,-103.0,saida_eixo,wb
1127.68,-102.9,-103.0,saida_eixo,wb
1127.78,-102.9,-103.0,saida_eixo,wb
1127.88,-102.9,-103.0,saida_eixo,wb
1127.98,-102.9,-103.0,saida_eixo,wb
1128.08,-102.9,-103.0,saida_eixo,wb
1128.18,-102.9,-103.0,saida_eixo,wb
1128.28,-102.9,-103.0,saida_eixo,wb
1128.38,-102.9,-103.0,saida_eixo,wb
1128.48,-102.9,-103.0,saida_eixo,wb
1128.58,-102.9,-103.0,saida_eixo,wb
1128.68,-102.9,-103.0,saida_eixo,wb
1128.78,-102.9,-103.0,saida_eixo,wb
1128.88,-102.9,-103.0,saida_eixo,wb
1128.98,-102.9,-103.0,saida_eixo,wb
1129.08,-102.9,-103.0,saida_eixo,wb
1129.18,-102.9,-103.0,saida_eixo,wb
1129.28,-102.9,-103.0,saida_eixo,wb
1129.38,-102.9,-103.0,saida_eixo,wb
1129.48,-102.9,-103.0,saida_eixo,wb
1129.58,-102.9,-103.0,saida_eixo,wb
1129.68,-102.9,-103.0,saida_eixo,wb
1129.78,-102.9,-103.0,saida_eixo,wb
1129.88,-102.9,-103.0,saida_eixo,wb
1129.98,-102.9,-103.0,saida_eixo,wb
1130.08,-102.9,-103.0,saida_eixo,wb
1130.18,-102.9,-103.0,saida_eixo,wb
1130.28,-102.9,-103.0,saida_eixo,wb
1130.38,-102.9,-103.0,saida_eixo,wb
1130.48,-102.9,-103.0,saida_eixo,wb
1130.58,-102.9,-103.0,saida_eixo,wb
1130.68,-102.9,-103.0,saida_eixo,wb
1130.78,-102.9,-103.0,saida_eixo,wb
1130.88,-102.9,-103.0,saida_eixo,wb
1130.98,-102.9,-103.0,saida_eixo,wb
1131.08,-102.9,-103.0,saida_eixo,wb
1131.18,-102.9,-103.0,saida_eixo,wb
1131.28,-102.9,-103.0,saida_eixo,wb
1131.38,-102.9,-103.0,saida_eixo,wb
1131.48,-102.9,-103.0,saida_eixo,wb
1131.58,-102.9,-103.0,saida_eixo,wb
1131.68,-102.9,-103.0,saida_eixo,wb
1131.78,-102.9,-103.0,saida_eixo,wb
1131.88,-102.9,-103.0,saida_eixo,wb
1131.98,-102.9,-103.0,saida_eixo,wb
1132.08,-102.9,-103.0,saida_eixo,wb
1132.18,-102.9,-103.0,saida_eixo,wb
1132.28,-102.9,-103.0,saida_eixo,wb
1132.38,-102.9,-103.0,saida_eixo,wb
1132.48,-102.9,-103.0,saida_eixo,wb
1132.58,-102.9,-103.0,saida_eixo,wb
1132.68,-102.9,-103.0,saida_eixo,wb
1132.78,-102.9,-103.0,saida_eixo,wb
1132.88,-102.9,-103.0,saida_eixo,wb
1132.98,-102.9,-103.0,saida_eixo,wb
1133.08,-102.9,-103.0,saida_eixo,wb
1133.18,-102.9,-103.0,saida_eixo,wb
1133.28,-102.9,-103.0,saida_eixo,wb
1133.38,-102.9,-103.0,saida_eixo,wb
1133.48,-102.9,-103.0,saida_eixo,wb
1133.58,-102.9,-103.0,saida_eixo,wb
1133.68,-102.9,-103.0,saida_eixo,wb
1133.78,-102.9,-103.0,saida_eixo,wb
1133.88,-102.9,-103.0,saida_eixo,wb
1133.98,-102.9,-103.0,saida_eixo,wb
1134.08,-102.9,-103.0,saida_eixo,wb
1134.18,-102.9,-103.0,saida_eixo,wb
1134.28,-102.9,-103.0,saida_eixo,wb
1134.38,-102.9,-103.0,saida_eixo,wb
1134.48,-102.9,-103.0,saida_eixo,wb
1134.58,-102.9,-103.0,saida_eixo,wb
1134.68,-102.9,-103.0,saida_eixo,wb
1134.78,-102.9,-103.0,saida_eixo,wb
1134.88,-102.9,-103.0,saida_eixo,wb
1134.98,-102.9,-103.0,saida_eixo,wb
1135.08,-102.9,-103.0,saida_eixo,wb
1135.18,-102.9,-103.0,saida_eixo,wb
1135.28,-102.9,-103.0,saida_eixo,wb
1135.38,-102.9,-103.0,saida_eixo,wb
1135.48,-102.9,-103.0,saida_eixo,wb
1135.58,-102.9,-103.0,saida_eixo,wb
1135.68,-102.9,-103.0,saida_eixo,wb
1135.78,-102.9,-103.0,saida_eixo,wb
1135.88,-102.9,-103.0,saida_eixo,wb
1135.98,-102.9,-103.0,saida_eixo,wb
1136.08,-102.9,-103.0,saida_eixo,wb
1136.18,-102.9,-103.0,saida_eixo,wb
1136.28,-102.9,-103.0,saida_eixo,wb
1136.38,-102.9,-103.0,saida_eixo,wb
1136.48,-102.9,-103.0,saida_eixo,wb
1136.58,-102.9,-103.0,saida_eixo,wb
1136.68,-102.9,-103.0,saida_eixo,wb
1136.78,-102.9,-103.0,saida_eixo,wb
1136.88,-102.9,-103.0,saida_eixo,wb
1136.98,-102.9,-103.0,saida_eixo,wb
1137.08,-102.9,-103.0,saida_eixo,wb
1137.18,-102.9,-103.0,saida_eixo,wb
1137.28,-102.9,-103.0,saida_eixo,wb
1137.38,-102.9,-103.0,saida_eixo,wb
1137.48,-102.9,-103.0,saida_eixo,wb
1137.58,-102.9,-103.0,saida_eixo,wb
1137.68,-102.9,-103.0,saida_eixo,wb
1137.78,-102.9,-103.0,saida_eixo,wb
1137.88,-102.9,-103.0,saida_eixo,wb
1137.98,-102.9,-103.0,saida_eixo,wb
1138.08,-102.9,-103.0,saida_eixo,wb
1138.18,-102.9,-103.0,saida_eixo,wb
1138.28,-102.9,-103.0,saida_eixo,wb
1138.38,-102.9,-103.0,saida_eixo,wb
1138.48,-102.9,-103.0,saida_eixo,wb
1138.58,-102.9,-103.0,saida_eixo,wb
1138.68,-102.9,-103.0,saida_eixo,wb
1138.78,-102.9,-103.0,saida_eixo,wb
1138.88,-102.9,-103.0,saida_eixo,wb
1138.98,-102.9,-103.0,saida_eixo,wb
1139.08,-102.9,-103.0,saida_eixo,wb
1139.18,-102.9,-103.0,saida_eixo,wb
1139.28,-102.9,-103.0,saida_eixo,wb
1139.38,-102.9,-103.0,saida_eixo,wb
1139.48,-102.9,-103.0,saida_eixo,wb
1139.58,-102.9,-103.0,saida_eixo,wb
1139.68,-102.9,-103.0,saida_eixo,wb
1139.78,-102.9,-103.0,saida_eixo,wb
1139.88,-102.9,-103.0,saida_eixo,wb
1139.98,-102.9,-103.0,saida_eixo,wb
1140.08,-102.9,-103.0,saida_eixo,wb
1140.18,-102.9,-103.0,saida_eixo,wb
1140.28,-102.9,-103.0,saida_eixo,wb
1140.38,-102.9,-103.0,saida_eixo,wb
1140.48,-102.9,-103.0,saida_eixo,wb
1140.58,-102.9,-103.0,saida_eixo,wb
1140.68,-102.9,-103.0,saida_eixo,wb
1140.78,-102.9,-103.0,saida_eixo,wb
1140.88,-102.9,-103.0,saida_eixo,wb
1140.98,-102.9,-103.0,saida_eixo,wb
1141.08,-102.9,-103.0,saida_eixo,wb
1141.18,-102.9,-103.0,saida_eixo,wb
1141.28,-102.9,-103.0,saida_eixo,wb
1141.38,-102.9,-103.0,saida_eixo,wb
1141.48,-102.9,-103.0,saida_eixo,wb
1141.58,-102.9,-103.0,saida_eixo,wb
1141.68,-102.9,-103.0,saida_eixo,wb
1141.78,-102.9,-103.0,saida_eixo,wb
1141.88,-102.9,-103.0,saida_eixo,wb
1141.98,-102.9,-103.0,saida_eixo,wb
1142.08,-102.9,-103.0,saida_eixo,wb
1142.18,-102.9,-103.0,saida_eixo,wb
1142.28,-102.9,-103.0,saida_eixo,wb
1142.38,-102.9,-103.0,saida_eixo,wb
1142.48,-102.9,-103.0,saida_eixo,wb
1142.58,-102.9,-103.0,saida_eixo,wb
1142.68,-102.9,-103.0,saida_eixo,wb
1142.78,-102.9,-103.0,saida_eixo,wb
1142.88,-102.9,-103.0,saida_eixo,wb
1142.98,-102.9,-103.0,saida_eixo,wb
1143.08,-102.9,-103.0,saida_eixo,wb
1143.18,-102.9,-103.0,saida_eixo,wb
1143.28,-102.9,-103.0,saida_eixo,wb
1143.38,-102.9,-103.0,saida_eixo,wb
1143.48,-102.9,-103.0,saida_eixo,wb
1143.58,-102.9,-103.0,saida_eixo,wb
1143.68,-102.9,-103.0,saida_eixo,wb
1143.78,-102.9,-103.0,saida_eixo,wb
1143.88,-102.9,-103.0,saida_eixo,wb
1143.98,-102.9,-103.0,saida_eixo,wb
1144.08,-102.9,-103.0,saida_eixo,wb
1144.18,-102.9,-103.0,saida_eixo,wb
1144.28,-102.9,-103.0,saida_eixo,wb
1144.38,-102.9,-103.0,saida_eixo,wb
1144.48,-102.9,-103.0,saida_eixo,wb
1144.58,-102.9,-103.0,saida_eixo,wb
1144.68,-102.9,-103.0,saida_eixo,wb
1144.78,-102.9,-103.0,saida_eixo,wb
1144.88,-102.9,-103.0,saida_eixo,wb
1144.98,-102.9,-103.0,saida_eixo,wb
1145.08,-102.9,-103.0,saida_eixo,wb
1145.18,-102.9,-103.0,saida_eixo,wb
1145.28,-102.9,-103.0,saida_eixo,wb
1145.38,-102.9,-103.0,saida_eixo,wb
1145.48,-102.9,-103.0,saida_eixo,wb
1145.58,-102.9,-103.0,saida_eixo,wb
1145.68,-102.9,-103.0,saida_eixo,wb
1145.78,-102.9,-103.0,saida_eixo,wb
1145.88,-102.9,-103.0,saida_eixo,wb
1145.98,-102.9,-103.0,saida_eixo,wb
1146.08,-102.9,-103.0,saida_eixo,wb
1146.18,-102.9,-103.0,saida_eixo,wb
1146.28,-102.9,-103.0,saida_eixo,wb
1146.38,-102.9,-103.0,saida_eixo,wb
1146.48,-102.9,-103.0,saida_eixo,wb
1146.58,-102.9,-103.0,saida_eixo,wb
1146.68,-102.9,-103.0,saida_eixo,wb
1146.78,-102.9,-103.0,saida_eixo,wb
1146.88,-102.9,-103.0,saida_eixo,wb
1146.98,-102.9,-103.0,saida_eixo,wb
1147.08,-102.9,-103.0,saida_eixo,wb
1147.18,-102.9,-103.0,saida_eixo,wb
1147.28,-102.9,-103.0,saida_eixo,wb
1147.38,-102.9,-103.0,saida_eixo,wb
1147.48,-102.9,-103.0,saida_eixo,wb
1147.58,-102.9,-103.0,saida_eixo,wb
1147.68,-102.9,-103.0,saida_eixo,wb
1147.78,-102.9,-103.0,saida_eixo,wb
1147.88,-102.9,-103.0,saida_eixo,wb
1147.98,-102.9,-103.0,saida_eixo,wb
1148.08,-102.9,-103.0,saida_eixo,wb
1148.18,-102.9,-103.0,saida_eixo,wb
1148.28,-102.9,-103.0,saida_eixo,wb
1148.38,-102.9,-103.0,saida_eixo,wb
1148.48,-102.9,-103.0,saida_eixo,wb
1148.58,-102.9,-103.0,saida_eixo,wb
1148.68,-102.9,-103.0,saida_eixo,wb
1148.78,-102.9,-103.0,saida_eixo,wb
1148.88,-102.9,-103.0,saida_eixo,wb
1148.98,-102.9,-103.0,saida_eixo,wb
1149.08,-102.9,-103.0,saida_eixo,wb
1149.18,-102.9,-103.0,saida_eixo,wb
1149.28,-102.9,-103.0,saida_eixo,wb
1149.38,-102.9,-103.0,saida_eixo,wb
1149.48,-102.9,-103.0,saida_eixo,wb
1149.58,-102.9,-103.0,saida_eixo,wb
1149.68,-102.9,-103.0,saida_eixo,wb
1149.78,-102.9,-103.0,saida_eixo,wb
1149.88,-102.9,-103.0,saida_eixo,wb
1149.98,-102.9,-103.0,saida_eixo,wb
1150.08,-102.9,-103.0,saida_eixo,wb
1150.18,-102.9,-103.0,saida_eixo,wb
1150.28,-102.9,-103.0,saida_eixo,wb
1150.38,-102.9,-103.0,saida_eixo,wb
1150.48,-102.9,-103.0,saida_eixo,wb
1150.58,-102.9,-103.0,saida_eixo,wb
1150.68,-102.9,-103.0,saida_eixo,wb
1150.78,-102.9,-103.0,saida_eixo,wb
1150.88,-102.9,-103.0,saida_eixo,wb
1150.98,-102.9,-103.0,saida_eixo,wb
